radial transverse x z speed vx vy vz
0 0 0.8414709848078965 0.54030230586813977 0 0 0 0
0 1 0.85408190710316012 0.52013853535287002 0 0 0 0
0 2 0.86620974956654084 0.49968056771888836 0 0 0 0
0 3 0.87784765253264885 0.47893997425869322 0 0 0 0
0 4 0.88898903345224434 0.45792848612162612 0 0 0 0
0 5 0.89962759061541286 0.43665798767858016 0 0 0 0
0 6 0.90975730671589505 0.41514050980004458 0 0 0 0
0 7 0.91937245225455233 0.39338822305128934 0 0 0 0
0 8 0.92846758878004676 0.37141343080853439 0 0 0 0
0 9 0.93703757196490001 0.34922856229999982 0 0 0 0
0 10 0.94507755451519104 0.32684616557577367 0 0 0 0
0 11 0.95258298891224935 0.30427890041047112 0 0 0 0
0 12 0.95954962998479043 0.28153953114270075 0 0 0 0
0 13 0.96597353731003965 0.25864091945538997 0 0 0 0
0 14 0.97185107744248667 0.23559601710104924 0 0 0 0
0 15 0.97717892596900979 0.21241785857609172 0 0 0 0
0 16 0.98195406938920693 0.18911955374835407 0 0 0 0
0 17 0.98617380681987066 0.16571428044198397 0 0 0 0
0 18 0.98983575152264291 0.14221527698389083 0 0 0 0
0 19 0.99293783225398524 0.11863583471597725 0 0 0 0
0 20 0.99547829443670111 0.094989290477382568 0 0 0 0
0 21 0.99745570115234761 0.071289019060992595 0 0 0 0
0 22 0.99886893395397502 0.047548425648484147 0 0 0 0
0 23 0.99971719349873522 0.023780938228179321 0 0 0 0
0 24 1 6.123233995736766e-17 0 0 0 0
0 25 0.99971719349873522 -0.023780938228179199 0 0 0 0
0 26 0.99886893395397502 -0.047548425648484029 0 0 0 0
0 27 0.99745570115234761 -0.071289019060992484 0 0 0 0
0 28 0.99547829443670111 -0.094989290477382443 0 0 0 0
0 29 0.99293783225398524 -0.11863583471597713 0 0 0 0
0 30 0.98983575152264291 -0.14221527698389072 0 0 0 0
0 31 0.98617380681987066 -0.16571428044198386 0 0 0 0
0 32 0.98195406938920693 -0.18911955374835418 0 0 0 0
0 33 0.97717892596900979 -0.21241785857609161 0 0 0 0
0 34 0.97185107744248667 -0.2355960171010491 0 0 0 0
0 35 0.96597353731003954 -0.25864091945539008 0 0 0 0
0 36 0.95954962998479043 -0.28153953114270064 0 0 0 0
0 37 0.95258298891224935 -0.30427890041047101 0 0 0 0
0 38 0.94507755451519104 -0.32684616557577378 0 0 0 0
0 39 0.93703757196490001 -0.34922856229999971 0 0 0 0
0 40 0.92846758878004676 -0.37141343080853428 0 0 0 0
0 41 0.91937245225455222 -0.3933882230512894 0 0 0 0
0 42 0.90975730671589505 -0.41514050980004447 0 0 0 0
0 43 0.89962759061541298 -0.43665798767858005 0 0 0 0
0 44 0.88898903345224434 -0.45792848612162623 0 0 0 0
0 45 0.87784765253264885 -0.47893997425869328 0 0 0 0
0 46 0.86620974956654107 -0.49968056771888802 0 0 0 0
0 47 0.85408190710316023 -0.52013853535287002 0 0 0 0
0 48 0.84147098480789662 -0.54030230586813965 0 0 0 0
1 0 0.85900163032472765 0.55155860390705935 0 0 0 0
1 1 0.87187528016780924 0.53097475483938816 0 0 0 0
1 2 0.88425578601584376 0.51009057954636516 0 0 0 0
1 3 0.89613614529374563 0.48891789038908262 0 0 0 0
1 4 0.90750963831583265 0.46746866291582662 0 0 0 0
1 5 0.91836983208656719 0.44575502908855053 0 0 0 0
1 6 0.92871058393914285 0.42378927042087883 0 0 0 0
1 7 0.93852604500985548 0.40158381103152452 0 0 0 0
1 8 0.94781066354629762 0.37915121061704549 0 0 0 0
1 9 0.95655918804750206 0.35650415734791646 0 0 0 0
1 10 0.96476667023425744 0.33365546069193558 0 0 0 0
1 11 0.97242846784792114 0.31061804416902256 0 0 0 0
1 12 0.9795402472761402 0.28740493804150702 0 0 0 0
1 13 0.98609798600399878 0.26402927194404391 0 0 0 0
1 14 0.99209797488920504 0.24050426745732109 0 0 0 0
1 15 0.99753682026003077 0.21684323062976027 0 0 0 0
1 16 1.0024114458348152 0.19305954445144477 0 0 0 0
1 17 1.0067190944619513 0.16916666128452529 0 0 0 0
1 18 1.0104573296793646 0.14517809525438855 0 0 0 0
1 19 1.01362403709261 0.12110741460589343 0 0 0 0
1 20 1.016217425570799 0.096968234028994696 0 0 0 0
1 21 1.0182360282596881 0.072774206958096596 0 0 0 0
1 22 1.0196787034113495 0.048539017849494229 0 0 0 0
1 23 1.0205446350299587 0.024276374441266388 0 0 0 0
1 24 1.0208333333333333 6.2508013706479485e-17 0 0 0 0
1 25 1.0205446350299587 -0.024276374441266263 0 0 0 0
1 26 1.0196787034113495 -0.048539017849494111 0 0 0 0
1 27 1.0182360282596881 -0.072774206958096485 0 0 0 0
1 28 1.016217425570799 -0.096968234028994571 0 0 0 0
1 29 1.01362403709261 -0.12110741460589332 0 0 0 0
1 30 1.0104573296793646 -0.14517809525438843 0 0 0 0
1 31 1.0067190944619513 -0.16916666128452518 0 0 0 0
1 32 1.0024114458348152 -0.19305954445144488 0 0 0 0
1 33 0.99753682026003077 -0.21684323062976016 0 0 0 0
1 34 0.99209797488920504 -0.24050426745732095 0 0 0 0
1 35 0.98609798600399867 -0.26402927194404402 0 0 0 0
1 36 0.9795402472761402 -0.28740493804150691 0 0 0 0
1 37 0.97242846784792114 -0.31061804416902244 0 0 0 0
1 38 0.96476667023425744 -0.33365546069193569 0 0 0 0
1 39 0.95655918804750206 -0.35650415734791635 0 0 0 0
1 40 0.94781066354629762 -0.37915121061704538 0 0 0 0
1 41 0.93852604500985537 -0.40158381103152457 0 0 0 0
1 42 0.92871058393914285 -0.42378927042087872 0 0 0 0
1 43 0.91836983208656731 -0.44575502908855041 0 0 0 0
1 44 0.90750963831583265 -0.46746866291582673 0 0 0 0
1 45 0.89613614529374563 -0.48891789038908268 0 0 0 0
1 46 0.88425578601584398 -0.51009057954636483 0 0 0 0
1 47 0.87187528016780935 -0.53097475483938816 0 0 0 0
1 48 0.85900163032472776 -0.55155860390705924 0 0 0 0
2 0 0.87653227584155891 0.56281490194597894 0 0 0 0
2 1 0.88966865323245847 0.5418109743259063 0 0 0 0
2 2 0.90230182246514679 0.52050059137384208 0 0 0 0
2 3 0.91442463805484264 0.49889580651947213 0 0 0 0
2 4 0.92603024317942129 0.47700883971002722 0 0 0 0
2 5 0.93711207355772175 0.45485207049852105 0 0 0 0
2 6 0.94766386116239076 0.43243803104171313 0 0 0 0
2 7 0.95767963776515874 0.40977939901175975 0 0 0 0
2 8 0.96715373831254881 0.38688899042555669 0 0 0 0
2 9 0.97608080413010423 0.36377975239583316 0 0 0 0
2 10 0.98445578595332406 0.3404647558080976 0 0 0 0
2 11 0.99227394678359315 0.3169571879275741 0 0 0 0
2 12 0.99953086456749007 0.29327034494031329 0 0 0 0
2 13 1.006222434697958 0.2694176244326979 0 0 0 0
2 14 1.0123448723359236 0.24541251781359297 0 0 0 0
2 15 1.017894714551052 0.22126860268342888 0 0 0 0
2 16 1.0228688222804239 0.1969995351545355 0 0 0 0
2 17 1.0272643821040319 0.17261904212706664 0 0 0 0
2 18 1.0310789078360865 0.14814091352488629 0 0 0 0
2 19 1.0343102419312347 0.12357899449580964 0 0 0 0
2 20 1.0369565567048971 0.098947177580606852 0 0 0 0
2 21 1.0390163553670289 0.074259394855200625 0 0 0 0
2 22 1.040488472868724 0.049529610050504325 0 0 0 0
2 23 1.0413720765611827 0.024771810654353462 0 0 0 0
2 24 1.0416666666666667 6.3783687455591322e-17 0 0 0 0
2 25 1.0413720765611827 -0.024771810654353334 0 0 0 0
2 26 1.040488472868724 -0.0495296100505042 0 0 0 0
2 27 1.0390163553670289 -0.074259394855200514 0 0 0 0
2 28 1.0369565567048971 -0.098947177580606713 0 0 0 0
2 29 1.0343102419312347 -0.12357899449580953 0 0 0 0
2 30 1.0310789078360865 -0.14814091352488618 0 0 0 0
2 31 1.0272643821040319 -0.17261904212706652 0 0 0 0
2 32 1.0228688222804239 -0.19699953515453561 0 0 0 0
2 33 1.017894714551052 -0.22126860268342877 0 0 0 0
2 34 1.0123448723359236 -0.24541251781359283 0 0 0 0
2 35 1.006222434697958 -0.26941762443269801 0 0 0 0
2 36 0.99953086456749007 -0.29327034494031318 0 0 0 0
2 37 0.99227394678359315 -0.31695718792757399 0 0 0 0
2 38 0.98445578595332406 -0.34046475580809771 0 0 0 0
2 39 0.97608080413010423 -0.36377975239583304 0 0 0 0
2 40 0.96715373831254881 -0.38688899042555658 0 0 0 0
2 41 0.95767963776515863 -0.4097793990117598 0 0 0 0
2 42 0.94766386116239076 -0.43243803104171302 0 0 0 0
2 43 0.93711207355772197 -0.45485207049852094 0 0 0 0
2 44 0.92603024317942129 -0.47700883971002733 0 0 0 0
2 45 0.91442463805484264 -0.49889580651947218 0 0 0 0
2 46 0.90230182246514701 -0.52050059137384175 0 0 0 0
2 47 0.88966865323245858 -0.5418109743259063 0 0 0 0
2 48 0.87653227584155902 -0.56281490194597883 0 0 0 0
3 0 0.89406292135839005 0.57407119998489853 0 0 0 0
3 1 0.90746202629710759 0.55264719381242444 0 0 0 0
3 2 0.92034785891444959 0.53091060320131889 0 0 0 0
3 3 0.93271313081593943 0.50887372264986153 0 0 0 0
3 4 0.94455084804300959 0.48654901650422777 0 0 0 0
3 5 0.95585431502887619 0.46394911190849142 0 0 0 0
3 6 0.96661713838563845 0.44108679166254738 0 0 0 0
3 7 0.97683323052046189 0.41797498699199492 0 0 0 0
3 8 0.98649681307879966 0.39462677023406778 0 0 0 0
3 9 0.99560242021270628 0.37105534744374979 0 0 0 0
3 10 1.0041449016723905 0.3472740509242595 0 0 0 0
3 11 1.0121194257192649 0.32329633168612559 0 0 0 0
3 12 1.0195214818588398 0.29913575183911956 0 0 0 0
3 13 1.0263468833919172 0.27480597692135184 0 0 0 0
3 14 1.0325917697826421 0.25032076816986482 0 0 0 0
3 15 1.0382526088420729 0.22569397473709746 0 0 0 0
3 16 1.0433261987260323 0.2009395258576262 0 0 0 0
3 17 1.0478096697461126 0.17607142296960795 0 0 0 0
3 18 1.0517004859928081 0.151103731795384 0 0 0 0
3 19 1.0549964467698594 0.12605057438572581 0 0 0 0
3 20 1.0576956878389949 0.10092612113221898 0 0 0 0
3 21 1.0597966824743694 0.075744582752304626 0 0 0 0
3 22 1.0612982423260984 0.050520202251514407 0 0 0 0
3 23 1.0621995180924062 0.025267246867440529 0 0 0 0
3 24 1.0625 6.5059361204703134e-17 0 0 0 0
3 25 1.0621995180924062 -0.025267246867440397 0 0 0 0
3 26 1.0612982423260984 -0.050520202251514282 0 0 0 0
3 27 1.0597966824743694 -0.075744582752304515 0 0 0 0
3 28 1.0576956878389949 -0.10092612113221884 0 0 0 0
3 29 1.0549964467698594 -0.1260505743857257 0 0 0 0
3 30 1.0517004859928081 -0.15110373179538389 0 0 0 0
3 31 1.0478096697461126 -0.17607142296960784 0 0 0 0
3 32 1.0433261987260323 -0.20093952585762631 0 0 0 0
3 33 1.0382526088420729 -0.22569397473709732 0 0 0 0
3 34 1.0325917697826421 -0.25032076816986465 0 0 0 0
3 35 1.0263468833919169 -0.27480597692135195 0 0 0 0
3 36 1.0195214818588398 -0.29913575183911945 0 0 0 0
3 37 1.0121194257192649 -0.32329633168612543 0 0 0 0
3 38 1.0041449016723905 -0.34727405092425967 0 0 0 0
3 39 0.99560242021270628 -0.37105534744374968 0 0 0 0
3 40 0.98649681307879966 -0.39462677023406767 0 0 0 0
3 41 0.97683323052046178 -0.41797498699199498 0 0 0 0
3 42 0.96661713838563845 -0.44108679166254727 0 0 0 0
3 43 0.9558543150288763 -0.46394911190849131 0 0 0 0
3 44 0.94455084804300959 -0.48654901650422788 0 0 0 0
3 45 0.93271313081593943 -0.50887372264986164 0 0 0 0
3 46 0.92034785891444992 -0.53091060320131855 0 0 0 0
3 47 0.9074620262971077 -0.55264719381242444 0 0 0 0
3 48 0.89406292135839016 -0.57407119998489842 0 0 0 0
4 0 0.9115935668752212 0.585327498023818 0 0 0 0
4 1 0.92525539936175671 0.56348341329894247 0 0 0 0
4 2 0.93839389536375251 0.54132061502879569 0 0 0 0
4 3 0.95100162357703621 0.51885163878025098 0 0 0 0
4 4 0.96307145290659801 0.49608919329842827 0 0 0 0
4 5 0.97459655650003052 0.47304615331846184 0 0 0 0
4 6 0.98557041560888625 0.44973555228338158 0 0 0 0
4 7 0.99598682327576493 0.4261705749722301 0 0 0 0
4 8 1.0058398878450505 0.40236455004257893 0 0 0 0
4 9 1.0151240362953082 0.37833094249166643 0 0 0 0
4 10 1.0238340173914569 0.35408334604042146 0 0 0 0
4 11 1.0319649046549366 0.32963547544467703 0 0 0 0
4 12 1.0395120991501896 0.30500115873792577 0 0 0 0
4 13 1.0464713320858763 0.28019432941000577 0 0 0 0
4 14 1.0528386672293606 0.25522901852613666 0 0 0 0
4 15 1.0586105031330939 0.23011934679076601 0 0 0 0
4 16 1.0637835751716407 0.2048795165607169 0 0 0 0
4 17 1.0683549573881932 0.17952380381214927 0 0 0 0
4 18 1.0723220641495297 0.15406655006588171 0 0 0 0
4 19 1.0756826516084839 0.12852215427564201 0 0 0 0
4 20 1.0784348189730928 0.10290506468383111 0 0 0 0
4 21 1.0805770095817098 0.077229770649408641 0 0 0 0
4 22 1.0821080117834729 0.051510794452524489 0 0 0 0
4 23 1.0830269596236297 0.025762683080527597 0 0 0 0
4 24 1.0833333333333333 6.6335034953814958e-17 0 0 0 0
4 25 1.0830269596236297 -0.025762683080527465 0 0 0 0
4 26 1.0821080117834729 -0.051510794452524364 0 0 0 0
4 27 1.0805770095817098 -0.077229770649408516 0 0 0 0
4 28 1.0784348189730928 -0.10290506468383097 0 0 0 0
4 29 1.0756826516084839 -0.1285221542756419 0 0 0 0
4 30 1.0723220641495297 -0.1540665500658816 0 0 0 0
4 31 1.0683549573881932 -0.17952380381214916 0 0 0 0
4 32 1.0637835751716407 -0.20487951656071701 0 0 0 0
4 33 1.0586105031330939 -0.2301193467907659 0 0 0 0
4 34 1.0528386672293606 -0.2552290185261365 0 0 0 0
4 35 1.0464713320858761 -0.28019432941000588 0 0 0 0
4 36 1.0395120991501896 -0.30500115873792566 0 0 0 0
4 37 1.0319649046549366 -0.32963547544467692 0 0 0 0
4 38 1.0238340173914569 -0.35408334604042158 0 0 0 0
4 39 1.0151240362953082 -0.37833094249166632 0 0 0 0
4 40 1.0058398878450505 -0.40236455004257876 0 0 0 0
4 41 0.99598682327576482 -0.42617057497223015 0 0 0 0
4 42 0.98557041560888625 -0.44973555228338147 0 0 0 0
4 43 0.97459655650003063 -0.47304615331846167 0 0 0 0
4 44 0.96307145290659801 -0.49608919329842838 0 0 0 0
4 45 0.95100162357703621 -0.51885163878025098 0 0 0 0
4 46 0.93839389536375273 -0.54132061502879536 0 0 0 0
4 47 0.92525539936175683 -0.56348341329894247 0 0 0 0
4 48 0.91159356687522131 -0.58532749802381789 0 0 0 0
5 0 0.92912421239205245 0.5965837960627377 0 0 0 0
5 1 0.94304877242640606 0.57431963278546072 0 0 0 0
5 2 0.95643993181305553 0.55173062685627261 0 0 0 0
5 3 0.96929011633813322 0.52882955491064043 0 0 0 0
5 4 0.98159205777018654 0.50562937009262887 0 0 0 0
5 5 0.99333879797118507 0.48214319472843231 0 0 0 0
5 6 1.0045236928321342 0.45838431290421594 0 0 0 0
5 7 1.0151404160310682 0.43436616295246533 0 0 0 0
5 8 1.0251829626113016 0.41010232985109007 0 0 0 0
5 9 1.0346456523779104 0.38560653753958318 0 0 0 0
5 10 1.0435231331105235 0.36089264115658343 0 0 0 0
5 11 1.0518103835906087 0.33597461920322857 0 0 0 0
5 12 1.0595027164415396 0.3108665656367321 0 0 0 0
5 13 1.0665957807798354 0.28558268189865976 0 0 0 0
5 14 1.0730855646760791 0.26013726888240857 0 0 0 0
5 15 1.0789683974241151 0.23454471884443462 0 0 0 0
5 16 1.0842409516172493 0.20881950726380763 0 0 0 0
5 17 1.0889002450302738 0.18297618465469065 0 0 0 0
5 18 1.0929436423062515 0.15702936833637948 0 0 0 0
5 19 1.0963688564471088 0.13099373416555821 0 0 0 0
5 20 1.0991739501071909 0.10488400823544326 0 0 0 0
5 21 1.1013573366890506 0.078714958546512656 0 0 0 0
5 22 1.1029177812408475 0.052501386653534585 0 0 0 0
5 23 1.1038544011548534 0.026258119293614667 0 0 0 0
5 24 1.1041666666666667 6.7610708702926795e-17 0 0 0 0
5 25 1.1038544011548534 -0.026258119293614535 0 0 0 0
5 26 1.1029177812408475 -0.052501386653534453 0 0 0 0
5 27 1.1013573366890506 -0.078714958546512545 0 0 0 0
5 28 1.0991739501071909 -0.10488400823544312 0 0 0 0
5 29 1.0963688564471088 -0.1309937341655581 0 0 0 0
5 30 1.0929436423062515 -0.15702936833637934 0 0 0 0
5 31 1.0889002450302738 -0.18297618465469051 0 0 0 0
5 32 1.0842409516172493 -0.20881950726380774 0 0 0 0
5 33 1.0789683974241151 -0.23454471884443451 0 0 0 0
5 34 1.0730855646760791 -0.2601372688824084 0 0 0 0
5 35 1.0665957807798354 -0.28558268189865993 0 0 0 0
5 36 1.0595027164415396 -0.31086656563673198 0 0 0 0
5 37 1.0518103835906087 -0.33597461920322841 0 0 0 0
5 38 1.0435231331105235 -0.36089264115658359 0 0 0 0
5 39 1.0346456523779104 -0.38560653753958302 0 0 0 0
5 40 1.0251829626113016 -0.41010232985108996 0 0 0 0
5 41 1.0151404160310682 -0.43436616295246538 0 0 0 0
5 42 1.0045236928321342 -0.45838431290421577 0 0 0 0
5 43 0.99333879797118518 -0.48214319472843215 0 0 0 0
5 44 0.98159205777018654 -0.50562937009262898 0 0 0 0
5 45 0.96929011633813322 -0.52882955491064054 0 0 0 0
5 46 0.95643993181305587 -0.55173062685627228 0 0 0 0
5 47 0.94304877242640617 -0.57431963278546072 0 0 0 0
5 48 0.92912421239205256 -0.59658379606273759 0 0 0 0
6 0 0.9466548579088836 0.60784009410165729 0 0 0 0
6 1 0.96084214549105518 0.58515585227197875 0 0 0 0
6 2 0.97448596826235845 0.56214063868374942 0 0 0 0
6 3 0.98757860909923001 0.53880747104102988 0 0 0 0
6 4 1.0001126626337749 0.51516954688682937 0 0 0 0
6 5 1.0120810394423394 0.49124023613840267 0 0 0 0
6 6 1.0234769700553819 0.46703307352505014 0 0 0 0
6 7 1.0342940087863715 0.4425617509327005 0 0 0 0
6 8 1.0445260373775527 0.41784010965960117 0 0 0 0
6 9 1.0541672684605126 0.39288213258749982 0 0 0 0
6 10 1.0632122488295899 0.36770193627274539 0 0 0 0
6 11 1.0716558625262804 0.34231376296178001 0 0 0 0
6 12 1.0794933337328891 0.31673197253553836 0 0 0 0
6 13 1.0867202294737945 0.2909710343873137 0 0 0 0
6 14 1.0933324621227976 0.26504551923868042 0 0 0 0
6 15 1.0993262917151361 0.23897009089810317 0 0 0 0
6 16 1.1046983280628577 0.21275949796689833 0 0 0 0
6 17 1.1094455326723545 0.18642856549723197 0 0 0 0
6 18 1.1135652204629733 0.1599921866068772 0 0 0 0
6 19 1.1170550612857335 0.1334653140554744 0 0 0 0
6 20 1.1199130812412887 0.10686295178705539 0 0 0 0
6 21 1.1221376637963911 0.080200146443616671 0 0 0 0
6 22 1.1237275506982218 0.053491978854544667 0 0 0 0
6 23 1.1246818426860772 0.026753555506701734 0 0 0 0
6 24 1.125 6.8886382452038619e-17 0 0 0 0
6 25 1.1246818426860772 -0.026753555506701599 0 0 0 0
6 26 1.1237275506982218 -0.053491978854544535 0 0 0 0
6 27 1.1221376637963911 -0.080200146443616546 0 0 0 0
6 28 1.1199130812412887 -0.10686295178705525 0 0 0 0
6 29 1.1170550612857335 -0.13346531405547427 0 0 0 0
6 30 1.1135652204629733 -0.15999218660687706 0 0 0 0
6 31 1.1094455326723545 -0.18642856549723183 0 0 0 0
6 32 1.1046983280628577 -0.21275949796689844 0 0 0 0
6 33 1.0993262917151361 -0.23897009089810306 0 0 0 0
6 34 1.0933324621227976 -0.26504551923868025 0 0 0 0
6 35 1.0867202294737945 -0.29097103438731386 0 0 0 0
6 36 1.0794933337328891 -0.3167319725355382 0 0 0 0
6 37 1.0716558625262804 -0.3423137629617799 0 0 0 0
6 38 1.0632122488295899 -0.3677019362727455 0 0 0 0
6 39 1.0541672684605126 -0.39288213258749966 0 0 0 0
6 40 1.0445260373775527 -0.41784010965960106 0 0 0 0
6 41 1.0342940087863712 -0.44256175093270056 0 0 0 0
6 42 1.0234769700553819 -0.46703307352505002 0 0 0 0
6 43 1.0120810394423396 -0.49124023613840256 0 0 0 0
6 44 1.0001126626337749 -0.51516954688682948 0 0 0 0
6 45 0.98757860909923001 -0.53880747104103 0 0 0 0
6 46 0.97448596826235867 -0.56214063868374908 0 0 0 0
6 47 0.96084214549105529 -0.58515585227197875 0 0 0 0
6 48 0.94665485790888371 -0.60784009410165707 0 0 0 0
7 0 0.96418550342571463 0.61909639214057677 0 0 0 0
7 1 0.97863551855570419 0.59599207175849689 0 0 0 0
7 2 0.99253200471166136 0.57255065051122622 0 0 0 0
7 3 1.0058671018603267 0.54878538717141934 0 0 0 0
7 4 1.0186332674973633 0.52470972368102986 0 0 0 0
7 5 1.0308232809134938 0.50033727754837309 0 0 0 0
7 6 1.0424302472786298 0.47568183414588439 0 0 0 0
7 7 1.0534476015416745 0.45075733891293568 0 0 0 0
7 8 1.0638691121438035 0.42557788946811231 0 0 0 0
7 9 1.0736888845431145 0.40015772763541646 0 0 0 0
7 10 1.0829013645486563 0.3745112313889073 0 0 0 0
7 11 1.0915013414619523 0.34865290672033145 0 0 0 0
7 12 1.0994839510242389 0.32259737943434458 0 0 0 0
7 13 1.1068446781677537 0.29635938687596763 0 0 0 0
7 14 1.1135793595695158 0.26995376959495226 0 0 0 0
7 15 1.119684186006157 0.24339546295177175 0 0 0 0
7 16 1.1251557045084661 0.21669948866998903 0 0 0 0
7 17 1.1299908203144351 0.18988094633977329 0 0 0 0
7 18 1.134186798619695 0.16295500487737491 0 0 0 0
7 19 1.137741266124358 0.13593689394539057 0 0 0 0
7 20 1.1406522123753866 0.10884189533866752 0 0 0 0
7 21 1.1429179909037315 0.081685334340720672 0 0 0 0
7 22 1.1445373201555964 0.054482571055554749 0 0 0 0
7 23 1.1455092842173007 0.027248991719788802 0 0 0 0
7 24 1.1458333333333333 7.0162056201150444e-17 0 0 0 0
7 25 1.1455092842173007 -0.027248991719788663 0 0 0 0
7 26 1.1445373201555964 -0.05448257105555461 0 0 0 0
7 27 1.1429179909037315 -0.081685334340720547 0 0 0 0
7 28 1.1406522123753866 -0.10884189533866738 0 0 0 0
7 29 1.137741266124358 -0.13593689394539046 0 0 0 0
7 30 1.134186798619695 -0.16295500487737477 0 0 0 0
7 31 1.1299908203144351 -0.18988094633977315 0 0 0 0
7 32 1.1251557045084661 -0.21669948866998914 0 0 0 0
7 33 1.119684186006157 -0.24339546295177161 0 0 0 0
7 34 1.1135793595695158 -0.2699537695949521 0 0 0 0
7 35 1.1068446781677537 -0.2963593868759678 0 0 0 0
7 36 1.0994839510242389 -0.32259737943434447 0 0 0 0
7 37 1.0915013414619523 -0.34865290672033133 0 0 0 0
7 38 1.0829013645486563 -0.37451123138890746 0 0 0 0
7 39 1.0736888845431145 -0.40015772763541629 0 0 0 0
7 40 1.0638691121438035 -0.42557788946811215 0 0 0 0
7 41 1.0534476015416743 -0.45075733891293573 0 0 0 0
7 42 1.0424302472786298 -0.47568183414588427 0 0 0 0
7 43 1.0308232809134941 -0.50033727754837298 0 0 0 0
7 44 1.0186332674973633 -0.52470972368102997 0 0 0 0
7 45 1.0058671018603267 -0.54878538717141934 0 0 0 0
7 46 0.99253200471166159 -0.57255065051122578 0 0 0 0
7 47 0.97863551855570441 -0.59599207175849689 0 0 0 0
7 48 0.96418550342571485 -0.61909639214057666 0 0 0 0
8 0 0.981716148942546 0.63035269017949647 0 0 0 0
8 1 0.99642889162035353 0.60682829124501503 0 0 0 0
8 2 1.0105780411609644 0.58296066233870314 0 0 0 0
8 3 1.0241555946214238 0.55876330330180879 0 0 0 0
8 4 1.0371538723609517 0.53424990047523047 0 0 0 0
8 5 1.0495655223846485 0.50943431895834357 0 0 0 0
8 6 1.0613835245018777 0.48433059476671869 0 0 0 0
8 7 1.0726011942969778 0.45895292689317091 0 0 0 0
8 8 1.0832121869100546 0.43331566927662346 0 0 0 0
8 9 1.0932105006257167 0.40743332268333315 0 0 0 0
8 10 1.1025904802677229 0.38132052650506931 0 0 0 0
8 11 1.1113468203976242 0.35499205047888299 0 0 0 0
8 12 1.1194745683155889 0.3284627863331509 0 0 0 0
8 13 1.126969126861713 0.30174773936462168 0 0 0 0
8 14 1.1338262570162345 0.27486201995122411 0 0 0 0
8 15 1.1400420802971782 0.24782083500544036 0 0 0 0
8 16 1.1456130809540748 0.22063947937307976 0 0 0 0
8 17 1.1505361079565157 0.19333332718231463 0 0 0 0
8 18 1.1548083767764168 0.16591782314787265 0 0 0 0
8 19 1.1584274709629829 0.1384084738353068 0 0 0 0
8 20 1.1613913435094847 0.11082083889027967 0 0 0 0
8 21 1.1636983180110723 0.083170522237824701 1.0736848784097615e-42 1.0736848784097615e-42 0 1.792641550530169e-59
8 22 1.165347089612971 0.055473163256564845 3.5341163284529787e-14 3.5341163284529787e-14 0 -5.2616069640512167e-32
8 23 1.1663367257485244 0.027744427932875876 4.3320595469570137e-10 4.3320595469570137e-10 0 -1.8149108840615176e-27
8 24 1.1666666666666667 7.1437729950262281e-17 3.3570772018078327e-09 3.3570772018078327e-09 0 0
8 25 1.1663367257485244 -0.027744427932875734 4.3320595469571522e-10 4.3320595469571522e-10 0 -1.4939361363439225e-27
8 26 1.165347089612971 -0.055473163256564706 3.5341163284534053e-14 3.5341163284534053e-14 0 2.2197550500191784e-31
8 27 1.1636983180110723 -0.083170522237824576 1.0736848784109362e-42 1.0736848784109364e-42 0 -1.1674628193768468e-59
8 28 1.1613913435094847 -0.11082083889027952 0 0 0 0
8 29 1.1584274709629829 -0.13840847383530666 0 0 0 0
8 30 1.1548083767764168 -0.16591782314787251 0 0 0 0
8 31 1.1505361079565157 -0.19333332718231452 0 0 0 0
8 32 1.1456130809540748 -0.2206394793730799 0 0 0 0
8 33 1.1400420802971782 -0.24782083500544022 0 0 0 0
8 34 1.1338262570162345 -0.27486201995122395 0 0 0 0
8 35 1.1269691268617128 -0.30174773936462179 0 0 0 0
8 36 1.1194745683155889 -0.32846278633315079 0 0 0 0
8 37 1.1113468203976242 -0.35499205047888288 0 0 0 0
8 38 1.1025904802677229 -0.38132052650506942 0 0 0 0
8 39 1.0932105006257167 -0.40743332268333304 0 0 0 0
8 40 1.0832121869100546 -0.43331566927662335 0 0 0 0
8 41 1.0726011942969778 -0.45895292689317102 0 0 0 0
8 42 1.0613835245018777 -0.48433059476671858 0 0 0 0
8 43 1.0495655223846485 -0.50943431895834346 0 0 0 0
8 44 1.0371538723609517 -0.53424990047523069 0 0 0 0
8 45 1.0241555946214238 -0.5587633033018089 0 0 0 0
8 46 1.0105780411609646 -0.5829606623387027 0 0 0 0
8 47 0.99642889162035364 -0.60682829124501503 0 0 0 0
8 48 0.98171614894254611 -0.63035269017949636 0 0 0 0
9 0 0.99924679445937714 0.64160898821841594 0 0 0 0
9 1 1.0142222646850025 0.61766451073153317 0 0 0 0
9 2 1.0286240776102673 0.59337067416617995 0 0 0 0
9 3 1.0424440873825205 0.56874121943219824 0 0 0 0
9 4 1.0556744772245401 0.54379007726943107 0 0 0 0
9 5 1.0683077638558027 0.51853136036831393 0 0 0 0
9 6 1.0803368017251254 0.49297935538755294 0 0 0 0
9 7 1.0917547870522808 0.46714851487340608 0 0 0 0
9 8 1.1025552616763055 0.44105344908513461 0 0 0 0
9 9 1.1127321167083188 0.41470891773124979 0 0 0 0
9 10 1.1222795959867893 0.38812982162123122 0 0 0 0
9 11 1.1311922993332961 0.36133119423743443 0 0 0 0
9 12 1.1394651856069387 0.33432819323195712 0 0 0 0
9 13 1.1470935755556722 0.30713609185327562 0 0 0 0
9 14 1.154073154462953 0.27977027030749596 0 0 0 0
9 15 1.1603999745881992 0.25224620705910894 0 0 0 0
9 16 1.1660704573996832 0.22457947007617046 0 0 0 0
9 17 1.1710813955985964 0.19678570802485595 0 0 0 0
9 18 1.1754299549331384 0.16888064141837036 0 0 0 0
9 19 1.1791136758016074 0.14088005372522297 0 0 0 0
9 20 1.1821304746435826 0.1127997824418918 4.8719641371577582e-12 4.8719641371577574e-12 0 -3.1377728165262285e-29
9 21 1.1844786451184128 0.084655710134928702 1.3353837663697357e-06 1.3353837663697357e-06 0 6.1423219288750786e-24
9 22 1.1861568590703453 0.056463755457574927 5.7098176759677277e-05 5.7098176759677283e-05 0 4.6119682891574954e-22
9 23 1.1871641672797482 0.028239864145962943 0.00025392753350229267 0.00025392753350229267 0 3.3722732773078663e-22
9 24 1.1875 7.2713403699374093e-17 0.00038524339827320382 0.00038524339827320382 0 0
9 25 1.1871641672797482 -0.028239864145962801 0.00025392753350229403 0.00025392753350229403 0 5.0932652667497574e-22
9 26 1.1861568590703453 -0.056463755457574781 5.7098176759677683e-05 5.709817675967769e-05 0 3.7098634013774185e-22
9 27 1.1844786451184128 -0.084655710134928577 1.3353837663697548e-06 1.3353837663697548e-06 0 -9.2402852968327482e-24
9 28 1.1821304746435826 -0.11279978244189165 4.8719641371581912e-12 4.8719641371581912e-12 0 5.0239311035723258e-29
9 29 1.1791136758016074 -0.14088005372522286 0 0 0 0
9 30 1.1754299549331384 -0.16888064141837023 0 0 0 0
9 31 1.1710813955985964 -0.19678570802485584 0 0 0 0
9 32 1.1660704573996832 -0.2245794700761706 0 0 0 0
9 33 1.1603999745881992 -0.25224620705910877 0 0 0 0
9 34 1.154073154462953 -0.27977027030749579 0 0 0 0
9 35 1.1470935755556719 -0.30713609185327573 0 0 0 0
9 36 1.1394651856069387 -0.334328193231957 0 0 0 0
9 37 1.1311922993332961 -0.36133119423743432 0 0 0 0
9 38 1.1222795959867893 -0.38812982162123139 0 0 0 0
9 39 1.1127321167083188 -0.41470891773124968 0 0 0 0
9 40 1.1025552616763055 -0.44105344908513444 0 0 0 0
9 41 1.0917547870522808 -0.46714851487340614 0 0 0 0
9 42 1.0803368017251254 -0.49297935538755278 0 0 0 0
9 43 1.0683077638558029 -0.51853136036831382 0 0 0 0
9 44 1.0556744772245401 -0.54379007726943118 0 0 0 0
9 45 1.0424440873825205 -0.56874121943219824 0 0 0 0
9 46 1.0286240776102675 -0.5933706741661795 0 0 0 0
9 47 1.0142222646850028 -0.61766451073153317 0 0 0 0
9 48 0.99924679445937725 -0.64160898821841583 0 0 0 0
10 0 1.0167774399762082 0.65286528625733553 0 0 0 0
10 1 1.0320156377496517 0.6285007302180512 0 0 0 0
10 2 1.0466701140595702 0.60378068599365675 0 0 0 0
10 3 1.0607325801436174 0.57871913556258758 0 0 0 0
10 4 1.0741950820881285 0.55333025406363157 0 0 0 0
10 5 1.0870500053269572 0.52762840177828429 0 0 0 0
10 6 1.0992900789483731 0.50162811600838719 0 0 0 0
10 7 1.1109083798075841 0.47534410285364126 0 0 0 0
10 8 1.1218983364425565 0.4487912288936457 0 0 0 0
10 9 1.1322537327909208 0.42198451277916643 0 0 0 0
10 10 1.1419687117058557 0.39493911673739318 0 0 0 0
10 11 1.1510377782689678 0.36767033799598592 0 0 0 0
10 12 1.1594558028982884 0.34019360013076339 0 0 0 0
10 13 1.1672180242496313 0.31252444434192955 0 0 0 0
10 14 1.1743200519096713 0.28467852066376781 0 0 0 0
10 15 1.1807578688792202 0.25667157911277749 0 0 0 0
10 16 1.1865278338452916 0.22851946077926116 0 0 0 0
10 17 1.191626683240677 0.20023808886739727 0 0 0 0
10 18 1.19605153308986 0.17184345968886808 0 1.0782005823890646e-181 0 -2.4126288392404172e-198
10 19 1.1997998806402321 0.14335163361513917 7.4898769528482865e-09 7.4898769528482865e-09 0 -1.8451171768138049e-26
10 20 1.2028696057776804 0.11477872599350393 6.4759265302500761e-05 6.4759265302500747e-05 0 9.8507550495171041e-22
10 21 1.2052589722257532 0.086140898032032717 0.0012487130679834197 0.0012487130679834195 0 -8.0744009245319608e-21
10 22 1.2069666285277199 0.057454347658585009 0.0047451236689761752 0.0047451236689761752 0 1.3287040569442724e-20
10 23 1.2079916088109717 0.02873530035905001 0.0088284643903528692 0.0088284643903528692 0 2.8423380482082096e-20
10 24 1.2083333333333333 7.3989077448485917e-17 0.010615346461976569 0.010615346461976569 0 0
10 25 1.2079916088109717 -0.028735300359049865 0.0088284643903528692 0.0088284643903528692 0 -1.0193722324567973e-21
10 26 1.2069666285277199 -0.057454347658584863 0.0047451236689761925 0.0047451236689761925 0 -1.3593616635523941e-20
10 27 1.2052589722257532 -0.086140898032032578 0.0012487130679834295 0.0012487130679834295 0 2.014421587388433e-20
10 28 1.2028696057776804 -0.11477872599350378 6.4759265302501669e-05 6.4759265302501655e-05 0 -4.9423568155785236e-22
10 29 1.1997998806402321 -0.14335163361513903 7.4898769528488456e-09 7.4898769528488456e-09 0 1.7515262696616397e-25
10 30 1.19605153308986 -0.17184345968886794 0 1.0782005824319052e-181 0 4.0323630424040532e-199
10 31 1.191626683240677 -0.20023808886739716 0 0 0 0
10 32 1.1865278338452916 -0.22851946077926127 0 0 0 0
10 33 1.1807578688792202 -0.25667157911277733 0 0 0 0
10 34 1.1743200519096713 -0.28467852066376764 0 0 0 0
10 35 1.1672180242496311 -0.31252444434192966 0 0 0 0
10 36 1.1594558028982884 -0.34019360013076327 0 0 0 0
10 37 1.1510377782689678 -0.36767033799598581 0 0 0 0
10 38 1.1419687117058557 -0.39493911673739329 0 0 0 0
10 39 1.1322537327909208 -0.42198451277916627 0 0 0 0
10 40 1.1218983364425565 -0.44879122889364559 0 0 0 0
10 41 1.1109083798075838 -0.47534410285364131 0 0 0 0
10 42 1.0992900789483731 -0.50162811600838708 0 0 0 0
10 43 1.0870500053269572 -0.52762840177828418 0 0 0 0
10 44 1.0741950820881285 -0.55333025406363168 0 0 0 0
10 45 1.0607325801436174 -0.57871913556258769 0 0 0 0
10 46 1.0466701140595704 -0.60378068599365631 0 0 0 0
10 47 1.0320156377496519 -0.6285007302180512 0 0 0 0
10 48 1.0167774399762084 -0.65286528625733542 0 0 0 0
11 0 1.0343080854930395 0.66412158429625512 0 0 0 0
11 1 1.049809010814301 0.63933694970456945 0 0 0 0
11 2 1.0647161505088731 0.61419069782113367 0 0 0 0
11 3 1.0790210729047143 0.58869705169297715 0 0 0 0
11 4 1.0927156869517172 0.56287043085783217 0 0 0 0
11 5 1.1057922467981116 0.53672544318825477 0 0 0 0
11 6 1.118243356171621 0.5102768766292215 0 0 0 0
11 7 1.1300619725628873 0.48353969083387649 0 0 0 0
11 8 1.1412414112088076 0.4565290087021569 0 0 0 0
11 9 1.151775348873523 0.42926010782708313 0 0 0 0
11 10 1.1616578274249223 0.40174841185355514 0 0 0 0
11 11 1.1708832572046399 0.37400948175453747 0 0 0 0
11 12 1.1794464201896384 0.34605900702956971 0 0 0 0
11 13 1.1873424729435904 0.31791279683058354 0 0 0 0
11 14 1.19456694935639 0.28958677102003971 0 0 0 0
11 15 1.2011157631702414 0.2610969511664461 0 0 0 0
11 16 1.2069852102909002 0.23245945148235189 0 0 0 0
11 17 1.2121719708827579 0.20369046970993865 0 0 0 0
11 18 1.2166731112465821 0.17480627795936582 5.6227224494619721e-09 5.6227224494619729e-09 0 1.8900097771802108e-25
11 19 1.2204860854788568 0.14582321350505537 0.00018362962194228333 0.00018362962194228333 0 4.845318067022921e-22
11 20 1.2236087369117785 0.11675766954511609 0.0039102855322503812 0.0039102855322503812 0 -1.4955559747865894e-20
11 21 1.226039299333094 0.087626085929136732 0.015594209301515036 0.015594209301515036 0 9.980925091823058e-20
11 22 1.2277763979850944 0.058444939859595098 0.031839520376944902 0.031839520376944902 0 -8.4795635370512521e-20
11 23 1.2288190503421954 0.029230736572137084 0.045371484553495427 0.045371484553495434 0 -8.6026342689239251e-20
11 24 1.2291666666666667 7.5264751197597754e-17 0.050549055364545979 0.050549055364545979 0 0
11 25 1.2288190503421954 -0.029230736572136935 0.045371484553495427 0.045371484553495434 0 8.7559439804560726e-20
11 26 1.2277763979850944 -0.058444939859594952 0.031839520376944951 0.031839520376944958 0 8.6021939634837389e-20
11 27 1.226039299333094 -0.087626085929136593 0.015594209301515078 0.015594209301515078 0 1.137209423731778e-19
11 28 1.2236087369117785 -0.11675766954511593 0.0039102855322504194 0.0039102855322504185 0 7.3847506216738025e-22
11 29 1.2204860854788568 -0.14582321350505523 0.00018362962194228688 0.00018362962194228688 0 -3.3319108564199946e-21
11 30 1.2166731112465821 -0.17480627795936568 5.6227224494623923e-09 5.6227224494623923e-09 0 3.5980322537440406e-26
11 31 1.2121719708827579 -0.20369046970993851 0 0 0 0
11 32 1.2069852102909002 -0.23245945148235203 0 0 0 0
11 33 1.2011157631702414 -0.26109695116644593 0 0 0 0
11 34 1.19456694935639 -0.28958677102003955 0 0 0 0
11 35 1.1873424729435904 -0.31791279683058365 0 0 0 0
11 36 1.1794464201896384 -0.34605900702956954 0 0 0 0
11 37 1.1708832572046399 -0.3740094817545373 0 0 0 0
11 38 1.1616578274249223 -0.40174841185355531 0 0 0 0
11 39 1.151775348873523 -0.42926010782708302 0 0 0 0
11 40 1.1412414112088076 -0.45652900870215674 0 0 0 0
11 41 1.1300619725628871 -0.4835396908338766 0 0 0 0
11 42 1.118243356171621 -0.51027687662922139 0 0 0 0
11 43 1.1057922467981118 -0.53672544318825466 0 0 0 0
11 44 1.0927156869517172 -0.56287043085783228 0 0 0 0
11 45 1.0790210729047143 -0.58869705169297715 0 0 0 0
11 46 1.0647161505088734 -0.61419069782113322 0 0 0 0
11 47 1.0498090108143012 -0.63933694970456945 0 0 0 0
11 48 1.0343080854930395 -0.66412158429625501 0 0 0 0
12 0 1.0518387310098707 0.67537788233517471 0 0 0 0
12 1 1.0676023838789501 0.65017316919108747 0 0 0 0
12 2 1.0827621869581761 0.62460070964861047 0 0 0 0
12 3 1.0973095656658112 0.59867496782336649 0 0 0 0
12 4 1.1112362918153054 0.57241060765203267 0 0 0 0
12 5 1.1245344882692661 0.54582248459822524 0 0 0 0
12 6 1.1371966333948689 0.51892563725005569 0 0 0 0
12 7 1.1492155653181904 0.49173527881411166 0 0 0 0
12 8 1.1605844859750585 0.46426678851066799 0 0 0 0
12 9 1.1712969649561251 0.43653570287499976 0 0 0 0
12 10 1.1813469431439887 0.4085577069697171 0 0 0 0
12 11 1.1907287361403116 0.3803486255130889 0 0 0 0
12 12 1.199437037480988 0.35192441392837592 0 0 0 0
12 13 1.2074669216375495 0.32330114931923748 0 0 0 0
12 14 1.2148138468031084 0.29449502137631156 0 0 0 0
12 15 1.2214736574612624 0.26552232322011465 0 0 0 0
12 16 1.2274425867365086 0.23639944218544259 0 0 0 0
12 17 1.2327172585248383 0.20714285055247997 6.5456735980488693e-13 6.5456735980488693e-13 0 -7.4190292956538976e-30
12 18 1.2372946894033037 0.17776909622986353 0.0001015094154798002 0.00010150941547980022 0 -1.5825573567301884e-21
12 19 1.2411722903174816 0.14829479339497156 0.0049431546027999965 0.0049431546027999956 0 -2.8647301839549142e-21
12 20 1.2443478680458764 0.11873661309672821 0.024924536814786291 0.024924536814786288 0 1.1091206681217246e-19
12 21 1.2468196264404345 0.089111273826240747 0.057530571692635125 0.057530571692635118 0 -5.5747953434764872e-20
12 22 1.2485861674424688 0.059435532060605187 0.091268577222147498 0.091268577222147498 0 5.1866897874468101e-19
12 23 1.2496464918734191 0.029726172785224152 0.11569399140847092 0.11569399140847093 0 -1.4339380037430595e-19
12 24 1.25 7.6540424946709579e-17 0.12451447144412292 0.12451447144412292 0 0
12 25 1.2496464918734191 -0.029726172785223999 0.11569399140847102 0.11569399140847103 0 1.4670529014340034e-19
12 26 1.2485861674424688 -0.059435532060605034 0.091268577222147679 0.091268577222147693 0 3.4967380265518243e-19
12 27 1.2468196264404345 -0.089111273826240608 0.057530571692635271 0.057530571692635271 0 4.4713816082456512e-20
12 28 1.2443478680458764 -0.11873661309672806 0.024924536814786423 0.024924536814786423 0 -1.5405356516877485e-19
12 29 1.2411722903174816 -0.14829479339497142 0.0049431546028000433 0.0049431546028000433 0 -3.3122312595670502e-20
12 30 1.2372946894033037 -0.17776909622986339 0.00010150941547980309 0.00010150941547980309 0 9.0702716719020914e-22
12 31 1.2327172585248383 -0.20714285055247983 6.5456735980502183e-13 6.5456735980502173e-13 0 -1.0292235466742303e-29
12 32 1.2274425867365086 -0.23639944218544273 0 0 0 0
12 33 1.2214736574612624 -0.26552232322011449 0 0 0 0
12 34 1.2148138468031084 -0.29449502137631139 0 0 0 0
12 35 1.2074669216375495 -0.32330114931923759 0 0 0 0
12 36 1.199437037480988 -0.35192441392837581 0 0 0 0
12 37 1.1907287361403116 -0.38034862551308879 0 0 0 0
12 38 1.1813469431439887 -0.40855770696971722 0 0 0 0
12 39 1.1712969649561251 -0.43653570287499965 0 0 0 0
12 40 1.1605844859750585 -0.46426678851066783 0 0 0 0
12 41 1.1492155653181904 -0.49173527881411172 0 0 0 0
12 42 1.1371966333948689 -0.51892563725005558 0 0 0 0
12 43 1.1245344882692663 -0.54582248459822502 0 0 0 0
12 44 1.1112362918153054 -0.57241060765203278 0 0 0 0
12 45 1.0973095656658112 -0.5986749678233666 0 0 0 0
12 46 1.0827621869581763 -0.62460070964861003 0 0 0 0
12 47 1.0676023838789503 -0.65017316919108747 0 0 0 0
12 48 1.0518387310098707 -0.6753778823351746 0 0 0 0
13 0 1.0693693765267018 0.68663418037409429 0 0 0 0
13 1 1.0853957569435992 0.66100938867760561 0 0 0 0
13 2 1.100808223407479 0.63501072147608728 0 0 0 0
13 3 1.1155980584269078 0.60865288395375594 0 0 0 0
13 4 1.1297568966788938 0.58195078444623316 0 0 0 0
13 5 1.1432767297404205 0.55491952600819561 0 0 0 0
13 6 1.1561499106181166 0.52757439787089 0 0 0 0
13 7 1.1683691580734936 0.49993086679434684 0 0 0 0
13 8 1.1799275607413093 0.47200456831917909 0 0 0 0
13 9 1.1908185810387271 0.4438112979229164 0 0 0 0
13 10 1.2010360588630553 0.41536700208587901 0 0 0 0
13 11 1.2105742150759835 0.38668776927164034 0 0 0 0
13 12 1.2194276547723377 0.35778982082718219 0 0 0 0
13 13 1.2275913703315087 0.32868950180789142 0 0 0 0
13 14 1.2350607442498267 0.29940327173258341 0 0 0 0
13 15 1.2418315517522831 0.26994769527378321 0 0 0 0
13 16 1.247899963182117 0.24033943288853329 7.7638610445020558e-90 7.7638610445020558e-90 0 2.6336952000784049e-107
13 17 1.2532625461669189 0.21059523139502129 5.1002416654514242e-06 5.1002416654514242e-06 0 -1.2797250912960591e-22
13 18 1.2579162675600253 0.18073191450036125 0.0028953227008053153 0.0028953227008053153 0 -1.1517390384341926e-21
13 19 1.2618584951561063 0.15076637328488773 0.024972424020601146 0.024972424020601142 0 2.06446443619816e-19
13 20 1.2650869991799742 0.12071555664834034 0.070997534173616816 0.070997534173616816 0 -1.2529632474880889e-19
13 21 1.2675999535477751 0.090596461723344748 0.12692006918006718 0.12692006918006715 0 -2.125570994212946e-19
13 22 1.2693959368998431 0.060426124261615269 0.17715157690454925 0.17715157690454927 0 -7.4884912021574707e-19
13 23 1.2704739334046427 0.030221608998311219 0.2110523651725448 0.2110523651725448 0 -1.5480895515974443e-19
13 24 1.2708333333333333 7.7816098695821403e-17 0.22293650680729055 0.22293650680729055 0 -1.5407439555097887e-33
13 25 1.2704739334046427 -0.030221608998311063 0.21105236517254486 0.21105236517254486 0 1.6167723023638464e-19
13 26 1.2693959368998431 -0.060426124261615116 0.1771515769045495 0.1771515769045495 0 7.606216411532658e-19
13 27 1.2675999535477751 -0.09059646172334461 0.12692006918006743 0.1269200691800674 0 2.0372978953944792e-19
13 28 1.2650869991799742 -0.12071555664834017 0.07099753417361708 0.070997534173617066 0 5.0779191223768409e-20
13 29 1.2618584951561063 -0.15076637328488759 0.024972424020601271 0.024972424020601274 0 1.3841534106722518e-19
13 30 1.2579162675600253 -0.18073191450036111 0.0028953227008053461 0.0028953227008053461 0 1.4587476623627195e-20
13 31 1.2532625461669189 -0.21059523139502115 5.1002416654516597e-06 5.1002416654516597e-06 0 2.1555320326836109e-23
13 32 1.247899963182117 -0.24033943288853343 7.7638610444265886e-90 7.7638610444265886e-90 0 4.7950333801584032e-107
13 33 1.2418315517522831 -0.26994769527378304 0 0 0 0
13 34 1.2350607442498267 -0.29940327173258324 0 0 0 0
13 35 1.2275913703315084 -0.32868950180789153 0 0 0 0
13 36 1.2194276547723377 -0.35778982082718203 0 0 0 0
13 37 1.2105742150759835 -0.38668776927164022 0 0 0 0
13 38 1.2010360588630553 -0.41536700208587918 0 0 0 0
13 39 1.1908185810387271 -0.44381129792291629 0 0 0 0
13 40 1.1799275607413093 -0.47200456831917897 0 0 0 0
13 41 1.1683691580734934 -0.4999308667943469 0 0 0 0
13 42 1.1561499106181166 -0.52757439787088978 0 0 0 0
13 43 1.1432767297404205 -0.5549195260081955 0 0 0 0
13 44 1.1297568966788938 -0.58195078444623327 0 0 0 0
13 45 1.1155980584269078 -0.60865288395375605 0 0 0 0
13 46 1.1008082234074792 -0.63501072147608684 0 0 0 0
13 47 1.0853957569435995 -0.66100938867760561 0 0 0 0
13 48 1.0693693765267018 -0.68663418037409407 0 0 0 0
14 0 1.086900022043533 0.69789047841301388 0 0 0 0
14 1 1.1031891300082486 0.67184560816412386 0 0 0 0
14 2 1.1188542598567819 0.6454207333035642 0 0 0 0
14 3 1.1338865511880047 0.6186308000841455 0 0 0 0
14 4 1.1482775015424824 0.59149096124043377 0 0 0 0
14 5 1.1620189712115749 0.56401656741816608 0 0 0 0
14 6 1.1751031878413645 0.53622315849172431 0 0 0 0
14 7 1.1875227508287969 0.50812645477458207 0 0 0 0
14 8 1.1992706355075604 0.47974234812769029 0 0 0 0
14 9 1.2103401971213292 0.45108689297083315 0 0 0 0
14 10 1.2207251745821219 0.42217629720204103 0 0 0 0
14 11 1.2304196940116554 0.39302691303019188 0 0 0 0
14 12 1.2394182720636877 0.36365522772598852 0 0 0 0
14 13 1.247715819025468 0.33407785429654541 0 0 0 0
14 14 1.2553076416965454 0.30431152208885531 0 0 0 0
14 15 1.2621894460433043 0.27437306732745181 0 0 0 0
14 16 1.2683573396277257 0.24427942359162402 1.8379806305000559e-11 1.8379806305000559e-11 0 -1.6544855631381436e-28
14 17 1.2738078338089998 0.21404761223756263 0.00050043078558514116 0.00050043078558514127 0 4.6394646478159637e-21
14 18 1.2785378457167471 0.18369473277085901 0.015458248026321444 0.015458248026321444 0 -2.0263301543604467e-19
14 19 1.282544699994731 0.15323795317480396 0.064828571536623886 0.0648285715366239 0 -3.1532796467100801e-19
14 20 1.2858261303140723 0.1226945001999525 0.13822839659461289 0.13822839659461292 0 1.8657628444167994e-18
14 21 1.2883802806551157 0.092081649620448777 0.21469947276140883 0.21469947276140883 0 -2.061005487686629e-18
14 22 1.2902057063572179 0.061416716462625358 0.27827199051174017 0.27827199051174017 0 -6.6744424570307193e-19
14 23 1.2913013749358664 0.03071704521139829 0.31950850120924318 0.31950850120924323 0 -7.3622224054776954e-19
14 24 1.2916666666666667 7.9091772444933227e-17 0.33371968430515264 0.33371968430515264 0 0
14 25 1.2913013749358664 -0.030717045211398133 0.31950850120924335 0.3195085012092434 0 -9.8819882281407724e-19
14 26 1.2902057063572179 -0.061416716462625205 0.2782719905117404 0.2782719905117404 0 6.9295137440102918e-19
14 27 1.2883802806551157 -0.092081649620448625 0.2146994727614091 0.2146994727614091 0 3.3952297653259211e-19
14 28 1.2858261303140723 -0.12269450019995233 0.13822839659461328 0.13822839659461328 0 -1.9598897499221137e-18
14 29 1.282544699994731 -0.15323795317480382 0.064828571536624122 0.064828571536624136 0 1.6831706650743184e-19
14 30 1.2785378457167471 -0.18369473277085885 0.015458248026321579 0.015458248026321579 0 2.1903370830382946e-20
14 31 1.2738078338089998 -0.2140476122375625 0.00050043078558515179 0.00050043078558515179 0 1.2408254644507167e-20
14 32 1.2683573396277257 -0.24427942359162416 1.837980630499756e-11 1.8379806304997557e-11 0 -5.210165509337217e-28
14 33 1.2621894460433043 -0.27437306732745165 0 0 0 0
14 34 1.2553076416965454 -0.30431152208885509 0 0 0 0
14 35 1.2477158190254678 -0.33407785429654552 0 0 0 0
14 36 1.2394182720636877 -0.36365522772598835 0 0 0 0
14 37 1.2304196940116554 -0.39302691303019172 0 0 0 0
14 38 1.2207251745821219 -0.42217629720204114 0 0 0 0
14 39 1.2103401971213292 -0.45108689297083299 0 0 0 0
14 40 1.1992706355075604 -0.47974234812769012 0 0 0 0
14 41 1.1875227508287967 -0.50812645477458218 0 0 0 0
14 42 1.1751031878413645 -0.53622315849172408 0 0 0 0
14 43 1.1620189712115752 -0.56401656741816597 0 0 0 0
14 44 1.1482775015424824 -0.59149096124043388 0 0 0 0
14 45 1.1338865511880047 -0.6186308000841455 0 0 0 0
14 46 1.1188542598567823 -0.64542073330356375 0 0 0 0
14 47 1.1031891300082486 -0.67184560816412386 0 0 0 0
14 48 1.0869000220435332 -0.69789047841301377 0 0 0 0
15 0 1.1044306675603641 0.70914677645193347 0 0 0 0
15 1 1.1209825030728977 0.68268182765064189 0 0 0 0
15 2 1.1369002963060848 0.655830745131041 0 0 0 0
15 3 1.1521750439491016 0.62860871621453485 0 0 0 0
15 4 1.1667981064060706 0.60103113803463426 0 0 0 0
15 5 1.1807612126827294 0.57311360882813644 0 0 0 0
15 6 1.1940564650646122 0.5448719191125585 0 0 0 0
15 7 1.2066763435840999 0.5163220427548173 0 0 0 0
15 8 1.2186137102738113 0.48748012793620138 0 0 0 0
15 9 1.2298618132039312 0.45836248801874979 0 0 0 0
15 10 1.2404142903011883 0.42898559231820294 0 0 0 0
15 11 1.2502651729473273 0.39936605678874337 0 0 0 0
15 12 1.2594088893550375 0.36952063462479473 0 0 0 0
15 13 1.2678402677194271 0.33946620678519934 0 0 0 0
15 14 1.2755545391432637 0.30921977244512711 0 0 0 0
15 15 1.2825473403343253 0.27879843938112037 0 0 0 0
15 16 1.2888147160733341 0.24821941429471472 2.1677029064088647e-06 2.1677029064088647e-06 0 9.3119131768150131e-24
15 17 1.2943531214510802 0.21749999308010395 0.0043130772367358395 0.0043130772367358395 0 1.1177756270480079e-19
15 18 1.2991594238734687 0.18665755104135673 0.041698354687930914 0.041698354687930921 0 1.9164462375057171e-19
15 19 1.3032309048333557 0.15570953306472013 0.12061819811671268 0.12061819811671268 0 -2.5016127858645721e-18
15 20 1.3065652614481702 0.12467344375156462 0.21801841775886951 0.21801841775886949 0 -3.3948206770313293e-18
15 21 1.3091606077624562 0.093566837517552778 0.31085727814374259 0.31085727814374259 0 2.2811339065551426e-18
15 22 1.3110154758145922 0.06240730866363544 0.38453589985991421 0.38453589985991427 0 -1.5838783562633017e-18
15 23 1.3121288164670899 0.031212481424485357 0.43117899308696728 0.43117899308696728 0 -3.7386763669837254e-19
15 24 1.3125 8.0367446194045052e-17 0.44708392757968674 0.44708392757968674 0 0
15 25 1.3121288164670899 -0.031212481424485197 0.43117899308696744 0.43117899308696744 0 3.8760418685165296e-19
15 26 1.3110154758145922 -0.062407308663635287 0.38453589985991438 0.38453589985991438 0 -1.8424026855860771e-18
15 27 1.3091606077624562 -0.09356683751755264 0.31085727814374292 0.31085727814374292 0 -2.2546519769096025e-18
15 28 1.3065652614481702 -0.12467344375156446 0.21801841775887004 0.21801841775887001 0 -1.6875318042759914e-19
15 29 1.3032309048333557 -0.15570953306471999 0.120618198116713 0.120618198116713 0 -1.1270959724329163e-18
15 30 1.2991594238734687 -0.18665755104135656 0.04169835468793117 0.04169835468793117 0 3.4952214592517408e-19
15 31 1.2943531214510802 -0.21749999308010382 0.0043130772367359045 0.0043130772367359045 0 -3.8844859565464693e-20
15 32 1.2888147160733341 -0.24821941429471486 2.1677029064087262e-06 2.1677029064087262e-06 0 -1.7649576151655271e-23
15 33 1.2825473403343253 -0.27879843938112026 0 0 0 0
15 34 1.2755545391432637 -0.30921977244512694 0 0 0 0
15 35 1.2678402677194269 -0.33946620678519951 0 0 0 0
15 36 1.2594088893550375 -0.36952063462479456 0 0 0 0
15 37 1.2502651729473273 -0.39936605678874321 0 0 0 0
15 38 1.2404142903011883 -0.4289855923182031 0 0 0 0
15 39 1.2298618132039312 -0.45836248801874963 0 0 0 0
15 40 1.2186137102738113 -0.48748012793620127 0 0 0 0
15 41 1.2066763435840997 -0.5163220427548173 0 0 0 0
15 42 1.1940564650646122 -0.54487191911255839 0 0 0 0
15 43 1.1807612126827296 -0.57311360882813633 0 0 0 0
15 44 1.1667981064060706 -0.60103113803463448 0 0 0 0
15 45 1.1521750439491016 -0.62860871621453496 0 0 0 0
15 46 1.1369002963060852 -0.65583074513104056 0 0 0 0
15 47 1.1209825030728977 -0.68268182765064189 0 0 0 0
15 48 1.1044306675603643 -0.70914677645193325 0 0 0 0
16 0 1.1219613130771953 0.72040307449085295 0 0 0 0
16 1 1.1387758761375468 0.69351804713716003 0 0 0 0
16 2 1.1549463327553877 0.66624075695851781 0 0 0 0
16 3 1.1704635367101983 0.6385866323449243 0 0 0 0
16 4 1.185318711269659 0.61057131482883475 0 0 0 0
16 5 1.1995034541538838 0.58221065023810681 0 0 0 0
16 6 1.2130097422878601 0.5535206797333927 0 0 0 0
16 7 1.225829936339403 0.52451763073505242 0 0 0 0
16 8 1.2379567850400623 0.49521790774471253 0 0 0 0
16 9 1.2493834292865333 0.46563808306666643 0 0 0 0
16 10 1.2601034060202547 0.4357948874343649 0 0 0 0
16 11 1.270110651882999 0.40570520054729481 0 0 0 0
16 12 1.2793995066463872 0.375386041523601 0 0 0 0
16 13 1.2879647164133861 0.34485455927385328 0 0 0 0
16 14 1.2958014365899821 0.31412802280139895 0 0 0 0
16 15 1.3029052346253462 0.28322381143478892 8.2999059811293178e-31 8.2999059811293178e-31 0 2.4426718840311294e-49
16 16 1.3092720925189425 0.25215940499780543 0.00014050201553916859 0.00014050201553916862 0 2.715936751048431e-21
16 17 1.3148984090931608 0.22095237392264527 0.01476462182748892 0.01476462182748892 0 2.9156690704063852e-19
16 18 1.3197810020301906 0.18962036931185444 0.07953459314291815 0.079534593142918164 0 1.8032249226877358e-18
16 19 1.3239171096719802 0.15818111295463633 0.18531903703001046 0.18531903703001049 0 -3.2308002066643468e-19
16 20 1.3273043925822681 0.12665238730317674 0.30211245080613619 0.30211245080613619 0 -5.9805684611295364e-18
16 21 1.3299409348697968 0.095052025414656793 0.40743897072672997 0.40743897072672991 0 -6.6059860233311414e-18
16 22 1.3318252452719666 0.063397900864645529 0.48858210610536196 0.48858210610536196 0 4.0977541652450889e-19
16 23 1.3329562579983136 0.031707917637572428 0.53914367654931583 0.53914367654931583 0 -1.0584646428147795e-18
16 24 1.3333333333333333 8.1643119943156876e-17 0.55626511995495365 0.55626511995495365 0 0
16 25 1.3329562579983136 -0.031707917637572261 0.53914367654931594 0.53914367654931594 0 1.0761259215832829e-18
16 26 1.3318252452719666 -0.063397900864645362 0.48858210610536223 0.48858210610536223 0 3.1067616191791802e-18
16 27 1.3299409348697968 -0.095052025414656641 0.4074389707267303 0.40743897072673024 0 3.198330240550454e-18
16 28 1.3273043925822681 -0.12665238730317657 0.30211245080613675 0.30211245080613675 0 2.448370238839046e-18
16 29 1.3239171096719802 -0.15818111295463616 0.18531903703001099 0.18531903703001096 0 2.9058224339282347e-20
16 30 1.3197810020301906 -0.18962036931185428 0.079534593142918511 0.079534593142918511 0 2.9425093335600313e-18
16 31 1.3148984090931608 -0.22095237392264513 0.014764621827489091 0.014764621827489093 0 -2.2964767738732911e-19
16 32 1.3092720925189425 -0.25215940499780554 0.00014050201553916485 0.00014050201553916485 0 -4.07365920475408e-22
16 33 1.3029052346253462 -0.28322381143478881 8.2999059811412306e-31 8.2999059811412306e-31 0 -1.4517111246964161e-47
16 34 1.2958014365899821 -0.31412802280139879 0 0 0 0
16 35 1.2879647164133861 -0.34485455927385344 0 0 0 0
16 36 1.2793995066463872 -0.37538604152360083 0 0 0 0
16 37 1.270110651882999 -0.40570520054729464 0 0 0 0
16 38 1.2601034060202547 -0.43579488743436501 0 0 0 0
16 39 1.2493834292865333 -0.46563808306666626 0 0 0 0
16 40 1.2379567850400623 -0.49521790774471236 0 0 0 0
16 41 1.225829936339403 -0.52451763073505253 0 0 0 0
16 42 1.2130097422878601 -0.55352067973339258 0 0 0 0
16 43 1.1995034541538838 -0.5822106502381067 0 0 0 0
16 44 1.185318711269659 -0.61057131482883498 0 0 0 0
16 45 1.1704635367101983 -0.6385866323449243 0 0 0 0
16 46 1.1549463327553879 -0.66624075695851737 0 0 0 0
16 47 1.1387758761375468 -0.69351804713716003 0 0 0 0
16 48 1.1219613130771955 -0.72040307449085283 0 0 0 0
17 0 1.1394919585940266 0.73165937252977264 0 0 0 0
17 1 1.1565692492021962 0.70435426662367817 0 0 0 0
17 2 1.1729923692046909 0.67665076878599473 0 0 0 0
17 3 1.1887520294712954 0.64856454847531375 0 0 0 0
17 4 1.2038393161332477 0.62011149162303536 0 0 0 0
17 5 1.2182456956250383 0.59130769164807728 0 0 0 0
17 6 1.231963019511108 0.56216944035422711 0 0 0 0
17 7 1.2449835290947064 0.53271321871528765 0 0 0 0
17 8 1.2572998598063134 0.50295568755322373 0 0 0 0
17 9 1.2689050453691355 0.47291367811458312 0 0 0 0
17 10 1.2797925217393213 0.44260418255052686 0 0 0 0
17 11 1.2899561308186711 0.41204434430584636 0 0 0 0
17 12 1.299390123937737 0.38125144842240727 0 0 0 0
17 13 1.3080891651073454 0.35024291176250727 0 0 0 0
17 14 1.3160483340367009 0.31903627315767086 0 0 0 0
17 15 1.3232631289163674 0.28764918348845753 2.4156965716749871e-12 2.4156965716749871e-12 0 7.7311546839408882e-29
17 16 1.3297294689645511 0.25609939570089613 0.0011422640663465344 0.0011422640663465344 0 3.4367023801662752e-21
17 17 1.3354436967352417 0.22440475476518665 0.032169228664847851 0.032169228664847851 0 -7.2923994422973906e-19
17 18 1.3404025801869124 0.19258318758235218 0.1240097758640565 0.1240097758640565 0 -2.7106697659578406e-18
17 19 1.3446033145106051 0.16065269284455252 0.25225199949055838 0.25225199949055838 0 -1.9421710736453415e-18
17 20 1.3480435237163662 0.12863133085478889 0.38416618367675004 0.38416618367675004 0 3.3533745998171036e-18
17 21 1.3507212619771374 0.096537213311760808 0.49888706149079026 0.49888706149079026 0 1.5665526510967829e-18
17 22 1.3526350147293413 0.064388493065655625 0.58552704770303854 0.58552704770303854 0 -4.0447515072869855e-18
17 23 1.3537836995295374 0.032203353850659498 0.63893653531344086 0.63893653531344086 0 1.5205844015104002e-18
17 24 1.3541666666666667 8.2918793692268713e-17 0.65693640105726048 0.65693640105726048 0 0
17 25 1.3537836995295374 -0.032203353850659332 0.63893653531344097 0.63893653531344097 0 2.3523449077323038e-19
17 26 1.3526350147293413 -0.064388493065655458 0.58552704770303887 0.58552704770303887 0 -2.82743144464097e-18
17 27 1.3507212619771374 -0.096537213311760656 0.49888706149079082 0.49888706149079082 0 -1.5312434115693962e-18
17 28 1.3480435237163662 -0.12863133085478873 0.38416618367675065 0.38416618367675059 0 -3.3533745998171036e-18
17 29 1.3446033145106051 -0.16065269284455239 0.25225199949055888 0.25225199949055888 0 -1.7232904091930409e-18
17 30 1.3404025801869124 -0.19258318758235202 0.12400977586405705 0.12400977586405705 0 -1.3935349621717563e-18
17 31 1.3354436967352417 -0.22440475476518648 0.032169228664848171 0.032169228664848171 0 6.9662842173317123e-20
17 32 1.3297294689645511 -0.25609939570089629 0.0011422640663465039 0.0011422640663465036 0 1.7477543911010973e-20
17 33 1.3232631289163674 -0.28764918348845742 2.4156965716755534e-12 2.4156965716755534e-12 0 1.0106154107198254e-29
17 34 1.3160483340367009 -0.31903627315767069 0 0 0 0
17 35 1.3080891651073452 -0.35024291176250744 0 0 0 0
17 36 1.299390123937737 -0.38125144842240716 0 0 0 0
17 37 1.2899561308186711 -0.41204434430584619 0 0 0 0
17 38 1.2797925217393213 -0.44260418255052703 0 0 0 0
17 39 1.2689050453691355 -0.47291367811458296 0 0 0 0
17 40 1.2572998598063134 -0.50295568755322351 0 0 0 0
17 41 1.2449835290947062 -0.53271321871528776 0 0 0 0
17 42 1.231963019511108 -0.56216944035422689 0 0 0 0
17 43 1.2182456956250385 -0.59130769164807717 0 0 0 0
17 44 1.2038393161332477 -0.62011149162303558 0 0 0 0
17 45 1.1887520294712954 -0.64856454847531386 0 0 0 0
17 46 1.1729923692046911 -0.67665076878599428 0 0 0 0
17 47 1.1565692492021962 -0.70435426662367817 0 0 0 0
17 48 1.1394919585940266 -0.73165937252977253 0 0 0 0
18 0 1.1570226041108578 0.74291567056869212 0 0 0 0
18 1 1.1743626222668451 0.71519048611019631 0 0 0 0
18 2 1.1910384056539938 0.68706078061347153 0 0 0 0
18 3 1.2070405222323921 0.6585424646057032 0 0 0 0
18 4 1.2223599209968359 0.62965166841723597 0 0 0 0
18 5 1.2369879370961927 0.60040473305804776 0 0 0 0
18 6 1.2509162967343557 0.57081820097506131 0 0 0 0
18 7 1.2641371218500095 0.54090880669552288 0 0 0 0
18 8 1.2766429345725643 0.51069346736173482 0 0 0 0
18 9 1.2884266614517375 0.48018927316249976 0 0 0 0
18 10 1.2994816374583877 0.44941347766668882 0 0 0 0
18 11 1.3098016097543428 0.41838348806439779 0 0 0 0
18 12 1.3193807412290868 0.38711685532121354 0 0 0 0
18 13 1.3282136138013045 0.35563126425116121 0 0 0 0
18 14 1.3362952314834191 0.32394452351394271 0 0 0 0
18 15 1.3436210232073884 0.29207455554212614 3.2772255835266928e-08 3.2772255835266928e-08 0 -4.4123650614319177e-25
18 16 1.3501868454101595 0.26003938640398683 0.0038740926486851793 0.0038740926486851793 0 -9.3317319998238811e-20
18 17 1.3559889843773221 0.22785713560772797 0.054174892992265973 0.05417489299226598 0 1.0020191032157308e-18
18 18 1.361024158343634 0.1955460058528499 0.16994523190678829 0.16994523190678829 0 -1.5592914199339979e-18
18 19 1.3652895193492296 0.16312427273446872 0.31619805383249061 0.31619805383249061 0 -2.11061511127058e-18
18 20 1.368782654850464 0.13061027440640102 0.45975813620155731 0.45975813620155725 0 1.2714038987016687e-17
18 21 1.3715015890844779 0.098022401208864823 0.58156804070389667 0.58156804070389667 0 -2.7181717771601076e-18
18 22 1.3734447841867157 0.065379085266665707 0.67230651753253501 0.67230651753253501 0 -2.2238949778089209e-18
18 23 1.3746111410607609 0.032698790063746569 0.72782394151459107 0.72782394151459107 0 -2.4479581729584808e-18
18 24 1.375 8.4194467441380538e-17 0.74647163442292186 0.74647163442292186 0 0
18 25 1.3746111410607609 -0.032698790063746402 0.72782394151459107 0.72782394151459118 0 -9.9695922514998981e-19
18 26 1.3734447841867157 -0.06537908526666554 0.67230651753253534 0.67230651753253534 0 2.2945301034340333e-18
18 27 1.3715015890844779 -0.098022401208864671 0.58156804070389712 0.58156804070389712 0 2.8064448759785744e-18
18 28 1.368782654850464 -0.13061027440640086 0.45975813620155787 0.45975813620155781 0 -5.7751450831094582e-18
18 29 1.3652895193492296 -0.16312427273446856 0.31619805383249133 0.31619805383249133 0 1.7675896822222356e-18
18 30 1.361024158343634 -0.19554600585284973 0.16994523190678887 0.16994523190678887 0 8.8926932285934954e-19
18 31 1.3559889843773221 -0.2278571356077278 0.054174892992266431 0.054174892992266438 0 -2.5066512485031636e-19
18 32 1.3501868454101595 -0.26003938640398699 0.0038740926486851039 0.0038740926486851039 0 1.8494264063717249e-20
18 33 1.3436210232073884 -0.29207455554212597 3.2772255835271699e-08 3.2772255835271699e-08 0 -1.0821905626865046e-24
18 34 1.3362952314834191 -0.32394452351394254 0 0 0 0
18 35 1.3282136138013043 -0.35563126425116137 0 0 0 0
18 36 1.3193807412290868 -0.38711685532121337 0 0 0 0
18 37 1.3098016097543428 -0.41838348806439762 0 0 0 0
18 38 1.2994816374583877 -0.44941347766668893 0 0 0 0
18 39 1.2884266614517375 -0.4801892731624996 0 0 0 0
18 40 1.2766429345725643 -0.5106934673617346 0 0 0 0
18 41 1.2641371218500093 -0.54090880669552288 0 0 0 0
18 42 1.2509162967343557 -0.57081820097506109 0 0 0 0
18 43 1.2369879370961929 -0.60040473305804754 0 0 0 0
18 44 1.2223599209968359 -0.62965166841723608 0 0 0 0
18 45 1.2070405222323921 -0.6585424646057032 0 0 0 0
18 46 1.191038405653994 -0.68706078061347098 0 0 0 0
18 47 1.1743626222668453 -0.71519048611019631 0 0 0 0
18 48 1.1570226041108578 -0.74291567056869201 0 0 0 0
19 0 1.1745532496276887 0.75417196860761171 0 0 0 0
19 1 1.1921559953314942 0.72602670559671434 0 0 0 0
19 2 1.2090844421032965 0.69747079244094834 0 0 0 0
19 3 1.225329014993489 0.66852038073609255 0 0 0 0
19 4 1.2408805258604243 0.63919184521143646 0 0 0 0
19 5 1.2557301785673471 0.60950177446801812 0 0 0 0
19 6 1.2698695739576034 0.5794669615958955 0 0 0 0
19 7 1.2832907146053125 0.549104394675758 0 0 0 0
19 8 1.2959860093388151 0.51843124717024591 0 0 0 0
19 9 1.3079482775343396 0.4874648682104164 0 0 0 0
19 10 1.3191707531774541 0.45622277278285073 0 0 0 0
19 11 1.3296470886900147 0.42472263182294923 0 0 0 0
19 12 1.3393713585204365 0.39298226222001975 0 0 0 0
19 13 1.3483380624952637 0.36101961673981514 0 0 0 0
19 14 1.3565421289301376 0.32885277387021455 0 0 0 0
19 15 1.3639789174984094 0.29649992759579469 1.7948656756904869e-06 1.7948656756904869e-06 0 -1.583964976008994e-23
19 16 1.370644221855768 0.26397937710707753 0.0083116704337791534 0.0083116704337791551 0 -4.5885748660237578e-20
19 17 1.3765342720194027 0.23130951645026929 0.077462632233528866 0.077462632233528866 0 -3.5667005462505368e-18
19 18 1.3816457365003556 0.19850882412334761 0.21303939713568823 0.21303939713568826 0 2.2318991910165562e-18
19 19 1.3859757241878543 0.16559585262438489 0.37343143389488481 0.37343143389488481 0 3.7350475018660055e-18
19 20 1.3895217859845619 0.13258921795801315 0.52596732036585891 0.52596732036585903 0 -5.8503579336532786e-18
19 21 1.3922819161918185 0.099507589105968824 0.65320689235678542 0.65320689235678542 0 -3.9882778182476913e-18
19 22 1.39425455364409 0.066369677467675789 0.74707955954965877 0.74707955954965877 0 3.6856911405954052e-18
19 23 1.3954385825919846 0.033194226276833633 0.80420907450617107 0.80420907450617107 0 -6.7900374229210645e-19
19 24 1.3958333333333333 8.547014119049235e-17 0.82335237118879401 0.82335237118879401 0 0
19 25 1.3954385825919846 -0.033194226276833466 0.80420907450617107 0.80420907450617118 0 -2.7629701093549469e-18
19 26 1.39425455364409 -0.066369677467675622 0.7470795595496591 0.7470795595496591 0 -3.6072076676786136e-18
19 27 1.3922819161918185 -0.099507589105968672 0.65320689235678586 0.65320689235678586 0 4.0942055368298516e-18
19 28 1.3895217859845619 -0.13258921795801298 0.52596732036585958 0.52596732036585969 0 -1.0571603350855117e-18
19 29 1.3859757241878543 -0.16559585262438475 0.37343143389488542 0.37343143389488542 0 -3.9310620327507737e-18
19 30 1.3816457365003556 -0.19850882412334744 0.21303939713568901 0.21303939713568901 0 -3.0782428925845331e-18
19 31 1.3765342720194027 -0.23130951645026912 0.07746263223352938 0.077462632233529394 0 8.0063832887641543e-19
19 32 1.370644221855768 -0.2639793771070777 0.008311670433778999 0.008311670433778999 0 -8.8108013470609937e-20
19 33 1.3639789174984094 -0.29649992759579452 1.7948656756906527e-06 1.7948656756906529e-06 0 -4.1585474826247119e-23
19 34 1.3565421289301376 -0.32885277387021433 0 0 0 0
19 35 1.3483380624952634 -0.36101961673981531 0 0 0 0
19 36 1.3393713585204365 -0.39298226222001964 0 0 0 0
19 37 1.3296470886900147 -0.42472263182294911 0 0 0 0
19 38 1.3191707531774541 -0.45622277278285089 0 0 0 0
19 39 1.3079482775343396 -0.48746486821041624 0 0 0 0
19 40 1.2959860093388151 -0.51843124717024569 0 0 0 0
19 41 1.2832907146053123 -0.54910439467575811 0 0 0 0
19 42 1.2698695739576034 -0.57946696159589539 0 0 0 0
19 43 1.2557301785673471 -0.60950177446801801 0 0 0 0
19 44 1.2408805258604243 -0.63919184521143657 0 0 0 0
19 45 1.225329014993489 -0.66852038073609266 0 0 0 0
19 46 1.2090844421032969 -0.69747079244094778 0 0 0 0
19 47 1.1921559953314944 -0.72602670559671434 0 0 0 0
19 48 1.1745532496276889 -0.7541719686076116 0 0 0 0
20 0 1.1920838951445201 0.76542826664653141 0 0 0 0
20 1 1.2099493683961435 0.73686292508323259 0 0 0 0
20 2 1.2271304785525996 0.70788080426842526 0 0 0 0
20 3 1.2436175077545859 0.67849829686648211 0 0 0 0
20 4 1.2594011307240129 0.64873202200563707 0 0 0 0
20 5 1.2744724200385016 0.61859881587798859 0 0 0 0
20 6 1.2888228511808515 0.58811572221672981 0 0 0 0
20 7 1.3024443073606158 0.55729998265599323 0 0 0 0
20 8 1.3153290841050662 0.52616902697875712 0 0 0 0
20 9 1.3274698936169418 0.4947404632583331 0 0 0 0
20 10 1.3388598688965208 0.46303206789901274 0 0 0 0
20 11 1.3494925676256866 0.43106177558150077 0 0 0 0
20 12 1.3593619758117865 0.39884766911882608 0 0 0 0
20 13 1.368462511189223 0.36640796922846913 0 0 0 0
20 14 1.3767890263768561 0.33376102422648646 0 0 0 0
20 15 1.3843368117894306 0.3009252996494633 1.3726648288211481e-05 1.3726648288211481e-05 0 -2.0238988904614909e-22
20 16 1.3911015983013766 0.26791936781016829 0.013505927433462581 0.013505927433462581 0 1.227843632977576e-19
20 17 1.3970795596614836 0.23476189729281063 0.098882979427244305 0.098882979427244305 0 6.0461003822883153e-19
20 18 1.4022673146570774 0.20147164239384535 0.25008221865264196 0.25008221865264196 0 -1.0447557423569421e-18
20 19 1.4066619290264792 0.16806743251430112 0.42142554318163378 0.42142554318163378 0 -4.6701742571911827e-18
20 20 1.41026091711866 0.13456816150962531 0.58093215790447239 0.58093215790447239 0 8.3300645805849592e-18
20 21 1.4130622432991591 0.10099277700307285 0.71242943216888688 0.71242943216888699 0 2.6104768645244522e-19
20 22 1.4150643231014648 0.067360269668685885 0.80878748736439554 0.80878748736439554 0 1.9010537865160097e-18
20 23 1.4162660241232083 0.033689662489920703 0.86720763403599133 0.86720763403599144 0 -2.451299151052737e-18
20 24 1.4166666666666667 8.6745814939604187e-17 0.88674989149381689 0.88674989149381689 0 -6.1629758220391547e-33
20 25 1.4162660241232083 -0.033689662489920537 0.86720763403599166 0.86720763403599166 0 2.4797534335131035e-18
20 26 1.4150643231014648 -0.067360269668685704 0.80878748736439598 0.80878748736439587 0 -1.814721966307539e-18
20 27 1.4130622432991591 -0.10099277700307269 0.71242943216888743 0.71242943216888754 0 -1.5511996787028496e-19
20 28 1.41026091711866 -0.13456816150962514 0.58093215790447306 0.58093215790447306 0 5.5477232272294976e-18
20 29 1.4066619290264792 -0.16806743251430095 0.4214255431816345 0.42142554318163455 0 -2.562741443043198e-18
20 30 1.4022673146570774 -0.20147164239384519 0.25008221865264268 0.25008221865264268 0 2.6894068258629659e-19
20 31 1.3970795596614836 -0.23476189729281047 0.098882979427244916 0.098882979427244916 0 -1.851810376662793e-18
20 32 1.3911015983013766 -0.26791936781016845 0.013505927433462402 0.013505927433462404 0 2.2671708021278219e-20
20 33 1.3843368117894306 -0.30092529964946313 1.3726648288212431e-05 1.3726648288212433e-05 0 -1.340380521311962e-22
20 34 1.3767890263768561 -0.33376102422648624 0 0 0 0
20 35 1.3684625111892228 -0.3664079692284693 0 0 0 0
20 36 1.3593619758117865 -0.39884766911882591 0 0 0 0
20 37 1.3494925676256866 -0.43106177558150061 0 0 0 0
20 38 1.3388598688965208 -0.46303206789901291 0 0 0 0
20 39 1.3274698936169418 -0.49474046325833293 0 0 0 0
20 40 1.3153290841050662 -0.52616902697875689 0 0 0 0
20 41 1.3024443073606158 -0.55729998265599334 0 0 0 0
20 42 1.2888228511808515 -0.5881157222167297 0 0 0 0
20 43 1.2744724200385018 -0.61859881587798848 0 0 0 0
20 44 1.2594011307240129 -0.64873202200563718 0 0 0 0
20 45 1.2436175077545859 -0.67849829686648222 0 0 0 0
20 46 1.2271304785525998 -0.7078808042684247 0 0 0 0
20 47 1.2099493683961438 -0.73686292508323259 0 0 0 0
20 48 1.1920838951445203 -0.76542826664653119 0 0 0 0
21 0 1.2096145406613512 0.77668456468545088 0 0 0 0
21 1 1.2277427414607927 0.74769914456975062 0 0 0 0
21 2 1.2451765150019025 0.71829081609590206 0 0 0 0
21 3 1.2619060005156828 0.68847621299687156 0 0 0 0
21 4 1.2779217355876011 0.65827219879983756 0 0 0 0
21 5 1.293214661509656 0.62769585728795896 0 0 0 0
21 6 1.3077761284040992 0.59676448283756411 0 0 0 0
21 7 1.321597900115919 0.56549557063622846 0 0 0 0
21 8 1.3346721588713173 0.53390680678726821 0 0 0 0
21 9 1.3469915096995437 0.50201605830624974 0 0 0 0
21 10 1.3585489846155872 0.46984136301517465 0 0 0 0
21 11 1.3693380465613585 0.43740091934005221 0 0 0 0
21 12 1.3793525931031363 0.40471307601763234 0 0 0 0
21 13 1.3885869598831819 0.37179632171712307 0 0 0 0
21 14 1.3970359238235746 0.33866927458275831 0 0 0 0
21 15 1.4046947060804515 0.30535067170313185 3.938931198201839e-05 3.938931198201839e-05 0 3.3570548063094356e-22
21 16 1.411558974746985 0.27185935851325899 0.018147523019889703 0.0181475230198897 0 2.289589977941534e-19
21 17 1.417624847303564 0.23821427813535195 0.11592924232109755 0.11592924232109755 0 -2.7126868975855872e-18
21 18 1.4228888928137993 0.20443446066434307 0.27883508164403853 0.27883508164403853 0 -5.992002024169883e-18
21 19 1.4273481338651037 0.17053901240421729 0.45853117177127423 0.45853117177127428 0 -3.9232671555675649e-18
21 20 1.4310000482527578 0.13654710506123743 0.62350245945375515 0.62350245945375504 0 4.2173803943133816e-18
21 21 1.4338425704064997 0.10247796490017685 0.75843542651107343 0.75843542651107332 0 -6.1507456725193911e-18
21 22 1.4358740925588391 0.068350861869695967 0.85685239569288418 0.85685239569288407 0 1.7959953663855951e-18
21 23 1.4370934656544319 0.034185098703007774 0.91636354160459699 0.91636354160459699 0 -3.2398018798939019e-18
21 24 1.4375 8.8021488688716011e-17 0.93624680862694787 0.93624680862694787 0 0
21 25 1.4370934656544319 -0.034185098703007601 0.91636354160459721 0.91636354160459721 0 -1.9922842529173418e-19
21 26 1.4358740925588391 -0.068350861869695786 0.85685239569288452 0.85685239569288441 0 -1.693966851593766e-18
21 27 1.4338425704064997 -0.1024779649001767 0.75843542651107387 0.75843542651107376 0 -6.4691127327829028e-19
21 28 1.4310000482527578 -0.13654710506123727 0.62350245945375582 0.62350245945375571 0 2.784264779930723e-18
21 29 1.4273481338651037 -0.17053901240421712 0.458531171771275 0.458531171771275 0 -3.2606449119456238e-18
21 30 1.4228888928137993 -0.2044344606643429 0.27883508164403947 0.27883508164403947 0 -1.934292864899985e-18
21 31 1.417624847303564 -0.23821427813535179 0.11592924232109825 0.11592924232109825 0 1.3215788277938609e-18
21 32 1.411558974746985 -0.27185935851325915 0.018147523019889474 0.018147523019889474 0 -3.6066029808736326e-19
21 33 1.4046947060804515 -0.30535067170313168 3.9389311982020701e-05 3.9389311982020694e-05 0 4.2722006483776787e-22
21 34 1.3970359238235746 -0.33866927458275808 0 0 0 0
21 35 1.3885869598831819 -0.37179632171712323 0 0 0 0
21 36 1.3793525931031363 -0.40471307601763218 0 0 0 0
21 37 1.3693380465613585 -0.4374009193400521 0 0 0 0
21 38 1.3585489846155872 -0.46984136301517482 0 0 0 0
21 39 1.3469915096995437 -0.50201605830624962 0 0 0 0
21 40 1.3346721588713173 -0.53390680678726798 0 0 0 0
21 41 1.3215979001159188 -0.56549557063622846 0 0 0 0
21 42 1.3077761284040992 -0.59676448283756389 0 0 0 0
21 43 1.2932146615096562 -0.62769585728795885 0 0 0 0
21 44 1.2779217355876011 -0.65827219879983767 0 0 0 0
21 45 1.2619060005156828 -0.68847621299687156 0 0 0 0
21 46 1.2451765150019027 -0.71829081609590151 0 0 0 0
21 47 1.2277427414607929 -0.74769914456975062 0 0 0 0
21 48 1.2096145406613514 -0.77668456468545077 0 0 0 0
22 0 1.2271451861781824 0.78794086272437047 0 0 0 0
22 1 1.2455361145254418 0.75853536405626876 0 0 0 0
22 2 1.2632225514512054 0.72870082792337887 0 0 0 0
22 3 1.2801944932767795 0.6984541291272609 0 0 0 0
22 4 1.2964423404511896 0.66781237559403805 0 0 0 0
22 5 1.3119569029808105 0.63679289869792932 0 0 0 0
22 6 1.3267294056273469 0.60541324345839831 0 0 0 0
22 7 1.3407514928712221 0.57369115861646358 0 0 0 0
22 8 1.3540152336375681 0.5416445865957793 0 0 0 0
22 9 1.3665131257821457 0.50929165335416637 0 0 0 0
22 10 1.3782381003346535 0.47665065813133656 0 0 0 0
22 11 1.3891835254970302 0.4437400630986037 0 0 0 0
22 12 1.3993432103944861 0.41057848291643856 0 0 0 0
22 13 1.4087114085771411 0.377184674205777 0 0 0 0
22 14 1.417282821270293 0.34357752493903015 0 0 0 0
22 15 1.4250526003714725 0.3097760437568004 6.0653388044301495e-05 6.0653388044301495e-05 0 7.0934555019061227e-22
22 16 1.4320163511925934 0.27579934921634969 0.021080016483990036 0.021080016483990036 0 3.6668038896273218e-19
22 17 1.4381701349456446 0.24166665897789327 0.1268498631968473 0.1268498631968473 0 -2.5476094071746204e-18
22 18 1.4435104709705209 0.20739727893484078 0.2978376005814849 0.29783760058148495 0 -2.5433097070906919e-18
22 19 1.4480343387037284 0.17301059229413349 0.48371765624032903 0.48371765624032903 0 -5.5163745915438478e-18
22 20 1.4517391793868557 0.13852604861284956 0.65299309269970518 0.65299309269970518 0 8.4404271247560419e-18
22 21 1.4546228975138402 0.10396315279728086 0.79077869704783921 0.79077869704783932 0 -3.076912732609595e-18
22 22 1.4566838620162135 0.069341454070706049 0.89097932423011672 0.89097932423011661 0 1.2825510004893708e-18
22 23 1.4579209071856554 0.034680534916094838 0.95146463279162352 0.95146463279162363 0 3.2497240619621363e-19
22 24 1.4583333333333333 8.9297162437827835e-17 0.97165725364665645 0.97165725364665645 0 0
22 25 1.4579209071856554 -0.034680534916094664 0.95146463279162374 0.95146463279162385 0 -2.9455575942823557e-19
22 26 1.4566838620162135 -0.069341454070705869 0.89097932423011716 0.89097932423011705 0 5.7505230709180075e-18
22 27 1.4546228975138402 -0.1039631527972807 0.79077869704783976 0.79077869704783965 0 3.218149690719142e-18
22 28 1.4517391793868557 -0.1385260486128494 0.65299309269970585 0.65299309269970585 0 -1.4701575856803754e-18
22 29 1.4480343387037284 -0.17301059229413332 0.48371765624032992 0.48371765624032992 0 -1.7655447414117249e-18
22 30 1.4435104709705209 -0.20739727893484061 0.29783760058148567 0.29783760058148567 0 1.7674946473200464e-18
22 31 1.4381701349456446 -0.24166665897789311 0.12684986319684799 0.12684986319684796 0 -2.2170071269988769e-18
22 32 1.4320163511925934 -0.27579934921634985 0.021080016483989744 0.021080016483989744 0 5.8811294506720006e-19
22 33 1.4250526003714725 -0.30977604375680023 6.0653388044304836e-05 6.0653388044304836e-05 0 1.4858566704152266e-22
22 34 1.417282821270293 -0.34357752493902993 0 0 0 0
22 35 1.4087114085771408 -0.37718467420577717 0 0 0 0
22 36 1.3993432103944861 -0.41057848291643839 0 0 0 0
22 37 1.3891835254970302 -0.44374006309860353 0 0 0 0
22 38 1.3782381003346535 -0.47665065813133672 0 0 0 0
22 39 1.3665131257821457 -0.50929165335416626 0 0 0 0
22 40 1.3540152336375681 -0.54164458659577919 0 0 0 0
22 41 1.3407514928712219 -0.57369115861646369 0 0 0 0
22 42 1.3267294056273469 -0.6054132434583982 0 0 0 0
22 43 1.3119569029808105 -0.63679289869792921 0 0 0 0
22 44 1.2964423404511896 -0.66781237559403828 0 0 0 0
22 45 1.2801944932767795 -0.69845412912726101 0 0 0 0
22 46 1.2632225514512057 -0.72870082792337831 0 0 0 0
22 47 1.245536114525442 -0.75853536405626876 0 0 0 0
22 48 1.2271451861781826 -0.78794086272437025 0 0 0 0
23 0 1.2446758316950137 0.79919716076329006 0 0 0 0
23 1 1.2633294875900911 0.7693715835427869 0 0 0 0
23 2 1.2812685879005083 0.73911083975085579 0 0 0 0
23 3 1.2984829860378766 0.70843204525765047 0 0 0 0
23 4 1.3149629453147782 0.67735255238823866 0 0 0 0
23 5 1.3306991444519649 0.64588994010789991 0 0 0 0
23 6 1.3456826828505948 0.61406200407923262 0 0 0 0
23 7 1.3599050856265253 0.58188674659669881 0 0 0 0
23 8 1.3733583084038192 0.5493823664042905 0 0 0 0
23 9 1.3860347418647481 0.51656724840208312 0 0 0 0
23 10 1.3979272160537202 0.48345995324749858 0 0 0 0
23 11 1.4090290044327023 0.45007920685715525 0 0 0 0
23 12 1.4193338276858358 0.41644388981524488 0 0 0 0
23 13 1.4288358572711004 0.382573026694431 0 0 0 0
23 14 1.4375297187170115 0.348485775295302 0 0 0 0
23 15 1.4454104946624937 0.31420141581046901 5.6555570484602629e-05 5.6555570484602635e-05 0 1.372224934677757e-21
23 16 1.452473727638202 0.27973933991944039 0.021598792084325552 0.021598792084325552 0 2.5842027634094264e-19
23 17 1.4587154225877255 0.24511903982043462 0.13062429036715525 0.13062429036715528 0 1.8541691051806921e-18
23 18 1.4641320491272427 0.21036009720533852 0.30624058578909336 0.30624058578909336 0 5.3747207658209381e-18
23 19 1.4687205435423532 0.17548217218404968 0.49639118885077549 0.49639118885077549 0 -7.2558386518820818e-18
23 20 1.4724783105209538 0.14050499216446172 0.66902121918129209 0.66902121918129209 0 -7.1502476627453403e-18
23 21 1.475403224621181 0.10544834069438488 0.80922565994470297 0.80922565994470286 0 5.3655708036955349e-18
23 22 1.477493631473588 0.070332046271716131 0.91103074806973783 0.91103074806973772 0 6.0779391074083211e-19
23 23 1.4787483487168793 0.035175971129181915 0.97242656138365735 0.97242656138365735 0 6.772248978419549e-19
23 24 1.4791666666666667 9.0572836186939672e-17 0.99291386195676512 0.99291386195676512 0 0
23 25 1.4787483487168793 -0.035175971129181735 0.97242656138365757 0.97242656138365757 0 -6.4484588676636535e-19
23 26 1.477493631473588 -0.070332046271715964 0.91103074806973805 0.91103074806973805 0 -5.0576539594900309e-19
23 27 1.475403224621181 -0.10544834069438472 0.80922565994470352 0.80922565994470341 0 -5.2243338455859879e-18
23 28 1.4724783105209538 -0.14050499216446155 0.66902121918129287 0.66902121918129276 0 -6.6647888747322403e-18
23 29 1.4687205435423532 -0.17548217218404952 0.49639118885077632 0.49639118885077632 0 2.2922951647701067e-20
23 30 1.4641320491272427 -0.21036009720533838 0.30624058578909402 0.30624058578909402 0 9.2941536191030759e-19
23 31 1.4587154225877255 -0.24511903982043448 0.13062429036715584 0.13062429036715584 0 4.640159959108038e-19
23 32 1.452473727638202 -0.27973933991944055 0.021598792084325302 0.021598792084325302 0 5.398495603070335e-19
23 33 1.4454104946624937 -0.31420141581046884 5.6555570484606254e-05 5.6555570484606247e-05 0 -1.7334193465549615e-22
23 34 1.4375297187170115 -0.34848577529530184 0 0 0 0
23 35 1.4288358572711002 -0.38257302669443116 0 0 0 0
23 36 1.4193338276858358 -0.41644388981524472 0 0 0 0
23 37 1.4090290044327023 -0.45007920685715508 0 0 0 0
23 38 1.3979272160537202 -0.48345995324749874 0 0 0 0
23 39 1.3860347418647481 -0.5165672484020829 0 0 0 0
23 40 1.3733583084038192 -0.54938236640429028 0 0 0 0
23 41 1.3599050856265251 -0.58188674659669892 0 0 0 0
23 42 1.3456826828505948 -0.6140620040792325 0 0 0 0
23 43 1.3306991444519651 -0.64588994010789968 0 0 0 0
23 44 1.3149629453147782 -0.67735255238823888 0 0 0 0
23 45 1.2984829860378766 -0.70843204525765047 0 0 0 0
23 46 1.2812685879005088 -0.73911083975085523 0 0 0 0
23 47 1.2633294875900913 -0.7693715835427869 0 0 0 0
23 48 1.2446758316950137 -0.79919716076328995 0 0 0 0
24 0 1.2622064772118446 0.81045345880220965 0 0 0 0
24 1 1.2811228606547402 0.78020780302930504 0 0 0 0
24 2 1.2993146243498113 0.74952085157833248 0 0 0 0
24 3 1.3167714787989733 0.71840996138803981 0 0 0 0
24 4 1.3334835501783666 0.68689272918243915 0 0 0 0
24 5 1.3494413859231194 0.65498698151787027 0 0 0 0
24 6 1.3646359600738425 0.62271076470006692 0 0 0 0
24 7 1.3790586783818286 0.59008233457693404 0 0 0 0
24 8 1.3927013831700701 0.55712014621280159 0 0 0 0
24 9 1.40555635794735 0.52384284344999976 0 0 0 0
24 10 1.4176163317727866 0.49026924836366048 0 0 0 0
24 11 1.428874483368374 0.45641835061570668 0 0 0 0
24 12 1.4393244449771856 0.42230929671405115 0 0 0 0
24 13 1.4489603059650595 0.38796137918308493 0 0 0 0
24 14 1.45777661616373 0.35339402565157385 0 0 0 0
24 15 1.4657683889535147 0.31862678786413756 3.1343324199115756e-05 3.1343324199115763e-05 0 -5.7746325495888305e-23
24 16 1.4729311040838104 0.28367933062253109 0.019581615203068951 0.019581615203068951 0 7.5987171403197044e-20
24 17 1.4792607102298061 0.24857142066297594 0.12691691306778666 0.12691691306778666 0 3.668412977575586e-18
24 18 1.4847536272839643 0.21332291547583626 0.30369545359048611 0.30369545359048611 0 1.8734140460342213e-18
24 19 1.4894067483809779 0.17795375207396585 0.49628248588554602 0.49628248588554597 0 -9.1468106303124537e-19
24 20 1.4932174416550517 0.14248393571607385 0.67140745681728675 0.67140745681728675 0 -2.9517029886171589e-18
24 21 1.4961835517285214 0.10693352859148889 0.81366999967399645 0.81366999967399645 0 5.0836510159273153e-18
24 22 1.4983034009309626 0.071322638472726213 0.9169511260522667 0.9169511260522667 0 -3.6583296762106563e-18
24 23 1.4995757902481028 0.035671407342268979 0.97922313480434198 0.97922313480434198 0 -2.3007468858013821e-18
24 24 1.5 9.1848509936051484e-17 1 1 0 0
24 25 1.4995757902481028 -0.035671407342268799 0.9792231348043422 0.9792231348043422 0 -1.1363210550766426e-18
24 26 1.4983034009309626 -0.071322638472726047 0.91695112605226714 0.91695112605226714 0 -3.178535712904743e-18
24 27 1.4961835517285214 -0.10693352859148872 0.81366999967399711 0.81366999967399711 0 -4.977723297345155e-18
24 28 1.4932174416550517 -0.14248393571607365 0.67140745681728764 0.67140745681728764 0 2.9517029886171589e-18
24 29 1.4894067483809779 -0.17795375207396569 0.49628248588554674 0.49628248588554674 0 -6.2202273717607512e-18
24 30 1.4847536272839643 -0.21332291547583609 0.30369545359048705 0.30369545359048711 0 4.007550230913036e-18
24 31 1.4792607102298061 -0.24857142066297577 0.12691691306778724 0.12691691306778724 0 2.0712498316836025e-18
24 32 1.4729311040838104 -0.28367933062253126 0.019581615203068677 0.019581615203068677 0 -4.6919349357045696e-19
24 33 1.4657683889535147 -0.3186267878641374 3.1343324199117924e-05 3.1343324199117924e-05 0 1.4778987252278589e-21
24 34 1.45777661616373 -0.35339402565157363 0 0 0 0
24 35 1.4489603059650593 -0.38796137918308515 0 0 0 0
24 36 1.4393244449771856 -0.42230929671405093 0 0 0 0
24 37 1.428874483368374 -0.45641835061570651 0 0 0 0
24 38 1.4176163317727866 -0.4902692483636607 0 0 0 0
24 39 1.40555635794735 -0.52384284344999954 0 0 0 0
24 40 1.3927013831700701 -0.55712014621280148 0 0 0 0
24 41 1.3790586783818284 -0.59008233457693415 0 0 0 0
24 42 1.3646359600738425 -0.6227107647000667 0 0 0 0
24 43 1.3494413859231194 -0.65498698151787005 0 0 0 0
24 44 1.3334835501783666 -0.68689272918243938 0 0 0 0
24 45 1.3167714787989733 -0.71840996138803992 0 0 0 0
24 46 1.2993146243498117 -0.74952085157833204 0 0 0 0
24 47 1.2811228606547402 -0.78020780302930504 0 0 0 0
24 48 1.2622064772118449 -0.81045345880220943 0 0 0 0
25 0 1.2797371227286758 0.82170975684112924 0 0 0 0
25 1 1.2989162337193894 0.79104402251582318 0 0 0 0
25 2 1.3173606607991142 0.75993086340580929 0 0 0 0
25 3 1.3350599715600699 0.72838787751842926 0 0 0 0
25 4 1.3520041550419548 0.69643290597663965 0 0 0 0
25 5 1.3681836273942736 0.66408402292784063 0 0 0 0
25 6 1.3835892372970904 0.63135952532090112 0 0 0 0
25 7 1.3982122711371316 0.59827792255716916 0 0 0 0
25 8 1.4120444579363209 0.56485792602131268 0 0 0 0
25 9 1.425077974029952 0.5311184384979164 0 0 0 0
25 10 1.437305447491853 0.49707854347982244 0 0 0 0
25 11 1.4487199623040459 0.46275749437425812 0 0 0 0
25 12 1.4593150622685354 0.42817470361285737 0 0 0 0
25 13 1.4690847546590187 0.39334973167173892 0 0 0 0
25 14 1.4780235136104485 0.3583022760078457 0 0 0 0
25 15 1.4861262832445357 0.32305215991780611 8.6932513008851285e-06 8.6932513008851285e-06 0 5.0164362428092572e-23
25 16 1.4933884805294189 0.28761932132562179 0.015507906591364683 0.015507906591364685 0 4.7456969199402765e-19
25 17 1.4998059978718865 0.25202380150551729 0.11605730546350358 0.11605730546350358 0 -2.4460475509724537e-19
25 18 1.5053752054406859 0.21628573374633397 0.29030610717522287 0.29030610717522293 0 3.5764540043741516e-18
25 19 1.5100929532196026 0.18042533196388205 0.48339377677759865 0.48339377677759859 0 -3.4487281122080784e-18
25 20 1.5139565727891495 0.14446287926768597 0.66012674215981459 0.66012674215981459 0 -1.0959686476420377e-18
25 21 1.5169638788358619 0.1084187164885929 0.80408886923343725 0.80408886923343714 0 8.2084575044059136e-18
25 22 1.5191131703883369 0.072313230673736309 0.90872743568813263 0.90872743568813252 0 -5.5793172714460439e-19
25 23 1.5204032317793263 0.03616684355535605 0.97184951939029851 0.97184951939029851 0 2.8503036878517385e-18
25 24 1.5208333333333333 9.3124183685163309e-17 0.99291386195676512 0.99291386195676512 0 0
25 25 1.5204032317793263 -0.036166843555355863 0.97184951939029873 0.97184951939029873 0 6.5054109302365944e-19
25 26 1.5191131703883369 -0.072313230673736129 0.90872743568813297 0.90872743568813286 0 6.5996024193643341e-19
25 27 1.5169638788358619 -0.10841871648859273 0.80408886923343792 0.80408886923343781 0 -8.1025297858237533e-18
25 28 1.5139565727891495 -0.14446287926768578 0.66012674215981548 0.66012674215981537 0 1.0959686476420377e-18
25 29 1.5100929532196026 -0.18042533196388189 0.48339377677759948 0.48339377677759948 0 -3.8331912207474944e-18
25 30 1.5053752054406859 -0.21628573374633378 0.29030610717522393 0.29030610717522393 0 9.1023468928856713e-18
25 31 1.4998059978718865 -0.25202380150551712 0.11605730546350425 0.11605730546350425 0 -1.0985340709085593e-18
25 32 1.4933884805294189 -0.28761932132562196 0.015507906591364449 0.015507906591364449 0 -1.4128542381664451e-19
25 33 1.4861262832445357 -0.32305215991780595 8.6932513008858688e-06 8.6932513008858705e-06 0 1.9022915535928441e-22
25 34 1.4780235136104485 -0.35830227600784548 0 0 0 0
25 35 1.4690847546590184 -0.39334973167173909 0 0 0 0
25 36 1.4593150622685354 -0.4281747036128572 0 0 0 0
25 37 1.4487199623040459 -0.46275749437425795 0 0 0 0
25 38 1.437305447491853 -0.49707854347982261 0 0 0 0
25 39 1.425077974029952 -0.53111843849791618 0 0 0 0
25 40 1.4120444579363209 -0.56485792602131257 0 0 0 0
25 41 1.3982122711371314 -0.59827792255716927 0 0 0 0
25 42 1.3835892372970904 -0.63135952532090089 0 0 0 0
25 43 1.3681836273942738 -0.66408402292784041 0 0 0 0
25 44 1.3520041550419548 -0.69643290597663987 0 0 0 0
25 45 1.3350599715600699 -0.72838787751842937 0 0 0 0
25 46 1.3173606607991144 -0.75993086340580884 0 0 0 0
25 47 1.2989162337193894 -0.79104402251582318 0 0 0 0
25 48 1.279737122728676 -0.82170975684112901 0 0 0 0
26 0 1.2972677682455072 0.83296605488004882 0 0 0 0
26 1 1.3167096067840385 0.80188024200234131 0 0 0 0
26 2 1.3354066972484171 0.7703408752332862 0 0 0 0
26 3 1.3533484643211671 0.73836579364881871 0 0 0 0
26 4 1.3705247599055435 0.70597308277084025 0 0 0 0
26 5 1.3869258688654282 0.67318106433781111 0 0 0 0
26 6 1.4025425145203383 0.64000828594173542 0 0 0 0
26 7 1.4173658638924349 0.60647351053740439 0 0 0 0
26 8 1.4313875327025722 0.57259570582982389 0 0 0 0
26 9 1.4445995901125543 0.53839403354583304 0 0 0 0
26 10 1.4569945632109196 0.50388783859598441 0 0 0 0
26 11 1.4685654412397178 0.46909663813280966 0 0 0 0
26 12 1.4793056795598853 0.43404011051166369 0 0 0 0
26 13 1.4892092033529778 0.39873808416039291 0 0 0 0
26 14 1.498270411057167 0.3632105263641176 0 0 0 0
26 15 1.5064841775355569 0.32747753197147472 7.5162664192142055e-07 7.5162664192142055e-07 0 -2.9921346688267663e-23
26 16 1.5138458569750275 0.29155931202871255 0.010377580150764851 0.010377580150764851 0 -5.2619587060122948e-20
26 17 1.5203512855139674 0.25547618234805863 0.099059646713530319 0.099059646713530333 0 2.7844416022872665e-18
26 18 1.525996783597408 0.21924855201683172 0.26664344237975984 0.2666434423797599 0 3.5810052618743055e-18
26 19 1.5307791580582273 0.18289691185379825 0.45799924871754755 0.45799924871754755 0 -5.1338314579073948e-18
26 20 1.5346957039232476 0.14644182281929813 0.63530128301045163 0.63530128301045163 0 6.3964790550985701e-18
26 21 1.5377442059432027 0.10990390438569693 0.78053284349363083 0.78053284349363095 0 9.6525800947791397e-18
26 22 1.5399229398457115 0.073303822874746391 0.88637817481688697 0.88637817481688697 0 2.4085454151414352e-18
26 23 1.5412306733105503 0.036662279768443121 0.95031104014210876 0.95031104014210865 0 2.3063704849232196e-18
26 24 1.5416666666666667 9.4399857434275146e-17 0.97165725364665645 0.97165725364665645 0 0
26 25 1.5412306733105503 -0.036662279768442933 0.95031104014210888 0.95031104014210888 0 1.1934931137983727e-18
26 26 1.5399229398457115 -0.073303822874746211 0.88637817481688741 0.88637817481688741 0 -2.3143652476412853e-18
26 27 1.5377442059432027 -0.10990390438569675 0.7805328434936315 0.78053284349363139 0 -2.6430677118171379e-18
26 28 1.5346957039232476 -0.14644182281929793 0.63530128301045252 0.63530128301045252 0 -6.4278546902670082e-18
26 29 1.5307791580582273 -0.18289691185379808 0.45799924871754832 0.45799924871754832 0 -2.0990842423269859e-18
26 30 1.525996783597408 -0.21924855201683155 0.26664344237976079 0.26664344237976079 0 -4.5684062470369452e-18
26 31 1.5203512855139674 -0.25547618234805847 0.09905964671353093 0.09905964671353093 0 -5.6219498876761383e-19
26 32 1.5138458569750275 -0.29155931202871271 0.010377580150764676 0.010377580150764678 0 -1.8764776117942124e-20
26 33 1.5064841775355569 -0.32747753197147456 7.5162664192150875e-07 7.5162664192150875e-07 0 1.7036056022002976e-24
26 34 1.498270411057167 -0.36321052636411738 0 0 0 0
26 35 1.4892092033529778 -0.39873808416039308 0 0 0 0
26 36 1.4793056795598853 -0.43404011051166352 0 0 0 0
26 37 1.4685654412397178 -0.4690966381328095 0 0 0 0
26 38 1.4569945632109196 -0.50388783859598463 0 0 0 0
26 39 1.4445995901125543 -0.53839403354583293 0 0 0 0
26 40 1.4313875327025722 -0.57259570582982366 0 0 0 0
26 41 1.4173658638924347 -0.6064735105374045 0 0 0 0
26 42 1.4025425145203383 -0.6400082859417352 0 0 0 0
26 43 1.3869258688654285 -0.673181064337811 0 0 0 0
26 44 1.3705247599055435 -0.70597308277084048 0 0 0 0
26 45 1.3533484643211671 -0.73836579364881882 0 0 0 0
26 46 1.3354066972484175 -0.77034087523328576 0 0 0 0
26 47 1.3167096067840387 -0.80188024200234131 0 0 0 0
26 48 1.2972677682455074 -0.83296605488004871 0 0 0 0
27 0 1.3147984137623383 0.84422235291896841 0 0 0 0
27 1 1.3345029798486876 0.81271646148885945 0 0 0 0
27 2 1.35345273369772 0.78075088706076301 0 0 0 0
27 3 1.3716369570822637 0.74834370977920817 0 0 0 0
27 4 1.3890453647691319 0.71551325956504086 0 0 0 0
27 5 1.4056681103365827 0.68227810574778147 0 0 0 0
27 6 1.421495791743586 0.64865704656256962 0 0 0 0
27 7 1.4365194566477379 0.61466909851763962 0 0 0 0
27 8 1.4507306074688231 0.58033348563833498 0 0 0 0
27 9 1.4641212061951563 0.54566962859374968 0 0 0 0
27 10 1.476683678929986 0.51069713371214631 0 0 0 0
27 11 1.4884109201753897 0.47543578189136115 0 0 0 0
27 12 1.4992962968512351 0.4399055174104699 0 0 0 0
27 13 1.5093336520469369 0.40412643664904685 0 0 0 0
27 14 1.5185173085038854 0.36811877672038945 0 0 0 0
27 15 1.5268420718265778 0.33190290402514333 5.1493260950968456e-09 5.1493260950968456e-09 0 3.991322830606453e-26
27 16 1.5343032334206359 0.29549930273180325 0.0054882206332800051 0.0054882206332800051 0 -1.3638968893462688e-19
27 17 1.540896573156048 0.25892856319059993 0.077668694625150553 0.077668694625150567 0 -1.5763829661324373e-18
27 18 1.5466183617541296 0.22221137028732943 0.23382256979547472 0.23382256979547472 0 2.0745874470501604e-18
27 19 1.551465362896852 0.18536849174371445 0.42069899865452959 0.42069899865452959 0 -4.7580265915630165e-18
27 20 1.5554348350573455 0.14842076637091026 0.59723448382317035 0.59723448382317035 0 -5.2395347266385423e-19
27 21 1.5585245330505431 0.11138909228280093 0.74314781988389556 0.74314781988389544 0 6.843483742948295e-18
27 22 1.5607327093030861 0.074294415075756473 0.84996871816146358 0.84996871816146369 0 1.5518349947543996e-18
27 23 1.5620581148417738 0.037157715981530191 0.91463534805434166 0.91463534805434166 0 -1.4190901564083753e-18
27 24 1.5625 9.567553118338697e-17 0.93624680862694787 0.93624680862694787 0 0
27 25 1.5620581148417738 -0.037157715981529997 0.91463534805434199 0.91463534805434199 0 1.4485256210225476e-18
27 26 1.5607327093030861 -0.074294415075756293 0.84996871816146402 0.84996871816146402 0 5.4733907293612994e-18
27 27 1.5585245330505431 -0.11138909228280075 0.74314781988389622 0.74314781988389611 0 1.6602864001370688e-19
27 28 1.5554348350573455 -0.14842076637091006 0.59723448382317135 0.59723448382317124 0 4.2982656715853993e-19
27 29 1.551465362896852 -0.18536849174371428 0.42069899865453048 0.42069899865453048 0 -9.4627866452997846e-18
27 30 1.5466183617541296 -0.22221137028732926 0.23382256979547558 0.23382256979547558 0 -3.0619884322128001e-18
27 31 1.540896573156048 -0.25892856319059976 0.077668694625151108 0.077668694625151108 0 2.1598445912471262e-18
27 32 1.5343032334206359 -0.29549930273180341 0.005488220633279888 0.005488220633279888 0 9.0104475960766468e-20
27 33 1.5268420718265778 -0.33190290402514311 5.1493260950981451e-09 5.1493260950981451e-09 0 -1.2214958285049015e-25
27 34 1.5185173085038854 -0.36811877672038923 0 0 0 0
27 35 1.5093336520469367 -0.40412643664904702 0 0 0 0
27 36 1.4992962968512351 -0.43990551741046974 0 0 0 0
27 37 1.4884109201753897 -0.47543578189136093 0 0 0 0
27 38 1.476683678929986 -0.51069713371214653 0 0 0 0
27 39 1.4641212061951563 -0.54566962859374957 0 0 0 0
27 40 1.4507306074688231 -0.58033348563833487 0 0 0 0
27 41 1.4365194566477379 -0.61466909851763973 0 0 0 0
27 42 1.421495791743586 -0.64865704656256951 0 0 0 0
27 43 1.4056681103365827 -0.68227810574778136 0 0 0 0
27 44 1.3890453647691319 -0.71551325956504097 0 0 0 0
27 45 1.3716369570822637 -0.74834370977920828 0 0 0 0
27 46 1.3534527336977205 -0.78075088706076257 0 0 0 0
27 47 1.3345029798486878 -0.81271646148885945 0 0 0 0
27 48 1.3147984137623385 -0.84422235291896819 0 0 0 0
28 0 1.3323290592791694 0.85547865095788789 0 0 0 0
28 1 1.3522963529133367 0.82355268097537748 0 0 0 0
28 2 1.3714987701470229 0.79116089888823982 0 0 0 0
28 3 1.3899254498433606 0.75832162590959762 0 0 0 0
28 4 1.4075659696327201 0.72505343635924135 0 0 0 0
28 5 1.4244103518077369 0.69137514715775195 0 0 0 0
28 6 1.4404490689668337 0.65730580718340392 0 0 0 0
28 7 1.4556730494030412 0.62286468649787474 0 0 0 0
28 8 1.470073682235074 0.58807126544684607 0 0 0 0
28 9 1.4836428222777582 0.55294522364166632 0 0 0 0
28 10 1.4963727946490524 0.51750642882830833 0 0 0 0
28 11 1.5082563991110614 0.48177492564991259 0 0 0 0
28 12 1.5192869141425849 0.44577092430927617 0 0 0 0
28 13 1.5294581007408961 0.40951478913770079 0 0 0 0
28 14 1.5387642059506039 0.3730270270766613 0 0 0 0
28 15 1.5471999661175988 0.33632827607881188 9.9658034163382265e-15 9.9658034163382265e-15 0 2.5234403759921984e-32
28 16 1.5547606098662443 0.29943929343489395 0.0020068773941411097 0.0020068773941411097 0 -2.643553740661115e-20
28 17 1.5614418607981284 0.26238094403314127 0.054384492062705889 0.054384492062705889 0 -6.6065461857329839e-19
28 18 1.5672399399108512 0.22517418855782714 0.19364115602421636 0.19364115602421639 0 -2.6247113487791171e-19
28 19 1.5721515677354765 0.18784007163363062 0.3725324503437184 0.3725324503437184 0 6.6170050919149975e-19
28 20 1.5761739661914433 0.15039970992252238 0.5464911643872683 0.54649116438726819 0 6.2810019549115531e-18
28 21 1.5793048601578836 0.11287428017990493 0.69223279233401647 0.69223279233401647 0 -6.6319464624247707e-18
28 22 1.5815424787604604 0.075285007276766555 0.79965597563373558 0.79965597563373547 0 -1.4905550277370813e-18
28 23 1.5828855563729973 0.037653152194617255 0.86491037395567305 0.86491037395567305 0 -1.604018079683349e-18
28 24 1.5833333333333333 9.6951204932498795e-17 0.88674989149381689 0.88674989149381689 0 0
28 25 1.5828855563729973 -0.037653152194617061 0.86491037395567316 0.86491037395567316 0 -1.8359934076560928e-18
28 26 1.5815424787604604 -0.075285007276766375 0.79965597563373603 0.79965597563373592 0 1.5690385006538728e-18
28 27 1.5793048601578836 -0.11287428017990477 0.69223279233401713 0.69223279233401713 0 -2.1867434266399083e-19
28 28 1.5761739661914433 -0.15039970992252219 0.54649116438726908 0.54649116438726897 0 -6.3123775900799912e-18
28 29 1.5721515677354765 -0.18784007163363045 0.37253245034371923 0.37253245034371923 0 5.8361607002250001e-18
28 30 1.5672399399108512 -0.22517418855782698 0.19364115602421716 0.19364115602421716 0 -6.8966552938606228e-19
28 31 1.5614418607981284 -0.26238094403314111 0.054384492062706388 0.054384492062706395 0 -4.186533666099375e-19
28 32 1.5547606098662443 -0.29943929343489412 0.0020068773941410564 0.0020068773941410564 0 4.1850689805760554e-20
28 33 1.5471999661175988 -0.33632827607881172 9.9658034163441745e-15 9.9658034163441745e-15 0 -3.6056352317246495e-32
28 34 1.5387642059506039 -0.37302702707666108 0 0 0 0
28 35 1.5294581007408958 -0.40951478913770095 0 0 0 0
28 36 1.5192869141425849 -0.44577092430927601 0 0 0 0
28 37 1.5082563991110614 -0.48177492564991242 0 0 0 0
28 38 1.4963727946490524 -0.51750642882830844 0 0 0 0
28 39 1.4836428222777582 -0.55294522364166621 0 0 0 0
28 40 1.470073682235074 -0.58807126544684596 0 0 0 0
28 41 1.455673049403041 -0.62286468649787485 0 0 0 0
28 42 1.4404490689668337 -0.6573058071834037 0 0 0 0
28 43 1.4244103518077371 -0.69137514715775172 0 0 0 0
28 44 1.4075659696327201 -0.72505343635924147 0 0 0 0
28 45 1.3899254498433606 -0.75832162590959762 0 0 0 0
28 46 1.3714987701470234 -0.79116089888823937 0 0 0 0
28 47 1.3522963529133369 -0.82355268097537748 0 0 0 0
28 48 1.3323290592791697 -0.85547865095788778 0 0 0 0
29 0 1.3498597047960008 0.86673494899680759 0 0 0 0
29 1 1.3700897259779861 0.83438890046189573 0 0 0 0
29 2 1.3895448065963261 0.80157091071571673 0 0 0 0
29 3 1.4082139426044575 0.76829954203998707 0 0 0 0
29 4 1.4260865744963087 0.73459361315344196 0 0 0 0
29 5 1.4431525932788916 0.70047218856772242 0 0 0 0
29 6 1.4594023461900818 0.66595456780423823 0 0 0 0
29 7 1.4748266421583445 0.63106027447810997 0 0 0 0
29 8 1.489416757001325 0.59580904525535727 0 0 0 0
29 9 1.5031644383603604 0.56022081868958307 0 0 0 0
29 10 1.516061910368119 0.52431572394447024 0 0 0 0
29 11 1.5281018780467335 0.48811406940846414 0 0 0 0
29 12 1.5392775314339346 0.4516363312080825 0 0 0 0
29 13 1.5495825494348554 0.41490314162635478 0 0 0 0
29 14 1.5590111033973224 0.3779352774329332 0 0 0 0
29 15 1.56755786040862 0.34075364813248049 3.1510381743642867e-58 3.1510381743642867e-58 0 -5.8448144519331586e-75
29 16 1.5752179863118529 0.30337928413798465 0.00037909185321911398 0.00037909185321911398 0 8.8391825255308179e-22
29 17 1.5819871484402093 0.26583332487568262 0.032352051229275564 0.032352051229275564 0 -6.5521559279097359e-19
29 18 1.587861518067573 0.22813700682832488 0.14876506025570674 0.14876506025570677 0 -7.1150314072983391e-20
29 19 1.5928377725741014 0.19031165152354684 0.315161311117862 0.315161311117862 0 2.645539799218869e-18
29 20 1.5969130973255414 0.15237865347413454 0.4840360076349346 0.4840360076349346 0 1.9786980893292603e-18
29 21 1.6000851872652244 0.11435946807700896 0.62834365288398653 0.62834365288398641 0 4.7643897100433545e-18
29 22 1.602352248217835 0.076275599477776651 0.73577084211077792 0.73577084211077792 0 -2.0475491575031872e-18
29 23 1.6037129979042211 0.038148588407704326 0.80135557049176886 0.80135557049176886 0 1.1894193094243291e-18
29 24 1.6041666666666667 9.8226878681610631e-17 0.82335237118879401 0.82335237118879401 0 0
29 25 1.6037129979042211 -0.038148588407704132 0.80135557049176909 0.80135557049176909 0 2.3055383785282344e-18
29 26 1.602352248217835 -0.076275599477776471 0.73577084211077837 0.73577084211077837 0 -4.8128612734872496e-18
29 27 1.6000851872652244 -0.11435946807700878 0.62834365288398719 0.62834365288398708 0 2.227468053154954e-18
29 28 1.5969130973255414 -0.15237865347413435 0.48403600763493543 0.48403600763493543 0 -2.0728249948345746e-18
29 29 1.5928377725741014 -0.19031165152354665 0.31516131111786305 0.315161311117863 0 -3.2335833918731736e-18
29 30 1.587861518067573 -0.22813700682832472 0.14876506025570746 0.14876506025570746 0 -4.2446403394486073e-18
29 31 1.5819871484402093 -0.26583332487568245 0.032352051229275876 0.032352051229275876 0 -4.3615092654483478e-21
29 32 1.5752179863118529 -0.30337928413798482 0.00037909185321909913 0.00037909185321909918 0 -5.2021620863297951e-21
29 33 1.56755786040862 -0.34075364813248032 3.1510381743933034e-58 3.1510381743933034e-58 0 1.6962483144037023e-75
29 34 1.5590111033973224 -0.37793527743293298 0 0 0 0
29 35 1.5495825494348552 -0.41490314162635494 0 0 0 0
29 36 1.5392775314339346 -0.45163633120808228 0 0 0 0
29 37 1.5281018780467335 -0.48811406940846391 0 0 0 0
29 38 1.516061910368119 -0.52431572394447046 0 0 0 0
29 39 1.5031644383603604 -0.56022081868958284 0 0 0 0
29 40 1.489416757001325 -0.59580904525535716 0 0 0 0
29 41 1.4748266421583442 -0.63106027447811008 0 0 0 0
29 42 1.4594023461900818 -0.66595456780423801 0 0 0 0
29 43 1.4431525932788918 -0.7004721885677222 0 0 0 0
29 44 1.4260865744963087 -0.73459361315344207 0 0 0 0
29 45 1.4082139426044575 -0.76829954203998718 0 0 0 0
29 46 1.3895448065963263 -0.80157091071571629 0 0 0 0
29 47 1.3700897259779863 -0.83438890046189573 0 0 0 0
29 48 1.3498597047960008 -0.86673494899680736 0 0 0 0
30 0 1.3673903503128317 0.87799124703572717 0 0 0 0
30 1 1.3878830990426352 0.84522511994841376 0 0 0 0
30 2 1.4075908430456288 0.81198092254319354 0 0 0 0
30 3 1.4265024353655544 0.77827745817037652 0 0 0 0
30 4 1.4446071793598971 0.74413378994764245 0 0 0 0
30 5 1.461894834750046 0.70956922997769278 0 0 0 0
30 6 1.4783556234133295 0.67460332842507242 0 0 0 0
30 7 1.4939802349136475 0.6392558624583452 0 0 0 0
30 8 1.5087598317675759 0.60354682506386836 0 0 0 0
30 9 1.5226860544429626 0.56749641373749971 0 0 0 0
30 10 1.5357510260871854 0.53112501906063225 0 0 0 0
30 11 1.5479473569824052 0.49445321316701557 0 0 0 0
30 12 1.5592681487252844 0.45750173810688871 0 0 0 0
30 13 1.5697069981288145 0.42029149411500871 0 0 0 0
30 14 1.5792580008440409 0.382843527789205 0 0 0 0
30 15 1.587915754699641 0.34517902018614904 0 0 0 0
30 16 1.5956753627574614 0.30731927484107535 1.734482110688966e-05 1.734482110688966e-05 0 4.6991547537601018e-23
30 17 1.6025324360822899 0.26928570571822397 0.014892716297902089 0.014892716297902089 0 -1.5252854027701608e-19
30 18 1.6084830962242946 0.2310998250988226 0.10290695476631562 0.10290695476631562 0 1.5835541952919512e-18
30 19 1.6135239774127261 0.19278323141346301 0.25112970820646363 0.25112970820646363 0 5.4294616486286667e-18
30 20 1.6176522284596393 0.15435759702574667 0.41144833476848852 0.41144833476848847 0 1.3986639811884353e-18
30 21 1.6208655143725648 0.11584465597411296 0.55246039145382053 0.55246039145382053 0 -4.8338081177462773e-18
30 22 1.6231620176752095 0.077266191678786733 0.65895372917989437 0.65895372917989437 0 -4.6925154462463119e-19
30 23 1.6245404394354448 0.038644024620791396 0.72444029723057435 0.72444029723057424 0 -1.6776144329602114e-18
30 24 1.625 9.9502552430722443e-17 0.74647163442292186 0.74647163442292186 0 0
30 25 1.6245404394354448 -0.038644024620791195 0.72444029723057457 0.72444029723057446 0 1.7011628046515493e-18
30 26 1.6231620176752095 -0.077266191678786553 0.65895372917989481 0.65895372917989481 0 5.3203832295806443e-19
30 27 1.6208655143725648 -0.11584465597411278 0.5524603914538212 0.5524603914538212 0 4.8691173572736641e-18
30 28 1.6176522284596393 -0.15435759702574647 0.41144833476848935 0.4114483347684893 0 -1.5241665218621877e-18
30 29 1.6135239774127261 -0.19278323141346285 0.25112970820646441 0.25112970820646441 0 1.0193959280666412e-18
30 30 1.6084830962242946 -0.23109982509882243 0.10290695476631624 0.10290695476631624 0 1.057181215543019e-18
30 31 1.6025324360822899 -0.26928570571822374 0.014892716297902352 0.014892716297902352 0 4.5823283669185088e-21
30 32 1.5956753627574614 -0.30731927484107552 1.7344821106888519e-05 1.7344821106888519e-05 0 -4.0728259373821672e-22
30 33 1.587915754699641 -0.34517902018614888 0 0 0 0
30 34 1.5792580008440409 -0.38284352778920477 0 0 0 0
30 35 1.5697069981288143 -0.42029149411500888 0 0 0 0
30 36 1.5592681487252844 -0.45750173810688854 0 0 0 0
30 37 1.5479473569824052 -0.4944532131670154 0 0 0 0
30 38 1.5357510260871854 -0.53112501906063236 0 0 0 0
30 39 1.5226860544429626 -0.56749641373749948 0 0 0 0
30 40 1.5087598317675759 -0.60354682506386825 0 0 0 0
30 41 1.4939802349136473 -0.63925586245834531 0 0 0 0
30 42 1.4783556234133295 -0.67460332842507231 0 0 0 0
30 43 1.461894834750046 -0.70956922997769256 0 0 0 0
30 44 1.4446071793598971 -0.74413378994764268 0 0 0 0
30 45 1.4265024353655544 -0.77827745817037663 0 0 0 0
30 46 1.4075908430456292 -0.8119809225431931 0 0 0 0
30 47 1.3878830990426354 -0.84522511994841376 0 0 0 0
30 48 1.367390350312832 -0.87799124703572695 0 0 0 0
31 0 1.3849209958296629 0.88924754507464665 0 0 0 0
31 1 1.4056764721072843 0.8560613394349319 0 0 0 0
31 2 1.4256368794949317 0.82239093437067035 0 0 0 0
31 3 1.4447909281266511 0.78825537430076587 0 0 0 0
31 4 1.4631277842234853 0.75367396674184295 0 0 0 0
31 5 1.4806370762212002 0.71866627138766315 0 0 0 0
31 6 1.4973089006365772 0.68325208904590662 0 0 0 0
31 7 1.5131338276689505 0.64745145043858032 0 0 0 0
31 8 1.528102906533827 0.61128460487237946 0 0 0 0
31 9 1.5422076705255645 0.57477200878541634 0 0 0 0
31 10 1.5554401418062518 0.53793431417679416 0 0 0 0
31 11 1.5677928359180771 0.50079235692556701 0 0 0 0
31 12 1.5792587660166342 0.46336714500569498 0 0 0 0
31 13 1.5898314468227734 0.42567984660366265 0 0 0 0
31 14 1.5995048982907591 0.38775177814547684 0 0 0 0
31 15 1.6082736489906619 0.3496043922398176 0 0 0 0
31 16 1.6161327392030698 0.31125926554416605 1.2513841490262051e-08 1.2513841490262052e-08 0 -9.3672260278106259e-26
31 17 1.6230777237243703 0.27273808656076526 0.0043745905462635442 0.0043745905462635451 0 1.9996222281513491e-20
31 18 1.6291046743810165 0.23406264336932031 0.06083863317466974 0.06083863317466974 0 9.2985216493829259e-19
31 19 1.6342101822513506 0.19525481130337921 0.18418660171898596 0.18418660171898596 0 -8.2743038258936376e-19
31 20 1.6383913595937372 0.1563365405773588 0.33123337474112202 0.33123337474112202 0 -1.1900655179313247e-18
31 21 1.6416458414799053 0.11732984387121698 0.46624271582703242 0.46624271582703236 0 -9.8271617055046359e-19
31 22 1.6439717871325839 0.078256783879796815 0.57036692216393292 0.57036692216393281 0 -5.7713839334032146e-18
31 23 1.6453678809666683 0.03913946083387846 0.63507150899714859 0.63507150899714859 0 1.1731363731143591e-18
31 24 1.6458333333333333 1.0077822617983427e-16 0.65693640105726048 0.65693640105726048 0 0
31 25 1.6453678809666683 -0.039139460833878266 0.63507150899714893 0.63507150899714893 0 5.8072015486166003e-19
31 26 1.6439717871325839 -0.078256783879796621 0.57036692216393348 0.57036692216393337 0 -4.5820184914158731e-18
31 27 1.6416458414799053 -0.1173298438712168 0.46624271582703297 0.46624271582703292 0 1.0180254100778503e-18
31 28 1.6383913595937372 -0.1563365405773586 0.33123337474112285 0.3312333747411228 0 1.0331873420891342e-18
31 29 1.6342101822513506 -0.19525481130337902 0.18418660171898668 0.18418660171898671 0 3.6189587173803923e-19
31 30 1.6291046743810165 -0.23406264336932014 0.060838633174670198 0.060838633174670205 0 2.0537785576119755e-19
31 31 1.6230777237243703 -0.27273808656076509 0.0043745905462636413 0.0043745905462636413 0 8.9402832427490661e-20
31 32 1.6161327392030698 -0.31125926554416622 1.2513841490260006e-08 1.2513841490260006e-08 0 1.8732728091335185e-26
31 33 1.6082736489906619 -0.34960439223981743 0 0 0 0
31 34 1.5995048982907591 -0.38775177814547662 0 0 0 0
31 35 1.5898314468227734 -0.42567984660366281 0 0 0 0
31 36 1.5792587660166342 -0.46336714500569476 0 0 0 0
31 37 1.5677928359180771 -0.50079235692556689 0 0 0 0
31 38 1.5554401418062518 -0.53793431417679438 0 0 0 0
31 39 1.5422076705255645 -0.57477200878541612 0 0 0 0
31 40 1.528102906533827 -0.61128460487237934 0 0 0 0
31 41 1.5131338276689505 -0.64745145043858043 0 0 0 0
31 42 1.4973089006365772 -0.68325208904590651 0 0 0 0
31 43 1.4806370762212004 -0.71866627138766292 0 0 0 0
31 44 1.4631277842234853 -0.75367396674184317 0 0 0 0
31 45 1.4447909281266511 -0.78825537430076598 0 0 0 0
31 46 1.4256368794949321 -0.82239093437066979 0 0 0 0
31 47 1.4056764721072845 -0.8560613394349319 0 0 0 0
31 48 1.3849209958296631 -0.88924754507464643 0 0 0 0
32 0 1.402451641346494 0.90050384311356624 0 0 0 0
32 1 1.4234698451719334 0.86689755892144993 0 0 0 0
32 2 1.4436829159442346 0.83280094619814715 0 0 0 0
32 3 1.463079420887748 0.79823329043115532 0 0 0 0
32 4 1.4816483890870737 0.76321414353604344 0 0 0 0
32 5 1.4993793176923547 0.72776331279763351 0 0 0 0
32 6 1.5162621778598249 0.69190084966674092 0 0 0 0
32 7 1.5322874204242538 0.65564703841881555 0 0 0 0
32 8 1.5474459813000778 0.61902238468089066 0 0 0 0
32 9 1.5617292866081665 0.58204760383333298 0 0 0 0
32 10 1.5751292575253182 0.54474360929295607 0 0 0 0
32 11 1.5876383148537487 0.5071315006841185 0 0 0 0
32 12 1.5992493833079839 0.46923255190450119 0 0 0 0
32 13 1.6099558955167326 0.43106819909231658 0 0 0 0
32 14 1.6197517957374776 0.39266002850174869 0 0 0 0
32 15 1.6286315432816829 0.35402976429348615 0 0 0 0
32 16 1.6365901156486782 0.31519925624725675 1.5295293913100615e-23 1.5295293913100612e-23 0 -3.2510930309595528e-40
32 17 1.6436230113664509 0.27619046740330661 0.00051384835949973328 0.00051384835949973328 0 3.3666247653782757e-21
32 18 1.6497262525377381 0.23702546163981802 0.027855048813358891 0.027855048813358891 0 4.5557722531894703e-19
32 19 1.6548963870899753 0.19772639119329538 0.1195777087650442 0.1195777087650442 0 -1.4960681705333369e-18
32 20 1.659130490727835 0.15831548412897092 0.24723574596097039 0.24723574596097039 0 4.9412181145358735e-19
32 21 1.6624261685872459 0.11881503176832098 0.37240312094404343 0.37240312094404338 0 -4.5146226371774553e-19
32 22 1.6647815565899582 0.079247376080806897 0.47201640198757111 0.47201640198757111 0 -2.359107397328136e-18
32 23 1.6661953224978918 0.039634897046965531 0.53488294265656633 0.53488294265656633 0 1.0578715066534151e-18
32 24 1.6666666666666665 1.0205389992894609e-16 0.55626511995495487 0.55626511995495487 0 0
32 25 1.6661953224978918 -0.03963489704696533 0.53488294265656655 0.53488294265656655 0 6.9353206593808968e-19
32 26 1.6647815565899582 -0.079247376080806703 0.47201640198757155 0.47201640198757155 0 2.3983491337865318e-18
32 27 1.6624261685872459 -0.1188150317683208 0.37240312094404399 0.37240312094404393 0 3.9209092156713597e-18
32 28 1.659130490727835 -0.15831548412897073 0.24723574596097109 0.24723574596097109 0 -4.120446939249392e-18
32 29 1.6548963870899753 -0.19772639119329521 0.11957770876504473 0.11957770876504471 0 -5.8168073449181458e-19
32 30 1.6497262525377381 -0.23702546163981786 0.027855048813359186 0.027855048813359189 0 1.5060902559467356e-20
32 31 1.6436230113664509 -0.27619046740330638 0.00051384835949975691 0.0005138483594997568 0 -2.5597758246485798e-21
32 32 1.6365901156486782 -0.31519925624725692 1.5295293913080073e-23 1.5295293913080076e-23 0 2.3161582949187865e-40
32 33 1.6286315432816829 -0.35402976429348598 0 0 0 0
32 34 1.6197517957374776 -0.39266002850174847 0 0 0 0
32 35 1.6099558955167323 -0.43106819909231675 0 0 0 0
32 36 1.5992493833079839 -0.46923255190450103 0 0 0 0
32 37 1.5876383148537487 -0.50713150068411827 0 0 0 0
32 38 1.5751292575253182 -0.54474360929295629 0 0 0 0
32 39 1.5617292866081665 -0.58204760383333276 0 0 0 0
32 40 1.5474459813000778 -0.61902238468089044 0 0 0 0
32 41 1.5322874204242536 -0.65564703841881555 0 0 0 0
32 42 1.5162621778598249 -0.6919008496667407 0 0 0 0
32 43 1.4993793176923549 -0.7277633127976334 0 0 0 0
32 44 1.4816483890870737 -0.76321414353604367 0 0 0 0
32 45 1.463079420887748 -0.79823329043115543 0 0 0 0
32 46 1.443682915944235 -0.8328009461981466 0 0 0 0
32 47 1.4234698451719336 -0.86689755892144993 0 0 0 0
32 48 1.4024516413464942 -0.90050384311356602 0 0 0 0
33 0 1.4199822868633254 0.91176014115248583 0 0 0 0
33 1 1.4412632182365828 0.87773377840796818 0 0 0 0
33 2 1.4617289523935377 0.84321095802562407 0 0 0 0
33 3 1.4813679136488449 0.80821120656154477 0 0 0 0
33 4 1.5001689939506624 0.77275432033024405 0 0 0 0
33 5 1.5181215591635091 0.73686035420760398 0 0 0 0
33 6 1.535215455083073 0.70054961028757523 0 0 0 0
33 7 1.5514410131795571 0.66384262639905078 0 0 0 0
33 8 1.5667890560663289 0.62676016448940175 0 0 0 0
33 9 1.5812509026907688 0.58932319888124973 0 0 0 0
33 10 1.5948183732443848 0.55155290440911808 0 0 0 0
33 11 1.6074837937894209 0.51347064444266999 0 0 0 0
33 12 1.6192400005993339 0.47509795880330752 0 0 0 0
33 13 1.6300803442106919 0.43645655158097058 0 0 0 0
33 14 1.6399986931841963 0.3975682788580206 0 0 0 0
33 15 1.6489894375727041 0.35845513634715476 0 0 0 0
33 16 1.6570474920942866 0.31913924695034751 0 0 0 0
33 17 1.6641682990085318 0.27964284824584795 5.4377851269851293e-06 5.4377851269851293e-06 0 -2.0665007072045503e-22
33 18 1.6703478306944599 0.23998827991031577 0.0080110082700189864 0.0080110082700189864 0 -5.4653539670511247e-20
33 19 1.6755825919286 0.20019797108321161 0.064001938126150751 0.064001938126150737 0 -6.4000093187921842e-19
33 20 1.6798696218619331 0.16029442768058308 0.16509368722500992 0.16509368722500992 0 5.459862529169482e-19
33 21 1.6832064956945867 0.12030021966542501 0.27521182651690274 0.27521182651690274 0 -6.5800498785294158e-19
33 22 1.6855913260473327 0.080237968281816993 0.36721828722670957 0.36721828722670957 0 6.3506749475968432e-19
33 23 1.6870227640291158 0.040130333260052602 0.4266659512762927 0.4266659512762927 0 3.8143480258236385e-19
33 24 1.6875 1.0332957367805793e-16 0.44708392757968674 0.44708392757968674 0 0
33 25 1.6870227640291158 -0.0401303332600524 0.42666595127629281 0.42666595127629281 0 -3.6720766135218057e-19
33 26 1.6855913260473327 -0.080237968281816799 0.36721828722671007 0.36721828722671007 0 -6.1152245288464685e-19
33 27 1.6832064956945867 -0.12030021966542481 0.27521182651690329 0.27521182651690329 0 6.3152305820740152e-19
33 28 1.6798696218619331 -0.16029442768058288 0.16509368722501055 0.16509368722501055 0 -2.4532757223201648e-18
33 29 1.6755825919286 -0.20019797108321141 0.064001938126151126 0.064001938126151126 0 3.643554978225131e-19
33 30 1.6703478306944599 -0.2399882799103156 0.0080110082700191061 0.0080110082700191061 0 1.0619246995511665e-19
33 31 1.6641682990085318 -0.27964284824584779 5.437785126985496e-06 5.437785126985496e-06 0 1.189056404028354e-23
33 32 1.6570474920942866 -0.31913924695034768 0 0 0 0
33 33 1.6489894375727041 -0.35845513634715459 0 0 0 0
33 34 1.6399986931841963 -0.39756827885802037 0 0 0 0
33 35 1.6300803442106917 -0.43645655158097074 0 0 0 0
33 36 1.6192400005993339 -0.47509795880330735 0 0 0 0
33 37 1.6074837937894209 -0.51347064444266988 0 0 0 0
33 38 1.5948183732443848 -0.55155290440911831 0 0 0 0
33 39 1.5812509026907688 -0.58932319888124951 0 0 0 0
33 40 1.5667890560663289 -0.62676016448940164 0 0 0 0
33 41 1.5514410131795568 -0.66384262639905089 0 0 0 0
33 42 1.535215455083073 -0.70054961028757501 0 0 0 0
33 43 1.5181215591635093 -0.73686035420760387 0 0 0 0
33 44 1.5001689939506624 -0.77275432033024427 0 0 0 0
33 45 1.4813679136488449 -0.80821120656154488 0 0 0 0
33 46 1.461728952393538 -0.84321095802562351 0 0 0 0
33 47 1.441263218236583 -0.87773377840796818 0 0 0 0
33 48 1.4199822868633256 -0.91176014115248571 0 0 0 0
34 0 1.4375129323801565 0.92301643919140541 0 0 0 0
34 1 1.4590565913012319 0.88856999789448621 0 0 0 0
34 2 1.4797749888428406 0.85362096985310087 0 0 0 0
34 3 1.4996564064099418 0.81818912269193422 0 0 0 0
34 4 1.5186895988142506 0.78229449712444454 0 0 0 0
34 5 1.5368638006346635 0.74595739561757446 0 0 0 0
34 6 1.5541687323063207 0.70919837090840943 0 0 0 0
34 7 1.5705946059348601 0.6720382143792859 0 0 0 0
34 8 1.5861321308325798 0.63449794429791295 0 0 0 0
34 9 1.6007725187733708 0.59659879392916637 0 0 0 0
34 10 1.6145074889634512 0.55836219952527999 0 0 0 0
34 11 1.6273292727250925 0.51980978820122148 0 0 0 0
34 12 1.6392306178906835 0.48096336570211373 0 0 0 0
34 13 1.6502047929046511 0.44184490406962451 0 0 0 0
34 14 1.6602455906309146 0.40247652921429244 0 0 0 0
34 15 1.6693473318637251 0.36288050840082331 0 0 0 0
34 16 1.677504868539895 0.32307923765343821 0 0 0 0
34 17 1.6847135866506122 0.28309522908838924 8.9648703408680688e-13 8.9648703408680688e-13 0 -9.7903083150729321e-30
34 18 1.6909694088511815 0.24295109818081348 0.00084832797300176256 0.00084832797300176256 0 -4.7441724533403254e-21
34 19 1.6962687967672248 0.20266955097312778 0.024465903045349159 0.024465903045349159 0 2.2025987981707169e-20
34 20 1.700608752996031 0.16227337123219521 0.092459348194330965 0.092459348194330965 0 1.352582117432219e-18
34 21 1.703986822801927 0.12178540756252901 0.18106860630594857 0.18106860630594854 0 9.1601243426847422e-19
34 22 1.7064010955047073 0.081228560482827075 0.26121663972827874 0.26121663972827874 0 1.6926243431608859e-18
34 23 1.7078502055603393 0.040625769473139672 0.31497206364547653 0.31497206364547653 0 -1.015327283782728e-18
34 24 1.7083333333333333 1.0460524742716975e-16 0.33371968430515264 0.33371968430515264 0 0
34 25 1.7078502055603393 -0.040625769473139464 0.31497206364547681 0.31497206364547681 0 1.5728677625547901e-19
34 26 1.7064010955047073 -0.081228560482826881 0.26121663972827919 0.26121663972827919 0 -1.6808518222233672e-18
34 27 1.703986822801927 -0.12178540756252883 0.18106860630594906 0.18106860630594904 0 -9.5573532873678432e-19
34 28 1.700608752996031 -0.16227337123219501 0.092459348194331381 0.092459348194331381 0 2.4879490907872618e-19
34 29 1.6962687967672248 -0.20266955097312758 0.02446590304534943 0.02446590304534943 0 2.0338944194742837e-19
34 30 1.6909694088511815 -0.24295109818081331 0.00084832797300178674 0.00084832797300178674 0 1.1514945557985168e-20
34 31 1.6847135866506122 -0.28309522908838908 8.9648703408712222e-13 8.9648703408712222e-13 0 2.0773395036904835e-29
34 32 1.677504868539895 -0.32307923765343838 0 0 0 0
34 33 1.6693473318637251 -0.36288050840082314 0 0 0 0
34 34 1.6602455906309146 -0.40247652921429222 0 0 0 0
34 35 1.6502047929046508 -0.44184490406962473 0 0 0 0
34 36 1.6392306178906835 -0.48096336570211357 0 0 0 0
34 37 1.6273292727250925 -0.51980978820122126 0 0 0 0
34 38 1.6145074889634512 -0.55836219952528021 0 0 0 0
34 39 1.6007725187733708 -0.59659879392916615 0 0 0 0
34 40 1.5861321308325798 -0.63449794429791273 0 0 0 0
34 41 1.5705946059348599 -0.67203821437928601 0 0 0 0
34 42 1.5541687323063207 -0.70919837090840931 0 0 0 0
34 43 1.5368638006346638 -0.74595739561757424 0 0 0 0
34 44 1.5186895988142506 -0.78229449712444477 0 0 0 0
34 45 1.4996564064099418 -0.81818912269193433 0 0 0 0
34 46 1.4797749888428409 -0.85362096985310032 0 0 0 0
34 47 1.4590565913012321 -0.88856999789448621 0 0 0 0
34 48 1.4375129323801568 -0.92301643919140519 0 0 0 0
35 0 1.4550435778969877 0.93427273723032489 0 0 0 0
35 1 1.476849964365881 0.89940621738100435 0 0 0 0
35 2 1.4978210252921433 0.86403098168057768 0 0 0 0
35 3 1.5179448991710385 0.82816703882232368 0 0 0 0
35 4 1.537210203677839 0.79183467391864515 0 0 0 0
35 5 1.555606042105818 0.75505443702754482 0 0 0 0
35 6 1.5731220095295684 0.71784713152924373 0 0 0 0
35 7 1.5897481986901634 0.68023380235952113 0 0 0 0
35 8 1.6054752055988306 0.64223572410642404 0 0 0 0
35 9 1.6202941348559727 0.60387438897708301 0 0 0 0
35 10 1.6341966046825176 0.5651714946414419 0 0 0 0
35 11 1.6471747516607644 0.52614893195977297 0 0 0 0
35 12 1.6592212351820332 0.48682877260092 0 0 0 0
35 13 1.6703292415986102 0.44723325655827845 0 0 0 0
35 14 1.6804924880776331 0.40738477957056429 0 0 0 0
35 15 1.6897052261547461 0.36730588045449192 0 0 0 0
35 16 1.6979622449855034 0.32701922835652886 0 0 0 0
35 17 1.7052588742926929 0.28654760993093059 0 0 0 0
35 18 1.7115909870079031 0.24591391645131122 5.0390684569150409e-06 5.0390684569150409e-06 0 -4.1492941540043677e-23
35 19 1.7169550016058492 0.20514113086304397 0.0047631507053695395 0.0047631507053695387 0 1.5136437329351194e-20
35 20 1.7213478841301288 0.16425231478380733 0.038164867781389424 0.038164867781389424 0 -3.580649915880786e-20
35 21 1.7247671499092676 0.12327059545963302 0.098806792416774397 0.098806792416774397 0 -9.8253808773277221e-20
35 22 1.7272108649620816 0.082219152683837157 0.16182419600651618 0.16182419600651621 0 1.0061838708756692e-18
35 23 1.7286776470915628 0.041121205686226736 0.20683601000639235 0.20683601000639235 0 6.0628066727339963e-19
35 24 1.7291666666666665 1.0588092117628157e-16 0.22293650680729174 0.22293650680729174 0 0
35 25 1.7286776470915628 -0.041121205686226528 0.20683601000639262 0.20683601000639262 0 2.6623227702248407e-19
35 26 1.7272108649620816 -0.082219152683836963 0.1618241960065164 0.16182419600651643 0 1.6027686469697608e-18
35 27 1.7247671499092676 -0.12327059545963283 0.098806792416774827 0.098806792416774841 0 4.5289949482197091e-20
35 28 1.7213478841301288 -0.16425231478380714 0.038164867781389736 0.038164867781389736 0 7.9139253685965068e-19
35 29 1.7169550016058492 -0.20514113086304378 0.004763150705369628 0.004763150705369628 0 2.2075376121217043e-20
35 30 1.7115909870079031 -0.24591391645131103 5.0390684569154424e-06 5.0390684569154424e-06 0 -4.8686588328225413e-24
35 31 1.7052588742926929 -0.28654760993093037 0 0 0 0
35 32 1.6979622449855034 -0.32701922835652908 0 0 0 0
35 33 1.6897052261547461 -0.3673058804544917 0 0 0 0
35 34 1.6804924880776331 -0.40738477957056402 0 0 0 0
35 35 1.67032924159861 -0.44723325655827867 0 0 0 0
35 36 1.6592212351820332 -0.48682877260091983 0 0 0 0
35 37 1.6471747516607644 -0.52614893195977275 0 0 0 0
35 38 1.6341966046825176 -0.56517149464144212 0 0 0 0
35 39 1.6202941348559727 -0.60387438897708279 0 0 0 0
35 40 1.6054752055988306 -0.64223572410642382 0 0 0 0
35 41 1.5897481986901632 -0.68023380235952124 0 0 0 0
35 42 1.5731220095295684 -0.71784713152924351 0 0 0 0
35 43 1.5556060421058182 -0.7550544370275446 0 0 0 0
35 44 1.537210203677839 -0.79183467391864526 0 0 0 0
35 45 1.5179448991710385 -0.82816703882232368 0 0 0 0
35 46 1.4978210252921438 -0.86403098168057713 0 0 0 0
35 47 1.476849964365881 -0.89940621738100435 0 0 0 0
35 48 1.4550435778969877 -0.93427273723032478 0 0 0 0
36 0 1.4725742234138188 0.94552903526924459 0 0 0 0
36 1 1.4946433374305301 0.9102424368675226 0 0 0 0
36 2 1.5158670617414465 0.8744409935080546 0 0 0 0
36 3 1.5362333919321354 0.83814495495271313 0 0 0 0
36 4 1.5557308085414276 0.80137485071284575 0 0 0 0
36 5 1.5743482835769724 0.7641514784375153 0 0 0 0
36 6 1.5920752867528163 0.72649589215007804 0 0 0 0
36 7 1.6089017914454666 0.68842939033975636 0 0 0 0
36 8 1.6248182803650819 0.64997350391493525 0 0 0 0
36 9 1.6398157509385749 0.61114998402499965 0 0 0 0
36 10 1.6538857204015844 0.57198078975760391 0 0 0 0
36 11 1.6670202305964363 0.53248807571832446 0 0 0 0
36 12 1.6792118524733832 0.49269417949972633 0 0 0 0
36 13 1.6904536902925693 0.45262160904693244 0 0 0 0
36 14 1.7007393855243516 0.4122930299268362 0 0 0 0
36 15 1.710063120445767 0.37173125250816053 0 0 0 0
36 16 1.718419621431112 0.33095921905961961 0 0 0 0
36 17 1.7258041619347737 0.28999999077347194 0 0 0 0
36 18 1.7322125651646252 0.24887673472180896 6.8961331998308127e-16 6.8961331998308127e-16 0 -1.65703895276877e-33
36 19 1.7376412064444742 0.20761271075296017 0.00016865310774784014 0.00016865310774784014 0 5.6400830869721558e-23
36 20 1.7420870152642269 0.16623125833541949 0.0085951096105845431 0.0085951096105845431 0 -4.5523364481818086e-21
36 21 1.7455474770166084 0.12475578335673704 0.038668578894448767 0.038668578894448767 0 8.1504758573571624e-20
36 22 1.7480206344194562 0.083209744884847253 0.079512428996323409 0.079512428996323409 0 1.0149213719756838e-19
36 23 1.7495050886227865 0.041616641899313814 0.11225956048462205 0.11225956048462206 0 5.072443325950532e-20
36 24 1.75 1.071565949253934e-16 0.12451447144412292 0.12451447144412292 0 0
36 25 1.7495050886227865 -0.041616641899313599 0.11225956048462217 0.11225956048462217 0 -4.765823902886237e-20
36 26 1.7480206344194562 -0.083209744884847045 0.079512428996323686 0.079512428996323686 0 -1.059068325491379e-19
36 27 1.7455474770166084 -0.12475578335673684 0.038668578894449024 0.038668578894449024 0 -1.1791741183618921e-19
36 28 1.7420870152642269 -0.16623125833541927 0.0085951096105846506 0.0085951096105846506 0 -3.6628184710393197e-20
36 29 1.7376412064444742 -0.20761271075295998 0.00016865310774784553 0.00016865310774784553 0 -1.0470116141074744e-21
36 30 1.7322125651646252 -0.24887673472180877 6.8961331998345361e-16 6.8961331998345361e-16 0 6.4051161189970124e-33
36 31 1.7258041619347737 -0.28999999077347177 0 0 0 0
36 32 1.718419621431112 -0.33095921905961984 0 0 0 0
36 33 1.710063120445767 -0.3717312525081603 0 0 0 0
36 34 1.7007393855243516 -0.41229302992683592 0 0 0 0
36 35 1.6904536902925691 -0.45262160904693266 0 0 0 0
36 36 1.6792118524733832 -0.4926941794997261 0 0 0 0
36 37 1.6670202305964363 -0.53248807571832424 0 0 0 0
36 38 1.6538857204015844 -0.57198078975760414 0 0 0 0
36 39 1.6398157509385749 -0.61114998402499954 0 0 0 0
36 40 1.6248182803650819 -0.64997350391493502 0 0 0 0
36 41 1.6089017914454664 -0.68842939033975648 0 0 0 0
36 42 1.5920752867528163 -0.72649589215007782 0 0 0 0
36 43 1.5743482835769727 -0.76415147843751507 0 0 0 0
36 44 1.5557308085414276 -0.80137485071284587 0 0 0 0
36 45 1.5362333919321354 -0.83814495495271324 0 0 0 0
36 46 1.5158670617414469 -0.87444099350805404 0 0 0 0
36 47 1.4946433374305303 -0.9102424368675226 0 0 0 0
36 48 1.4725742234138191 -0.94552903526924437 0 0 0 0
37 0 1.49010486893065 0.95678533330816418 0 0 0 0
37 1 1.5124367104951792 0.92107865635404063 0 0 0 0
37 2 1.5339130981907494 0.8848510053355314 0 0 0 0
37 3 1.5545218846932323 0.84812287108310258 0 0 0 0
37 4 1.5742514134050158 0.81091502750704625 0 0 0 0
37 5 1.5930905250481269 0.77324851984748566 0 0 0 0
37 6 1.6110285639760642 0.73514465277091223 0 0 0 0
37 7 1.6280553842007697 0.69662497831999148 0 0 0 0
37 8 1.6441613551313328 0.65771128372344634 0 0 0 0
37 9 1.6593373670211771 0.61842557907291629 0 0 0 0
37 10 1.6735748361206508 0.57879008487376582 0 0 0 0
37 11 1.6868657095321082 0.53882721947687595 0 0 0 0
37 12 1.699202469764733 0.49855958639853254 0 0 0 0
37 13 1.7105781389865284 0.45800996153558637 0 0 0 0
37 14 1.72098628297107 0.41720128028310804 0 0 0 0
37 15 1.730421014736788 0.37615662456182908 0 0 0 0
37 16 1.7388769978767205 0.33489920976271031 0 0 0 0
37 17 1.7463494495768541 0.29345237161601329 0 0 0 0
37 18 1.7528341433213468 0.25183955299230665 0 0 0 0
37 19 1.7583274112830989 0.21008429064287637 5.2584999938864086e-09 5.2584999938864086e-09 0 -9.6986173996748892e-27
37 20 1.7628261463983248 0.16821020188703162 0.00043066560196588827 0.00043066560196588827 0 2.6065375201228916e-21
37 21 1.7663278041239487 0.12624097125384104 0.0076297255401356267 0.0076297255401356259 0 4.8799491658035054e-20
37 22 1.7688304038768308 0.084200337085857335 0.025245282622213667 0.025245282622213667 0 -7.0032572294020938e-20
37 23 1.7703325301540103 0.042112078112400878 0.043196626442341679 0.043196626442341686 0 -4.8419216341908655e-20
37 24 1.7708333333333333 1.0843226867450523e-16 0.050549055364545979 0.050549055364545979 0 0
37 25 1.7703325301540103 -0.042112078112400662 0.043196626442341755 0.043196626442341755 0 -1.6744003600138649e-19
37 26 1.7688304038768308 -0.084200337085857127 0.025245282622213816 0.025245282622213813 0 6.5617876942451414e-20
37 27 1.7663278041239487 -0.12624097125384084 0.0076297255401356883 0.0076297255401356883 0 -5.7902654973689451e-20
37 28 1.7628261463983248 -0.1682102018870314 0.00043066560196590008 0.00043066560196590008 0 -7.4170597090338111e-21
37 29 1.7583274112830989 -0.21008429064287618 5.2584999938872109e-09 5.2584999938872109e-09 0 -3.8789226906087062e-26
37 30 1.7528341433213468 -0.25183955299230648 0 0 0 0
37 31 1.7463494495768541 -0.29345237161601306 0 0 0 0
37 32 1.7388769978767205 -0.33489920976271054 0 0 0 0
37 33 1.730421014736788 -0.37615662456182886 0 0 0 0
37 34 1.72098628297107 -0.41720128028310777 0 0 0 0
37 35 1.7105781389865282 -0.4580099615355866 0 0 0 0
37 36 1.699202469764733 -0.49855958639853237 0 0 0 0
37 37 1.6868657095321082 -0.53882721947687573 0 0 0 0
37 38 1.6735748361206508 -0.57879008487376604 0 0 0 0
37 39 1.6593373670211771 -0.61842557907291618 0 0 0 0
37 40 1.6441613551313328 -0.65771128372344612 0 0 0 0
37 41 1.6280553842007695 -0.69662497831999159 0 0 0 0
37 42 1.6110285639760642 -0.73514465277091201 0 0 0 0
37 43 1.5930905250481271 -0.77324851984748544 0 0 0 0
37 44 1.5742514134050158 -0.81091502750704647 0 0 0 0
37 45 1.5545218846932323 -0.84812287108310269 0 0 0 0
37 46 1.5339130981907498 -0.88485100533553085 0 0 0 0
37 47 1.5124367104951795 -0.92107865635404063 0 0 0 0
37 48 1.4901048689306502 -0.95678533330816395 0 0 0 0
38 0 1.5076355144474811 0.96804163134708365 0 0 0 0
38 1 1.5302300835598284 0.93191487584055877 0 0 0 0
38 2 1.5519591346400523 0.89526101716300821 0 0 0 0
38 3 1.5728103774543289 0.85810078721349192 0 0 0 0
38 4 1.5927720182686043 0.82045520430124674 0 0 0 0
38 5 1.6118327665192813 0.78234556125745602 0 0 0 0
38 6 1.6299818411993119 0.74379341339174643 0 0 0 0
38 7 1.6472089769560727 0.70482056630022671 0 0 0 0
38 8 1.6635044298975836 0.66544906353195743 0 0 0 0
38 9 1.678858983103779 0.62570117412083293 0 0 0 0
38 10 1.6932639518397172 0.58559937998992784 0 0 0 0
38 11 1.7067111884677799 0.54516636323542733 0 0 0 0
38 12 1.7191930870560828 0.50442499329733881 0 0 0 0
38 13 1.7307025876804876 0.46339831402424031 0 0 0 0
38 14 1.7412331804177885 0.42210953063937984 0 0 0 0
38 15 1.750778909027809 0.38058199661549763 0 0 0 0
38 16 1.7593343743223289 0.33883920046580102 0 0 0 0
38 17 1.7668947372189348 0.29690475245855458 0 0 0 0
38 18 1.7734557214780684 0.25480237126280436 0 0 0 0
38 19 1.7790136161217234 0.21255587053279254 0 0 0 0
38 20 1.7835652775324227 0.17018914543864375 5.789165366302106e-08 5.789165366302106e-08 0 3.3936635704851208e-25
38 21 1.7871081312312893 0.12772615915094507 0.00024515001715803912 0.00024515001715803912 0 9.5331413651362316e-22
38 22 1.7896401733342051 0.085190929286867417 0.002983303852132667 0.002983303852132667 0 3.2117486236548964e-22
38 23 1.7911599716852338 0.042607514325487948 0.0080464629067637291 0.0080464629067637291 0 8.7476250964937661e-21
38 24 1.7916666666666665 1.0970794242361705e-16 0.010615346461976805 0.010615346461976805 0 0
38 25 1.7911599716852338 -0.042607514325487726 0.0080464629067637499 0.0080464629067637499 0 -8.6096463561148333e-21
38 26 1.7896401733342051 -0.085190929286867209 0.0029833038521326883 0.0029833038521326883 0 -1.0876150275685321e-21
38 27 1.7871081312312893 -0.12772615915094485 0.00024515001715804524 0.00024515001715804524 0 -1.9877645132925319e-21
38 28 1.7835652775324227 -0.17018914543864352 5.7891653663026605e-08 5.7891653663026605e-08 0 6.1672803843180469e-25
38 29 1.7790136161217234 -0.21255587053279235 0 0 0 0
38 30 1.7734557214780684 -0.25480237126280419 0 0 0 0
38 31 1.7668947372189348 -0.29690475245855441 0 0 0 0
38 32 1.7593343743223289 -0.33883920046580124 0 0 0 0
38 33 1.750778909027809 -0.38058199661549741 0 0 0 0
38 34 1.7412331804177885 -0.42210953063937962 0 0 0 0
38 35 1.7307025876804873 -0.46339831402424053 0 0 0 0
38 36 1.7191930870560828 -0.50442499329733859 0 0 0 0
38 37 1.7067111884677799 -0.54516636323542722 0 0 0 0
38 38 1.6932639518397172 -0.58559937998992795 0 0 0 0
38 39 1.678858983103779 -0.62570117412083281 0 0 0 0
38 40 1.6635044298975836 -0.66544906353195721 0 0 0 0
38 41 1.6472089769560725 -0.70482056630022683 0 0 0 0
38 42 1.6299818411993119 -0.74379341339174632 0 0 0 0
38 43 1.6118327665192815 -0.78234556125745591 0 0 0 0
38 44 1.5927720182686043 -0.82045520430124697 0 0 0 0
38 45 1.5728103774543289 -0.85810078721349203 0 0 0 0
38 46 1.5519591346400525 -0.89526101716300766 0 0 0 0
38 47 1.5302300835598286 -0.93191487584055877 0 0 0 0
38 48 1.5076355144474813 -0.96804163134708343 0 0 0 0
39 0 1.5251661599643125 0.97929792938600335 0 0 0 0
39 1 1.5480234566244777 0.9427510953270769 0 0 0 0
39 2 1.5700051710893552 0.90567102899048513 0 0 0 0
39 3 1.5910988702154261 0.86807870334388149 0 0 0 0
39 4 1.6112926231321929 0.82999538109544735 0 0 0 0
39 5 1.6305750079904358 0.7914426026674265 0 0 0 0
39 6 1.6489351184225598 0.75244217401258084 0 0 0 0
39 7 1.6663625697113762 0.71301615428046194 0 0 0 0
39 8 1.6828475046638347 0.67318684334046863 0 0 0 0
39 9 1.6983805991863812 0.63297676916874968 0 0 0 0
39 10 1.7129530675587838 0.59240867510608974 0 0 0 0
39 11 1.726556667403452 0.55150550699397893 0 0 0 0
39 12 1.7391837043474327 0.51029040019614513 0 0 0 0
39 13 1.7508270363744469 0.4687866665128943 0 0 0 0
39 14 1.761480077864507 0.42701778099565174 0 0 0 0
39 15 1.7711368033188302 0.38500736866916624 0 0 0 0
39 16 1.7797917507679375 0.34277919116889177 0 0 0 0
39 17 1.7874400248610156 0.30035713330109592 0 0 0 0
39 18 1.7940772996347902 0.25776518953330213 0 0 0 0
39 19 1.7996998209603483 0.21502745042270877 0 0 0 0
39 20 1.8043044086665208 0.1721680889902559 0 0 0 0
39 21 1.8078884583386301 0.12921134704804907 1.5983942344548872e-09 1.598394234454887e-09 0 -4.553960186427677e-27
39 22 1.8104499427915797 0.086181521487877513 1.5020344944170958e-05 1.5020344944170956e-05 0 -3.3813630204486175e-23
39 23 1.8119874132164575 0.043102950538575019 0.00020097719899290757 0.00020097719899290757 0 -9.4842187270568178e-23
39 24 1.8125 1.1098361617272889e-16 0.00038524339827320382 0.00038524339827320382 0 0
39 25 1.8119874132164575 -0.043102950538574797 0.00020097719899290901 0.00020097719899290901 0 9.2207176603609393e-23
39 26 1.8104499427915797 -0.086181521487877305 1.5020344944171383e-05 1.5020344944171383e-05 0 1.2856281937215481e-23
39 27 1.8078884583386301 -0.12921134704804887 1.5983942344550632e-09 1.598394234455063e-09 0 -2.6850538544036557e-26
39 28 1.8043044086665208 -0.17216808899025568 0 0 0 0
39 29 1.7996998209603483 -0.21502745042270854 0 0 0 0
39 30 1.7940772996347902 -0.25776518953330191 0 0 0 0
39 31 1.7874400248610156 -0.30035713330109576 0 0 0 0
39 32 1.7797917507679375 -0.34277919116889194 0 0 0 0
39 33 1.7711368033188302 -0.38500736866916602 0 0 0 0
39 34 1.761480077864507 -0.42701778099565152 0 0 0 0
39 35 1.7508270363744467 -0.46878666651289452 0 0 0 0
39 36 1.7391837043474327 -0.51029040019614491 0 0 0 0
39 37 1.726556667403452 -0.55150550699397871 0 0 0 0
39 38 1.7129530675587838 -0.59240867510608997 0 0 0 0
39 39 1.6983805991863812 -0.63297676916874945 0 0 0 0
39 40 1.6828475046638347 -0.67318684334046841 0 0 0 0
39 41 1.666362569711376 -0.71301615428046206 0 0 0 0
39 42 1.6489351184225598 -0.75244217401258062 0 0 0 0
39 43 1.630575007990436 -0.79144260266742639 0 0 0 0
39 44 1.6112926231321929 -0.82999538109544757 0 0 0 0
39 45 1.5910988702154261 -0.8680787033438816 0 0 0 0
39 46 1.5700051710893557 -0.90567102899048457 0 0 0 0
39 47 1.5480234566244779 -0.9427510953270769 0 0 0 0
39 48 1.5251661599643127 -0.97929792938600313 0 0 0 0
40 0 1.5426968054811436 0.99055422742492283 0 0 0 0
40 1 1.5658168296891268 0.95358731481359504 0 0 0 0
40 2 1.5880512075386581 0.91608104081796193 0 0 0 0
40 3 1.6093873629765227 0.87805661947427083 0 0 0 0
40 4 1.6298132279957813 0.83953555788964784 0 0 0 0
40 5 1.6493172494615902 0.80053964407739697 0 0 0 0
40 6 1.6678883956458075 0.76109093463341504 0 0 0 0
40 7 1.6855161624666792 0.72121174226069706 0 0 0 0
40 8 1.7021905794300856 0.68092462314897972 0 0 0 0
40 9 1.7179022152689833 0.64025236421666631 0 0 0 0
40 10 1.7326421832778502 0.59921797022225176 0 0 0 0
40 11 1.7464021463391237 0.55784465075253031 0 0 0 0
40 12 1.7591743216387823 0.51615580709495135 0 0 0 0
40 13 1.7709514850684061 0.47417501900154824 0 0 0 0
40 14 1.7817269753112255 0.43192603135192359 0 0 0 0
40 15 1.7914946976098511 0.38943274072283479 0 0 0 0
40 16 1.8002491272135459 0.34671918187198242 0 0 0 0
40 17 1.8079853125030962 0.30380951414363727 0 0 0 0
40 18 1.8146988777915118 0.26072800780379984 0 0 0 0
40 19 1.8203860257989728 0.21749903031262494 0 0 0 0
40 20 1.8250435398006186 0.17414703254186803 0 0 0 0
40 21 1.8286687854459704 0.1306965349451531 0 0 0 0
40 22 1.8312597122489542 0.087172113688887595 1.9056368890639305e-20 1.9056368890639305e-20 0 1.0707658730045634e-38
40 23 1.8328148547476812 0.043598386751662083 1.1172834290472968e-10 1.1172834290472968e-10 0 -3.6034382663204514e-28
40 24 1.8333333333333333 1.122592899218407e-16 3.3570772018078327e-09 3.3570772018078327e-09 0 -2.2958874039497803e-41
40 25 1.8328148547476812 -0.043598386751661861 1.1172834290473762e-10 1.1172834290473762e-10 0 -9.3012224318371837e-29
40 26 1.8312597122489542 -0.087172113688887387 1.905636889064418e-20 1.905636889064418e-20 0 1.057073505396773e-37
40 27 1.8286687854459704 -0.13069653494515288 0 0 0 0
40 28 1.8250435398006186 -0.17414703254186781 0 0 0 0
40 29 1.8203860257989728 -0.21749903031262474 0 0 0 0
40 30 1.8146988777915118 -0.26072800780379962 0 0 0 0
40 31 1.8079853125030962 -0.30380951414363705 0 0 0 0
40 32 1.8002491272135459 -0.34671918187198264 0 0 0 0
40 33 1.7914946976098511 -0.38943274072283457 0 0 0 0
40 34 1.7817269753112255 -0.43192603135192337 0 0 0 0
40 35 1.7709514850684058 -0.47417501900154846 0 0 0 0
40 36 1.7591743216387823 -0.51615580709495112 0 0 0 0
40 37 1.7464021463391237 -0.5578446507525302 0 0 0 0
40 38 1.7326421832778502 -0.59921797022225187 0 0 0 0
40 39 1.7179022152689833 -0.64025236421666609 0 0 0 0
40 40 1.7021905794300856 -0.6809246231489795 0 0 0 0
40 41 1.685516162466679 -0.72121174226069718 0 0 0 0
40 42 1.6678883956458075 -0.76109093463341482 0 0 0 0
40 43 1.6493172494615904 -0.80053964407739675 0 0 0 0
40 44 1.6298132279957813 -0.83953555788964807 0 0 0 0
40 45 1.6093873629765227 -0.87805661947427094 0 0 0 0
40 46 1.5880512075386586 -0.91608104081796138 0 0 0 0
40 47 1.5658168296891271 -0.95358731481359504 0 0 0 0
40 48 1.5426968054811436 -0.99055422742492261 0 0 0 0
41 0 1.5602274509979746 1.0018105254638423 0 0 0 0
41 1 1.583610202753776 0.96442353430011307 0 0 0 0
41 2 1.6060972439879611 0.92649105264543874 0 0 0 0
41 3 1.6276758557376196 0.88803453560466028 0 0 0 0
41 4 1.6483338328593695 0.84907573468384834 0 0 0 0
41 5 1.6680594909327446 0.80963668548736734 0 0 0 0
41 6 1.6868416728690552 0.76973969525424923 0 0 0 0
41 7 1.7046697552219823 0.72940733024093229 0 0 0 0
41 8 1.7215336541963366 0.68866240295749082 0 0 0 0
41 9 1.7374238313515853 0.64752795926458295 0 0 0 0
41 10 1.7523312989969166 0.60602726533841367 0 0 0 0
41 11 1.7662476252747956 0.5641837945110818 0 0 0 0
41 12 1.7791649389301321 0.52202121399375756 0 0 0 0
41 13 1.791075933762365 0.47956337149020223 0 0 0 0
41 14 1.801973872757944 0.43683428170819544 0 0 0 0
41 15 1.8118525919008721 0.39385811277650334 0 0 0 0
41 16 1.8207065036591543 0.35065917257507312 0 0 0 0
41 17 1.8285306001451767 0.30726189498617856 0 0 0 0
41 18 1.8353204559482337 0.26369082607429756 0 0 0 0
41 19 1.8410722306375975 0.21997061020254113 0 0 0 0
41 20 1.8457826709347165 0.17612597609348016 0 0 0 0
41 21 1.849449112553311 0.1321817228422571 0 0 0 0
41 22 1.8520694817063286 0.088162705889897677 0 0 0 0
41 23 1.8536422962789048 0.044093822964749153 0 0 0 0
41 24 1.8541666666666665 1.1353496367095252e-16 0 0 0 0
41 25 1.8536422962789048 -0.044093822964748931 0 0 0 0
41 26 1.8520694817063286 -0.088162705889897469 0 0 0 0
41 27 1.849449112553311 -0.13218172284225688 0 0 0 0
41 28 1.8457826709347165 -0.17612597609347994 0 0 0 0
41 29 1.8410722306375975 -0.21997061020254091 0 0 0 0
41 30 1.8353204559482337 -0.26369082607429734 0 0 0 0
41 31 1.8285306001451767 -0.3072618949861784 0 0 0 0
41 32 1.8207065036591543 -0.35065917257507334 0 0 0 0
41 33 1.8118525919008721 -0.39385811277650318 0 0 0 0
41 34 1.801973872757944 -0.43683428170819516 0 0 0 0
41 35 1.7910759337623647 -0.47956337149020239 0 0 0 0
41 36 1.7791649389301321 -0.52202121399375734 0 0 0 0
41 37 1.7662476252747956 -0.56418379451108158 0 0 0 0
41 38 1.7523312989969166 -0.60602726533841389 0 0 0 0
41 39 1.7374238313515853 -0.64752795926458273 0 0 0 0
41 40 1.7215336541963366 -0.68866240295749059 0 0 0 0
41 41 1.7046697552219821 -0.72940733024093241 0 0 0 0
41 42 1.6868416728690552 -0.76973969525424901 0 0 0 0
41 43 1.6680594909327449 -0.80963668548736711 0 0 0 0
41 44 1.6483338328593695 -0.84907573468384856 0 0 0 0
41 45 1.6276758557376196 -0.88803453560466039 0 0 0 0
41 46 1.6060972439879615 -0.92649105264543818 0 0 0 0
41 47 1.5836102027537762 -0.96442353430011307 0 0 0 0
41 48 1.5602274509979748 -1.0018105254638423 0 0 0 0
42 0 1.5777580965148059 1.013066823502762 0 0 0 0
42 1 1.6014035758184253 0.97525975378663132 0 0 0 0
42 2 1.6241432804372642 0.93690106447291566 0 0 0 0
42 3 1.6459643484987165 0.89801245173504984 0 0 0 0
42 4 1.6668544377229582 0.85861591147804894 0 0 0 0
42 5 1.6868017324038991 0.81873372689733781 0 0 0 0
42 6 1.7057949500923033 0.77838845587508354 0 0 0 0
42 7 1.7238233479772855 0.73760291822116753 0 0 0 0
42 8 1.7408767289625877 0.69640018276600202 0 0 0 0
42 9 1.7569454474341875 0.6548035543124997 0 0 0 0
42 10 1.7720204147159833 0.61283656045457569 0 0 0 0
42 11 1.7860931042104675 0.5705229382696333 0 0 0 0
42 12 1.799155556221482 0.52788662089256388 0 0 0 0
42 13 1.8112003824563243 0.48495172397885622 0 0 0 0
42 14 1.8222207702046624 0.44174253206446734 0 0 0 0
42 15 1.8322104861918933 0.39828348483017195 0 0 0 0
42 16 1.841163880104763 0.35459916327816388 0 0 0 0
42 17 1.8490758877872575 0.31071427582871997 0 0 0 0
42 18 1.8559420341049555 0.26665364434479533 0 0 0 0
42 19 1.8617584354762222 0.22244219009245733 0 0 0 0
42 20 1.8665218020688146 0.17810491964509231 0 0 0 0
42 21 1.8702294396606518 0.13366691073936113 0 0 0 0
42 22 1.8728792511637031 0.089153298090907773 0 0 0 0
42 23 1.8744697378101285 0.044589259177836224 0 0 0 0
42 24 1.875 1.1481063742006437e-16 0 0 0 0
42 25 1.8744697378101285 -0.044589259177836002 0 0 0 0
42 26 1.8728792511637031 -0.089153298090907551 0 0 0 0
42 27 1.8702294396606518 -0.13366691073936091 0 0 0 0
42 28 1.8665218020688146 -0.17810491964509209 0 0 0 0
42 29 1.8617584354762222 -0.22244219009245714 0 0 0 0
42 30 1.8559420341049555 -0.2666536443447951 0 0 0 0
42 31 1.8490758877872575 -0.31071427582871974 0 0 0 0
42 32 1.841163880104763 -0.3545991632781641 0 0 0 0
42 33 1.8322104861918933 -0.39828348483017179 0 0 0 0
42 34 1.8222207702046624 -0.44174253206446706 0 0 0 0
42 35 1.8112003824563241 -0.48495172397885639 0 0 0 0
42 36 1.799155556221482 -0.52788662089256366 0 0 0 0
42 37 1.7860931042104675 -0.57052293826963318 0 0 0 0
42 38 1.7720204147159833 -0.6128365604545758 0 0 0 0
42 39 1.7569454474341875 -0.65480355431249948 0 0 0 0
42 40 1.7408767289625877 -0.6964001827660018 0 0 0 0
42 41 1.7238233479772853 -0.73760291822116764 0 0 0 0
42 42 1.7057949500923033 -0.77838845587508332 0 0 0 0
42 43 1.6868017324038993 -0.81873372689733759 0 0 0 0
42 44 1.6668544377229582 -0.85861591147804917 0 0 0 0
42 45 1.6459643484987165 -0.89801245173504984 0 0 0 0
42 46 1.6241432804372644 -0.93690106447291499 0 0 0 0
42 47 1.6014035758184255 -0.97525975378663132 0 0 0 0
42 48 1.5777580965148061 -1.0130668235027618 0 0 0 0
43 0 1.5952887420316371 1.0243231215416817 0 0 0 0
43 1 1.6191969488830744 0.98609597327314935 0 0 0 0
43 2 1.6421893168865669 0.94731107630039246 0 0 0 0
43 3 1.6642528412598134 0.90799036786543919 0 0 0 0
43 4 1.6853750425865466 0.86815608827224944 0 0 0 0
43 5 1.7055439738750535 0.82783076830730817 0 0 0 0
43 6 1.724748227315551 0.78703721649591785 0 0 0 0
43 7 1.7429769407325888 0.74579850620140264 0 0 0 0
43 8 1.7602198037288386 0.70413796257451311 0 0 0 0
43 9 1.7764670635167896 0.66207914936041634 0 0 0 0
43 10 1.7917095304350497 0.61964585557073759 0 0 0 0
43 11 1.8059385831461394 0.57686208202818479 0 0 0 0
43 12 1.8191461735128318 0.5337520277913701 0 0 0 0
43 13 1.8313248311502834 0.49034007646751016 0 0 0 0
43 14 1.8424676676513809 0.44665078242073919 0 0 0 0
43 15 1.8525683804829143 0.4027088568838405 0 0 0 0
43 16 1.8616212565503714 0.35853915398125458 0 0 0 0
43 17 1.8696211754293381 0.31416665667126126 0 0 0 0
43 18 1.8765636122616771 0.26961646261529304 0 0 0 0
43 19 1.8824446403148469 0.22491376998237353 0 0 0 0
43 20 1.8872609332029124 0.18008386319670444 0 0 0 0
43 21 1.8910097667679924 0.13515209863646513 0 0 0 0
43 22 1.8936890206210775 0.090143890291917855 0 0 0 0
43 23 1.8952971793413522 0.045084695390923295 0 0 0 0
43 24 1.8958333333333333 1.1608631116917617e-16 0 0 0 0
43 25 1.8952971793413522 -0.045084695390923066 0 0 0 0
43 26 1.8936890206210775 -0.090143890291917633 0 0 0 0
43 27 1.8910097667679924 -0.13515209863646491 0 0 0 0
43 28 1.8872609332029124 -0.18008386319670422 0 0 0 0
43 29 1.8824446403148469 -0.22491376998237331 0 0 0 0
43 30 1.8765636122616771 -0.26961646261529282 0 0 0 0
43 31 1.8696211754293381 -0.31416665667126104 0 0 0 0
43 32 1.8616212565503714 -0.3585391539812548 0 0 0 0
43 33 1.8525683804829143 -0.40270885688384034 0 0 0 0
43 34 1.8424676676513809 -0.44665078242073891 0 0 0 0
43 35 1.8313248311502832 -0.49034007646751032 0 0 0 0
43 36 1.8191461735128318 -0.53375202779136999 0 0 0 0
43 37 1.8059385831461394 -0.57686208202818456 0 0 0 0
43 38 1.7917095304350497 -0.61964585557073781 0 0 0 0
43 39 1.7764670635167896 -0.66207914936041612 0 0 0 0
43 40 1.7602198037288386 -0.70413796257451289 0 0 0 0
43 41 1.7429769407325886 -0.74579850620140276 0 0 0 0
43 42 1.724748227315551 -0.78703721649591762 0 0 0 0
43 43 1.7055439738750537 -0.82783076830730795 0 0 0 0
43 44 1.6853750425865466 -0.86815608827224966 0 0 0 0
43 45 1.6642528412598134 -0.9079903678654393 0 0 0 0
43 46 1.6421893168865673 -0.9473110763003918 0 0 0 0
43 47 1.6191969488830746 -0.98609597327314935 0 0 0 0
43 48 1.5952887420316373 -1.0243231215416815 0 0 0 0
44 0 1.6128193875484682 1.0355794195806012 0 0 0 0
44 1 1.6369903219477235 0.99693219275966749 0 0 0 0
44 2 1.6602353533358698 0.95772108812786927 0 0 0 0
44 3 1.6825413340209101 0.91796828399582864 0 0 0 0
44 4 1.7038956474501348 0.87769626506645004 0 0 0 0
44 5 1.724286215346208 0.83692780971727854 0 0 0 0
44 6 1.7437015045387987 0.79568597711675204 0 0 0 0
44 7 1.7621305334878918 0.75399409418163787 0 0 0 0
44 8 1.7795628784950894 0.7118757423830242 0 0 0 0
44 9 1.7959886795993916 0.66935474440833298 0 0 0 0
44 10 1.8113986461541161 0.6264551506868995 0 0 0 0
44 11 1.8257840620818111 0.58320122578673628 0 0 0 0
44 12 1.8391367908041816 0.53961743469017642 0 0 0 0
44 13 1.8514492798442426 0.49572842895616409 0 0 0 0
44 14 1.8627145650980994 0.45155903277701104 0 0 0 0
44 15 1.8729262747739353 0.40713422893750911 0 0 0 0
44 16 1.8820786329959798 0.36247914468434528 0 0 0 0
44 17 1.8901664630714186 0.3176190375138026 0 0 0 0
44 18 1.8971851904183987 0.27257928088579075 0 0 0 0
44 19 1.9031308451534716 0.2273853498722897 0 0 0 0
44 20 1.9080000643370103 0.18206280674831657 0 0 0 0
44 21 1.9117900938753327 0.13663728653356913 0 0 0 0
44 22 1.914498790078452 0.091134482492927937 0 0 0 0
44 23 1.9161246208725757 0.045580131604010359 0 0 0 0
44 24 1.9166666666666665 1.17361984918288e-16 0 0 0 0
44 25 1.9161246208725757 -0.04558013160401013 0 0 0 0
44 26 1.914498790078452 -0.091134482492927715 0 0 0 0
44 27 1.9117900938753327 -0.13663728653356891 0 0 0 0
44 28 1.9080000643370103 -0.18206280674831635 0 0 0 0
44 29 1.9031308451534716 -0.22738534987228948 0 0 0 0
44 30 1.8971851904183987 -0.27257928088579053 0 0 0 0
44 31 1.8901664630714186 -0.31761903751380238 0 0 0 0
44 32 1.8820786329959798 -0.3624791446843455 0 0 0 0
44 33 1.8729262747739353 -0.40713422893750889 0 0 0 0
44 34 1.8627145650980994 -0.45155903277701076 0 0 0 0
44 35 1.8514492798442423 -0.49572842895616431 0 0 0 0
44 36 1.8391367908041816 -0.5396174346901762 0 0 0 0
44 37 1.8257840620818111 -0.58320122578673605 0 0 0 0
44 38 1.8113986461541161 -0.62645515068689972 0 0 0 0
44 39 1.7959886795993916 -0.66935474440833276 0 0 0 0
44 40 1.7795628784950894 -0.71187574238302398 0 0 0 0
44 41 1.7621305334878916 -0.75399409418163799 0 0 0 0
44 42 1.7437015045387987 -0.79568597711675182 0 0 0 0
44 43 1.724286215346208 -0.83692780971727831 0 0 0 0
44 44 1.7038956474501348 -0.87769626506645027 0 0 0 0
44 45 1.6825413340209101 -0.91796828399582875 0 0 0 0
44 46 1.6602353533358702 -0.9577210881278686 0 0 0 0
44 47 1.6369903219477238 -0.99693219275966749 0 0 0 0
44 48 1.6128193875484684 -1.035579419580601 0 0 0 0
45 0 1.6303500330652996 1.0468357176195209 0 0 0 0
45 1 1.6547836950123727 1.0077684122461856 0 0 0 0
45 2 1.6782813897851729 0.96813109995534619 0 0 0 0
45 3 1.7008298267820072 0.92794620012621809 0 0 0 0
45 4 1.7224162523137234 0.88723644186065065 0 0 0 0
45 5 1.7430284568173624 0.84602485112724901 0 0 0 0
45 6 1.7626547817620466 0.80433473773758635 0 0 0 0
45 7 1.7812841262431951 0.76218968216187311 0 0 0 0
45 8 1.7989059532613405 0.7196135221915354 0 0 0 0
45 9 1.8155102956819937 0.67663033945624962 0 0 0 0
45 10 1.8310877618731827 0.63326444580306152 0 0 0 0
45 11 1.8456295410174832 0.58954036954528777 0 0 0 0
45 12 1.8591274080955316 0.54548284158898275 0 0 0 0
45 13 1.8715737285382019 0.50111678144481808 0 0 0 0
45 14 1.8829614625448179 0.45646728313328289 0 0 0 0
45 15 1.8932841690649564 0.41155960099117772 0 0 0 0
45 16 1.9025360094415884 0.36641913538743603 0 0 0 0
45 17 1.9107117507134994 0.32107141835634395 0 0 0 0
45 18 1.9178067685751206 0.27554209915628847 0 0 0 0
45 19 1.9238170499920964 0.22985692976220592 0 0 0 0
45 20 1.9287391954711084 0.18404175029992872 0 0 0 0
45 21 1.9325704209826735 0.13812247443067316 0 0 0 0
45 22 1.9353085595358266 0.092125074693938033 0 0 0 0
45 23 1.9369520624037995 0.046075567817097436 0 0 0 0
45 24 1.9375 1.1863765866739985e-16 0 0 0 0
45 25 1.9369520624037995 -0.0460755678170972 0 0 0 0
45 26 1.9353085595358266 -0.092125074693937811 0 0 0 0
45 27 1.9325704209826735 -0.13812247443067294 0 0 0 0
45 28 1.9287391954711084 -0.18404175029992847 0 0 0 0
45 29 1.9238170499920964 -0.2298569297622057 0 0 0 0
45 30 1.9178067685751206 -0.27554209915628824 0 0 0 0
45 31 1.9107117507134994 -0.32107141835634373 0 0 0 0
45 32 1.9025360094415884 -0.3664191353874362 0 0 0 0
45 33 1.8932841690649564 -0.4115596009911775 0 0 0 0
45 34 1.8829614625448179 -0.45646728313328266 0 0 0 0
45 35 1.8715737285382017 -0.5011167814448183 0 0 0 0
45 36 1.8591274080955316 -0.54548284158898253 0 0 0 0
45 37 1.8456295410174832 -0.58954036954528755 0 0 0 0
45 38 1.8310877618731827 -0.63326444580306174 0 0 0 0
45 39 1.8155102956819937 -0.6766303394562494 0 0 0 0
45 40 1.7989059532613405 -0.71961352219153518 0 0 0 0
45 41 1.7812841262431949 -0.76218968216187322 0 0 0 0
45 42 1.7626547817620466 -0.80433473773758613 0 0 0 0
45 43 1.7430284568173626 -0.8460248511272489 0 0 0 0
45 44 1.7224162523137234 -0.88723644186065087 0 0 0 0
45 45 1.7008298267820072 -0.9279462001262182 0 0 0 0
45 46 1.6782813897851734 -0.96813109995534552 0 0 0 0
45 47 1.6547836950123729 -1.0077684122461856 0 0 0 0
45 48 1.6303500330652998 -1.0468357176195207 0 0 0 0
46 0 1.6478806785821305 1.0580920156584404 0 0 0 0
46 1 1.6725770680770218 1.0186046317327038 0 0 0 0
46 2 1.6963274262344759 0.97854111178282299 0 0 0 0
46 3 1.7191183195431039 0.93792411625660754 0 0 0 0
46 4 1.7409368571773118 0.89677661865485114 0 0 0 0
46 5 1.7617706982885168 0.85512189253721949 0 0 0 0
46 6 1.7816080589852945 0.81298349835842065 0 0 0 0
46 7 1.8004377189984981 0.77038527014210822 0 0 0 0
46 8 1.8182490280275916 0.7273513020000465 0 0 0 0
46 9 1.8350319117645957 0.68390593450416626 0 0 0 0
46 10 1.8507768775922491 0.64007374091922342 0 0 0 0
46 11 1.8654750199531549 0.59587951330383926 0 0 0 0
46 12 1.8791180253868811 0.55134824848778896 0 0 0 0
46 13 1.8916981772321608 0.50650513393347196 0 0 0 0
46 14 1.9032083599915364 0.46137553348955473 0 0 0 0
46 15 1.9136420633559774 0.41598497304484627 0 0 0 0
46 16 1.9229933858871968 0.37035912609052668 0 0 0 0
46 17 1.93125703835558 0.32452379919888524 0 0 0 0
46 18 1.9384283467318424 0.27850491742678618 0 0 0 0
46 19 1.9445032548307211 0.23232850965212209 0 0 0 0
46 20 1.9494783266052063 0.18602069385154085 0 0 0 0
46 21 1.9533507480900141 0.13960766232777716 0 0 0 0
46 22 1.9561183289932009 0.093115666894948115 0 0 0 0
46 23 1.957779503935023 0.0465710040301845 0 0 0 0
46 24 1.9583333333333333 1.1991333241651167e-16 0 0 0 0
46 25 1.957779503935023 -0.046571004030184264 0 0 0 0
46 26 1.9561183289932009 -0.093115666894947879 0 0 0 0
46 27 1.9533507480900141 -0.13960766232777694 0 0 0 0
46 28 1.9494783266052063 -0.1860206938515406 0 0 0 0
46 29 1.9445032548307211 -0.23232850965212187 0 0 0 0
46 30 1.9384283467318424 -0.27850491742678596 0 0 0 0
46 31 1.93125703835558 -0.32452379919888502 0 0 0 0
46 32 1.9229933858871968 -0.3703591260905269 0 0 0 0
46 33 1.9136420633559774 -0.41598497304484605 0 0 0 0
46 34 1.9032083599915364 -0.46137553348955446 0 0 0 0
46 35 1.8916981772321606 -0.50650513393347218 0 0 0 0
46 36 1.8791180253868811 -0.55134824848778874 0 0 0 0
46 37 1.8654750199531549 -0.59587951330383904 0 0 0 0
46 38 1.8507768775922491 -0.64007374091922364 0 0 0 0
46 39 1.8350319117645957 -0.68390593450416604 0 0 0 0
46 40 1.8182490280275916 -0.72735130200004627 0 0 0 0
46 41 1.8004377189984981 -0.77038527014210834 0 0 0 0
46 42 1.7816080589852945 -0.81298349835842043 0 0 0 0
46 43 1.7617706982885171 -0.85512189253721926 0 0 0 0
46 44 1.7409368571773118 -0.89677661865485137 0 0 0 0
46 45 1.7191183195431039 -0.93792411625660765 0 0 0 0
46 46 1.6963274262344763 -0.97854111178282233 0 0 0 0
46 47 1.672577068077022 -1.0186046317327038 0 0 0 0
46 48 1.6478806785821307 -1.0580920156584401 0 0 0 0
47 0 1.6654113240989616 1.0693483136973598 0 0 0 0
47 1 1.6903704411416709 1.0294408512192219 0 0 0 0
47 2 1.7143734626837785 0.9889511236102998 0 0 0 0
47 3 1.7374068123042008 0.94790203238699688 0 0 0 0
47 4 1.7594574620409 0.90631679544905164 0 0 0 0
47 5 1.7805129397596711 0.86421893394718985 0 0 0 0
47 6 1.8005613362085422 0.82163225897925485 0 0 0 0
47 7 1.8195913117538014 0.77858085812234346 0 0 0 0
47 8 1.8375921027938424 0.73508908180855759 0 0 0 0
47 9 1.8545535278471978 0.6911815295520829 0 0 0 0
47 10 1.8704659933113155 0.64688303603538533 0 0 0 0
47 11 1.8853204988888268 0.60221865706239075 0 0 0 0
47 12 1.8991086426782309 0.55721365538659517 0 0 0 0
47 13 1.91182262592612 0.51189348642212595 0 0 0 0
47 14 1.9234552574382546 0.46628378384582658 0 0 0 0
47 15 1.9339999576469984 0.42041034509851483 0 0 0 0
47 16 1.9434507623328052 0.37429911679361738 0 0 0 0
47 17 1.9518023259976605 0.32797618004142659 0 0 0 0
47 18 1.959049924888564 0.28146773569728389 0 0 0 0
47 19 1.9651894596693456 0.23480008954203829 0 0 0 0
47 20 1.9702174577393041 0.18799963740315298 0 0 0 0
47 21 1.9741310751973544 0.14109285022488116 0 0 0 0
47 22 1.9769280984505755 0.094106259095958197 0 0 0 0
47 23 1.9786069454662467 0.047066440243271571 0 0 0 0
47 24 1.9791666666666665 1.211890061656235e-16 0 0 0 0
47 25 1.9786069454662467 -0.047066440243271328 0 0 0 0
47 26 1.9769280984505755 -0.094106259095957961 0 0 0 0
47 27 1.9741310751973544 -0.14109285022488094 0 0 0 0
47 28 1.9702174577393041 -0.18799963740315273 0 0 0 0
47 29 1.9651894596693456 -0.23480008954203807 0 0 0 0
47 30 1.959049924888564 -0.28146773569728367 0 0 0 0
47 31 1.9518023259976605 -0.32797618004142637 0 0 0 0
47 32 1.9434507623328052 -0.3742991167936176 0 0 0 0
47 33 1.9339999576469984 -0.4204103450985146 0 0 0 0
47 34 1.9234552574382546 -0.46628378384582631 0 0 0 0
47 35 1.9118226259261197 -0.51189348642212618 0 0 0 0
47 36 1.8991086426782309 -0.55721365538659495 0 0 0 0
47 37 1.8853204988888268 -0.60221865706239053 0 0 0 0
47 38 1.8704659933113155 -0.64688303603538555 0 0 0 0
47 39 1.8545535278471978 -0.69118152955208267 0 0 0 0
47 40 1.8375921027938424 -0.73508908180855737 0 0 0 0
47 41 1.8195913117538012 -0.77858085812234357 0 0 0 0
47 42 1.8005613362085422 -0.82163225897925463 0 0 0 0
47 43 1.7805129397596713 -0.86421893394718963 0 0 0 0
47 44 1.7594574620409 -0.90631679544905186 0 0 0 0
47 45 1.7374068123042008 -0.947902032386997 0 0 0 0
47 46 1.714373462683779 -0.98895112361029913 0 0 0 0
47 47 1.6903704411416711 -1.0294408512192219 0 0 0 0
47 48 1.6654113240989619 -1.0693483136973596 0 0 0 0
48 0 1.682941969615793 1.0806046117362795 0 0 0 0
48 1 1.7081638142063202 1.04027707070574 0 0 0 0
48 2 1.7324194991330817 0.99936113543777672 0 0 0 0
48 3 1.7556953050652977 0.95787994851738645 0 0 0 0
48 4 1.7779780669044887 0.91585697224325224 0 0 0 0
48 5 1.7992551812308257 0.87331597535716032 0 0 0 0
48 6 1.8195146134317901 0.83028101960008915 0 0 0 0
48 7 1.8387449045091047 0.78677644610257869 0 0 0 0
48 8 1.8569351775600935 0.74282686161706879 0 0 0 0
48 9 1.8740751439298 0.69845712459999965 0 0 0 0
48 10 1.8901551090303821 0.65369233115154735 0 0 0 0
48 11 1.9051659778244987 0.60855780082094224 0 0 0 0
48 12 1.9190992599695809 0.5630790622854015 0 0 0 0
48 13 1.9319470746200793 0.51728183891077995 0 0 0 0
48 14 1.9437021548849733 0.47119203420209849 0 0 0 0
48 15 1.9543578519380196 0.42483571715218343 0 0 0 0
48 16 1.9639081387784139 0.37823910749670814 0 0 0 0
48 17 1.9723476136397413 0.33142856088396794 0 0 0 0
48 18 1.9796715030452858 0.28443055396778166 0 0 0 0
48 19 1.9858756645079705 0.23727166943195449 0 0 0 0
48 20 1.9909565888734022 0.18997858095476514 0 0 0 0
48 21 1.9949114023046952 0.14257803812198519 0 0 0 0
48 22 1.99773786790795 0.095096851296968293 0 0 0 0
48 23 1.9994343869974704 0.047561876456358641 0 0 0 0
48 24 2 1.2246467991473532e-16 0 0 0 0
48 25 1.9994343869974704 -0.047561876456358398 0 0 0 0
48 26 1.99773786790795 -0.095096851296968057 0 0 0 0
48 27 1.9949114023046952 -0.14257803812198497 0 0 0 0
48 28 1.9909565888734022 -0.18997858095476489 0 0 0 0
48 29 1.9858756645079705 -0.23727166943195427 0 0 0 0
48 30 1.9796715030452858 -0.28443055396778144 0 0 0 0
48 31 1.9723476136397413 -0.33142856088396772 0 0 0 0
48 32 1.9639081387784139 -0.37823910749670836 0 0 0 0
48 33 1.9543578519380196 -0.42483571715218321 0 0 0 0
48 34 1.9437021548849733 -0.47119203420209821 0 0 0 0
48 35 1.9319470746200791 -0.51728183891078017 0 0 0 0
48 36 1.9190992599695809 -0.56307906228540128 0 0 0 0
48 37 1.9051659778244987 -0.60855780082094202 0 0 0 0
48 38 1.8901551090303821 -0.65369233115154757 0 0 0 0
48 39 1.8740751439298 -0.69845712459999942 0 0 0 0
48 40 1.8569351775600935 -0.74282686161706857 0 0 0 0
48 41 1.8387449045091044 -0.7867764461025788 0 0 0 0
48 42 1.8195146134317901 -0.83028101960008893 0 0 0 0
48 43 1.799255181230826 -0.8733159753571601 0 0 0 0
48 44 1.7779780669044887 -0.91585697224325247 0 0 0 0
48 45 1.7556953050652977 -0.95787994851738656 0 0 0 0
48 46 1.7324194991330821 -0.99936113543777605 0 0 0 0
48 47 1.7081638142063205 -1.04027707070574 0 0 0 0
48 48 1.6829419696157932 -1.0806046117362793 0 0 0 0
