radial transverse x z speed vx vy vz
0 0 0.8414709848078965 0.54030230586813977 0 0 0 0
0 1 0.85408190710316012 0.52013853535287002 0 0 0 0
0 2 0.86620974956654084 0.49968056771888836 0 0 0 0
0 3 0.87784765253264885 0.47893997425869322 0 0 0 0
0 4 0.88898903345224434 0.45792848612162612 0 0 0 0
0 5 0.89962759061541286 0.43665798767858016 0 0 0 0
0 6 0.90975730671589505 0.41514050980004458 0 0 0 0
0 7 0.91937245225455233 0.39338822305128934 0 0 0 0
0 8 0.92846758878004676 0.37141343080853439 0 0 0 0
0 9 0.93703757196490001 0.34922856229999982 0 0 0 0
0 10 0.94507755451519104 0.32684616557577367 0 0 0 0
0 11 0.95258298891224935 0.30427890041047112 0 0 0 0
0 12 0.95954962998479043 0.28153953114270075 0 0 0 0
0 13 0.96597353731003965 0.25864091945538997 0 0 0 0
0 14 0.97185107744248667 0.23559601710104924 0 0 0 0
0 15 0.97717892596900979 0.21241785857609172 0 0 0 0
0 16 0.98195406938920693 0.18911955374835407 0 0 0 0
0 17 0.98617380681987066 0.16571428044198397 0 0 0 0
0 18 0.98983575152264291 0.14221527698389083 0 0 0 0
0 19 0.99293783225398524 0.11863583471597725 0 0 0 0
0 20 0.99547829443670111 0.094989290477382568 0 0 0 0
0 21 0.99745570115234761 0.071289019060992595 0 0 0 0
0 22 0.99886893395397502 0.047548425648484147 0 0 0 0
0 23 0.99971719349873522 0.023780938228179321 0 0 0 0
0 24 1 6.123233995736766e-17 0 0 0 0
0 25 0.99971719349873522 -0.023780938228179199 0 0 0 0
0 26 0.99886893395397502 -0.047548425648484029 0 0 0 0
0 27 0.99745570115234761 -0.071289019060992484 0 0 0 0
0 28 0.99547829443670111 -0.094989290477382443 0 0 0 0
0 29 0.99293783225398524 -0.11863583471597713 0 0 0 0
0 30 0.98983575152264291 -0.14221527698389072 0 0 0 0
0 31 0.98617380681987066 -0.16571428044198386 0 0 0 0
0 32 0.98195406938920693 -0.18911955374835418 0 0 0 0
0 33 0.97717892596900979 -0.21241785857609161 0 0 0 0
0 34 0.97185107744248667 -0.2355960171010491 0 0 0 0
0 35 0.96597353731003954 -0.25864091945539008 0 0 0 0
0 36 0.95954962998479043 -0.28153953114270064 0 0 0 0
0 37 0.95258298891224935 -0.30427890041047101 0 0 0 0
0 38 0.94507755451519104 -0.32684616557577378 0 0 0 0
0 39 0.93703757196490001 -0.34922856229999971 0 0 0 0
0 40 0.92846758878004676 -0.37141343080853428 0 0 0 0
0 41 0.91937245225455222 -0.3933882230512894 0 0 0 0
0 42 0.90975730671589505 -0.41514050980004447 0 0 0 0
0 43 0.89962759061541298 -0.43665798767858005 0 0 0 0
0 44 0.88898903345224434 -0.45792848612162623 0 0 0 0
0 45 0.87784765253264885 -0.47893997425869328 0 0 0 0
0 46 0.86620974956654107 -0.49968056771888802 0 0 0 0
0 47 0.85408190710316023 -0.52013853535287002 0 0 0 0
0 48 0.84147098480789662 -0.54030230586813965 0 0 0 0
1 0 0.85900163032472765 0.55155860390705935 9.9923793210772732e-06 8.4082972678809532e-06 1.9597052741672934e-21 5.3989055882871675e-06
1 1 0.87187528016780924 0.53097475483938816 3.217196527674331e-05 2.8419091230168643e-05 3.3442704745307061e-21 -1.5079476231597988e-05
1 2 0.88425578601584376 0.51009057954636516 9.3130428196744593e-05 7.7487166853473541e-05 9.1074085124644478e-21 -5.1662516674383488e-05
1 3 0.89613614529374563 0.48891789038908262 0.00024252341143467243 0.0001990115186772511 3.1950621088193836e-20 -0.0001386074331617375
1 4 0.90750963831583265 0.46746866291582662 0.00059051888357628511 0.00047832453826467141 6.1730942183693123e-20 -0.0003462920558633581
1 5 0.91836983208656719 0.44575502908855053 0.0013539024941205497 0.0010866930275284616 1.6416188231889609e-19 -0.0008075581883102116
1 6 0.92871058393914285 0.42378927042087883 0.0029031088579755853 0.0022990618676875965 3.3961783464094259e-19 -0.0017726690525309932
1 7 0.93852604500985548 0.40158381103152452 0.0058017233090459077 0.0045437522063301976 8.7462496776107488e-19 -0.0036075350645830271
1 8 0.94781066354629762 0.37915121061704549 0.010751327742452833 0.0082883261836488933 1.0599857883261382e-18 -0.0068479703050667567
1 9 0.95655918804750206 0.35650415734791646 0.018328394326015206 0.013915577988217628 2.9706096240798676e-18 -0.011928400052971876
1 10 0.96476667023425744 0.33365546069193558 0.028640523275050133 0.021287611346445839 5.0755686514040345e-18 -0.019160302101776969
1 11 0.97242846784792114 0.31061804416902256 0.040608952165051573 0.029454568213232363 8.7440685185496654e-18 -0.027955597065981053
1 12 0.9795402472761402 0.28740493804150702 0.05210375626137137 0.036490990255225619 1.7354248788127395e-17 -0.037191518478510995
1 13 0.98609798600399878 0.26402927194404391 0.060197555579178587 0.040239643139014923 2.6901411417116095e-17 -0.04477183062767285
1 14 0.99209797488920504 0.24050426745732109 0.062849602166222387 0.039185517570628159 4.2654202416920142e-17 -0.049138250937273066
1 15 0.99753682026003077 0.21684323062976027 0.060306020708975401 0.034176057795060645 4.5495926103191907e-17 -0.049687153343093059
1 16 1.0024114458348152 0.19305954445144477 0.054445937697398222 0.02715866333784888 9.5460925506237221e-17 -0.047188633562017371
1 17 1.0067190944619513 0.16916666128452529 0.04743046648325689 0.020502844726036317 1.0644198720075365e-16 -0.042770112332789129
1 18 1.0104573296793646 0.14517809525438855 0.039970400733885421 0.014763591329580137 1.5109063305345945e-16 -0.037143899982103851
1 19 1.01362403709261 0.12110741460589343 0.032031659902435852 0.0096102439073642975 1.5331557598105163e-16 -0.030556021471164794
1 20 1.016217425570799 0.096968234028994696 0.024178820341955745 0.0049313985799485528 1.4249114209163796e-16 -0.023670586413822838
1 21 1.0182360282596881 0.072774206958096596 0.017400885932802881 0.0016956963833448641 2.1071926855876284e-16 -0.017318067011705674
1 22 1.0196787034113495 0.048539017849494229 0.011291248997630437 -0.0008208598205996779 1.7523921616516694e-16 -0.011261371722903715
1 23 1.0205446350299587 0.024276374441266388 0.0060056292891051809 -0.002298587579123817 2.0358357720091746e-16 -0.0055483401391096887
1 24 1.0208333333333333 6.2508013706479485e-17 0.0027630591768033688 -0.0027630591768033688 2.199397397482539e-16 -4.5225498957622231e-17
1 25 1.0205446350299587 -0.024276374441266263 0.0060056292891051905 -0.0022985875791237489 1.7955927771554227e-16 0.0055483401391097269
1 26 1.0196787034113495 -0.048539017849494111 0.011291248997630373 -0.00082085982059953934 1.6813850352296416e-16 0.011261371722903661
1 27 1.0182360282596881 -0.072774206958096485 0.017400885932802864 0.0016956963833448637 1.6645504799827652e-16 0.017318067011705657
1 28 1.016217425570799 -0.096968234028994571 0.024178820341955707 0.0049313985799484686 1.7979272240293694e-16 0.023670586413822817
1 29 1.01362403709261 -0.12110741460589332 0.032031659902435804 0.0096102439073643044 1.5227295014381671e-16 0.030556021471164745
1 30 1.0104573296793646 -0.14517809525438843 0.0399704007338854 0.014763591329580134 1.6163146618647336e-16 0.03714389998210383
1 31 1.0067190944619513 -0.16916666128452518 0.047430466483256828 0.020502844726036265 1.0330760055964219e-16 0.042770112332789073
1 32 1.0024114458348152 -0.19305954445144488 0.054445937697398167 0.027158663337848853 1.1562001754751639e-16 0.047188633562017322
1 33 0.99753682026003077 -0.21684323062976016 0.060306020708975373 0.034176057795060645 4.7092933610612888e-17 0.049687153343093038
1 34 0.99209797488920504 -0.24050426745732095 0.062849602166222374 0.039185517570628173 6.3785043380688754e-17 0.049138250937273038
1 35 0.98609798600399867 -0.26402927194404402 0.060197555579178594 0.040239643139014916 2.502258118344561e-17 0.04477183062767285
1 36 0.9795402472761402 -0.28740493804150691 0.052103756261371419 0.036490990255225647 1.9950167901859193e-17 0.037191518478511036
1 37 0.97242846784792114 -0.31061804416902244 0.040608952165051601 0.02945456821323238 1.3471261515179725e-17 0.02795559706598107
1 38 0.96476667023425744 -0.33365546069193569 0.028640523275050175 0.021287611346445873 6.9028893691913853e-18 0.01916030210177699
1 39 0.95655918804750206 -0.35650415734791635 0.018328394326015247 0.01391557798821765 2.554040377450367e-18 0.011928400052971912
1 40 0.94781066354629762 -0.37915121061704538 0.010751327742452861 0.0082883261836489124 1.6229074948940447e-18 0.0068479703050667775
1 41 0.93852604500985537 -0.40158381103152457 0.0058017233090459251 0.0045437522063302097 8.1428078837298321e-19 0.003607535064583038
1 42 0.92871058393914285 -0.42378927042087872 0.0029031088579755939 0.0022990618676876026 2.6973403794956667e-19 0.0017726690525309988
1 43 0.91836983208656731 -0.44575502908855041 0.001353902494120553 0.0010866930275284644 1.2701613888761077e-19 0.00080755818831021366
1 44 0.90750963831583265 -0.46746866291582673 0.00059051888357628739 0.00047832453826467309 6.6353848136522694e-20 0.00034629205586335956
1 45 0.89613614529374563 -0.48891789038908268 0.00024252341143467322 0.00019901151867725175 3.5854849938879741e-20 0.00013860743316173796
1 46 0.88425578601584398 -0.51009057954636483 9.3130428196745e-05 7.7487166853473826e-05 8.0213275170783133e-21 5.1662516674383779e-05
1 47 0.87187528016780935 -0.53097475483938816 3.2171965276743439e-05 2.8419091230168765e-05 4.8032692147375475e-21 1.5079476231598052e-05
1 48 0.85900163032472776 -0.55155860390705924 9.9923793210773122e-06 8.4082972678809871e-06 1.8699580927704567e-21 -5.3989055882871878e-06
2 0 0.87653227584155891 0.56281490194597894 1.3083057617598535e-05 1.1009013377779091e-05 3.2453834522813771e-21 7.0688061985942197e-06
2 1 0.88966865323245847 0.5418109743259063 4.4910979629370376e-05 3.8843582481736632e-05 8.1759565286167464e-21 -2.2542674891286596e-05
2 2 0.90230182246514679 0.52050059137384208 0.00013081137878120496 0.00010640808557992565 1.0196858326297873e-20 -7.6085058597960605e-05
2 3 0.91442463805484264 0.49889580651947213 0.00033614064022920008 0.00027053576502645259 5.1482204789306334e-20 -0.00019950170389058971
2 4 0.92603024317942129 0.47700883971002722 0.00081511017942691708 0.00064831988249044483 7.5506778287844853e-20 -0.00049405053848058586
2 5 0.93711207355772175 0.45485207049852105 0.0018457772773923158 0.0014612953654391154 3.172814910306534e-19 -0.0011276123503597998
2 6 0.94766386116239076 0.43243803104171313 0.0039300360678861139 0.0030781081681583141 3.4079377630934923e-19 -0.0024434470732968244
2 7 0.95767963776515874 0.40977939901175975 0.0077775842225987369 0.0060607782304856151 1.2368563092994547e-18 -0.0048741956854940127
2 8 0.96715373831254881 0.38688899042555669 0.014298625209192461 0.011023205858283458 2.074666624267911e-18 -0.0091071189450264364
2 9 0.97608080413010423 0.36377975239583316 0.024246541148501454 0.018564615907041088 3.59602223443888e-18 -0.015596467352897939
2 10 0.98445578595332406 0.3404647558080976 0.037741303226058391 0.028545160215514669 9.3469154832977532e-18 -0.02468966985344041
2 11 0.99227394678359315 0.3169571879275741 0.053727534646590996 0.040164003987856141 9.7320888217043915e-18 -0.035686142448632802
2 12 0.99953086456749007 0.29327034494031329 0.069727381224136145 0.051191893956593147 3.1074882072597252e-17 -0.047342345585246796
2 13 1.006222434697958 0.2694176244326979 0.082646681071222569 0.059288517188855493 2.5226063073253084e-17 -0.057579038040203194
2 14 1.0123448723359236 0.24541251781359297 0.090282925355963703 0.062718012510049548 6.7985535576101038e-17 -0.06494195498766403
2 15 1.017894714551052 0.22126860268342888 0.092234689529412842 0.061528416779262685 6.2554691572002243e-17 -0.068713112876833973
2 16 1.0228688222804239 0.1969995351545355 0.089810059396316561 0.057332635828791521 1.3661548058450088e-16 -0.069128978277514561
2 17 1.0272643821040319 0.17261904212706664 0.084194879355287022 0.051779559528393915 1.6675162128224262e-16 -0.066390171898383046
2 18 1.0310789078360865 0.14814091352488629 0.07541377803906156 0.045096070123422788 1.8562886007461666e-16 -0.06044487056440917
2 19 1.0343102419312347 0.12357899449580964 0.064058676342538659 0.037694727227462844 2.229214080900209e-16 -0.051794030100053942
2 20 1.0369565567048971 0.098947177580606852 0.051670891292622437 0.030284107331943047 2.0477629665098902e-16 -0.041865903191993348
2 21 1.0390163553670289 0.074259394855200625 0.039835532680331617 0.024272062661450825 2.7727498559221436e-16 -0.031586969434948528
2 22 1.040488472868724 0.049529610050504325 0.028236061391960356 0.019044735017077784 1.9187229295993557e-16 -0.020846420101778756
2 23 1.0413720765611827 0.024771810654353462 0.018835804963327273 0.015719281680485756 2.640536290298103e-16 -0.010377462698851259
2 24 1.0416666666666667 6.3783687455591322e-17 0.01463407344429974 0.01463407344429974 2.440047390162804e-16 -3.0269335491795666e-18
2 25 1.0413720765611827 -0.024771810654353334 0.018835804963327298 0.015719281680485787 2.9187340221894737e-16 0.010377462698851257
2 26 1.040488472868724 -0.0495296100505042 0.028236061391960273 0.019044735017077801 2.6399454755142475e-16 0.020846420101778625
2 27 1.0390163553670289 -0.074259394855200514 0.039835532680331687 0.024272062661450995 3.1143404432794738e-16 0.031586969434948486
2 28 1.0369565567048971 -0.098947177580606713 0.05167089129262243 0.030284107331942974 2.4240852826079851e-16 0.041865903191993382
2 29 1.0343102419312347 -0.12357899449580953 0.064058676342538673 0.037694727227462879 2.2383973869555598e-16 0.051794030100053928
2 30 1.0310789078360865 -0.14814091352488618 0.075413778039061505 0.045096070123422753 1.8652298814412374e-16 0.060444870564409128
2 31 1.0272643821040319 -0.17261904212706652 0.084194879355286939 0.051779559528393852 1.701628594011262e-16 0.066390171898382977
2 32 1.0228688222804239 -0.19699953515453561 0.089810059396316519 0.057332635828791466 1.0768675347244826e-16 0.069128978277514533
2 33 1.017894714551052 -0.22126860268342877 0.092234689529412883 0.061528416779262719 7.6528592135736515e-17 0.068713112876833973
2 34 1.0123448723359236 -0.24541251781359283 0.090282925355963689 0.062718012510049478 5.6860163634873069e-17 0.064941954987664086
2 35 1.006222434697958 -0.26941762443269801 0.082646681071222597 0.05928851718885552 4.4619709412401512e-17 0.057579038040203208
2 36 0.99953086456749007 -0.29327034494031318 0.069727381224136228 0.051191893956593189 2.7508654459918412e-17 0.047342345585246852
2 37 0.99227394678359315 -0.31695718792757399 0.053727534646591073 0.040164003987856182 2.0049632002016632e-17 0.03568614244863285
2 38 0.98445578595332406 -0.34046475580809771 0.03774130322605844 0.028545160215514717 9.271186213522238e-18 0.024689669853440437
2 39 0.97608080413010423 -0.36377975239583304 0.024246541148501499 0.018564615907041126 5.1853911778379528e-18 0.015596467352897958
2 40 0.96715373831254881 -0.38688899042555658 0.01429862520919249 0.011023205858283475 2.9415422367473135e-18 0.009107118945026459
2 41 0.95767963776515863 -0.4097793990117598 0.0077775842225987612 0.0060607782304856351 1.2155999291827225e-18 0.0048741956854940257
2 42 0.94766386116239076 -0.43243803104171302 0.0039300360678861251 0.0030781081681583227 5.1837204160339359e-19 0.0024434470732968313
2 43 0.93711207355772197 -0.45485207049852094 0.0018457772773923214 0.0014612953654391195 2.8395357231941274e-19 0.0011276123503598035
2 44 0.92603024317942129 -0.47700883971002733 0.00081511017942691958 0.00064831988249044689 8.8102421614122542e-20 0.00049405053848058716
2 45 0.91442463805484264 -0.49889580651947218 0.00033614064022920132 0.00027053576502645356 4.753082790917499e-20 0.00019950170389059044
2 46 0.90230182246514701 -0.52050059137384175 0.00013081137878120545 0.000106408085579926 9.6145095015625283e-21 7.6085058597960971e-05
2 47 0.88966865323245858 -0.5418109743259063 4.4910979629370545e-05 3.8843582481736788e-05 5.2784102675482914e-21 2.2542674891286674e-05
2 48 0.87653227584155902 -0.56281490194597883 1.3083057617598584e-05 1.1009013377779134e-05 4.0144630717597738e-21 -7.0688061985942442e-06
3 0 0.89406292135839005 0.57407119998489853 2.0436850498559846e-05 1.7197016715394905e-05 5.234815844692961e-21 1.1042077449054327e-05
3 1 0.90746202629710759 0.55264719381242444 7.101273150817225e-05 6.1201469766167656e-05 1.0555883846536891e-20 -3.601649809063377e-05
3 2 0.92034785891444959 0.53091060320131889 0.0002041913532100269 0.00016537793294782964 1.8942912842485731e-20 -0.00011976747479864943
3 3 0.93271313081593943 0.50887372264986153 0.00052000336852577825 0.00041713376935893412 6.9868528085085499e-20 -0.00031048819903269092
3 4 0.94455084804300959 0.48654901650422777 0.0012404054968662341 0.00098429203829018277 7.7869239127714181e-20 -0.00075483440569076236
3 5 0.95585431502887619 0.46394911190849142 0.002768910172422753 0.0021908463906516848 4.1739531622995648e-19 -0.0016932382099145665
3 6 0.96661713838563845 0.44108679166254738 0.0057882474106653852 0.0045403751386622346 5.6959578432220283e-19 -0.0035900977267050035
3 7 0.97683323052046189 0.41797498699199492 0.011234217684366492 0.0087909006230067373 1.532212517453549e-18 -0.0069948347525979901
3 8 0.98649681307879966 0.39462677023406778 0.020220063394639581 0.0157099356801087 3.1354436522894697e-18 -0.0127298422853581
3 9 0.99560242021270628 0.37105534744374979 0.033474641505734162 0.025936414634480633 7.2460846387217273e-18 -0.0211625617505471
3 10 1.0041449016723905 0.3472740509242595 0.050849591135658088 0.039138557661345955 1.2541450375153094e-17 -0.032463120965999175
3 11 1.0121194257192649 0.32329633168612559 0.070560974087965508 0.054011011891948575 1.8061335992625986e-17 -0.045405524538874434
3 12 1.0195214818588398 0.29913575183911956 0.089401248431455971 0.067734502784849993 3.1617899830118106e-17 -0.058349124702878438
3 13 1.0263468833919172 0.27480597692135184 0.10408229082984086 0.077695975390569785 3.9399121044330904e-17 -0.069256470257265848
3 14 1.0325917697826421 0.25032076816986482 0.11265803089951118 0.082181270048428456 7.457387322122353e-17 -0.077058878653809212
3 15 1.0382526088420729 0.22569397473709746 0.11568079340503573 0.08179123144784041 1.2822873183909366e-16 -0.081806114814629599
3 16 1.0433261987260323 0.2009395258576262 0.11468376934200349 0.078380359859976156 1.5204542960262708e-16 -0.083719090646700758
3 17 1.0478096697461126 0.17607142296960795 0.10959229312592718 0.072744377516995112 1.8310980353090337e-16 -0.081967836693815729
3 18 1.0517004859928081 0.151103731795384 0.099997943698441977 0.065153049411270411 2.426604903928049e-16 -0.075859533984393338
3 19 1.0549964467698594 0.12605057438572581 0.086613172325944995 0.055903542912980747 2.3517584340965786e-16 -0.066156144915951398
3 20 1.0576956878389949 0.10092612113221898 0.071741742174348339 0.046543028208008742 2.6735238581924059e-16 -0.054595092228506885
3 21 1.0597966824743694 0.075744582752304626 0.05669609605933331 0.038392996298444858 2.4709939737587774e-16 -0.041718402936794567
3 22 1.0612982423260984 0.050520202251514407 0.041783797125156494 0.03126207671967636 2.984552735841019e-16 -0.027723063708207017
3 23 1.0621995180924062 0.025267246867440529 0.030406610691428634 0.027015092246459791 2.6359615641328936e-16 -0.013955169818220427
3 24 1.0625 6.5059361204703134e-17 0.025521434143498729 0.025521434143498729 3.3654090791981114e-16 -4.0531835162203291e-17
3 25 1.0621995180924062 -0.025267246867440397 0.030406610691428616 0.027015092246459822 2.6696532192054837e-16 0.013955169818220328
3 26 1.0612982423260984 -0.050520202251514282 0.041783797125156459 0.031262076719676422 3.0447243574869236e-16 0.027723063708206899
3 27 1.0597966824743694 -0.075744582752304515 0.056696096059333255 0.038392996298444719 2.7686191338663117e-16 0.041718402936794609
3 28 1.0576956878389949 -0.10092612113221884 0.07174174217434838 0.046543028208008728 2.5487508058454752e-16 0.054595092228506954
3 29 1.0549964467698594 -0.1260505743857257 0.086613172325944982 0.055903542912980761 2.6532043052148775e-16 0.06615614491595137
3 30 1.0517004859928081 -0.15110373179538389 0.099997943698441782 0.065153049411270189 2.3569515846085911e-16 0.075859533984393282
3 31 1.0478096697461126 -0.17607142296960784 0.10959229312592718 0.072744377516995196 1.6638253122377801e-16 0.081967836693815646
3 32 1.0433261987260323 -0.20093952585762631 0.11468376934200346 0.078380359859976059 1.8662445665222679e-16 0.0837190906467008
3 33 1.0382526088420729 -0.22569397473709732 0.11568079340503573 0.08179123144784041 1.3061846082913304e-16 0.081806114814629613
3 34 1.0325917697826421 -0.25032076816986465 0.11265803089951115 0.08218127004842847 9.6596981772619482e-17 0.077058878653809143
3 35 1.0263468833919169 -0.27480597692135195 0.10408229082984091 0.077695975390569827 6.6886663112652562e-17 0.069256470257265862
3 36 1.0195214818588398 -0.29913575183911945 0.089401248431456068 0.067734502784850034 3.4756909914891034e-17 0.058349124702878521
3 37 1.0121194257192649 -0.32329633168612543 0.070560974087965592 0.054011011891948645 3.0218176932049104e-17 0.045405524538874503
3 38 1.0041449016723905 -0.34727405092425967 0.050849591135658165 0.039138557661346017 1.0832000326077311e-17 0.032463120965999223
3 39 0.99560242021270628 -0.37105534744374968 0.033474641505734232 0.025936414634480681 6.1416088645281086e-18 0.021162561750547145
3 40 0.98649681307879966 -0.39462677023406767 0.02022006339463962 0.015709935680108731 3.7013786360875834e-18 0.012729842285358122
3 41 0.97683323052046178 -0.41797498699199498 0.011234217684366521 0.0087909006230067598 1.7657757325028176e-18 0.0069948347525980057
3 42 0.96661713838563845 -0.44108679166254727 0.0057882474106654034 0.0045403751386622459 7.7626563908084484e-19 0.0035900977267050186
3 43 0.9558543150288763 -0.46394911190849131 0.0027689101724227617 0.0021908463906516913 3.7062843119732797e-19 0.001693238209914572
3 44 0.94455084804300959 -0.48654901650422788 0.0012404054968662382 0.00098429203829018602 1.371437815602399e-19 0.00075483440569076507
3 45 0.93271313081593943 -0.50887372264986164 0.00052000336852577988 0.00041713376935893564 7.5862050182851155e-20 0.00031048819903269174
3 46 0.92034785891444992 -0.53091060320131855 0.00020419135321002774 0.00016537793294783018 1.7991600576805705e-20 0.00011976747479865007
3 47 0.9074620262971077 -0.55264719381242444 7.1012731508172521e-05 6.12014697661679e-05 1.0008148230700612e-20 3.6016498090633885e-05
3 48 0.89406292135839016 -0.57407119998489842 2.0436850498559917e-05 1.7197016715394966e-05 5.5479853826733338e-21 -1.1042077449054362e-05
4 0 0.9115935668752212 0.585327498023818 2.7512688377856802e-05 2.3151128984027932e-05 8.3746060134255259e-21 1.48651689711876e-05
4 1 0.92525539936175671 0.56348341329894247 0.00010003309852876735 8.47069200388322e-05 1.5543573779902779e-20 -5.3210511168386292e-05
4 2 0.93839389536375251 0.54132061502879569 0.00028666614289797685 0.00022725340229314602 2.8736360887954556e-20 -0.00017473799996049175
4 3 0.95100162357703621 0.51885163878025098 0.00071639875852927762 0.00056255375686939607 1.2053582934291516e-19 -0.00044357688381431535
4 4 0.96307145290659801 0.49608919329842827 0.0016835477563539151 0.0013051713614792729 1.4791085191069803e-19 -0.0010634193740470608
4 5 0.97459655650003052 0.47304615331846184 0.0036762479125996123 0.0028430273119614963 4.5008935874838529e-19 -0.0023306639436722733
4 6 0.98557041560888625 0.44973555228338158 0.0075213508350194386 0.005759145787946225 1.0719908336741591e-18 -0.0048376604031937654
4 7 0.99598682327576493 0.4261705749722301 0.014226392644812064 0.01087388282498282 2.2553014151856709e-18 -0.0091732720439822585
4 8 1.0058398878450505 0.40236455004257893 0.02489396319941211 0.01889297433206261 4.7161923743355411e-18 -0.016210025436800148
4 9 1.0151240362953082 0.37833094249166643 0.039963035981521594 0.03028803864656579 7.1725581724591182e-18 -0.026070653229340587
4 10 1.0238340173914569 0.35408334604042146 0.058726785998957386 0.044326400152191629 1.5389019301743473e-17 -0.038522793815027517
4 11 1.0319649046549366 0.32963547544467703 0.078797035403430388 0.059360793641881265 1.5420844339538883e-17 -0.051819580918562536
4 12 1.0395120991501896 0.30500115873792577 0.096928062120577918 0.072796476395609294 4.8653256500845761e-17 -0.063997830047854837
4 13 1.0464713320858763 0.28019432941000577 0.11044562051563371 0.082514437318920497 5.1433323527907161e-17 -0.073413913701867936
4 14 1.0528386672293606 0.25522901852613666 0.11907340897867918 0.088437153053589138 9.9983050153049362e-17 -0.079732971132272804
4 15 1.0586105031330939 0.23011934679076601 0.12411719651861113 0.091544140240618688 1.7184001137165075e-16 -0.083813774877674316
4 16 1.0637835751716407 0.2048795165607169 0.12621354618669081 0.093135679555194237 1.8399005797134116e-16 -0.085179835846355731
4 17 1.0683549573881932 0.17952380381214927 0.12379994534623003 0.092258814439792017 2.0956338398036196e-16 -0.08255142413001465
4 18 1.0723220641495297 0.15406655006588171 0.11594112881947125 0.088327170805636429 2.4342922322735681e-16 -0.075104302469333639
4 19 1.0756826516084839 0.12852215427564201 0.10369066892162278 0.081281106657118185 2.702145319767512e-16 -0.064382734657730756
4 20 1.0784348189730928 0.10290506468383111 0.090486996678584966 0.073561770328691781 3.1401236602275468e-16 -0.052693097403920454
4 21 1.0805770095817098 0.077229770649408641 0.076816000272677765 0.065620605543743146 3.3759910082304961e-16 -0.039932868992403947
4 22 1.0821080117834729 0.051510794452524489 0.063938515544631355 0.05818704445618722 3.1899038453728581e-16 -0.02650286074190402
4 23 1.0830269596236297 0.025762683080527597 0.055341906839004848 0.053675163470302226 3.1643279542447751e-16 -0.013479743284403644
4 24 1.0833333333333333 6.6335034953814958e-17 0.051897089248529239 0.051897089248529239 3.5214974189678268e-16 -5.7464944431546152e-17
4 25 1.0830269596236297 -0.025762683080527465 0.055341906839004848 0.05367516347030224 3.5024870031905658e-16 0.013479743284403602
4 26 1.0821080117834729 -0.051510794452524364 0.063938515544631411 0.05818704445618729 3.3613742410454988e-16 0.026502860741904003
4 27 1.0805770095817098 -0.077229770649408516 0.076816000272677792 0.065620605543743132 3.2553747990956777e-16 0.039932868992404016
4 28 1.0784348189730928 -0.10290506468383097 0.090486996678584855 0.073561770328691642 3.2691298736888247e-16 0.052693097403920468
4 29 1.0756826516084839 -0.1285221542756419 0.10369066892162281 0.081281106657118199 2.660600660983706e-16 0.06438273465773077
4 30 1.0723220641495297 -0.1540665500658816 0.11594112881947112 0.08832717080563636 2.9197517862940683e-16 0.075104302469333542
4 31 1.0683549573881932 -0.17952380381214916 0.12379994534622998 0.092258814439792045 2.0447719581238551e-16 0.082551424130014553
4 32 1.0637835751716407 -0.20487951656071701 0.12621354618669076 0.093135679555194292 1.8790162820270044e-16 0.085179835846355606
4 33 1.0586105031330939 -0.2301193467907659 0.12411719651861117 0.091544140240618688 1.4604645461067348e-16 0.083813774877674371
4 34 1.0528386672293606 -0.2552290185261365 0.11907340897867928 0.088437153053589207 9.8903330030848462e-17 0.079732971132272859
4 35 1.0464713320858761 -0.28019432941000588 0.11044562051563378 0.082514437318920539 6.4566535111693388e-17 0.073413913701867964
4 36 1.0395120991501896 -0.30500115873792566 0.096928062120577974 0.072796476395609308 4.4961064408995678e-17 0.063997830047854878
4 37 1.0319649046549366 -0.32963547544467692 0.078797035403430471 0.059360793641881307 2.2336637935740714e-17 0.051819580918562612
4 38 1.0238340173914569 -0.35408334604042158 0.058726785998957441 0.044326400152191685 1.6465408822141564e-17 0.038522793815027552
4 39 1.0151240362953082 -0.37833094249166632 0.03996303598152165 0.030288038646565846 9.7903282321364173e-18 0.026070653229340605
4 40 1.0058398878450505 -0.40236455004257876 0.024893963199412159 0.018892974332062641 4.3562362988429566e-18 0.016210025436800182
4 41 0.99598682327576482 -0.42617057497223015 0.014226392644812088 0.010873882824982847 2.2316328136401028e-18 0.009173272043982262
4 42 0.98557041560888625 -0.44973555228338147 0.0075213508350194559 0.0057591457879462363 7.7998452574704257e-19 0.0048376604031937793
4 43 0.97459655650003063 -0.47304615331846167 0.0036762479125996218 0.0028430273119615041 5.9156615820479453e-19 0.002330663943672279
4 44 0.96307145290659801 -0.49608919329842838 0.001683547756353921 0.001305171361479277 1.2725641628701095e-19 0.0010634193740470651
4 45 0.95100162357703621 -0.51885163878025098 0.00071639875852927935 0.00056255375686939759 1.2625797735403667e-19 0.00044357688381431622
4 46 0.93839389536375273 -0.54132061502879536 0.00028666614289797783 0.0002272534022931467 2.3529987969217557e-20 0.00017473799996049256
4 47 0.92525539936175683 -0.56348341329894247 0.00010003309852876769 8.4706920038832525e-05 1.4434732251853932e-20 5.3210511168386435e-05
4 48 0.91159356687522131 -0.58532749802381789 2.7512688377856846e-05 2.3151128984027973e-05 4.7154943095496628e-21 -1.486516897118762e-05
5 0 0.92912421239205245 0.5965837960627377 3.6066614301159545e-05 3.0349009454683286e-05 1.0861270829156694e-20 1.948687487177333e-05
5 1 0.94304877242640606 0.57431963278546072 0.00013830752233078212 0.00011502670098264178 1.9842973141151204e-20 -7.6797322833089082e-05
5 2 0.95643993181305553 0.55173062685627261 0.00039297892511688001 0.00030509789301379295 3.4174682637316206e-20 -0.00024768470131310608
5 3 0.96929011633813322 0.52882955491064043 0.00096938795605542812 0.00074485088208222836 1.5918318001305316e-19 -0.00062041129326169343
5 4 0.98159205777018654 0.50562937009262887 0.0022409213327492139 0.0016977170288771048 2.0971105588185808e-19 -0.0014626979556392392
5 5 0.99333879797118507 0.48214319472843231 0.0048036348954794235 0.0036279946726448229 9.1624135838231359e-19 -0.0031484222817672342
5 6 1.0045236928321342 0.45838431290421594 0.0096316423673345995 0.0071968682637717669 1.0112249474261154e-18 -0.0064010641213902569
5 7 1.0151404160310682 0.43436616295246533 0.017794674821625837 0.013268345504325284 3.7758906811405731e-18 -0.011857548633054623
5 8 1.0251829626113016 0.41010232985109007 0.030364477282365004 0.02248671877898422 4.9335252215353544e-18 -0.020404630826999511
5 9 1.0346456523779104 0.38560653753958318 0.047391427046796122 0.03507079204294862 1.1819905080271097e-17 -0.031874549455828398
5 10 1.0435231331105235 0.36089264115658343 0.067585054521386703 0.049942013290678496 2.340353811669175e-17 -0.045536083528697383
5 11 1.0518103835906087 0.33597461920322857 0.088030810202636131 0.065141288335153494 3.554322889036658e-17 -0.059211790202365458
5 12 1.0595027164415396 0.3108665656367321 0.105321130395578 0.078302675170067851 5.6763451822550159e-17 -0.070436010456393569
5 13 1.0665957807798354 0.28558268189865976 0.11761685139121665 0.087828059861855393 9.1349590094133165e-17 -0.078230145289944916
5 14 1.0730855646760791 0.26013726888240857 0.12571887733666651 0.094832966808742439 1.1897216296985874e-16 -0.082534505057241095
5 15 1.0789683974241151 0.23454471884443462 0.13065349757396164 0.099671549650900498 1.9831857877325189e-16 -0.084474366635668111
5 16 1.0842409516172493 0.20881950726380763 0.13270699284718601 0.1033734304230547 2.0743911313559113e-16 -0.083217064554771125
5 17 1.0889002450302738 0.18297618465469065 0.12900803712150907 0.10322295497064211 2.401242584259437e-16 -0.077382783673588904
5 18 1.0929436423062515 0.15702936833637948 0.11958015276426001 0.099005756211342069 2.6023884998919583e-16 -0.067061711670252364
5 19 1.0963688564471088 0.13099373416555821 0.10666282111482073 0.091130154445629816 2.6446769587752e-16 -0.055427902349700207
5 20 1.0991739501071909 0.10488400823544326 0.093830031962807592 0.082741718961321473 3.0326285463126783e-16 -0.044247969913513416
5 21 1.1013573366890506 0.078714958546512656 0.079709365132989485 0.072865191896629447 3.0319854580528138e-16 -0.032314806200433963
5 22 1.1029177812408475 0.052501386653534585 0.067316093497018351 0.064031237536051805 2.7200229272079557e-16 -0.020771544557423409
5 23 1.1038544011548534 0.026258119293614667 0.059328486239555389 0.058407827856483192 3.5871069171503754e-16 -0.010411288323955851
5 24 1.1041666666666667 6.7610708702926795e-17 0.055999826301646939 0.055999826301646939 2.8405939911572305e-16 -2.8888973029161036e-17
5 25 1.1038544011548534 -0.026258119293614535 0.059328486239555354 0.058407827856483165 3.8594691770564963e-16 0.010411288323955784
5 26 1.1029177812408475 -0.052501386653534453 0.067316093497018156 0.064031237536051638 2.9920888951152903e-16 0.020771544557423253
5 27 1.1013573366890506 -0.078714958546512545 0.079709365132989499 0.072865191896629516 3.4088143558229345e-16 0.032314806200433831
5 28 1.0991739501071909 -0.10488400823544312 0.093830031962807731 0.082741718961321598 3.0122292821218225e-16 0.044247969913513444
5 29 1.0963688564471088 -0.1309937341655581 0.10666282111482073 0.091130154445629816 2.7710030238102642e-16 0.055427902349700214
5 30 1.0929436423062515 -0.15702936833637934 0.11958015276426001 0.099005756211342139 2.574166494395457e-16 0.067061711670252266
5 31 1.0889002450302738 -0.18297618465469051 0.1290080371215091 0.10322295497064213 2.3078948938120645e-16 0.077382783673588917
5 32 1.0842409516172493 -0.20881950726380774 0.13270699284718601 0.10337343042305472 2.0058949466765506e-16 0.083217064554771125
5 33 1.0789683974241151 -0.23454471884443451 0.13065349757396164 0.099671549650900498 1.9012815989771522e-16 0.084474366635668124
5 34 1.0730855646760791 -0.2601372688824084 0.12571887733666651 0.094832966808742425 1.2579468607795261e-16 0.082534505057241109
5 35 1.0665957807798354 -0.28558268189865993 0.11761685139121675 0.087828059861855476 1.0524084202969011e-16 0.078230145289944944
5 36 1.0595027164415396 -0.31086656563673198 0.10532113039557804 0.078302675170067879 7.9851805875373692e-17 0.070436010456393597
5 37 1.0518103835906087 -0.33597461920322841 0.088030810202636242 0.065141288335153591 4.1418396791287272e-17 0.059211790202365486
5 38 1.0435231331105235 -0.36089264115658359 0.067585054521386759 0.049942013290678544 2.0514664118367586e-17 0.04553608352869741
5 39 1.0346456523779104 -0.38560653753958302 0.047391427046796185 0.035070792042948683 1.1185611237908862e-17 0.031874549455828426
5 40 1.0251829626113016 -0.41010232985108996 0.030364477282365073 0.022486718778984269 6.9844079361513905e-18 0.020404630826999559
5 41 1.0151404160310682 -0.43436616295246538 0.017794674821625864 0.013268345504325312 2.5323056096915665e-18 0.011857548633054632
5 42 1.0045236928321342 -0.45838431290421577 0.009631642367334629 0.007196868263771786 2.0142400911768671e-18 0.0064010641213902786
5 43 0.99333879797118518 -0.48214319472843215 0.0048036348954794339 0.0036279946726448312 8.2847342275068415e-19 0.0031484222817672403
5 44 0.98159205777018654 -0.50562937009262898 0.0022409213327492226 0.0016977170288771106 3.303834637269725e-19 0.0014626979556392453
5 45 0.96929011633813322 -0.52882955491064054 0.00096938795605543062 0.00074485088208223063 1.228485590849542e-19 0.00062041129326169452
5 46 0.95643993181305587 -0.55173062685627228 0.00039297892511688142 0.00030509789301379382 5.7935955630858344e-20 0.00024768470131310717
5 47 0.94304877242640617 -0.57431963278546072 0.00013830752233078258 0.0001150267009826422 2.8352586173823789e-20 7.6797322833089326e-05
5 48 0.92912421239205256 -0.59658379606273759 3.6066614301159626e-05 3.0349009454683357e-05 1.5103623653580791e-20 -1.9486874871773367e-05
6 0 0.9466548579088836 0.60784009410165729 4.449229553258766e-05 3.7438975738170515e-05 1.9371396146323108e-20 2.4039289869623846e-05
6 1 0.96084214549105518 0.58515585227197875 0.00018228867318045174 0.00014815948660395215 3.4827707338029885e-20 -0.00010619758424344159
6 2 0.97448596826235845 0.56214063868374942 0.00051590419967659533 0.0003900288691963469 8.0554116027620562e-20 -0.00033769013079651465
6 3 0.98757860909923001 0.53880747104102988 0.0012521575471897645 0.00093595640436487692 1.8982109359557667e-19 -0.0008317957273950489
6 4 1.0001126626337749 0.51516954688682937 0.0028518357409497174 0.0020963617919149591 5.1308761452436086e-19 -0.0019334514037744333
6 5 1.0120810394423394 0.49124023613840267 0.0059936103761018059 0.0043862277620549108 9.1361070973909688e-19 -0.004084650702311521
6 6 1.0234769700553819 0.46703307352505014 0.011775024890246026 0.0085067016269286724 2.3987861016384924e-18 -0.0081416975254748041
6 7 1.0342940087863715 0.4425617509327005 0.021243486515240474 0.015284877098992917 4.2633728392268473e-18 -0.0147532454528448
6 8 1.0445260373775527 0.41784010965960117 0.035317990788596564 0.025202896968742537 9.9578717885215582e-18 -0.024742159520267017
6 9 1.0541672684605126 0.39288213258749982 0.053567611120879148 0.038120717255041445 1.2388946554403777e-17 -0.037633759806308495
6 10 1.0632122488295899 0.36770193627274539 0.074106597390873635 0.052677935557597186 2.687138434306773e-17 -0.052123151115820658
6 11 1.0716558625262804 0.34231376296178001 0.093646004099338764 0.066667844134252474 3.6873415492878201e-17 -0.065764524192488391
6 12 1.0794933337328891 0.31673197253553836 0.10904342307676458 0.078377635229574277 8.1107539532960904e-17 -0.075811703661888982
6 13 1.0867202294737945 0.2909710343873137 0.1195747460535217 0.087031762350436845 1.0637490895186887e-16 -0.081997513596091975
6 14 1.0933324621227976 0.26504551923868042 0.12661792262333688 0.094502191888108267 1.7791190606110789e-16 -0.084270006869541045
6 15 1.0993262917151361 0.23897009089810317 0.13132044378508417 0.10115030846505207 1.9832232067199537e-16 -0.083747680883331121
6 16 1.1046983280628577 0.21275949796689833 0.13282089147740703 0.10687636057327744 2.2904123377732599e-16 -0.078859576231830736
6 17 1.1094455326723545 0.18642856549723197 0.12810186326079298 0.1080622247064276 2.6258997251198427e-16 -0.068794207331609333
6 18 1.1135652204629733 0.1599921866068772 0.11891056985942675 0.10498273383782372 2.9127642460033952e-16 -0.055842181370629421
6 19 1.1170550612857335 0.1334653140554744 0.10764134726689203 0.098245577922656938 2.7576176319138728e-16 -0.043982565410339479
6 20 1.1199130812412887 0.10686295178705539 0.096105010655137976 0.090097586553150449 2.6716278231093137e-16 -0.033445447677101683
6 21 1.1221376637963911 0.080200146443616671 0.082537876507151178 0.079303921834614099 2.7181402137348847e-16 -0.02287769743569391
6 22 1.1237275506982218 0.053491978854544667 0.072012926078052847 0.070577049061907371 3.1406659116502781e-16 -0.014308796875916029
6 23 1.1246818426860772 0.026753555506701734 0.065403644022442059 0.065021742487394521 2.7010153271120652e-16 -0.0070575955762054434
6 24 1.125 6.8886382452038619e-17 0.062605129240259821 0.062605129240259821 3.5426695479416232e-16 5.6022203320835224e-18
6 25 1.1246818426860772 -0.026753555506701599 0.065403644022441962 0.065021742487394438 2.8192560482050469e-16 0.0070575955762053914
6 26 1.1237275506982218 -0.053491978854544535 0.072012926078052777 0.070577049061907302 3.2373988571674544e-16 0.014308796875915953
6 27 1.1221376637963911 -0.080200146443616546 0.082537876507151109 0.079303921834614058 2.5661372643744963e-16 0.022877697435693786
6 28 1.1199130812412887 -0.10686295178705525 0.09610501065513781 0.090097586553150227 2.7024732253664342e-16 0.033445447677101781
6 29 1.1170550612857335 -0.13346531405547427 0.1076413472668919 0.098245577922656757 2.0504446944060232e-16 0.043982565410339521
6 30 1.1135652204629733 -0.15999218660687706 0.11891056985942666 0.10498273383782356 2.9035731771925313e-16 0.055842181370629539
6 31 1.1094455326723545 -0.18642856549723183 0.12810186326079293 0.10806222470642758 2.2596838688551162e-16 0.068794207331609292
6 32 1.1046983280628577 -0.21275949796689844 0.13282089147740703 0.10687636057327746 1.9978747293305678e-16 0.078859576231830722
6 33 1.0993262917151361 -0.23897009089810306 0.1313204437850842 0.1011503084650521 2.1742475888505054e-16 0.083747680883331108
6 34 1.0933324621227976 -0.26504551923868025 0.1266179226233369 0.094502191888108308 1.3306432925562205e-16 0.084270006869541017
6 35 1.0867202294737945 -0.29097103438731386 0.1195747460535217 0.087031762350436831 1.1206618949997717e-16 0.081997513596091975
6 36 1.0794933337328891 -0.3167319725355382 0.10904342307676464 0.078377635229574291 7.9048782084990355e-17 0.075811703661889038
6 37 1.0716558625262804 -0.3423137629617799 0.093646004099338834 0.06666784413425253 4.0407944552116154e-17 0.065764524192488433
6 38 1.0632122488295899 -0.3677019362727455 0.074106597390873732 0.052677935557597255 2.9737378096408157e-17 0.052123151115820734
6 39 1.0541672684605126 -0.39288213258749966 0.053567611120879224 0.038120717255041507 1.2758340437271974e-17 0.037633759806308544
6 40 1.0445260373775527 -0.41784010965960106 0.035317990788596633 0.025202896968742571 8.635611809648191e-18 0.024742159520267079
6 41 1.0342940087863712 -0.44256175093270056 0.021243486515240502 0.015284877098992943 2.9832626380515686e-18 0.014753245452844812
6 42 1.0234769700553819 -0.46703307352505002 0.011775024890246056 0.0085067016269286862 1.9201586761809777e-18 0.0081416975254748319
6 43 1.0120810394423396 -0.49124023613840256 0.0059936103761018189 0.0043862277620549221 1.1917578808714702e-18 0.0040846507023115279
6 44 1.0001126626337749 -0.51516954688682948 0.0028518357409497283 0.0020963617919149656 2.21069090702316e-19 0.0019334514037744421
6 45 0.98757860909923001 -0.53880747104103 0.0012521575471897679 0.00093595640436487974 2.3727121882363049e-19 0.00083179572739505074
6 46 0.97448596826235867 -0.56214063868374908 0.00051590419967659717 0.00039002886919634803 4.3461910290100991e-20 0.00033769013079651639
6 47 0.96084214549105529 -0.58515585227197875 0.00018228867318045234 0.00014815948660395269 3.6057023744857427e-20 0.00010619758424344185
6 48 0.94665485790888371 -0.60784009410165707 4.4492295532587728e-05 3.7438975738170576e-05 1.0110281757170702e-20 -2.4039289869623877e-05
7 0 0.96418550342571463 0.61909639214057677 5.2066350078177553e-05 4.3812322875636763e-05 1.758206580047902e-20 2.813156900537713e-05
7 1 0.97863551855570419 0.59599207175849689 0.0002317652846125585 0.00018333892858236677 2.8112525746244964e-20 -0.00014178146711686283
7 2 0.99253200471166136 0.57255065051122622 0.00065215630175058457 0.00047880767772650885 5.7495926308518273e-20 -0.00044277652338752915
7 3 1.0058671018603267 0.54878538717141934 0.0015618642140259481 0.0011315213176131731 2.5142890141673731e-19 -0.0010766054666598349
7 4 1.0186332674973633 0.52470972368102986 0.0035043060005979978 0.0024916345553071232 3.7132951561290575e-19 -0.0024641261714097771
7 5 1.0308232809134938 0.50033727754837309 0.0072354491597818133 0.0051102773462339034 1.5162236956207951e-18 -0.0051221860556168713
7 6 1.0424302472786298 0.47568183414588439 0.013946967433843223 0.0097046876589495235 1.6216090861209451e-18 -0.010016832735097269
7 7 1.0534476015416745 0.45075733891293568 0.024628875876408142 0.017024889152165525 6.2708100230599946e-18 -0.017797041222967248
7 8 1.0638691121438035 0.42557788946811231 0.039994314422544371 0.027376707207157253 1.1111079854777368e-17 -0.029155807116643583
7 9 1.0736888845431145 0.40015772763541646 0.059182165871696696 0.040301603575798768 2.4307450632375502e-17 -0.043339468230288489
7 10 1.0829013645486563 0.3745112313889073 0.079747876144458385 0.054265527720480267 3.6770162494255471e-17 -0.0584377981341671
7 11 1.0915013414619523 0.34865290672033145 0.098332244858957529 0.067027093858058315 7.411256127518238e-17 -0.071948586281768048
7 12 1.0994839510242389 0.32259737943434458 0.11211784812278512 0.077651956678929421 9.1728584798620855e-17 -0.080873886339272602
7 13 1.1068446781677537 0.29635938687596763 0.12106081473000946 0.085813551515731973 1.4837388490224391e-16 -0.085391775009953319
7 14 1.1135793595695158 0.26995376959495226 0.12687271299458605 0.093844087928555767 1.9970819701411037e-16 -0.085381335568519304
7 15 1.119684186006157 0.24339546295177175 0.13008172698698695 0.10160863851078437 2.0326496442941525e-16 -0.081221550563269559
7 16 1.1251557045084661 0.21669948866998903 0.12891946818827216 0.1073876834045587 2.3033697295810648e-16 -0.071331022219993323
7 17 1.1299908203144351 0.18988094633977329 0.12203817445762741 0.1080674505939425 2.2258656806743259e-16 -0.056698696167337928
7 18 1.134186798619695 0.16295500487737491 0.11164155607820594 0.10360894659932675 3.1523984901123213e-16 -0.041581525081952703
7 19 1.137741266124358 0.13593689394539057 0.099353694826837813 0.094826315174486697 3.8074357501881162e-16 -0.029650069581256201
7 20 1.1406522123753866 0.10884189533866752 0.08545862197701945 0.083127588001454408 2.898876251614535e-16 -0.019823727784439655
7 21 1.1429179909037315 0.081685334340720672 0.070190184319849622 0.069274275494675921 3.1484924111267506e-16 -0.011302067489720983
7 22 1.1445373201555964 0.054482571055554749 0.05909927313900782 0.058747484383442496 2.5273348385810637e-16 -0.0064387238002753576
7 23 1.1455092842173007 0.027248991719788802 0.051403832840611799 0.051327339800911136 3.0995212670803981e-16 -0.0028032516239830906
7 24 1.1458333333333333 7.0162056201150444e-17 0.048352126458442696 0.048352126458442696 1.9778690916259439e-16 -1.4046170438428006e-17
7 25 1.1455092842173007 -0.027248991719788663 0.051403832840611868 0.051327339800911205 3.0543453407885086e-16 0.0028032516239831448
7 26 1.1445373201555964 -0.05448257105555461 0.059099273139007667 0.058747484383442329 3.074395311784521e-16 0.0064387238002754314
7 27 1.1429179909037315 -0.081685334340720547 0.070190184319849663 0.069274275494675949 2.7322929701524673e-16 0.011302067489721039
7 28 1.1406522123753866 -0.10884189533866738 0.085458621977019256 0.083127588001454256 2.9305627630771553e-16 0.019823727784439412
7 29 1.137741266124358 -0.13593689394539046 0.09935369482683773 0.094826315174486669 2.93952374518812e-16 0.029650069581255999
7 30 1.134186798619695 -0.16295500487737477 0.111641556078206 0.10360894659932682 3.0067240914909319e-16 0.041581525081952682
7 31 1.1299908203144351 -0.18988094633977315 0.12203817445762731 0.10806745059394253 2.1881712635854164e-16 0.056698696167337685
7 32 1.1251557045084661 -0.21669948866998914 0.12891946818827218 0.1073876834045588 2.8114619779741278e-16 0.071331022219993254
7 33 1.119684186006157 -0.24339546295177161 0.13008172698698695 0.10160863851078442 2.053817797282315e-16 0.081221550563269518
7 34 1.1135793595695158 -0.2699537695949521 0.12687271299458605 0.093844087928555767 1.5436823555057736e-16 0.085381335568519304
7 35 1.1068446781677537 -0.2963593868759678 0.12106081473000953 0.085813551515732042 1.239450871090943e-16 0.085391775009953361
7 36 1.0994839510242389 -0.32259737943434447 0.11211784812278518 0.077651956678929421 8.8736524711188246e-17 0.080873886339272658
7 37 1.0915013414619523 -0.34865290672033133 0.09833224485895764 0.067027093858058412 6.6857352034488532e-17 0.071948586281768104
7 38 1.0829013645486563 -0.37451123138890746 0.079747876144458468 0.054265527720480336 3.2753243410653138e-17 0.058437798134167149
7 39 1.0736888845431145 -0.40015772763541629 0.059182165871696814 0.040301603575798851 2.595689605930431e-17 0.043339468230288572
7 40 1.0638691121438035 -0.42557788946811215 0.03999431442254444 0.027376707207157288 1.0994997132557312e-17 0.029155807116643645
7 41 1.0534476015416743 -0.45075733891293573 0.02462887587640818 0.017024889152165549 4.0816601489219088e-18 0.017797041222967273
7 42 1.0424302472786298 -0.47568183414588427 0.013946967433843254 0.0097046876589495408 3.488309065271196e-18 0.010016832735097295
7 43 1.0308232809134941 -0.50033727754837298 0.007235449159781829 0.0051102773462339147 1.5970169442493569e-18 0.0051221860556168817
7 44 1.0186332674973633 -0.52470972368102997 0.0035043060005980078 0.0024916345553071297 8.475788592362408e-19 0.0024641261714097853
7 45 1.0058671018603267 -0.54878538717141934 0.0015618642140259511 0.0011315213176131759 3.1391524619272312e-19 0.0010766054666598362
7 46 0.99253200471166159 -0.57255065051122578 0.00065215630175058674 0.0004788076777265102 1.2039656707831861e-19 0.00044277652338753094
7 47 0.97863551855570441 -0.59599207175849689 0.00023176528461255896 0.00018333892858236726 4.4744456766539815e-20 0.00014178146711686296
7 48 0.96418550342571485 -0.61909639214057666 5.2066350078177634e-05 4.3812322875636837e-05 3.4401394045556875e-20 -2.813156900537717e-05
8 0 0.981716148942546 0.63035269017949647 5.7527093706376778e-05 4.8407380194241011e-05 4.0907775063464869e-20 3.1082021379447927e-05
8 1 0.99642889162035353 0.60682829124501503 0.00028343377706000627 0.00021725045507846511 5.242277240562739e-20 -0.00018203556176390692
8 2 1.0105780411609644 0.58296066233870314 0.00079483202231866751 0.00056439135021987298 1.6459190660739436e-19 -0.00055966092189840388
8 3 1.0241555946214238 0.55876330330180879 0.0018780295170363664 0.0013131618483597331 3.0576027618872614e-19 -0.0013426097075741321
8 4 1.0371538723609517 0.53424990047523047 0.0041579276071478629 0.0028460967755530872 9.5707874996054893e-19 -0.0030311870827233133
8 5 1.0495655223846485 0.50943431895834357 0.0084425076665972498 0.0057241907281288763 1.7833648650110235e-18 -0.0062056084478926601
8 6 1.0613835245018777 0.48433059476671869 0.015990342566062802 0.010653798509079132 3.3279568323413967e-18 -0.011924245582341184
8 7 1.0726011942969778 0.45895292689317091 0.027687289709313955 0.018261351356996941 4.4423363488676047e-18 -0.020811272379741428
8 8 1.0832121869100546 0.43331566927662346 0.043992645453631872 0.028661475850547138 1.6947832340911255e-17 -0.033374730801572917
8 9 1.0932105006257167 0.40743332268333315 0.063661419089429738 0.041111910104181193 1.7527876990425624e-17 -0.048606451506623412
8 10 1.1025904802677229 0.38132052650506931 0.083717324483030708 0.053956169472334357 4.135999164767419e-17 -0.064010328810823858
8 11 1.1113468203976242 0.35499205047888299 0.10099176510830536 0.065180022730390613 6.0654567632354578e-17 -0.07714208486006123
8 12 1.1194745683155889 0.3284627863331509 0.11278169106138257 0.07438523156095532 1.0909605019702901e-16 -0.0847735050843611
8 13 1.126969126861713 0.30174773936462168 0.11979133750123411 0.08193024347248469 1.4946548159972313e-16 -0.087392217873641112
8 14 1.1338262570162345 0.27486201995122411 0.12373541809287712 0.090250936006416524 2.3408618082670115e-16 -0.084647635764886056
8 15 1.1400420802971782 0.24782083500544036 0.12454812972233885 0.098509155381054009 2.3459887738315038e-16 -0.076211435647440109
8 16 1.1456130809540748 0.22063947937307976 0.12107144842129892 0.10419186363373489 2.0495978100156253e-16 -0.061663207631134774
8 17 1.1505361079565157 0.19333332718231463 0.11308074786871505 0.10428956828790348 3.275741806520815e-16 -0.043714316703691282
8 18 1.1548083767764168 0.16591782314787265 0.10160461134270225 0.097682397241985103 3.2142682326466872e-16 -0.027957938320995732
8 19 1.1584274709629829 0.1384084738353068 0.087916231602386055 0.086349572708884451 3.4317414534992707e-16 -0.016523167739796802
8 20 1.1613913435094847 0.11082083889027967 0.071883478761582492 0.071544837103654363 3.1793387585753476e-16 -0.0069692756207832256
8 21 1.1636983180110723 0.083170522237824701 0.055681617421675919 0.055681247984756196 2.7718013581484941e-16 -0.00020283380873713997
8 22 1.165347089612971 0.055473163256564845 0.042778608279517211 0.042745329236976284 2.5516922594949907e-16 0.0016870550538968657
8 23 1.1663367257485244 0.027744427932875876 0.032952694035720487 0.032900671799889092 3.0031875237889501e-16 0.0018509023009849717
8 24 1.1666666666666667 7.1437729950262281e-17 0.029345507735194374 0.029345507735194374 2.5869317712602455e-16 -8.7040050792799967e-17
8 25 1.1663367257485244 -0.027744427932875734 0.032952694035720424 0.032900671799889029 2.5536090310996057e-16 -0.0018509023009849869
8 26 1.165347089612971 -0.055473163256564706 0.042778608279517218 0.042745329236976291 2.9853352050918526e-16 -0.0016870550538968831
8 27 1.1636983180110723 -0.083170522237824576 0.055681617421675933 0.05568124798475621 1.8953337514698086e-16 0.00020283380873721178
8 28 1.1613913435094847 -0.11082083889027952 0.071883478761582575 0.071544837103654432 2.6718561284433558e-16 0.0069692756207831909
8 29 1.1584274709629829 -0.13840847383530666 0.087916231602385958 0.086349572708884326 2.0058284201700808e-16 0.016523167739796944
8 30 1.1548083767764168 -0.16591782314787251 0.10160461134270225 0.097682397241985103 2.6646956039240495e-16 0.02795793832099569
8 31 1.1505361079565157 -0.19333332718231452 0.11308074786871511 0.10428956828790353 2.3419885704875209e-16 0.043714316703691282
8 32 1.1456130809540748 -0.2206394793730799 0.12107144842129915 0.10419186363373512 2.7930221575466055e-16 0.061663207631134836
8 33 1.1400420802971782 -0.24782083500544022 0.12454812972233884 0.098509155381053995 2.5813153178094528e-16 0.076211435647440096
8 34 1.1338262570162345 -0.27486201995122395 0.12373541809287721 0.090250936006416607 1.6600998276870665e-16 0.084647635764886042
8 35 1.1269691268617128 -0.30174773936462179 0.11979133750123411 0.081930243472484718 1.414929315212922e-16 0.08739221787364107
8 36 1.1194745683155889 -0.32846278633315079 0.11278169106138264 0.074385231560955389 9.9709891398653385e-17 0.084773505084361128
8 37 1.1113468203976242 -0.35499205047888288 0.10099176510830542 0.065180022730390641 6.1170553509904873e-17 0.077142084860061272
8 38 1.1025904802677229 -0.38132052650506942 0.083717324483030806 0.053956169472334427 4.4110943564218795e-17 0.064010328810823927
8 39 1.0932105006257167 -0.40743332268333304 0.063661419089429808 0.041111910104181235 1.7939719009564376e-17 0.048606451506623474
8 40 1.0832121869100546 -0.43331566927662335 0.043992645453631941 0.028661475850547177 1.1237350643349038e-17 0.033374730801572973
8 41 1.0726011942969778 -0.45895292689317102 0.027687289709313986 0.018261351356996972 6.0337887294569865e-18 0.020811272379741442
8 42 1.0613835245018777 -0.48433059476671858 0.015990342566062833 0.010653798509079148 3.1233493218946559e-18 0.011924245582341208
8 43 1.0495655223846485 -0.50943431895834346 0.0084425076665972688 0.0057241907281288884 1.9116834175134189e-18 0.0062056084478926739
8 44 1.0371538723609517 -0.53424990047523069 0.0041579276071478741 0.0028460967755530938 5.2162036109611195e-19 0.0030311870827233228
8 45 1.0241555946214238 -0.5587633033018089 0.0018780295170363712 0.0013131618483597368 3.3909575289673061e-19 0.0013426097075741354
8 46 1.0105780411609646 -0.5829606623387027 0.0007948320223186699 0.00056439135021987407 6.1990923507430019e-20 0.00055966092189840627
8 47 0.99642889162035364 -0.60682829124501503 0.00028343377706000698 0.00021725045507846571 6.4860602715132863e-20 0.00018203556176390719
8 48 0.98171614894254611 -0.63035269017949636 5.7527093706376792e-05 4.8407380194241032e-05 1.8608298685632858e-20 -3.1082021379447927e-05
9 0 0.99924679445937714 0.64160898821841594 5.9855383575684367e-05 5.0366568563485516e-05 4.1004121634683511e-20 3.2340001764564242e-05
9 1 1.0142222646850025 0.61766451073153317 0.00033480821289783925 0.00024728964097497902 5.2407051080893981e-20 -0.00022570860171980782
9 2 1.0286240776102673 0.59337067416617995 0.0009352765326047463 0.00063994966931439938 1.3281409947192312e-19 -0.00068206056416241217
9 3 1.0424440873825205 0.56874121943219824 0.0021852500848650504 0.0014681567462544183 3.9565985156363077e-19 -0.0016185900351325376
9 4 1.0556744772245401 0.54379007726943107 0.0047774637822939042 0.0031347229072941516 4.9340595032299959e-19 -0.0036052284928441464
9 5 1.0683077638558027 0.51853136036831393 0.0095603985283127177 0.0061916326207495133 3.0794877260740281e-18 -0.0072845662540630711
9 6 1.0803368017251254 0.49297935538755294 0.017821052587063627 0.011308606013499459 4.2848924524282932e-18 -0.013773356357196714
9 7 1.0917547870522808 0.46714851487340608 0.030330230648688575 0.018973046385283809 1.2704121106783535e-17 -0.02366318664221953
9 8 1.1025552616763055 0.44105344908513461 0.047274681188306605 0.029120022696092689 1.7768360264404568e-17 -0.037241371613235145
9 9 1.1127321167083188 0.41470891773124979 0.067088435566399415 0.040787376341947193 3.3826734123766792e-17 -0.053265825046527659
9 10 1.1222795959867893 0.38812982162123122 0.086395479643863626 0.052338913793004156 4.9422602079661097e-17 -0.068737304324956852
9 11 1.1311922993332961 0.36133119423743443 0.10222291714797144 0.062069274055455349 7.852690993182598e-17 -0.081221487356916894
9 12 1.1394651856069387 0.33432819323195712 0.11203178541004839 0.070119173218647107 1.0191816373545232e-16 -0.087375182341992833
9 13 1.1470935755556722 0.30713609185327562 0.11710100686652976 0.077623104451306268 1.4818277747579628e-16 -0.087677245990602656
9 14 1.154073154462953 0.27977027030749596 0.11883306325063597 0.086421656404232799 2.1336935884409306e-16 -0.081563436819927962
9 15 1.1603999745881992 0.25224620705910894 0.11752517453270829 0.095327315385499725 2.106319731693361e-16 -0.06873768682707479
9 16 1.1660704573996832 0.22457947007617046 0.11233845698051723 0.10057839654585174 2.7752274048317974e-16 -0.05003913533454505
9 17 1.1710813955985964 0.19678570802485595 0.10236861816173543 0.097847793208007017 2.6719612870644575e-16 -0.030085600354094438
9 18 1.1754299549331384 0.16888064141837036 0.088045234993381058 0.08684220053587928 3.1402008663210471e-16 -0.014505020204254157
9 19 1.1791136758016074 0.14088005372522297 0.071121157793023443 0.071061570774958935 2.8267568676856583e-16 -0.0029107120805126293
9 20 1.1821304746435826 0.1127997824418918 0.052086500315602885 0.051644071052575326 2.8027141615644071e-16 0.0067744697389427047
9 21 1.1844786451184128 0.084655710134928702 0.03403561496180018 0.032005577801807836 2.4336760308270555e-16 0.011578690573650435
9 22 1.1861568590703453 0.056463755457574927 0.018593776430817617 0.015392012236674434 2.3017638970100287e-16 0.010431417989194624
9 23 1.1871641672797482 0.028239864145962943 0.0075881247984627854 0.0035879465285396208 1.5435752991647995e-16 0.0066862753207885765
9 24 1.1875 7.2713403699374093e-17 0.00019829779077258376 -0.00019829779077258376 2.7445384871354531e-16 2.1268579249609544e-17
9 25 1.1871641672797482 -0.028239864145962801 0.0075881247984624827 0.0035879465285394764 2.0607760127198104e-16 -0.006686275320788311
9 26 1.1861568590703453 -0.056463755457574781 0.01859377643081752 0.015392012236674302 2.1963381737643824e-16 -0.010431417989194641
9 27 1.1844786451184128 -0.084655710134928577 0.034035614961800117 0.032005577801807662 2.6028584538267134e-16 -0.011578690573650728
9 28 1.1821304746435826 -0.11279978244189165 0.052086500315602552 0.051644071052575014 2.7628582029630115e-16 -0.0067744697389425165
9 29 1.1791136758016074 -0.14088005372522286 0.071121157793023554 0.071061570774959032 3.1890290842779971e-16 0.0029107120805127499
9 30 1.1754299549331384 -0.16888064141837023 0.088045234993380891 0.086842200535879155 2.8246375097224614e-16 0.014505020204253906
9 31 1.1710813955985964 -0.19678570802485584 0.10236861816173536 0.097847793208006975 2.4295017015354276e-16 0.030085600354094282
9 32 1.1660704573996832 -0.2245794700761706 0.11233845698051738 0.10057839654585195 2.7053794329968933e-16 0.050039135334545001
9 33 1.1603999745881992 -0.25224620705910877 0.11752517453270825 0.095327315385499711 2.2525560698278536e-16 0.068737686827074734
9 34 1.154073154462953 -0.27977027030749579 0.11883306325063601 0.086421656404232966 1.9501226072279585e-16 0.081563436819927823
9 35 1.1470935755556719 -0.30713609185327573 0.11710100686652981 0.077623104451306324 1.7020718018840996e-16 0.087677245990602656
9 36 1.1394651856069387 -0.334328193231957 0.11203178541004839 0.070119173218647177 1.0444706439192447e-16 0.087375182341992763
9 37 1.1311922993332961 -0.36133119423743432 0.10222291714797155 0.062069274055455419 6.60052165128822e-17 0.081221487356916977
9 38 1.1222795959867893 -0.38812982162123139 0.086395479643863696 0.052338913793004233 5.0004817958036296e-17 0.068737304324956894
9 39 1.1127321167083188 -0.41470891773124968 0.067088435566399526 0.040787376341947242 2.5318363634357345e-17 0.053265825046527757
9 40 1.1025552616763055 -0.44105344908513444 0.047274681188306696 0.029120022696092734 1.5440987824028141e-17 0.037241371613235229
9 41 1.0917547870522808 -0.46714851487340614 0.030330230648688606 0.018973046385283833 8.1120839446370794e-18 0.023663186642219548
9 42 1.0803368017251254 -0.49297935538755278 0.017821052587063676 0.011308606013499482 4.0631455778148988e-18 0.013773356357196757
9 43 1.0683077638558029 -0.51853136036831382 0.0095603985283127281 0.006191632620749522 2.016251621157585e-18 0.0072845662540630789
9 44 1.0556744772245401 -0.54379007726943118 0.0047774637822939198 0.0031347229072941612 1.3322023523574719e-18 0.0036052284928441603
9 45 1.0424440873825205 -0.56874121943219824 0.0021852500848650543 0.0014681567462544219 3.3596209921623142e-19 0.0016185900351325397
9 46 1.0286240776102675 -0.5933706741661795 0.0009352765326047502 0.00063994966931440122 2.1375490312642034e-19 0.00068206056416241574
9 47 1.0142222646850028 -0.61766451073153317 0.00033480821289783974 0.00024728964097497957 8.2825674909943194e-20 0.00022570860171980796
9 48 0.99924679445937725 -0.64160898821841583 5.9855383575684509e-05 5.0366568563485645e-05 5.5972290254510203e-20 -3.2340001764564317e-05
10 0 1.0167774399762082 0.65286528625733553 5.8200484008359696e-05 4.8974018594810664e-05 4.601390519198655e-20 3.1445855712358537e-05
10 1 1.0320156377496517 0.6285007302180512 0.00038228071569485866 0.00027057549139282975 5.9489488577526756e-20 -0.00027005082678951758
10 2 1.0466701140595702 0.60378068599365675 0.0010653431096158228 0.00069930849435641393 2.6984871397094741e-19 -0.00080369370467042744
10 3 1.0607325801436174 0.57871913556258758 0.002463790803338159 0.00158331738018212 3.8739559703365137e-19 -0.0018876893802283569
10 4 1.0741950820881285 0.55333025406363157 0.0053292166296971368 0.0033349168378950258 1.4551930998717509e-18 -0.0041567871692648334
10 5 1.0870500053269572 0.52762840177828429 0.010528387609726835 0.0064771547049699736 1.8774751496607343e-18 -0.0083002055750767325
10 6 1.0992900789483731 0.50162811600838719 0.019353437915768108 0.011621625449272656 5.2337821219329491e-18 -0.015475573691346913
10 7 1.1109083798075841 0.47534410285364126 0.032451546119364842 0.01911789881591832 5.6313082661782511e-18 -0.026222295673750087
10 8 1.1218983364425565 0.4487912288936457 0.049720416485056915 0.028716029224045914 1.9519643783677055e-17 -0.040589524277222816
10 9 1.1322537327909208 0.42198451277916643 0.069382964758455942 0.039346676591299617 2.2706074607252799e-17 -0.057147483233234458
10 10 1.1419687117058557 0.39493911673739318 0.087666454001173066 0.049448966933121265 4.4610495398090535e-17 -0.072389272868201071
10 11 1.1510377782689678 0.36767033799598592 0.10187572887339125 0.057680820404352934 7.5413022660135263e-17 -0.083973728576058268
10 12 1.1594558028982884 0.34019360013076339 0.10966915666582865 0.064958995764648461 1.2441724014144664e-16 -0.088360923450598053
10 13 1.1672180242496313 0.31252444434192955 0.11252308466032562 0.072627649852250273 1.784868415475902e-16 -0.085945733218198456
10 14 1.1743200519096713 0.28467852066376781 0.11216851451235305 0.082251134844905843 2.4519923300756633e-16 -0.076266155433672364
10 15 1.1807578688792202 0.25667157911277749 0.10933338313061128 0.091786158384792815 2.6489960635377978e-16 -0.059406142744221006
10 16 1.1865278338452916 0.22851946077926116 0.10234342130021386 0.095205236766570264 2.5029321232549937e-16 -0.03755181454542994
10 17 1.191626683240677 0.20023808886739727 0.089809432613123352 0.088226133293194176 2.9381519429551579e-16 -0.016789389221251567
10 18 1.19605153308986 0.17184345968886808 0.072457728022895893 0.072449917920972412 2.4765889765503046e-16 -0.001063834331234446
10 19 1.1997998806402321 0.14335163361513917 0.053101195588165936 0.051788980481511225 2.8146838614761849e-16 0.011731942446939592
10 20 1.2028696057776804 0.11477872599350393 0.03466302338391615 0.027373314053046389 2.6938882107767323e-16 0.021265626439566993
10 21 1.2052589722257532 0.086140898032032717 0.023988731176316148 0.0030448802958334231 9.7853113409789692e-17 0.02379470376856177
10 22 1.2069666285277199 0.057454347658585009 0.026380199978347566 -0.01768134169917011 2.0611124770798328e-16 0.019577668569438933
10 23 1.2079916088109717 0.02873530035905001 0.033652573766125654 -0.031624605465503615 9.2973399070960054e-17 0.011505652968683153
10 24 1.2083333333333333 7.3989077448485917e-17 0.036146979301405424 -0.036146979301405424 1.3823657087001419e-16 3.9354041493906493e-17
10 25 1.2079916088109717 -0.028735300359049865 0.033652573766125585 -0.031624605465503594 1.3566148826074072e-16 -0.011505652968683003
10 26 1.2069666285277199 -0.057454347658584863 0.026380199978347472 -0.017681341699170072 2.099368902249185e-16 -0.019577668569438843
10 27 1.2052589722257532 -0.086140898032032578 0.023988731176316183 0.0030448802958334448 1.2588450571439065e-16 -0.023794703768561798
10 28 1.2028696057776804 -0.11477872599350378 0.034663023383916206 0.027373314053046473 2.3430099398503746e-16 -0.021265626439566976
10 29 1.1997998806402321 -0.14335163361513903 0.053101195588165714 0.051788980481510968 1.6794268116722291e-16 -0.011731942446939697
10 30 1.19605153308986 -0.17184345968886794 0.072457728022895962 0.072449917920972481 2.9388124395468951e-16 0.0010638343312342278
10 31 1.191626683240677 -0.20023808886739716 0.089809432613123422 0.088226133293194259 2.2942253721081348e-16 0.016789389221251515
10 32 1.1865278338452916 -0.22851946077926127 0.10234342130021389 0.095205236766570375 2.6917030846697474e-16 0.03755181454542976
10 33 1.1807578688792202 -0.25667157911277733 0.10933338313061114 0.091786158384792774 2.1723068910587242e-16 0.059406142744220805
10 34 1.1743200519096713 -0.28467852066376764 0.1121685145123531 0.082251134844905996 2.1020317958162852e-16 0.076266155433672281
10 35 1.1672180242496311 -0.31252444434192966 0.11252308466032566 0.072627649852250342 1.8840843813775916e-16 0.085945733218198442
10 36 1.1594558028982884 -0.34019360013076327 0.10966915666582863 0.064958995764648503 1.1886709205397681e-16 0.088360923450598025
10 37 1.1510377782689678 -0.36767033799598581 0.10187572887339132 0.057680820404352989 7.4989575340737315e-17 0.08397372857605831
10 38 1.1419687117058557 -0.39493911673739329 0.087666454001173094 0.049448966933121279 4.8056657832429834e-17 0.072389272868201099
10 39 1.1322537327909208 -0.42198451277916627 0.069382964758455998 0.039346676591299645 2.6638605647858491e-17 0.057147483233234507
10 40 1.1218983364425565 -0.44879122889364559 0.049720416485056977 0.028716029224045949 1.5934342701722976e-17 0.040589524277222865
10 41 1.1109083798075838 -0.47534410285364131 0.032451546119364891 0.019117898815918348 1.132647332443951e-17 0.026222295673750125
10 42 1.0992900789483731 -0.50162811600838708 0.019353437915768133 0.011621625449272669 4.3403089274749512e-18 0.015475573691346934
10 43 1.0870500053269572 -0.52762840177828418 0.010528387609726851 0.006477154704969984 2.5429687145373417e-18 0.0083002055750767446
10 44 1.0741950820881285 -0.55333025406363168 0.0053292166296971489 0.0033349168378950336 7.4324129744406575e-19 0.0041567871692648429
10 45 1.0607325801436174 -0.57871913556258769 0.0024637908033381642 0.0015833173801821235 3.2167184131157958e-19 0.0018876893802283609
10 46 1.0466701140595704 -0.60378068599365631 0.0010653431096158269 0.00069930849435641566 9.6188605085748244e-20 0.00080369370467043156
10 47 1.0320156377496519 -0.6285007302180512 0.00038228071569485958 0.00027057549139283051 3.637892096875232e-20 0.00027005082678951823
10 48 1.0167774399762084 -0.65286528625733542 5.8200484008359662e-05 4.8974018594810644e-05 2.4623576426634908e-20 -3.144585571235851e-05
11 0 1.0343080854930395 0.66412158429625512 5.2294155312100669e-05 4.4004014370170439e-05 3.7839664276430331e-20 2.8254652698554622e-05
11 1 1.049809010814301 0.63933694970456945 0.00042314611636189267 0.00028509546118452451 7.7959886427685056e-20 -0.00031268708608469213
11 2 1.0647161505088731 0.61419069782113367 0.0011764451853611077 0.00073752095308461413 1.6299276273902285e-19 -0.00091656211896439042
11 3 1.0790210729047143 0.58869705169297715 0.002698535827961179 0.001650262931393806 4.3455788982712214e-19 -0.0021351177653838316
11 4 1.0927156869517172 0.56287043085783217 0.0057832027993451893 0.0034331744871902601 9.9537201441234922e-19 -0.0046538959548812348
11 5 1.1057922467981116 0.53672544318825477 0.011302425949615487 0.0065641547351749712 2.8243776849049024e-18 -0.009200907833427174
11 6 1.118243356171621 0.5102768766292215 0.020531489535916197 0.011586071603252205 5.7932681346958433e-18 -0.016950073963489045
11 7 1.1300619725628873 0.48353969083387649 0.033990708262987723 0.018706594240386246 1.2748069397574276e-17 -0.028380126499807753
11 8 1.1412414112088076 0.4565290087021569 0.051317133381368701 0.027534785543925543 1.6200334443772578e-17 -0.043304546684282644
11 9 1.151775348873523 0.42926010782708313 0.070587938511448248 0.03696298923341227 3.7785161598750589e-17 -0.06013646556147649
11 10 1.1616578274249223 0.40174841185355514 0.087663630827193723 0.0455871408441125 5.5298442227315489e-17 -0.07487806594367645
11 11 1.1708832572046399 0.37400948175453747 0.10026207242846399 0.052585244179286741 8.5880264679524645e-17 -0.08536553907904143
11 12 1.1794464201896384 0.34605900702956971 0.10598383335898422 0.059511963318229784 1.1895493885274883e-16 -0.087697771667669011
11 13 1.1873424729435904 0.31791279683058354 0.10673257870775946 0.067820113999328802 1.6454177882243558e-16 -0.082415262510812368
11 14 1.19456694935639 0.28958677102003971 0.1048364122061092 0.078719276352872139 2.4723606142566914e-16 -0.06923834815136326
11 15 1.2011157631702414 0.2610969511664461 0.10073339834147009 0.088089677713212064 2.3691685598702699e-16 -0.048861295744215757
11 16 1.2069852102909002 0.23245945148235189 0.092069981607188725 0.088677160423408924 2.11464853072695e-16 -0.024763738255543507
11 17 1.2121719708827579 0.20369046970993865 0.077065248610002218 0.076995589169782691 2.4746380240287997e-16 -0.0032759413486036122
11 18 1.2166731112465821 0.17480627795936582 0.057978138451115734 0.056345323876940773 2.3412983681124421e-16 0.013662686978021293
11 19 1.2204860854788568 0.14582321350505537 0.041670594801843576 0.030821745959645708 1.4115149848727186e-16 0.028043866479829354
11 20 1.2236087369117785 0.11675766954511609 0.037312562618162057 0.0010728448740457107 2.3877417919627919e-16 0.037297135721265494
11 21 1.226039299333094 0.087626085929136732 0.047990753695845281 -0.029275382986294549 1.7127703500572453e-16 0.038027153342066806
11 22 1.2277763979850944 0.058444939859595098 0.063459321173359381 -0.0555150997087102 1.3654181450974128e-16 0.030743440733196119
11 23 1.2288190503421954 0.029230736572137084 0.075756600090989085 -0.073705370656955607 1.6460574109857322e-16 0.017509448696827572
11 24 1.2291666666666667 7.5264751197597754e-17 0.0800854669435766 -0.0800854669435766 1.4473734101920809e-16 1.9321697036591158e-18
11 25 1.2288190503421954 -0.029230736572136935 0.075756600090989029 -0.073705370656955524 8.4097814412412924e-17 -0.017509448696827697
11 26 1.2277763979850944 -0.058444939859594952 0.063459321173359368 -0.055515099708710137 4.875659015385712e-17 -0.030743440733196212
11 27 1.226039299333094 -0.087626085929136593 0.047990753695845302 -0.029275382986294802 1.4630944996720267e-16 -0.038027153342066647
11 28 1.2236087369117785 -0.11675766954511593 0.037312562618162237 0.0010728448740455194 2.2934216097450478e-16 -0.037297135721265681
11 29 1.2204860854788568 -0.14582321350505523 0.041670594801843507 0.030821745959645548 1.764831819820703e-16 -0.028043866479829416
11 30 1.2166731112465821 -0.17480627795936568 0.057978138451115706 0.056345323876940745 3.0500888839454145e-16 -0.013662686978021287
11 31 1.2121719708827579 -0.20369046970993851 0.077065248610002093 0.07699558916978258 2.4571892338386986e-16 0.0032759413486034296
11 32 1.2069852102909002 -0.23245945148235203 0.09206998160718867 0.088677160423408882 2.8498601171672492e-16 0.02476373825554342
11 33 1.2011157631702414 -0.26109695116644593 0.10073339834147006 0.088089677713212106 2.5450305039305072e-16 0.048861295744215653
11 34 1.19456694935639 -0.28958677102003955 0.10483641220610936 0.078719276352872417 2.2603829991085712e-16 0.069238348151363177
11 35 1.1873424729435904 -0.31791279683058365 0.10673257870775951 0.067820113999328829 1.7632141669593966e-16 0.082415262510812395
11 36 1.1794464201896384 -0.34605900702956954 0.10598383335898423 0.059511963318229832 1.1543507814618181e-16 0.087697771667668983
11 37 1.1708832572046399 -0.3740094817545373 0.10026207242846409 0.05258524417928679 7.2847219627219217e-17 0.0853655390790415
11 38 1.1616578274249223 -0.40174841185355531 0.087663630827193764 0.045587140844112549 5.6774666774771001e-17 0.074878065943676464
11 39 1.151775348873523 -0.42926010782708302 0.070587938511448359 0.036962989233412326 3.0534301109192805e-17 0.060136465561476574
11 40 1.1412414112088076 -0.45652900870215674 0.051317133381368743 0.027534785543925567 1.7230187900849825e-17 0.043304546684282672
11 41 1.1300619725628871 -0.4835396908338766 0.033990708262987793 0.018706594240386287 1.0598691137282092e-17 0.028380126499807801
11 42 1.118243356171621 -0.51027687662922139 0.020531489535916249 0.011586071603252228 6.5777864874968915e-18 0.01695007396348909
11 43 1.1057922467981118 -0.53672544318825466 0.011302425949615516 0.006564154735174986 2.9876032769040081e-18 0.0092009078334272
11 44 1.0927156869517172 -0.56287043085783228 0.0057832027993452023 0.0034331744871902675 1.6727460340941892e-18 0.0046538959548812469
11 45 1.0790210729047143 -0.58869705169297715 0.0026985358279611833 0.0016502629313938091 5.3659071088734849e-19 0.002135117765383835
11 46 1.0647161505088734 -0.61419069782113322 0.0011764451853611118 0.00073752095308461587 2.6521279612883945e-19 0.00091656211896439432
11 47 1.0498090108143012 -0.63933694970456945 0.00042314611636189294 0.00028509546118452494 8.2687804387190246e-20 0.00031268708608469213
11 48 1.0343080854930395 -0.66412158429625501 5.2294155312100669e-05 4.4004014370170446e-05 7.2611027247745937e-20 -2.8254652698554615e-05
12 0 1.0518387310098707 0.67537788233517471 4.2225142613664343e-05 3.5531232338774009e-05 5.5405740743964023e-20 2.2814341919773895e-05
12 1 1.0676023838789501 0.65017316919108747 0.00045461732939571881 0.00028955263515143811 9.9215533363989236e-20 -0.00035047993903182767
12 2 1.0827621869581761 0.62460070964861047 0.0012621467173092658 0.00075164258160456991 2.3865408640610167e-19 -0.0010139269034468773
12 3 1.0973095656658112 0.59867496782336649 0.0028754075333048751 0.0016642915243817449 5.3696404694152385e-19 -0.0023448032336333708
12 4 1.1112362918153054 0.57241060765203267 0.0061173586248472397 0.0034235314303782305 1.1866300107799001e-18 -0.0050696655797207463
12 5 1.1245344882692661 0.54582248459822524 0.011849694962624379 0.0064512773531973386 1.7288340158380715e-18 -0.0099396323482998459
12 6 1.1371966333948689 0.51892563725005569 0.021314860977916971 0.01121177931460143 5.9190025625216296e-18 -0.0181278598601325
12 7 1.1492155653181904 0.49173527881411166 0.034922078751630316 0.017780878429876516 8.8383672268452177e-18 -0.030056479278136046
12 8 1.1605844859750585 0.46426678851066799 0.052058341677596633 0.02567557201534831 2.2917905901947678e-17 -0.045286156161746131
12 9 1.1712969649561251 0.43653570287499976 0.070751463158428674 0.033784547461368372 2.771794605939606e-17 -0.062164088442516689
12 10 1.1813469431439887 0.4085577069697171 0.08650673328922974 0.041011896498618111 5.0698046594730672e-17 -0.076167179611434765
12 11 1.1907287361403116 0.3803486255130889 0.097482297686890262 0.047053200099282884 6.7922171848962e-17 -0.085374438345047599
12 12 1.199437037480988 0.35192441392837592 0.10112956636794668 0.053918619654462464 1.2536487001987958e-16 -0.085556832855864559
12 13 1.2074669216375495 0.32330114931923748 0.10003521412782342 0.063454298019301511 1.7333156540346605e-16 -0.077334314042843563
12 14 1.2148138468031084 0.29449502137631156 0.096876757859398019 0.075291165895413376 2.6179059925011716e-16 -0.060961845046371234
12 15 1.2214736574612624 0.26552232322011465 0.09201313153883646 0.083931834251414539 2.2978405856718367e-16 -0.037707606325200468
12 16 1.2274425867365086 0.23639944218544259 0.082393325133719553 0.081518259916953176 2.1788539714396308e-16 -0.011976365337734414
12 17 1.2327172585248383 0.20714285055247997 0.066201088949313563 0.06535501055129575 2.4228763860711e-16 0.010550202553266311
12 18 1.2372946894033037 0.17776909622986353 0.049755409540921197 0.040391529738519109 1.9151341355489821e-16 0.029053831140954858
12 19 1.2411722903174816 0.14829479339497156 0.045900959058351572 0.010503837361471447 1.799441687812299e-16 0.044682965917228722
12 20 1.2443478680458764 0.11873661309672821 0.059466791159761841 -0.025158197873118203 1.3652443592022253e-16 0.053882876042540266
12 21 1.2468196264404345 0.089111273826240747 0.081974929528408652 -0.062053881582782355 4.9700142246302996e-17 0.053564959177596599
12 22 1.2485861674424688 0.059435532060605187 0.10354721132340496 -0.094148046540920793 8.995902505172555e-17 0.043106499572367223
12 23 1.2496464918734191 0.029726172785224152 0.11934384219274392 -0.11683238990720204 -4.1831724280172162e-17 0.024354575297017247
12 24 1.25 7.6540424946709579e-17 0.12490362925534064 -0.12490362925534064 4.8352886300803266e-19 1.2556266143391121e-16
12 25 1.2496464918734191 -0.029726172785223999 0.11934384219274398 -0.11683238990720206 2.8183359922910388e-17 -0.024354575297017379
12 26 1.2485861674424688 -0.059435532060605034 0.1035472113234054 -0.094148046540921279 1.2103187097605062e-16 -0.043106499572367257
12 27 1.2468196264404345 -0.089111273826240608 0.081974929528408666 -0.062053881582782459 2.9614131871679405e-17 -0.053564959177596495
12 28 1.2443478680458764 -0.11873661309672806 0.059466791159761764 -0.025158197873118616 1.8064104106827876e-16 -0.053882876042539982
12 29 1.2411722903174816 -0.14829479339497142 0.045900959058351676 0.010503837361471298 1.6947929463291077e-16 -0.04468296591722886
12 30 1.2372946894033037 -0.17776909622986339 0.049755409540920913 0.040391529738518686 2.6178607363604e-16 -0.029053831140954969
12 31 1.2327172585248383 -0.20714285055247983 0.066201088949313466 0.065355010551295653 2.4066809015424156e-16 -0.010550202553266419
12 32 1.2274425867365086 -0.23639944218544273 0.082393325133719358 0.081518259916952995 2.6338492582866579e-16 0.011976365337734331
12 33 1.2214736574612624 -0.26552232322011449 0.092013131538836543 0.08393183425141458 2.0211057096657272e-16 0.037707606325200545
12 34 1.2148138468031084 -0.29449502137631139 0.096876757859397936 0.075291165895413459 2.0436603240062579e-16 0.060961845046371005
12 35 1.2074669216375495 -0.32330114931923759 0.1000352141278235 0.063454298019301608 1.7934814069534865e-16 0.077334314042843577
12 36 1.199437037480988 -0.35192441392837581 0.1011295663679467 0.05391861965446252 1.2864968040297698e-16 0.085556832855864559
12 37 1.1907287361403116 -0.38034862551308879 0.097482297686890401 0.047053200099282974 7.464486043086841e-17 0.085374438345047723
12 38 1.1813469431439887 -0.40855770696971722 0.086506733289229851 0.041011896498618194 5.488013577979328e-17 0.076167179611434849
12 39 1.1712969649561251 -0.43653570287499965 0.070751463158428757 0.033784547461368435 2.762942566622005e-17 0.062164088442516759
12 40 1.1605844859750585 -0.46426678851066783 0.052058341677596716 0.025675572015348345 1.9903552265264884e-17 0.045286156161746208
12 41 1.1492155653181904 -0.49173527881411172 0.034922078751630371 0.017780878429876548 1.1256345986527138e-17 0.030056479278136091
12 42 1.1371966333948689 -0.51892563725005558 0.021314860977916999 0.011211779314601449 5.7357655575353103e-18 0.01812785986013252
12 43 1.1245344882692663 -0.54582248459822502 0.011849694962624396 0.0064512773531973464 2.3352821165204593e-18 0.0099396323482998632
12 44 1.1112362918153054 -0.57241060765203278 0.0061173586248472519 0.0034235314303782392 9.4634039399101977e-19 0.0050696655797207559
12 45 1.0973095656658112 -0.5986749678233666 0.0028754075333048785 0.0016642915243817475 4.6536983750432097e-19 0.0023448032336333734
12 46 1.0827621869581763 -0.62460070964861003 0.0012621467173092702 0.00075164258160457219 1.6211343904920329e-19 0.0010139269034468812
12 47 1.0676023838789503 -0.65017316919108747 0.0004546173293957194 0.00028955263515143865 6.2200869862760263e-20 0.00035047993903182799
12 48 1.0518387310098707 -0.6753778823351746 4.2225142613664404e-05 3.553123233877407e-05 3.5167051881103535e-20 -2.2814341919773923e-05
13 0 1.0693693765267018 0.68663418037409429 2.8806463279018658e-05 2.4239803024228337e-05 6.390637775993864e-20 1.5564198533559674e-05
13 1 1.0853957569435992 0.66100938867760561 0.00047501419480917314 0.00028364727974095104 1.1438552607375306e-19 -0.00038102848445459525
13 2 1.100808223407479 0.63501072147608728 0.0013172764925930968 0.0007410565582551032 1.8359966292451449e-19 -0.0010890603910736409
13 3 1.1155980584269078 0.60865288395375594 0.0029856941759474026 0.0016250689562118479 6.5304251512455152e-19 -0.0025046997025277851
13 4 1.1297568966788938 0.58195078444623316 0.0063166244939862094 0.0033097861285650006 1.3061409736586278e-18 -0.0053800614105403329
13 5 1.1432767297404205 0.55491952600819561 0.012152130516720783 0.0061498691593057557 4.4458864484701458e-18 -0.010481096575207981
13 6 1.1561499106181166 0.52757439787089 0.021686318741631388 0.010532995658260673 5.8735329560328094e-18 -0.018956593128162419
13 7 1.1683691580734936 0.49993086679434684 0.035247677050834918 0.016412082141067225 1.4358267111063118e-17 -0.031193625907784704
13 8 1.1799275607413093 0.47200456831917909 0.051974573706695233 0.023257014291549014 1.5490124272061013e-17 -0.046480830438314892
13 9 1.1908185810387271 0.4438112979229164 0.069962890177717382 0.03001518967354945 4.0439822789950138e-17 -0.063197265691485371
13 10 1.2010360588630553 0.41536700208587901 0.08434260866125852 0.035954406032916109 5.2744119044712357e-17 -0.076295192001897508
13 11 1.2105742150759835 0.38668776927164034 0.093660869327085464 0.041326677178718275 8.0883114152599688e-17 -0.084050367021634029
13 12 1.2194276547723377 0.35778982082718219 0.095442715584622723 0.048442428680914203 1.2674551830400781e-16 -0.082235290852904055
13 13 1.2275913703315087 0.32868950180789142 0.092720003150535066 0.059626299141795625 1.6287103826705682e-16 -0.071004953594015777
13 14 1.2350607442498267 0.29940327173258341 0.088924687145263734 0.072126044356227437 2.4173301093388266e-16 -0.052013783840502759
13 15 1.2418315517522831 0.26994769527378321 0.084527991527868773 0.080276229826781356 2.143268072512412e-16 -0.026470894894831832
13 16 1.247899963182117 0.24033943288853329 0.074907517242177951 0.074905031795273455 1.5506111201361989e-16 0.00061020581467182181
13 17 1.2532625461669189 0.21059523139502129 0.059759376244145047 0.054584346922022048 2.5371809562402468e-16 0.024325544602035728
13 18 1.2579162675600253 0.18073191450036125 0.051218481405877613 0.02576760589897938 1.7792229497220014e-16 0.044264696133138819
13 19 1.2618584951561063 0.15076637328488773 0.061806296967030563 -0.0093146147755024354 1.6378446430759113e-16 0.061100378856114822
13 20 1.2650869991799742 0.12071555664834034 0.087903918785390611 -0.052246572792789985 2.0318090048672981e-16 0.070692252540403927
13 21 1.2675999535477751 0.090596461723344748 0.11806682595801515 -0.095519673395828897 3.7496595485306485e-17 0.069395730316456891
13 22 1.2693959368998431 0.060426124261615269 0.14408100741606952 -0.13300278734608462 -3.3595677381554799e-17 0.055403928165804882
13 23 1.2704739334046427 0.030221608998311219 0.16197962485107928 -0.15896645223697276 -3.9718651279845311e-17 0.031097683677191158
13 24 1.2708333333333333 7.7816098695821403e-17 0.16789717072129062 -0.16789717072129062 -4.441942588775736e-17 1.4157613424439505e-17
13 25 1.2704739334046427 -0.030221608998311063 0.16197962485107917 -0.15896645223697264 -6.1129881999842793e-18 -0.031097683677191127
13 26 1.2693959368998431 -0.060426124261615116 0.14408100741606947 -0.13300278734608473 3.4434661248888629e-17 -0.055403928165804577
13 27 1.2675999535477751 -0.09059646172334461 0.11806682595801504 -0.095519673395828827 7.4621606480893842e-17 -0.069395730316456808
13 28 1.2650869991799742 -0.12071555664834017 0.087903918785390944 -0.052246572792790373 1.4397023021692345e-16 -0.070692252540404052
13 29 1.2618584951561063 -0.15076637328488759 0.061806296967030862 -0.0093146147755027477 9.6191965919296327e-17 -0.061100378856115072
13 30 1.2579162675600253 -0.18073191450036111 0.051218481405877647 0.025767605898979116 2.3868337560546529e-16 -0.044264696133139006
13 31 1.2532625461669189 -0.21059523139502115 0.059759376244145061 0.054584346922021985 1.9563875188097383e-16 -0.024325544602035908
13 32 1.247899963182117 -0.24033943288853343 0.074907517242177896 0.0749050317952734 2.0262852055336521e-16 -0.00061020581467189847
13 33 1.2418315517522831 -0.26994769527378304 0.084527991527868676 0.080276229826781287 2.36656394073331e-16 0.026470894894831697
13 34 1.2350607442498267 -0.29940327173258324 0.088924687145263651 0.072126044356227423 2.302882281859235e-16 0.05201378384050262
13 35 1.2275913703315084 -0.32868950180789153 0.092720003150535163 0.059626299141795673 1.7308945123089876e-16 0.07100495359401586
13 36 1.2194276547723377 -0.35778982082718203 0.095442715584622737 0.0484424286809143 1.3161053753130812e-16 0.082235290852904014
13 37 1.2105742150759835 -0.38668776927164022 0.093660869327085547 0.041326677178718345 7.4517166004360171e-17 0.08405036702163407
13 38 1.2010360588630553 -0.41536700208587918 0.084342608661258575 0.035954406032916192 4.7713786921792337e-17 0.076295192001897549
13 39 1.1908185810387271 -0.44381129792291629 0.069962890177717466 0.030015189673549464 3.2278462897224965e-17 0.063197265691485455
13 40 1.1799275607413093 -0.47200456831917897 0.05197457370669531 0.023257014291549052 1.7165121091196975e-17 0.046480830438314955
13 41 1.1683691580734934 -0.4999308667943469 0.035247677050834987 0.016412082141067267 1.5970138029189463e-17 0.031193625907784756
13 42 1.1561499106181166 -0.52757439787088978 0.021686318741631447 0.010532995658260696 6.9476372114735794e-18 0.018956593128162474
13 43 1.1432767297404205 -0.5549195260081955 0.012152130516720816 0.0061498691593057731 2.9508277786479272e-18 0.010481096575208008
13 44 1.1297568966788938 -0.58195078444623327 0.0063166244939862268 0.0033097861285650097 1.6229161408226678e-18 0.0053800614105403485
13 45 1.1155980584269078 -0.60865288395375605 0.0029856941759474087 0.0016250689562118516 5.1621413043734265e-19 0.0025046997025277898
13 46 1.1008082234074792 -0.63501072147608684 0.0013172764925931024 0.00074105655825510526 3.1891888802867338e-19 0.0010890603910736463
13 47 1.0853957569435995 -0.66100938867760561 0.000475014194809174 0.00028364727974095153 1.0086237048776134e-19 0.00038102848445459601
13 48 1.0693693765267018 -0.68663418037409407 2.8806463279018628e-05 2.4239803024228316e-05 9.5552379091626566e-20 -1.5564198533559657e-05
14 0 1.086900022043533 0.69789047841301388 1.3053625980324988e-05 1.0984247508978011e-05 5.9008554805346194e-20 7.0529042171098468e-06
14 1 1.1031891300082486 0.67184560816412386 0.00048323146575640483 0.00026808998735671467 1.270544951855331e-19 -0.00040204528125095559
14 2 1.1188542598567819 0.6454207333035642 0.0013391203317442667 0.00070697386731387042 2.1672890007095074e-19 -0.0011372911737220792
14 3 1.1338865511880047 0.6186308000841455 0.0030244963244720042 0.0015366654345729731 5.5234093263308151e-19 -0.0026050407595531624
14 4 1.1482775015424824 0.59149096124043377 0.0063742444327767435 0.0031018519745773495 1.0850473861920346e-18 -0.0055686179988032854
14 5 1.1620189712115749 0.56401656741816608 0.012204650237279924 0.0056839608072234713 1.9723263539440836e-18 -0.01080028133690435
14 6 1.1751031878413645 0.53622315849172431 0.021646855697659281 0.0095967880510351537 5.5085972676071677e-18 -0.019403299222008431
14 7 1.1875227508287969 0.50812645477458207 0.034988430561361014 0.014688268132824681 9.6978438088351683e-18 -0.031756023875879488
14 8 1.1992706355075604 0.47974234812769029 0.051119678062997477 0.020402816465907869 2.4837280208306438e-17 -0.046871596575356639
14 9 1.2103401971213292 0.45108689297083315 0.068308143431812948 0.025857211638739247 3.7810174376167321e-17 -0.063225050932131155
14 10 1.2207251745821219 0.42217629720204103 0.081301746394804947 0.030579713648106355 5.7145280796669803e-17 -0.075331633992931524
14 11 1.2304196940116554 0.39302691303019188 0.088953416927435136 0.035619941931460015 8.8582556802901796e-17 -0.081510306832114923
14 12 1.2394182720636877 0.36365522772598852 0.08917348334804448 0.043289168389312994 1.1299615223958889e-16 -0.077961259819128562
14 13 1.247715819025468 0.33407785429654541 0.085085751447316754 0.056174070521314248 1.6194559497652976e-16 -0.063906642068105729
14 14 1.2553076416965454 0.30431152208885531 0.081913338034662025 0.069764266489780499 1.8320511708102142e-16 -0.042927171687914621
14 15 1.2621894460433043 0.27437306732745181 0.078888147933265387 0.077296756985617096 1.9539712033210966e-16 -0.015765508042788132
14 16 1.2683573396277257 0.24427942359162402 0.070072749162972237 0.068963490640235298 1.7715344254337098e-16 0.012418821762591037
14 17 1.2738078338089998 0.21404761223756263 0.058830844770926913 0.045358287250264917 1.7795491178402784e-16 0.037465905489969864
14 18 1.2785378457167471 0.18369473277085901 0.060633152381216047 0.012950158263281766 1.9850102666208463e-16 0.059234049065041303
14 19 1.282544699994731 0.15323795317480396 0.082551244343853455 -0.028135980522250859 9.9272357215670929e-17 0.077608469529878737
14 20 1.2858261303140723 0.1226945001999525 0.11755364568509118 -0.078119969321270744 3.2721028933110361e-17 0.087841505036626466
14 21 1.2883802806551157 0.092081649620448777 0.15342268833182887 -0.12749685074725983 6.6005758133548009e-17 0.085340930065803969
14 22 1.2902057063572179 0.061416716462625358 0.18371332419272374 -0.17066885462031325 -1.1643751047864363e-16 0.067990643095437744
14 23 1.2913013749358664 0.03071704521139829 0.20362976295154617 -0.20003326434749702 1.696758111700662e-17 0.038102145795050134
14 24 1.2916666666666667 7.9091772444933227e-17 0.21009128526957785 -0.21009128526957785 1.2831223045927743e-17 3.4493369191793074e-17
14 25 1.2913013749358664 -0.030717045211398133 0.20362976295154625 -0.20003326434749719 -1.8253106379746498e-17 -0.038102145795049877
14 26 1.2902057063572179 -0.061416716462625205 0.18371332419272382 -0.17066885462031334 5.9794280510792071e-17 -0.067990643095437758
14 27 1.2883802806551157 -0.092081649620448625 0.15342268833182915 -0.12749685074726014 7.0258329588478333e-17 -0.085340930065804052
14 28 1.2858261303140723 -0.12269450019995233 0.11755364568509133 -0.078119969321270868 4.0734384663233804e-17 -0.087841505036626549
14 29 1.282544699994731 -0.15323795317480382 0.082551244343853733 -0.028135980522251195 8.5049171915020008e-17 -0.077608469529878918
14 30 1.2785378457167471 -0.18369473277085885 0.060633152381216172 0.01295015826328171 1.2859417818223481e-16 -0.059234049065041441
14 31 1.2738078338089998 -0.2140476122375625 0.058830844770926878 0.045358287250264792 1.8888219272643606e-16 -0.037465905489969954
14 32 1.2683573396277257 -0.24427942359162416 0.070072749162972167 0.068963490640235214 2.5159263366072301e-16 -0.012418821762591122
14 33 1.2621894460433043 -0.27437306732745165 0.078888147933265373 0.077296756985617068 1.9746897351326234e-16 0.015765508042788205
14 34 1.2553076416965454 -0.30431152208885509 0.081913338034661887 0.069764266489780402 1.7541697110986194e-16 0.04292717168791451
14 35 1.2477158190254678 -0.33407785429654552 0.085085751447316768 0.056174070521314359 1.8517666130688093e-16 0.063906642068105632
14 36 1.2394182720636877 -0.36365522772598835 0.089173483348044522 0.043289168389312994 1.1612727495989742e-16 0.077961259819128617
14 37 1.2304196940116554 -0.39302691303019172 0.088953416927435233 0.035619941931460078 9.6384256382229319e-17 0.081510306832114993
14 38 1.2207251745821219 -0.42217629720204114 0.081301746394804988 0.030579713648106417 6.1510334198396096e-17 0.075331633992931551
14 39 1.2103401971213292 -0.45108689297083299 0.068308143431813059 0.025857211638739292 3.3147609162104504e-17 0.063225050932131238
14 40 1.1992706355075604 -0.47974234812769012 0.051119678062997574 0.020402816465907914 1.9458595680890274e-17 0.046871596575356722
14 41 1.1875227508287967 -0.50812645477458218 0.034988430561361049 0.014688268132824697 9.3264001667707235e-18 0.031756023875879516
14 42 1.1751031878413645 -0.53622315849172408 0.021646855697659326 0.0095967880510351745 6.2319277564762282e-18 0.019403299222008469
14 43 1.1620189712115752 -0.56401656741816597 0.012204650237279941 0.0056839608072234791 1.931998873173293e-18 0.010800281336904366
14 44 1.1482775015424824 -0.59149096124043388 0.00637424443277676 0.0031018519745773594 1.4580848741002697e-18 0.0055686179988032993
14 45 1.1338865511880047 -0.6186308000841455 0.0030244963244720068 0.0015366654345729744 5.615876796132644e-19 0.0026050407595531646
14 46 1.1188542598567823 -0.64542073330356375 0.0013391203317442712 0.00070697386731387237 2.2894289489576089e-19 0.0011372911737220837
14 47 1.1031891300082486 -0.67184560816412386 0.0004832314657564057 0.00026808998735671511 8.61378533166678e-20 0.00040204528125095641
14 48 1.0869000220435332 -0.69789047841301377 1.3053625980324906e-05 1.0984247508977943e-05 4.9915192967153188e-20 -7.0529042171098019e-06
15 0 1.1044306675603641 0.70914677645193347 3.5565829229566691e-06 -2.9927613347312953e-06 6.8715168958369636e-20 -1.9216299542847369e-06
15 1 1.1209825030728977 0.68268182765064189 0.00047916770755380538 0.00024431777961335253 8.719294980388116e-20 -0.0004122020312021405
15 2 1.1369002963060848 0.655830745131041 0.0013270016824839549 0.00065268708121146192 1.8657001500676015e-19 -0.0011553930237520518
15 3 1.1521750439491016 0.62860871621453485 0.002991901976553695 0.0014063808426981479 6.9680777912220595e-19 -0.0026407518555512845
15 4 1.1667981064060706 0.60103113803463426 0.0062909818528974716 0.0028162520021058372 1.253071581423758e-18 -0.0056254046373678908
15 5 1.1807612126827294 0.57311360882813644 0.012014176933711906 0.0050855870849597015 4.3948356830604304e-18 -0.010884725600391875
15 6 1.1940564650646122 0.5448719191125585 0.021215575071537904 0.0084630904310810176 4.5438814659315441e-18 -0.019454478301188276
15 7 1.2066763435840999 0.5163220427548173 0.03417658311048298 0.01270225261838887 1.4341914644263322e-17 -0.031728403860364358
15 8 1.2186137102738113 0.48748012793620138 0.049579570419587049 0.017253358969691698 1.7082196368651195e-17 -0.046480699298243673
15 9 1.2298618132039312 0.45836248801874979 0.06586006553999188 0.021473933420552923 4.6274731518257737e-17 -0.062260889942095159
15 10 1.2404142903011883 0.42898559231820294 0.077558401291162454 0.025051989156589714 6.086001557814175e-17 -0.0734009771742795
15 11 1.2502651729473273 0.39936605678874337 0.083560994981925693 0.030115408156490688 7.0723012725331393e-17 -0.077945507079865653
15 12 1.2594088893550375 0.36952063462479473 0.082481808164444989 0.038469796059500183 1.3458419663753228e-16 -0.072961109292668858
15 13 1.2678402677194271 0.33946620678519934 0.077708994850473764 0.05317288634857105 1.5933700640925836e-16 -0.056668615988330839
15 14 1.2755545391432637 0.30921977244512711 0.07640780675813641 0.068416464283763592 1.8977071194244829e-16 -0.034019705297036573
15 15 1.2825473403343253 0.27879843938112037 0.074904544980132493 0.074656528096415584 2.1202404014925052e-16 -0.0060904573941374411
15 16 1.2888147160733341 0.24821941429471472 0.068290312074646378 0.064295747538638037 1.9095303960872711e-16 0.023013551914042175
15 17 1.2943531214510802 0.21749999308010395 0.062981005374804166 0.038587211804502648 1.739755600301619e-16 0.049775838749091542
15 18 1.2991594238734687 0.18665755104135673 0.073772232625570242 0.0030676631708901839 1.0728431460859159e-16 0.073708423868857856
15 19 1.3032309048333557 0.15570953306472013 0.10308653730447162 -0.043614818658582924 4.1025623168112639e-17 0.093405469683553038
15 20 1.3065652614481702 0.12467344375156462 0.14425795841022981 -0.09935810336591995 3.6508796945464244e-17 0.10458645160925366
15 21 1.3091606077624562 0.093566837517552778 0.18549076698849865 -0.15490584177996439 -2.7777542921470309e-17 0.10203433157727909
15 22 1.3110154758145922 0.06240730866363544 0.22034140906001576 -0.20435907446341664 -1.549740723388519e-16 0.082387530798106318
15 23 1.3121288164670899 0.031212481424485357 0.2432313370309129 -0.23875695655284515 -2.1107441653583901e-16 0.046439196929623568
15 24 1.3125 8.0367446194045052e-17 0.25111086037398134 -0.25111086037398134 -1.2248834062974241e-16 1.5916776404000473e-16
15 25 1.3121288164670899 -0.031212481424485197 0.24323133703091296 -0.23875695655284523 -1.8657611740731695e-16 -0.046439196929623554
15 26 1.3110154758145922 -0.062407308663635287 0.22034140906001573 -0.20435907446341664 -1.2868484661831333e-16 -0.082387530798106262
15 27 1.3091606077624562 -0.09356683751755264 0.18549076698849851 -0.15490584177996425 -7.2666527601635461e-17 -0.10203433157727906
15 28 1.3065652614481702 -0.12467344375156446 0.14425795841023009 -0.099358103365920214 -3.2893049625451359e-17 -0.10458645160925381
15 29 1.3032309048333557 -0.15570953306471999 0.10308653730447186 -0.043614818658583243 1.4449502780775923e-16 -0.093405469683553149
15 30 1.2991594238734687 -0.18665755104135656 0.073772232625570422 0.0030676631708902464 1.14945958733406e-16 -0.073708423868858036
15 31 1.2943531214510802 -0.21749999308010382 0.06298100537480418 0.03858721180450244 1.7131013074230075e-16 -0.049775838749091715
15 32 1.2888147160733341 -0.24821941429471486 0.068290312074646406 0.064295747538638065 1.7358886168169852e-16 -0.023013551914042217
15 33 1.2825473403343253 -0.27879843938112026 0.074904544980132437 0.074656528096415542 1.9129739773957301e-16 0.0060904573941372763
15 34 1.2755545391432637 -0.30921977244512694 0.076407806758136451 0.068416464283763634 1.3399738796140251e-16 0.034019705297036566
15 35 1.2678402677194269 -0.33946620678519951 0.077708994850473653 0.053172886348571063 1.5401146230946442e-16 0.056668615988330673
15 36 1.2594088893550375 -0.36952063462479456 0.082481808164444989 0.038469796059500211 1.2228807199537432e-16 0.07296110929266883
15 37 1.2502651729473273 -0.39936605678874321 0.083560994981925707 0.030115408156490667 8.3378317780922249e-17 0.077945507079865667
15 38 1.2404142903011883 -0.4289855923182031 0.07755840129116251 0.025051989156589752 5.1296788050782932e-17 0.073400977174279555
15 39 1.2298618132039312 -0.45836248801874963 0.065860065539991991 0.021473933420552965 3.5621460081096093e-17 0.062260889942095256
15 40 1.2186137102738113 -0.48748012793620127 0.049579570419587132 0.017253358969691726 1.9079235023868049e-17 0.046480699298243749
15 41 1.2066763435840997 -0.5163220427548173 0.03417658311048305 0.012702252618388893 1.1689339843279895e-17 0.031728403860364421
15 42 1.1940564650646122 -0.54487191911255839 0.021215575071537946 0.0084630904310810367 6.4988371389396539e-18 0.019454478301188311
15 43 1.1807612126827296 -0.57311360882813633 0.012014176933711939 0.0050855870849597145 2.4136694738721637e-18 0.010884725600391908
15 44 1.1667981064060706 -0.60103113803463448 0.0062909818528974915 0.0028162520021058472 1.7179916855034346e-18 0.0056254046373679072
15 45 1.1521750439491016 -0.62860871621453496 0.0029919019765537033 0.0014063808426981513 4.7185193716219048e-19 0.0026407518555512923
15 46 1.1369002963060852 -0.65583074513104056 0.0013270016824839599 0.00065268708121146376 2.9853489047201749e-19 0.0011553930237520565
15 47 1.1209825030728977 -0.68268182765064189 0.00047916770755380587 0.00024431777961335253 8.1424335215243091e-20 0.00041220203120214115
15 48 1.1044306675603643 -0.70914677645193325 3.5565829229568148e-06 -2.9927613347314185e-06 8.1876347743568421e-20 1.9216299542848152e-06
16 0 1.1219613130771953 0.72040307449085295 1.9651270020919295e-05 -1.6535973537228853e-05 3.8545914459101993e-20 -1.0617626505540142e-05
16 1 1.1387758761375468 0.69351804713716003 0.00046344836351699893 0.00021445193751611674 1.1015154942303937e-19 -0.00041084638509078779
16 2 1.1549463327553877 0.66624075695851781 0.0012824556048127633 0.00058248908681225633 1.4272387978802985e-19 -0.0011425405209708295
16 3 1.1704635367101983 0.6385866323449243 0.0028919491924995957 0.0012443838227548555 5.5520933306431739e-19 -0.0026105323276422138
16 4 1.185318711269659 0.61057131482883475 0.0060748837888538326 0.0024719663306995766 9.2982146203222011e-19 -0.0055491977355259887
16 5 1.1995034541538838 0.58221065023810681 0.011598084005020829 0.0043940617977680204 2.1301842677101092e-18 -0.010733488412669743
16 6 1.2130097422878601 0.5535206797333927 0.020423302798061527 0.0071922837577415829 5.3657187068180248e-18 -0.019114977152208015
16 7 1.225829936339403 0.52451763073505242 0.032861443926160423 0.010556102654384072 9.2369276997794666e-18 -0.031119819949066083
16 8 1.2379567850400623 0.49521790774471253 0.047435802555284852 0.013941642595045668 2.1077483936116559e-17 -0.04534077597280374
16 9 1.2493834292865333 0.46563808306666643 0.062706548507691667 0.017003240552458939 3.993305305469464e-17 -0.060357278239353239
16 10 1.2601034060202547 0.4357948874343649 0.073262531267799497 0.019562875152247056 5.3168587445475295e-17 -0.070602354093492484
16 11 1.270110651882999 0.40570520054729481 0.077630114310670281 0.02482910959499984 7.6201880805978785e-17 -0.07355236206001288
16 12 1.2793995066463872 0.375386041523601 0.075551188082738543 0.034009024736287481 1.0339861702942849e-16 -0.067463829250939508
16 13 1.2879647164133861 0.34485455927385328 0.070970256332353238 0.050657153023457802 1.3628236996364881e-16 -0.049705433620861876
16 14 1.2958014365899821 0.31412802280139895 0.072412535658625474 0.067730958626754961 1.6410144514394572e-16 -0.025614303894748211
16 15 1.3029052346253462 0.28322381143478892 0.072726660361194365 0.072693246951547191 1.721048981183079e-16 0.0022043082665306876
16 16 1.3092720925189425 0.25215940499780543 0.069338679242556642 0.061579226205380623 1.5336365228083916e-16 0.031872422861287462
16 17 1.3148984090931608 0.22095237392264527 0.069604909176164104 0.034691801526040345 1.2219831461338277e-16 0.060343369878553182
16 18 1.3197810020301906 0.18962036931185444 0.085982305255292268 -0.0029865414054028603 1.1276142425529388e-16 0.085930421780927371
16 19 1.3239171096719802 0.15818111295463633 0.11961602578505359 -0.053775978555174964 5.6692716266586719e-17 0.10684632775647447
16 20 1.3273043925822681 0.12665238730317674 0.16564699431690511 -0.11403394822340653 -1.048286191216211e-16 0.12014651629908471
16 21 1.3299409348697968 0.095052025414656793 0.2119858607205643 -0.17528957173110501 -8.0214179451520013e-17 0.11921229461663876
16 22 1.3318252452719666 0.063397900864645529 0.25076628914564758 -0.23093432924441715 -2.0733280165964437e-16 0.097739794087718712
16 23 1.3329562579983136 0.031707917637572428 0.2760441210764496 -0.27039094555611509 -2.6682578922211487e-16 0.055579612648340423
16 24 1.3333333333333333 8.1643119943156876e-17 0.28470130732833848 -0.28470130732833848 -2.7918286077536942e-16 2.0903314217997645e-16
16 25 1.3329562579983136 -0.031707917637572261 0.27604412107644988 -0.27039094555611537 -1.5253582843549153e-16 -0.055579612648340354
16 26 1.3318252452719666 -0.063397900864645362 0.25076628914564769 -0.2309343292444174 -2.4523320434155531e-16 -0.097739794087718365
16 27 1.3299409348697968 -0.095052025414656641 0.21198586072056455 -0.17528957173110529 -1.0661694937674591e-16 -0.11921229461663869
16 28 1.3273043925822681 -0.12665238730317657 0.16564699431690555 -0.11403394822340694 -6.1872638461950276e-17 -0.12014651629908493
16 29 1.3239171096719802 -0.15818111295463616 0.11961602578505362 -0.053775978555174922 4.3601393967176166e-17 -0.10684632775647453
16 30 1.3197810020301906 -0.18962036931185428 0.085982305255292366 -0.0029865414054030454 1.0262743215156277e-16 -0.085930421780927455
16 31 1.3148984090931608 -0.22095237392264513 0.069604909176164242 0.034691801526040331 1.6829507188611704e-16 -0.060343369878553342
16 32 1.3092720925189425 -0.25215940499780554 0.069338679242556781 0.061579226205380658 1.7345936836566911e-16 -0.031872422861287705
16 33 1.3029052346253462 -0.28322381143478881 0.07272666036119442 0.072693246951547233 1.6202326339381182e-16 -0.0022043082665308793
16 34 1.2958014365899821 -0.31412802280139879 0.072412535658625571 0.067730958626755142 1.7628659964589037e-16 0.025614303894748024
16 35 1.2879647164133861 -0.34485455927385344 0.070970256332353265 0.05065715302345792 1.5878412709995728e-16 0.049705433620861793
16 36 1.2793995066463872 -0.37538604152360083 0.075551188082738391 0.034009024736287419 1.134712283073379e-16 0.067463829250939369
16 37 1.270110651882999 -0.40570520054729464 0.077630114310670323 0.024829109594999885 1.0030317347046983e-16 0.073552362060012907
16 38 1.2601034060202547 -0.43579488743436501 0.073262531267799524 0.019562875152247111 5.0239555818437005e-17 0.070602354093492498
16 39 1.2493834292865333 -0.46563808306666626 0.062706548507691751 0.017003240552458963 3.110468200985307e-17 0.060357278239353315
16 40 1.2379567850400623 -0.49521790774471236 0.047435802555284935 0.013941642595045687 1.8971304319149701e-17 0.045340775972803823
16 41 1.225829936339403 -0.52451763073505253 0.032861443926160472 0.010556102654384095 9.1289438604911023e-18 0.031119819949066124
16 42 1.2130097422878601 -0.55352067973339258 0.020423302798061573 0.0071922837577415993 4.7714395687854468e-18 0.019114977152208057
16 43 1.1995034541538838 -0.5822106502381067 0.011598084005020853 0.0043940617977680273 1.4392682237043305e-18 0.010733488412669768
16 44 1.185318711269659 -0.61057131482883498 0.0060748837888538534 0.0024719663306995848 1.2711355402975501e-18 0.0055491977355260087
16 45 1.1704635367101983 -0.6385866323449243 0.0028919491924995996 0.0012443838227548564 3.8123956946189161e-19 0.0026105323276422181
16 46 1.1549463327553879 -0.66624075695851737 0.0012824556048127674 0.00058248908681225785 2.7761635623740677e-19 0.0011425405209708334
16 47 1.1387758761375468 -0.69351804713716003 0.00046344836351699931 0.00021445193751611671 8.7072061431609758e-20 0.00041084638509078828
16 48 1.1219613130771955 -0.72040307449085283 1.9651270020919346e-05 -1.6535973537228897e-05 6.5473363136149481e-20 1.0617626505540167e-05
17 0 1.1394919585940266 0.73165937252977264 3.3867081851515088e-05 -2.8498166718164038e-05 5.3142486949408689e-20 -1.829846241739863e-05
17 1 1.1565692492021962 0.70435426662367817 0.00043734748291805373 0.00018083855896801855 6.7196955212316517e-20 -0.00039820878494218047
17 2 1.1729923692046909 0.67665076878599473 0.0012089436458551364 0.00050176754842384179 1.8637070657836744e-19 -0.0010998972980247915
17 3 1.1887520294712954 0.64856454847531375 0.0027318104208951918 0.0010616805217425729 5.0179101334193666e-19 -0.0025170662775270704
17 4 1.2038393161332477 0.62011149162303536 0.0057407296071897039 0.0020915455847486139 1.228839747174021e-18 -0.0053461587602486168
17 5 1.2182456956250383 0.59130769164807728 0.010980000084556315 0.0036484069757384504 3.1443537312202331e-18 -0.010356134819334853
17 6 1.231963019511108 0.56216944035422711 0.019315569437796658 0.005850908957668953 4.8704101317841265e-18 -0.018408098410086077
17 7 1.2449835290947064 0.53271321871528765 0.031099928195621841 0.0083464851713262629 1.2896987369237728e-17 -0.029959000635162467
17 8 1.2572998598063134 0.50295568755322373 0.044780180407384546 0.010589404196826765 1.7975125497635798e-17 -0.043510103149431101
17 9 1.2689050453691355 0.47291367811458312 0.058962025871699762 0.012581377848983942 3.6328251511485873e-17 -0.057604074737088597
17 10 1.2797925217393213 0.44260418255052686 0.068522482351034739 0.014229577043801501 6.1423020665769767e-17 -0.067028723131970711
17 11 1.2899561308186711 0.41204434430584636 0.071338989810278225 0.019734157827858152 6.1882132532151387e-17 -0.068555192961410036
17 12 1.299390123937737 0.38125144842240727 0.068559038115508744 0.029965201863021415 1.1610863620021778e-16 -0.061663833684195785
17 13 1.3080891651073454 0.35024291176250727 0.064919458286666218 0.048427963382839147 1.3946542594361975e-16 -0.043235037028139404
17 14 1.3160483340367009 0.31903627315767086 0.070003801402630517 0.067594759916804942 1.7257504206654378e-16 -0.018206609860389578
17 15 1.3232631289163674 0.28764918348845753 0.072713335220404574 0.072162806472277838 1.6133952093859387e-16 0.0089307603774540206
17 16 1.3297294689645511 0.25609939570089613 0.071898585448245303 0.060779777862885367 1.7138183163125239e-16 0.038408660382743626
17 17 1.3354436967352417 0.22440475476518665 0.075799892607450833 0.033469741709917393 1.7678284637777034e-16 0.068010294141199648
17 18 1.3404025801869124 0.19258318758235218 0.094852108974657873 -0.0045723242801038438 9.8337111697639147e-17 0.094741840955398088
17 19 1.3446033145106051 0.16065269284455252 0.13100396105256276 -0.058100925918729618 1.6395039170721028e-17 0.1174151617928778
17 20 1.3480435237163662 0.12863133085478889 0.18090518270716477 -0.12265941234014718 -1.550281999578262e-17 0.13297125138420868
17 21 1.3507212619771374 0.096537213311760808 0.23112461570811926 -0.1890240541991059 -1.2957474615727158e-16 0.1329981011908038
17 22 1.3526350147293413 0.064388493065655625 0.27203621950501355 -0.24895952448863123 -1.8175299652134419e-16 0.10964880249676484
17 23 1.3537836995295374 0.032203353850659498 0.29726711868339423 -0.29060080827740137 -2.2851944239925498e-16 0.06260119870136846
17 24 1.3541666666666667 8.2918793692268713e-17 0.30543298919144535 -0.30543298919144535 -2.7860333326899356e-16 1.0318565721387651e-16
17 25 1.3537836995295374 -0.032203353850659332 0.29726711868339434 -0.29060080827740153 -2.5932083063042849e-16 -0.06260119870136828
17 26 1.3526350147293413 -0.064388493065655458 0.27203621950501355 -0.24895952448863132 -1.4264646563970977e-16 -0.10964880249676469
17 27 1.3507212619771374 -0.096537213311760656 0.23112461570811932 -0.18902405419910601 -1.3067233034699618e-16 -0.13299810119080374
17 28 1.3480435237163662 -0.12863133085478873 0.18090518270716507 -0.1226594123401475 -4.1018794916512946e-17 -0.13297125138420876
17 29 1.3446033145106051 -0.16065269284455239 0.13100396105256307 -0.058100925918730159 8.3261141894580563e-17 -0.11741516179287788
17 30 1.3404025801869124 -0.19258318758235202 0.094852108974657859 -0.0045723242801039739 8.3636525201968494e-17 -0.09474184095539806
17 31 1.3354436967352417 -0.22440475476518648 0.075799892607450903 0.033469741709917275 1.1662123586220873e-16 -0.068010294141199787
17 32 1.3297294689645511 -0.25609939570089629 0.071898585448245345 0.060779777862885395 1.3975180382698459e-16 -0.038408660382743681
17 33 1.3232631289163674 -0.28764918348845742 0.072713335220404449 0.072162806472277699 1.3887356615901569e-16 -0.0089307603774541888
17 34 1.3160483340367009 -0.31903627315767069 0.070003801402630572 0.067594759916805025 1.4794819186379674e-16 0.018206609860389487
17 35 1.3080891651073452 -0.35024291176250744 0.064919458286666232 0.048427963382839258 1.3498873378055138e-16 0.043235037028139307
17 36 1.299390123937737 -0.38125144842240716 0.068559038115508716 0.029965201863021443 1.0419301328008644e-16 0.061663833684195736
17 37 1.2899561308186711 -0.41204434430584619 0.071338989810278308 0.019734157827858253 8.5004414380717129e-17 0.068555192961410091
17 38 1.2797925217393213 -0.44260418255052703 0.068522482351034766 0.014229577043801496 4.2561461723111689e-17 0.067028723131970724
17 39 1.2689050453691355 -0.47291367811458296 0.058962025871699852 0.012581377848983959 2.7899127350166093e-17 0.05760407473708868
17 40 1.2572998598063134 -0.50295568755322351 0.044780180407384629 0.010589404196826802 1.5245876977568839e-17 0.043510103149431177
17 41 1.2449835290947062 -0.53271321871528776 0.031099928195621896 0.0083464851713262751 9.415763426871647e-18 0.029959000635162523
17 42 1.231963019511108 -0.56216944035422689 0.019315569437796692 0.0058509089576689686 5.7954276828234063e-18 0.018408098410086109
17 43 1.2182456956250385 -0.59130769164807717 0.010980000084556343 0.0036484069757384556 1.950421619549128e-18 0.010356134819334881
17 44 1.2038393161332477 -0.62011149162303558 0.0057407296071897186 0.0020915455847486217 1.5731845898479367e-18 0.0053461587602486298
17 45 1.1887520294712954 -0.64856454847531386 0.0027318104208951957 0.0010616805217425731 5.6231803042751043e-19 0.0025170662775270743
17 46 1.1729923692046911 -0.67665076878599428 0.0012089436458551407 0.00050176754842384363 2.4139236751742189e-19 0.0010998972980247955
17 47 1.1565692492021962 -0.70435426662367817 0.00043734748291805416 0.00018083855896801839 7.545327783223615e-20 0.00039820878494218107
17 48 1.1394919585940266 -0.73165937252977253 3.3867081851515155e-05 -2.8498166718164099e-05 5.3993047011686305e-20 1.8298462417398663e-05
18 0 1.1570226041108578 0.74291567056869212 4.5209407322027778e-05 -3.8042404501848039e-05 4.576278869630873e-20 -2.4426747023023572e-05
18 1 1.1743626222668451 0.71519048611019631 0.000402726307508225 0.0001459699983472143 9.4352602335200664e-20 -0.00037534149562994449
18 2 1.1910384056539938 0.68706078061347153 0.0011112943447818648 0.00041583867061286052 1.1769080331743772e-19 -0.00103055971237337
18 3 1.2070405222323921 0.6585424646057032 0.0025219202633915924 0.00087016185990824665 5.0114535604663142e-19 -0.0023670446029735348
18 4 1.2223599209968359 0.62965166841723597 0.0053073905585267166 0.0016965526046822887 8.731006443039992e-19 -0.0050289267046045001
18 5 1.2369879370961927 0.60040473305804776 0.010191813694686762 0.0028882689916432218 2.1314101661601107e-18 -0.0097739945068082007
18 6 1.2509162967343557 0.57081820097506131 0.017943440206668552 0.0045008647569069445 3.9531778258476359e-18 -0.017369780162406277
18 7 1.2641371218500095 0.54090880669552288 0.028956477448306209 0.0061618014119464593 1.178479900483723e-17 -0.028293281703860387
18 8 1.2766429345725643 0.51069346736173482 0.041701570255605412 0.0073032700312550746 1.413393254310901e-17 -0.041057072577495891
18 9 1.2884266614517375 0.48018927316249976 0.054730171450500791 0.008328295116107387 2.9665392072598989e-17 -0.054092801438456059
18 10 1.2994816374583877 0.44941347766668882 0.063412530655718419 0.0091164640991439772 4.9188736895647723e-17 -0.062753797705728115
18 11 1.3098016097543428 0.41838348806439779 0.06486875844387037 0.014854832847418927 7.1035276758527662e-17 -0.063144990008111065
18 12 1.3193807412290868 0.38711685532121354 0.061612413656974778 0.026404879007022954 9.8845878686130699e-17 -0.055667511901131797
18 13 1.3282136138013045 0.35563126425116121 0.059433944334582843 0.046159314973768219 1.0854532743098792e-16 -0.037439436164541116
18 14 1.3362952314834191 0.32394452351394271 0.069346858211727452 0.068263675918064551 1.2732018481829211e-16 -0.012208902243481427
18 15 1.3436210232073884 0.29207455554212614 0.074413813606402548 0.073072106620349089 1.5403724418323342e-16 0.014067085324002136
18 16 1.3501868454101595 0.26003938640398683 0.074196439370946943 0.060992099915547861 1.0102856577186127e-16 0.042250152227162822
18 17 1.3559889843773221 0.22785713560772797 0.079950398372446635 0.035029901049645741 1.1144692450186797e-16 0.071867741249916475
18 18 1.361024158343634 0.1955460058528499 0.099834293342035335 -0.0011686562982104491 -1.0546310902085078e-19 0.099827452985439907
18 19 1.3652895193492296 0.16312427273446872 0.13636802085618316 -0.056703008145944978 -3.6367674976650524e-17 0.12402018375826292
18 20 1.368782654850464 0.13061027440640102 0.18818436881538733 -0.12605218159282297 -1.3178093495175137e-16 0.13972903843559401
18 21 1.3715015890844779 0.098022401208864823 0.2408050632845489 -0.19691740515060904 -1.2981489650417174e-16 0.13860235947568311
18 22 1.3734447841867157 0.065379085266665707 0.28244641906471579 -0.25863565476154726 -2.3452029690633899e-16 0.11350584887373324
18 23 1.3746111410607609 0.032698790063746569 0.30640285832694591 -0.29955917861130987 -2.9998999344197178e-16 0.064397283332760749
18 24 1.375 8.4194467441380538e-17 0.31382456738747078 -0.31382456738747078 -4.1455246882714118e-16 1.1873881461124153e-16
18 25 1.3746111410607609 -0.032698790063746402 0.3064028583269463 -0.29955917861131032 -1.6635788503275288e-16 -0.064397283332760499
18 26 1.3734447841867157 -0.06537908526666554 0.28244641906471607 -0.25863565476154771 -2.7981371770884533e-16 -0.11350584887373295
18 27 1.3715015890844779 -0.098022401208864671 0.24080506328454901 -0.19691740515060913 -1.9370515605155899e-16 -0.1386023594756832
18 28 1.368782654850464 -0.13061027440640086 0.18818436881538761 -0.1260521815928233 -8.8530018514292407e-17 -0.13972903843559409
18 29 1.3652895193492296 -0.16312427273446856 0.13636802085618335 -0.056703008145945422 -6.0880669633032938e-18 -0.12402018375826294
18 30 1.361024158343634 -0.19554600585284973 0.099834293342035502 -0.0011686562982108025 7.6422203270586575e-17 -0.09982745298544006
18 31 1.3559889843773221 -0.2278571356077278 0.079950398372446677 0.035029901049645561 1.2514299798174436e-16 -0.0718677412499166
18 32 1.3501868454101595 -0.26003938640398699 0.074196439370947054 0.060992099915547902 1.1948806810985022e-16 -0.042250152227162968
18 33 1.3436210232073884 -0.29207455554212597 0.074413813606402521 0.073072106620349034 1.4283775820833751e-16 -0.014067085324002268
18 34 1.3362952314834191 -0.32394452351394254 0.069346858211727563 0.068263675918064676 1.3655017142058012e-16 0.012208902243481271
18 35 1.3282136138013043 -0.35563126425116137 0.059433944334582933 0.046159314973768399 1.1166987293866753e-16 0.037439436164541026
18 36 1.3193807412290868 -0.38711685532121337 0.061612413656974716 0.026404879007022968 8.2653722752723737e-17 0.055667511901131728
18 37 1.3098016097543428 -0.41838348806439762 0.064868758443870411 0.014854832847419001 6.8002755787806425e-17 0.063144990008111093
18 38 1.2994816374583877 -0.44941347766668893 0.063412530655718446 0.0091164640991439703 4.7657727269880143e-17 0.062753797705728143
18 39 1.2884266614517375 -0.4801892731624996 0.054730171450500853 0.0083282951161073992 2.5296212313911229e-17 0.054092801438456115
18 40 1.2766429345725643 -0.5106934673617346 0.041701570255605461 0.0073032700312550998 2.1132619842384905e-17 0.04105707257749594
18 41 1.2641371218500093 -0.54090880669552288 0.028956477448306279 0.006161801411946481 9.0352515290785729e-18 0.028293281703860449
18 42 1.2509162967343557 -0.57081820097506109 0.017943440206668586 0.0045008647569069506 5.813718036582459e-18 0.017369780162406312
18 43 1.2369879370961929 -0.60040473305804754 0.01019181369468679 0.0028882689916432274 1.744987261543345e-18 0.0097739945068082285
18 44 1.2223599209968359 -0.62965166841723608 0.0053073905585267339 0.0016965526046822967 9.8800024120066426e-19 0.0050289267046045158
18 45 1.2070405222323921 -0.6585424646057032 0.002521920263391598 0.00087016185990824752 4.4129368988196523e-19 0.0023670446029735405
18 46 1.191038405653994 -0.68706078061347098 0.0011112943447818676 0.00041583867061286144 2.213655596373738e-19 0.0010305597123733726
18 47 1.1743626222668453 -0.71519048611019631 0.00040272630750822565 0.00014596999834721417 6.8024335070359041e-20 0.00037534149562994524
18 48 1.1570226041108578 -0.74291567056869201 4.5209407322027751e-05 -3.8042404501848025e-05 6.9481438964840077e-20 2.4426747023023551e-05
19 0 1.1745532496276887 0.75417196860761171 5.3013264710279157e-05 -4.4609124063640308e-05 3.9230899487931387e-20 -2.864318916456191e-05
19 1 1.1921559953314942 0.72602670559671434 0.00036166269630703 0.00011205517613277851 6.4420881024712396e-20 -0.00034386558915064906
19 2 1.2090844421032965 0.69747079244094834 0.00099558444833116482 0.00032994785466058192 1.3641049582534275e-19 -0.00093932039633117155
19 3 1.225329014993489 0.66852038073609255 0.0022738428190344348 0.0006806427114398496 3.7058785215577135e-19 -0.0021695821406524981
19 4 1.2408805258604243 0.63919184521143646 0.0047977870822402098 0.0013077341579701657 9.6502349517918661e-19 -0.0046161230766292487
19 5 1.2557301785673471 0.60950177446801812 0.0092681176542932092 0.0021489981346656897 3.0488300715771867e-18 -0.0090155317020697585
19 6 1.2698695739576034 0.5794669615958955 0.016364786183086306 0.0032013882371711255 5.3591523061264679e-18 -0.016048593090144531
19 7 1.2832907146053125 0.549104394675758 0.026500127157721733 0.0040756639671752186 9.5857209232250741e-18 -0.026184837265144319
19 8 1.2959860093388151 0.51843124717024591 0.038296006354213409 0.0041972367092971601 1.245282285439784e-17 -0.038065303186603963
19 9 1.3079482775343396 0.4874648682104164 0.050118169363967117 0.0043239088928561722 3.3100484517397187e-17 -0.049931299925813785
19 10 1.3191707531774541 0.45622277278285073 0.058031815215275839 0.0043041217240350118 4.7424660769716565e-17 -0.057871980382259339
19 11 1.3296470886900147 0.42472263182294923 0.058401424788878956 0.010234838739573485 5.6814266281167822e-17 -0.057497604240055178
19 12 1.3393713585204365 0.39298226222001975 0.054681832020807217 0.023118916216804179 9.6596561158842473e-17 -0.049554197260294378
19 13 1.3483380624952637 0.36101961673981514 0.054520280749023632 0.043792053153800053 1.0664537029576633e-16 -0.032476408260876208
19 14 1.3565421289301376 0.32885277387021455 0.069942747142263617 0.069518816690731511 1.207105811411397e-16 -0.007689083412676395
19 15 1.3639789174984094 0.29649992759579469 0.076984785246409546 0.074939167681506227 1.3140128930050536e-16 0.017628905429404554
19 16 1.370644221855768 0.26397937710707753 0.07552510501291794 0.062104143014283394 1.0596675113455806e-16 0.042978097999722117
19 17 1.3765342720194027 0.23130951645026929 0.081789321533702455 0.039884421623835389 1.0253956114413012e-16 0.07140536414496812
19 18 1.3816457365003556 0.19850882412334761 0.10104931919875011 0.007485145438524461 4.2797592738826859e-17 0.10077170986092786
19 19 1.3859757241878543 0.16559585262438489 0.13475095165146284 -0.049899056902506782 7.5041357520599892e-17 0.12517149472310085
19 20 1.3895217859845619 0.13258921795801315 0.18598190134424636 -0.12451131409621749 -1.7889240879315229e-17 0.13815281498997425
19 21 1.3922819161918185 0.099507589105968824 0.24048072537285151 -0.19982849397478616 -1.4362846212855889e-16 0.13378920835262345
19 22 1.39425455364409 0.066369677467675789 0.28328479113508281 -0.26201153156599649 -1.8062671792962392e-16 0.10770436488317602
19 23 1.3954385825919846 0.033194226276833633 0.30765364302321557 -0.30162843143922075 -2.3544022351667397e-16 0.060589218619911941
19 24 1.3958333333333333 8.547014119049235e-17 0.31521548075362898 -0.31521548075362898 -2.1360235088194043e-16 1.6487485814769027e-16
19 25 1.3954385825919846 -0.033194226276833466 0.30765364302321557 -0.30162843143922075 -2.9181416340225847e-16 -0.060589218619911782
19 26 1.39425455364409 -0.066369677467675622 0.28328479113508304 -0.26201153156599677 -1.5147200841766612e-16 -0.10770436488317592
19 27 1.3922819161918185 -0.099507589105968672 0.2404807253728517 -0.19982849397478639 -1.1968611695507644e-16 -0.13378920835262342
19 28 1.3895217859845619 -0.13258921795801298 0.18598190134424641 -0.12451131409621784 -4.7715437073316739e-17 -0.13815281498997403
19 29 1.3859757241878543 -0.16559585262438475 0.13475095165146311 -0.049899056902506927 -4.9873731527689051e-17 -0.1251714947231011
19 30 1.3816457365003556 -0.19850882412334744 0.10104931919875029 0.0074851454385244705 5.2033190875014978e-17 -0.10077170986092804
19 31 1.3765342720194027 -0.23130951645026912 0.081789321533702386 0.039884421623835202 7.3273602973575065e-17 -0.071405364144968134
19 32 1.370644221855768 -0.2639793771070777 0.075525105012917981 0.06210414301428329 1.0831655877100581e-16 -0.042978097999722333
19 33 1.3639789174984094 -0.29649992759579452 0.076984785246409504 0.074939167681506172 1.0973530444072628e-16 -0.017628905429404595
19 34 1.3565421289301376 -0.32885277387021433 0.06994274714226377 0.069518816690731677 1.3962345223753965e-16 0.0076890834126762545
19 35 1.3483380624952634 -0.36101961673981531 0.054520280749023653 0.043792053153800137 1.1067938335793198e-16 0.032476408260876111
19 36 1.3393713585204365 -0.39298226222001964 0.054681832020807196 0.023118916216804231 8.2979767115843819e-17 0.049554197260294322
19 37 1.3296470886900147 -0.42472263182294911 0.058401424788878997 0.010234838739573536 7.4151705915176674e-17 0.057497604240055206
19 38 1.3191707531774541 -0.45622277278285089 0.058031815215275874 0.004304121724034984 3.1783903172259303e-17 0.05787198038225938
19 39 1.3079482775343396 -0.48746486821041624 0.050118169363967201 0.0043239088928562035 2.9709068631460726e-17 0.049931299925813862
19 40 1.2959860093388151 -0.51843124717024569 0.038296006354213458 0.0041972367092971714 1.3270015666635363e-17 0.038065303186604019
19 41 1.2832907146053123 -0.54910439467575811 0.026500127157721785 0.0040756639671752316 7.1246017790598255e-18 0.026184837265144367
19 42 1.2698695739576034 -0.57946696159589539 0.01636478618308634 0.0032013882371711329 4.5036460848128699e-18 0.016048593090144565
19 43 1.2557301785673471 -0.60950177446801801 0.0092681176542932283 0.0021489981346656905 1.7366447776498657e-18 0.0090155317020697793
19 44 1.2408805258604243 -0.63919184521143657 0.0047977870822402202 0.0013077341579701693 1.2890938892590361e-18 0.0046161230766292591
19 45 1.225329014993489 -0.66852038073609266 0.0022738428190344387 0.00068064271143984938 5.4016156886754484e-19 0.002169582140652502
19 46 1.2090844421032969 -0.69747079244094778 0.00099558444833116743 0.00032994785466058295 1.5824538756502703e-19 0.00093932039633117415
19 47 1.1921559953314944 -0.72602670559671434 0.00036166269630703049 0.0001120551761327785 6.8752035543797366e-20 0.0003438655891506496
19 48 1.1745532496276889 -0.7541719686076116 5.301326471027913e-05 -4.4609124063640294e-05 4.3398850436955109e-20 2.864318916456189e-05
20 0 1.1920838951445201 0.76542826664653141 5.7039002603016781e-05 -4.7996665692820704e-05 2.9967981645181537e-20 -3.0818304630828791e-05
20 1 1.2099493683961435 0.73686292508323259 0.00031651465545969856 8.0953077935621697e-05 6.4559870606790087e-20 -0.0003059871341960652
20 2 1.2271304785525996 0.70788080426842526 0.0008682887080759343 0.00024855062756773378 1.0970522521048107e-19 -0.0008319542452009369
20 3 1.2436175077545859 0.67849829686648211 0.0020007222870836372 0.00050279170990264615 3.2148618974817788e-19 -0.0019365149538504351
20 4 1.2594011307240129 0.64873202200563707 0.0042360537185469798 0.00094250854610679433 4.82722588871887e-19 -0.0041298703063088254
20 5 1.2744724200385016 0.61859881587798859 0.0082489319962003836 0.0014625904003762787 1.7431754216520629e-18 -0.0081182330835389057
20 6 1.2888228511808515 0.58811572221672981 0.014636114854318627 0.0020005769615649444 2.6815490370135389e-18 -0.014498743043783553
20 7 1.3024443073606158 0.55729998265599323 0.023813910767295773 0.0021553000584719774 7.2428674805019283e-18 -0.023716176498134688
20 8 1.3153290841050662 0.52616902697875712 0.034637597382904346 0.00136574120808789 1.1192598785099266e-17 -0.034610661701457143
20 9 1.3274698936169418 0.4947404632583331 0.045243062070158775 0.00062363483441490986 2.2222974375142659e-17 -0.045238763743912634
20 10 1.3388598688965208 0.46303206789901274 0.052452063154640995 -0.00011865952914271149 4.2499636439755651e-17 -0.052451928935879862
20 11 1.3494925676256866 0.43106177558150077 0.051982147003052405 0.0058522437728075636 5.9607009785750609e-17 -0.051651668413233126
20 12 1.3593619758117865 0.39884766911882608 0.047769985061589477 0.019829020110905638 8.6054379772822457e-17 -0.043460113140968488
20 13 1.368462511189223 0.36640796922846913 0.050188344011083241 0.041517989452962513 8.8224074412385968e-17 -0.028197986211049342
20 14 1.3767890263768561 0.33376102422648646 0.070908369849687777 0.070754707730767433 9.6541971073759367e-17 -0.0046656455795301898
20 15 1.3843368117894306 0.3009252996494633 0.07993681643495891 0.077564030594529945 1.1704204167621502e-16 0.019331729867943542
20 16 1.3911015983013766 0.26791936781016829 0.076061856954898172 0.064446006933868011 5.805987984296126e-17 0.040399483582184918
20 17 1.3970795596614836 0.23476189729281063 0.081822838108356902 0.047395892243896572 6.2222971929003702e-17 0.066697872788503004
20 18 1.4022673146570774 0.20147164239384535 0.098911565554814687 0.019576192150871675 -5.4000307183574729e-17 0.096954992142625401
20 19 1.4066619290264792 0.16806743251430112 0.12563919261688788 -0.038616882152422038 -8.2012186026434084e-17 0.11955727972084929
20 20 1.41026091711866 0.13456816150962531 0.17397035030713945 -0.11848933737174772 -1.2659634578240814e-16 0.1273811591845237
20 21 1.4130622432991591 0.10099277700307285 0.23109314971818068 -0.19805298104654573 -1.5156973940933035e-16 0.11907586046401708
20 22 1.4150643231014648 0.067360269668685885 0.27765737735252011 -0.2612323373656712 -1.221890920460556e-16 0.094081268660386907
20 23 1.4162660241232083 0.033689662489920703 0.30438994883750548 -0.2997761362119532 -2.5297393338103036e-16 0.052796866489704677
20 24 1.4166666666666667 8.6745814939604187e-17 0.31256143954405596 -0.31256143954405596 -2.1309971655454296e-16 3.5419119016422847e-17
20 25 1.4162660241232083 -0.033689662489920537 0.30438994883750548 -0.2997761362119532 -1.7323185495733117e-16 -0.05279686648970449
20 26 1.4150643231014648 -0.067360269668685704 0.27765737735252022 -0.26123233736567136 -2.3442116106054185e-16 -0.094081268660386824
20 27 1.4130622432991591 -0.10099277700307269 0.23109314971818104 -0.19805298104654614 -1.1965282843462124e-16 -0.11907586046401709
20 28 1.41026091711866 -0.13456816150962514 0.17397035030713998 -0.11848933737174831 -8.5540590361429687e-17 -0.12738115918452386
20 29 1.4066619290264792 -0.16806743251430095 0.125639192616888 -0.038616882152422351 -3.4981181040627639e-17 -0.11955727972084931
20 30 1.4022673146570774 -0.20147164239384519 0.098911565554814757 0.019576192150871603 7.2305782568968105e-17 -0.096954992142625485
20 31 1.3970795596614836 -0.23476189729281047 0.081822838108356902 0.047395892243896454 8.0024151956838682e-17 -0.06669787278850306
20 32 1.3911015983013766 -0.26791936781016845 0.076061856954898088 0.064446006933867886 7.4089815825210243e-17 -0.040399483582184967
20 33 1.3843368117894306 -0.30092529964946313 0.079936816434958868 0.077564030594529834 1.0928250801448954e-16 -0.019331729867943775
20 34 1.3767890263768561 -0.33376102422648624 0.070908369849688083 0.070754707730767766 1.0169052096936472e-16 0.0046656455795299617
20 35 1.3684625111892228 -0.3664079692284693 0.050188344011083276 0.041517989452962624 9.4991516720902532e-17 0.028197986211049235
20 36 1.3593619758117865 -0.39884766911882591 0.047769985061589415 0.019829020110905662 6.8596779776854209e-17 0.043460113140968405
20 37 1.3494925676256866 -0.43106177558150061 0.051982147003052356 0.005852243772807587 5.5740289286799882e-17 0.051651668413233084
20 38 1.3388598688965208 -0.46303206789901291 0.052452063154641043 -0.00011865952914274549 3.9955283990535669e-17 0.05245192893587991
20 39 1.3274698936169418 -0.49474046325833293 0.045243062070158831 0.00062363483441490823 2.2281920319213901e-17 0.045238763743912683
20 40 1.3153290841050662 -0.52616902697875689 0.034637597382904409 0.0013657412080878759 1.6539458874791252e-17 0.034610661701457206
20 41 1.3024443073606158 -0.55729998265599334 0.023813910767295842 0.0021553000584719905 5.6411422007492857e-18 0.023716176498134758
20 42 1.2888228511808515 -0.5881157222167297 0.014636114854318658 0.0020005769615649496 4.7831400810337899e-18 0.014498743043783582
20 43 1.2744724200385018 -0.61859881587798848 0.0082489319962004062 0.0014625904003762815 1.5190468270471822e-18 0.0081182330835389283
20 44 1.2594011307240129 -0.64873202200563718 0.0042360537185469867 0.00094250854610679726 9.1456103936247427e-19 0.0041298703063088324
20 45 1.2436175077545859 -0.67849829686648222 0.0020007222870836415 0.00050279170990264659 3.4105508284285584e-19 0.0019365149538504395
20 46 1.2271304785525998 -0.7078808042684247 0.00086828870807593625 0.00024855062756773421 1.7553858029529171e-19 0.00083195424520093886
20 47 1.2099493683961438 -0.73686292508323259 0.00031651465545969899 8.0953077935621534e-05 8.351202843266405e-20 0.0003059871341960658
20 48 1.1920838951445203 -0.76542826664653119 5.7039002603016781e-05 -4.7996665692820711e-05 6.6837644654402242e-20 3.0818304630828784e-05
21 0 1.2096145406613512 0.77668456468545088 5.7455446612595591e-05 -4.8347091243678333e-05 2.3674182032430064e-20 -3.1043310289469195e-05
21 1 1.2277427414607927 0.74769914456975062 0.00026951944230892274 5.3978296179627011e-05 5.8930009812063439e-20 -0.00026405884443445022
21 2 1.2451765150019025 0.71829081609590206 0.00073614142413408045 0.00017523580263104855 9.548657216655643e-20 -0.00071498014643932891
21 3 1.2619060005156828 0.68847621299687156 0.0017150899493312563 0.00034384610819631408 3.6978849334901431e-19 -0.0016802688440173317
21 4 1.2779217355876011 0.65827219879983756 0.0036476672782415178 0.00061531558145513714 5.7083776356237425e-19 -0.0035953947360439307
21 5 1.293214661509656 0.62769585728795896 0.0071731690185014938 0.00085294671432797138 2.2958683792769528e-18 -0.0071222774216192115
21 6 1.3077761284040992 0.59676448283756411 0.012817139475852318 0.00093825556554030071 3.2037168352313041e-18 -0.012782751692698427
21 7 1.321597900115919 0.56549557063622846 0.020982427592851932 0.00045582389102318232 8.193870226778103e-18 -0.020977475831702123
21 8 1.3346721588713173 0.53390680678726821 0.030802063233718858 -0.0011188125710561586 1.0835533337366276e-17 -0.030781737408483972
21 9 1.3469915096995437 0.50201605830624974 0.040231545334458017 -0.0027034150636305967 2.3964504543960615e-17 -0.040140612688302178
21 10 1.3585489846155872 0.46984136301517465 0.046755248164009174 -0.0040724886933524345 3.3068011064005304e-17 -0.046577548955699676
21 11 1.3693380465613585 0.43740091934005221 0.045617024809970465 0.0016845112984036608 5.2562969372773421e-17 -0.045585912014557868
21 12 1.3793525931031363 0.40471307601763234 0.041013726907202133 0.016435434354324596 6.6310383602757748e-17 -0.037576618959177834
21 13 1.3885869598831819 0.37179632171712307 0.046249172819166268 0.039360671268430014 6.8566760204038025e-17 -0.024284224174465525
21 14 1.3970359238235746 0.33866927458275831 0.071342473437696424 0.071277878206024159 7.2917541419097594e-17 -0.0030352256350406615
21 15 1.4046947060804515 0.30535067170313185 0.082751884868284137 0.08059713050324202 4.8349950068310679e-17 0.018761050181083355
21 16 1.411558974746985 0.27185935851325899 0.076435914801179755 0.067838471709056269 5.6256094457165387e-17 0.035219182666166207
21 17 1.417624847303564 0.23821427813535195 0.08047912101935506 0.055423514721822234 5.8201398924226127e-17 0.058353431226689248
21 18 1.4228888928137993 0.20443446066434307 0.093441929386429798 0.03334012929194749 -1.9764807796162299e-17 0.087291637321422491
21 19 1.4273481338651037 0.17053901240421729 0.10852742997663072 -0.023756494261192054 -9.1994912127798262e-17 0.10589538251383028
21 20 1.4310000482527578 0.13654710506123743 0.15272751625081876 -0.1080083396835045 -3.2746282242299042e-17 0.10798098341354746
21 21 1.4338425704064997 0.10247796490017685 0.21538775564841203 -0.19224843079132775 -8.8364946201832466e-17 0.097120678238633129
21 22 1.4358740925588391 0.068350861869695967 0.26756886345341818 -0.25665329329725145 -1.6727212396742988e-16 0.075645117023036862
21 23 1.4370934656544319 0.034185098703007774 0.29653383671178524 -0.29347255822828189 -1.0108088607109333e-16 0.042499104484205213
21 24 1.4375 8.8021488688716011e-17 0.30494446823440985 -0.30494446823440985 -2.2952033430594777e-16 7.4629012087121317e-17
21 25 1.4370934656544319 -0.034185098703007601 0.29653383671178535 -0.29347255822828211 -2.1839589851321446e-16 -0.042499104484204936
21 26 1.4358740925588391 -0.068350861869695786 0.26756886345341846 -0.25665329329725173 -1.114997966536851e-16 -0.075645117023036904
21 27 1.4338425704064997 -0.1024779649001767 0.21538775564841267 -0.19224843079132847 -1.3682827088163081e-16 -0.097120678238633115
21 28 1.4310000482527578 -0.13654710506123727 0.15272751625081887 -0.10800833968350479 -9.4548176589276292e-17 -0.10798098341354735
21 29 1.4273481338651037 -0.17053901240421712 0.10852742997663084 -0.023756494261192338 -3.8513169753609069e-17 -0.10589538251383035
21 30 1.4228888928137993 -0.2044344606643429 0.09344192938642977 0.033340129291947296 3.063058021565303e-17 -0.087291637321422519
21 31 1.417624847303564 -0.23821427813535179 0.080479121019355074 0.055423514721822158 5.1640927911587622e-17 -0.058353431226689324
21 32 1.411558974746985 -0.27185935851325915 0.076435914801179672 0.067838471709056103 6.088591868591258e-17 -0.035219182666166353
21 33 1.4046947060804515 -0.30535067170313168 0.082751884868283956 0.080597130503241785 8.2805476894706346e-17 -0.018761050181083587
21 34 1.3970359238235746 -0.33866927458275808 0.071342473437696702 0.071277878206024436 1.0252209079822892e-16 0.0030352256350405045
21 35 1.3885869598831819 -0.37179632171712323 0.046249172819166399 0.039360671268430202 8.9176889655996736e-17 0.02428422417446547
21 36 1.3793525931031363 -0.40471307601763218 0.041013726907202112 0.016435434354324655 5.8425847620382038e-17 0.037576618959177778
21 37 1.3693380465613585 -0.4374009193400521 0.045617024809970465 0.0016845112984037599 5.4103789618564511e-17 0.045585912014557861
21 38 1.3585489846155872 -0.46984136301517482 0.046755248164009208 -0.0040724886933524483 2.5373048607972434e-17 0.04657754895569971
21 39 1.3469915096995437 -0.50201605830624962 0.04023154533445808 -0.0027034150636305945 1.7371567406718838e-17 0.040140612688302241
21 40 1.3346721588713173 -0.53390680678726798 0.030802063233718917 -0.0011188125710561636 1.0680154280852811e-17 0.030781737408484031
21 41 1.3215979001159188 -0.56549557063622846 0.020982427592851988 0.00045582389102318742 4.1937186383195079e-18 0.020977475831702178
21 42 1.3077761284040992 -0.59676448283756389 0.012817139475852351 0.00093825556554030364 3.4326195520271488e-18 0.012782751692698458
21 43 1.2932146615096562 -0.62769585728795885 0.007173169018501519 0.00085294671432797344 1.1416900042854026e-18 0.0071222774216192358
21 44 1.2779217355876011 -0.65827219879983767 0.0036476672782415251 0.00061531558145514018 6.4976007652543686e-19 0.0035953947360439381
21 45 1.2619060005156828 -0.68847621299687156 0.0017150899493312607 0.00034384610819631473 3.2298537631612015e-19 0.001680268844017336
21 46 1.2451765150019027 -0.71829081609590151 0.00073614142413408153 0.00017523580263104871 1.0670593197967989e-19 0.00071498014643933
21 47 1.2277427414607929 -0.74769914456975062 0.00026951944230892312 5.3978296179626808e-05 5.0400901039660433e-20 0.00026405884443445071
21 48 1.2096145406613514 -0.77668456468545077 5.7455446612595571e-05 -4.834709124367832e-05 4.3377706387646726e-20 3.1043310289469182e-05
22 0 1.2271451861781824 0.78794086272437047 5.4735627394642298e-05 -4.6058442287847736e-05 2.3786241805740787e-20 -2.9573785694464553e-05
22 1 1.2455361145254418 0.75853536405626876 0.00022288462980982055 3.1904075684485709e-05 5.9080482619851466e-20 -0.00022058941080699987
22 2 1.2632225514512054 0.72870082792337887 0.00060528499755976167 0.0001124584796979724 6.7332065052045391e-20 -0.00059474617999188647
22 3 1.2801944932767795 0.6984541291272609 0.0014296119263010544 0.00020887233555434465 2.2567995416095201e-19 -0.0014142710515535149
22 4 1.2964423404511896 0.66781237559403805 0.0030560694736664856 0.00033641675644137967 5.2667076119879593e-19 -0.0030374964022796161
22 5 1.3119569029808105 0.63679289869792932 0.0060820051878022544 0.00033723483894045666 1.4645683332707029e-18 -0.006072648496978755
22 6 1.3267294056273469 0.60541324345839831 0.010964017288271346 4.3398524461120393e-05 1.7574072297792458e-18 -0.010963931396428362
22 7 1.3407514928712221 0.57369115861646358 0.018093204078805398 -0.00097924852135795599 5.0477869867114805e-18 -0.018066684980115159
22 8 1.3540152336375681 0.5416445865957793 0.026870362236740428 -0.0032121642396203565 8.6075049248030442e-18 -0.026677675454044911
22 9 1.3665131257821457 0.50929165335416637 0.035196061405474856 -0.0055744364125110447 1.3814023260565419e-17 -0.034751811422439945
22 10 1.3782381003346535 0.47665065813133656 0.041032456770893892 -0.0075480216393318715 3.0765571245345944e-17 -0.040332243651791229
22 11 1.3891835254970302 0.4437400630986037 0.039331977662970335 -0.0022610585328504038 4.1501092931611005e-17 -0.03926693368715492
22 12 1.3993432103944861 0.41057848291643856 0.034437917686662919 0.012928303210679866 5.742228091055881e-17 -0.031919103224966945
22 13 1.4087114085771411 0.377184674205777 0.042252339957998944 0.037000354461663679 6.60488516751577e-17 -0.020401813685002587
22 14 1.417282821270293 0.34357752493903015 0.070843887646848305 0.070802232154298456 8.1578693352371665e-17 -0.0024290613183067305
22 15 1.4250526003714725 0.3097760437568004 0.085212304543980738 0.083733768292512112 8.4448214044675156e-17 0.015804837652820519
22 16 1.4320163511925934 0.27579934921634969 0.077132088459494666 0.071704513454381183 6.7348349334785894e-17 0.028422206465962108
22 17 1.4381701349456446 0.24166665897789327 0.078325262462882406 0.062707665311359267 2.1092046993553554e-17 0.046931817044282072
22 18 1.4435104709705209 0.20739727893484078 0.085120608767363021 0.047158684079568566 -1.6339173686853948e-17 0.07086308314496291
22 19 1.4480343387037284 0.17301059229413349 0.084356633356853575 -0.0074713480414732268 -2.5182650642098548e-17 0.084025118564306694
22 20 1.4517391793868557 0.13852604861284956 0.1258455404728881 -0.095604919434430266 -6.2512486652902535e-17 0.081833974832274947
22 21 1.4546228975138402 0.10396315279728086 0.19774567857344161 -0.18476192570140448 -1.3162421189412116e-16 0.070472577685079529
22 22 1.4566838620162135 0.069341454070706049 0.25549434048305686 -0.24974314848300999 -7.4619490419279705e-17 0.053904710412592052
22 23 1.4579209071856554 0.034680534916094838 0.28510588425504513 -0.28348518472315032 -2.7458220656717707e-16 0.030356470139536101
22 24 1.4583333333333333 8.9297162437827835e-17 0.29331591888922875 -0.29331591888922875 -6.74243702120959e-17 4.1725467772012643e-17
22 25 1.4579209071856554 -0.034680534916094664 0.28510588425504457 -0.28348518472314976 -1.5492298647378625e-16 -0.03035647013953598
22 26 1.4566838620162135 -0.069341454070705869 0.25549434048305719 -0.24974314848301038 -1.2305346943552295e-16 -0.053904710412591886
22 27 1.4546228975138402 -0.1039631527972807 0.19774567857344166 -0.18476192570140465 -8.3940697511846977e-17 -0.070472577685079266
22 28 1.4517391793868557 -0.1385260486128494 0.12584554047288857 -0.095604919434430863 -8.00256007326579e-17 -0.081833974832274975
22 29 1.4480343387037284 -0.17301059229413332 0.084356633356853616 -0.0074713480414736605 -4.5341708290510704e-17 -0.084025118564306681
22 30 1.4435104709705209 -0.20739727893484061 0.085120608767362979 0.047158684079568434 2.9657742387965835e-18 -0.070863083144962938
22 31 1.4381701349456446 -0.24166665897789311 0.078325262462882517 0.062707665311359337 5.1678453886598714e-17 -0.046931817044282155
22 32 1.4320163511925934 -0.27579934921634985 0.077132088459494555 0.071704513454381044 4.9869120087924016e-17 -0.028422206465962132
22 33 1.4250526003714725 -0.30977604375680023 0.085212304543980821 0.083733768292512153 8.1765046853933506e-17 -0.015804837652820675
22 34 1.417282821270293 -0.34357752493902993 0.070843887646848555 0.070802232154298692 6.3018364926266377e-17 0.0024290613183066178
22 35 1.4087114085771408 -0.37718467420577717 0.042252339957998993 0.037000354461663776 6.8990546671294236e-17 0.020401813685002504
22 36 1.3993432103944861 -0.41057848291643839 0.03443791768666294 0.012928303210680005 4.8452122834869325e-17 0.03191910322496691
22 37 1.3891835254970302 -0.44374006309860353 0.039331977662970294 -0.0022610585328503062 3.426937587087228e-17 0.039266933687154879
22 38 1.3782381003346535 -0.47665065813133672 0.041032456770893941 -0.0075480216393319236 2.8897753295126232e-17 0.040332243651791271
22 39 1.3665131257821457 -0.50929165335416626 0.035196061405474918 -0.0055744364125110395 1.5993479024029347e-17 0.034751811422440007
22 40 1.3540152336375681 -0.54164458659577919 0.026870362236740483 -0.0032121642396203752 9.9396232170259936e-18 0.026677675454044963
22 41 1.3407514928712219 -0.57369115861646369 0.018093204078805446 -0.00097924852135796033 4.3872773203843722e-18 0.018066684980115204
22 42 1.3267294056273469 -0.6054132434583982 0.010964017288271363 4.3398524461119695e-05 3.5636755970610885e-18 0.010963931396428378
22 43 1.3119569029808105 -0.63679289869792921 0.0060820051878022734 0.00033723483894045834 9.4606471984776982e-19 0.0060726484969787749
22 44 1.2964423404511896 -0.66781237559403828 0.0030560694736664925 0.00033641675644138238 7.266907516316034e-19 0.0030374964022796226
22 45 1.2801944932767795 -0.69845412912726101 0.0014296119263010581 0.00020887233555434535 2.3586927728814968e-19 0.0014142710515535183
22 46 1.2632225514512057 -0.72870082792337831 0.00060528499755976319 0.00011245847969797283 1.0250646797840895e-19 0.00059474617999188788
22 47 1.245536114525442 -0.75853536405626876 0.00022288462980982107 3.1904075684485675e-05 4.5993162296348786e-20 0.00022058941080700041
22 48 1.2271451861781826 -0.78794086272437025 5.4735627394642291e-05 -4.6058442287847736e-05 3.336308785582265e-20 2.9573785694464543e-05
23 0 1.2446758316950137 0.79919716076329006 4.9596754064092462e-05 -4.173422948558693e-05 1.8863486655608771e-20 -2.6797240584404189e-05
23 1 1.2633294875900911 0.7693715835427869 0.00017848001113642429 1.496552448713756e-05 4.5356540871989657e-20 -0.00017785147582205502
23 2 1.2812685879005083 0.73911083975085579 0.00048120807112268533 6.1470902840134094e-05 6.8152989983286595e-20 -0.00047726568682195678
23 3 1.2984829860378766 0.70843204525765047 0.0011552368085663942 0.00010055778269080071 2.6563553161321083e-19 -0.0011508519523409503
23 4 1.3149629453147782 0.67735255238823866 0.0024833860306438652 0.000111291944885194 4.5181638517643459e-19 -0.0024808910254585479
23 5 1.3306991444519649 0.64588994010789991 0.0050127920942688508 -7.4903445316398676e-05 1.0689955711727909e-18 -0.0050122324421602825
23 6 1.3456826828505948 0.61406200407923262 0.0091341050043492519 -0.00066636975820779612 3.1309386313059398e-18 -0.0091097653963109343
23 7 1.3599050856265253 0.58188674659669881 0.015225657542734881 -0.0021255096975551016 4.6173547274934023e-18 -0.015076566457063055
23 8 1.3733583084038192 0.5493823664042905 0.02294148563507991 -0.0048779410285274228 8.6455026959607451e-18 -0.022416901089731083
23 9 1.3860347418647481 0.51656724840208312 0.030226167985417014 -0.0079258355021549053 1.2516096054208416e-17 -0.029168516634814141
23 10 1.3979272160537202 0.48345995324749858 0.035415695948666254 -0.010534749648490063 2.2727932959144948e-17 -0.033812580046071808
23 11 1.4090290044327023 0.45007920685715525 0.033231241193813627 -0.0058920072554095974 3.7091775112648551e-17 -0.032704734241140322
23 12 1.4193338276858358 0.41644388981524488 0.027955340216159492 0.0093502120871136012 3.8768113181581819e-17 -0.026345295225660672
23 13 1.4288358572711004 0.382573026694431 0.037820263834062909 0.034077514304095502 4.8606157853910511e-17 -0.016404126777500024
23 14 1.4375297187170115 0.348485775295302 0.069688871889930198 0.069644405772924273 5.7900604319065612e-17 -0.0024890981956078558
23 15 1.4454104946624937 0.31420141581046901 0.086877104095179056 0.086178522980236871 4.4974490987244002e-17 0.010995153155339096
23 16 1.452473727638202 0.27973933991944039 0.078118793148081553 0.075320446655691403 2.4863521218546337e-17 0.02072139373931927
23 17 1.4587154225877255 0.24511903982043462 0.076092961191202776 0.06846766669124138 9.1762737647756447e-18 0.033201165050385895
23 18 1.4641320491272427 0.21036009720533852 0.075946466068922497 0.05847745120001574 -3.615209377584363e-17 0.048458780520229505
23 19 1.4687205435423532 0.17548217218404968 0.055994501559620317 0.0066646491688148674 -4.6885852292505735e-17 0.055596462624585549
23 20 1.4724783105209538 0.14050499216446172 0.098799232606686563 -0.08452812460931157 -3.245982819448475e-17 0.051149628676099422
23 21 1.475403224621181 0.10544834069438488 0.18212518731348445 -0.17747802131427962 8.2598927059000793e-17 0.040879527936852497
23 22 1.477493631473588 0.070332046271716131 0.24454819704204309 -0.24276525025885526 -1.543979493182996e-17 0.029476328524246177
23 23 1.4787483487168793 0.035175971129181915 0.27415733839600076 -0.27367263609160902 -9.2458648613616364e-17 0.016295227861217773
23 24 1.4791666666666667 9.0572836186939672e-17 0.28154656757673374 -0.28154656757673374 -8.8854622989873942e-17 -4.0030219333235736e-17
23 25 1.4787483487168793 -0.035175971129181735 0.27415733839600109 -0.27367263609160936 -1.4205733609726909e-17 -0.016295227861217756
23 26 1.477493631473588 -0.070332046271715964 0.24454819704204356 -0.24276525025885581 2.0266034226618006e-17 -0.029476328524245872
23 27 1.475403224621181 -0.10544834069438472 0.18212518731348459 -0.17747802131427978 -3.3435163195149058e-17 -0.040879527936852414
23 28 1.4724783105209538 -0.14050499216446155 0.098799232606686896 -0.084528124609311917 -1.8761826131325204e-17 -0.051149628676099491
23 29 1.4687205435423532 -0.17548217218404952 0.055994501559620262 0.0066646491688143791 -4.9947957481860952e-17 -0.055596462624585549
23 30 1.4641320491272427 -0.21036009720533838 0.075946466068922844 0.058477451200015927 2.4292595425882442e-17 -0.048458780520229824
23 31 1.4587154225877255 -0.24511903982043448 0.076092961191202554 0.068467666691241116 4.0750401136505113e-17 -0.033201165050385929
23 32 1.452473727638202 -0.27973933991944055 0.078118793148081275 0.075320446655691084 6.301350983441453e-17 -0.020721393739319385
23 33 1.4454104946624937 -0.31420141581046884 0.086877104095178986 0.086178522980236788 7.9540117240551978e-17 -0.010995153155339105
23 34 1.4375297187170115 -0.34848577529530184 0.069688871889930545 0.069644405772924606 7.1494270698553896e-17 0.0024890981956077929
23 35 1.4288358572711002 -0.38257302669443116 0.037820263834063034 0.034077514304095675 6.55997560020306e-17 0.016404126777499955
23 36 1.4193338276858358 -0.41644388981524472 0.027955340216159495 0.0093502120871136879 3.6516933701999413e-17 0.026345295225660644
23 37 1.4090290044327023 -0.45007920685715508 0.03323124119381362 -0.0058920072554095298 2.7247445275568034e-17 0.032704734241140329
23 38 1.3979272160537202 -0.48345995324749874 0.035415695948666295 -0.010534749648490089 1.8535455437991121e-17 0.03381258004607185
23 39 1.3860347418647481 -0.5165672484020829 0.030226167985417062 -0.0079258355021549088 8.4759721516827819e-18 0.029168516634814189
23 40 1.3733583084038192 -0.54938236640429028 0.022941485635079962 -0.0048779410285274454 8.2834816378043717e-18 0.022416901089731132
23 41 1.3599050856265251 -0.58188674659669892 0.015225657542734925 -0.002125509697555102 2.7128861114917108e-18 0.015076566457063097
23 42 1.3456826828505948 -0.6140620040792325 0.0091341050043492814 -0.00066636975820779504 2.191933095067891e-18 0.0091097653963109638
23 43 1.3306991444519651 -0.64588994010789968 0.0050127920942688638 -7.4903445316398649e-05 8.3154640051532017e-19 0.0050122324421602955
23 44 1.3149629453147782 -0.67735255238823888 0.002483386030643873 0.00011129194488519601 5.5970946989433234e-19 0.0024808910254585552
23 45 1.2984829860378766 -0.70843204525765047 0.0011552368085663972 0.00010055778269080136 1.9371106610369529e-19 0.0011508519523409535
23 46 1.2812685879005088 -0.73911083975085523 0.00048120807112268614 6.1470902840134216e-05 7.611473164855144e-20 0.00047726568682195764
23 47 1.2633294875900913 -0.7693715835427869 0.00017848001113642488 1.4965524487137557e-05 2.4497832545054144e-20 0.00017785147582205561
23 48 1.2446758316950137 -0.79919716076328995 4.959675406409249e-05 -4.1734229485586957e-05 1.8853464134068366e-20 2.67972405844042e-05
24 0 1.2622064772118446 0.81045345880220965 4.2838580254108562e-05 -3.604742231419684e-05 1.0427676301418352e-20 -2.3145783691412217e-05
24 1 1.2811228606547402 0.78020780302930504 0.00013786012593900506 2.9264698877010671e-06 3.0618246835075582e-20 -0.00013782906115153911
24 2 1.2993146243498113 0.74952085157833248 0.00036829234096897781 2.2529865779643582e-05 4.6307916342419849e-20 -0.00036760257556818211
24 3 1.3167714787989733 0.71840996138803981 0.00090141589858904088 1.9330589322931613e-05 1.2052080275619191e-19 -0.00090120860545465063
24 4 1.3334835501783666 0.68689272918243915 0.0019482928370819865 -5.8836739660130423e-05 3.544880605277401e-19 -0.0019474042253962434
24 5 1.3494413859231194 0.65498698151787027 0.0040012845959087381 -0.00038051294927878736 7.9428346666948848e-19 -0.003983150551120019
24 6 1.3646359600738425 0.62271076470006692 0.0073783474562630564 -0.0011858323540972619 1.3323732731646076e-18 -0.0072824317925621286
24 7 1.3790586783818286 0.59008233457693404 0.012465144874938596 -0.0029737477362588314 2.6608152165414955e-18 -0.012105232800500097
24 8 1.3927013831700701 0.55712014621280159 0.019113529226253787 -0.006091012870771702 4.2923137640983215e-18 -0.018117024084847687
24 9 1.40555635794735 0.52384284344999976 0.025425134535491452 -0.0097240296280130065 7.4924647587879651e-18 -0.02349214153587036
24 10 1.4176163317727866 0.49026924836366048 0.030087061547894554 -0.013004379957734588 1.6919741375038493e-17 -0.027131483087027623
24 11 1.428874483368374 0.45641835061570668 0.027458839928393448 -0.0090556951327229185 2.0138655256097025e-17 -0.025922620929919735
24 12 1.4393244449771856 0.42230929671405115 0.021337399234964836 0.0055916732570817224 3.0554582881000304e-17 -0.020591692409763579
24 13 1.4489603059650595 0.38796137918308493 0.032978632306913107 0.030598543472555577 4.0944398169095528e-17 -0.01230119206388957
24 14 1.45777661616373 0.35339402565157385 0.067874265465913797 0.067825381072916843 4.3291050873904572e-17 -0.0025755766055297648
24 15 1.4657683889535147 0.31862678786413756 0.087284802738389788 0.087117488913807425 5.0085649843173741e-17 0.0054018436141985192
24 16 1.4729311040838104 0.28367933062253109 0.079283535854843559 0.078289805921357411 3.1778654970215753e-17 0.012513406668148146
24 17 1.4792607102298061 0.24857142066297594 0.074589353394230951 0.072317579397846291 2.4383237142368396e-17 0.018268534418657393
24 18 1.4847536272839643 0.21332291547583626 0.069356761876976356 0.065617245160039361 5.0885218133171623e-17 0.022466364985615578
24 19 1.4894067483809779 0.17795375207396585 0.027733983781085863 0.01553281698964749 -1.4373278733437194e-18 0.022976193173275074
24 20 1.4932174416550517 0.14248393571607385 0.07875426316668592 -0.076770553634506217 1.5570922692540538e-17 0.017564625290026108
24 21 1.4961835517285214 0.10693352859148889 0.17251958711740331 -0.17227171221064466 -1.7901396022551935e-17 0.0092447342402115426
24 22 1.4983034009309626 0.071322638472726213 0.2385594844792239 -0.23853851355040082 9.205165475744626e-17 0.0031630978736547884
24 23 1.4995757902481028 0.035671407342268979 0.26906028585278502 -0.26905966448619684 -5.3683846559955864e-17 0.00057824714230586582
24 24 1.5 9.1848509936051484e-17 0.27655706056314533 -0.27655706056314533 1.2139977866359626e-16 1.5007651441194332e-17
24 25 1.4995757902481028 -0.035671407342268799 0.2690602858527853 -0.26905966448619711 -2.3764615926404863e-17 -0.00057824714230566372
24 26 1.4983034009309626 -0.071322638472726047 0.23855948447922423 -0.23853851355040112 8.512498577363947e-17 -0.0031630978736546878
24 27 1.4961835517285214 -0.10693352859148872 0.17251958711740376 -0.17227171221064508 -8.3667297168728179e-18 -0.0092447342402117889
24 28 1.4932174416550517 -0.14248393571607365 0.078754263166686267 -0.076770553634506619 -1.607576993838251e-17 -0.017564625290025948
24 29 1.4894067483809779 -0.17795375207396569 0.027733983781085714 0.015532816989647234 5.6833916459094856e-17 -0.022976193173275063
24 30 1.4847536272839643 -0.21332291547583609 0.069356761876976453 0.065617245160039459 4.4462161862357787e-17 -0.022466364985615547
24 31 1.4792607102298061 -0.24857142066297577 0.074589353394230992 0.072317579397846304 4.9180414637291097e-17 -0.018268534418657511
24 32 1.4729311040838104 -0.28367933062253126 0.079283535854843365 0.078289805921357203 4.1889059653688002e-17 -0.012513406668148224
24 33 1.4657683889535147 -0.3186267878641374 0.087284802738389747 0.087117488913807398 1.9737125342699831e-17 -0.0054018436141985799
24 34 1.45777661616373 -0.35339402565157363 0.067874265465914116 0.067825381072917162 3.8652625054837085e-17 0.002575576605529675
24 35 1.4489603059650593 -0.38796137918308515 0.032978632306913239 0.03059854347255573 2.4482804579358528e-17 0.012301192063889533
24 36 1.4393244449771856 -0.42230929671405093 0.021337399234964825 0.0055916732570817909 2.7319422393724799e-17 0.020591692409763551
24 37 1.428874483368374 -0.45641835061570651 0.02745883992839342 -0.0090556951327228578 2.0748843334012339e-17 0.025922620929919725
24 38 1.4176163317727866 -0.4902692483636607 0.03008706154789462 -0.013004379957734642 1.6052635711677574e-17 0.027131483087027675
24 39 1.40555635794735 -0.52384284344999954 0.02542513453549149 -0.0097240296280130152 8.5587168502090991e-18 0.023492141535870394
24 40 1.3927013831700701 -0.55712014621280148 0.019113529226253825 -0.0060910128707717271 6.2009785252172562e-18 0.018117024084847715
24 41 1.3790586783818284 -0.59008233457693415 0.012465144874938628 -0.0029737477362588435 2.6691730821466916e-18 0.012105232800500125
24 42 1.3646359600738425 -0.6227107647000667 0.0073783474562630702 -0.0011858323540972656 2.2547976446293884e-18 0.0072824317925621425
24 43 1.3494413859231194 -0.65498698151787005 0.0040012845959087493 -0.00038051294927879132 7.4628355872857952e-19 0.0039831505511200302
24 44 1.3334835501783666 -0.68689272918243938 0.0019482928370819896 -5.8836739660130877e-05 5.3677680685736814e-19 0.0019474042253962464
24 45 1.3167714787989733 -0.71840996138803992 0.00090141589858904305 1.9330589322931458e-05 1.822506215647929e-19 0.00090120860545465291
24 46 1.2993146243498117 -0.74952085157833204 0.00036829234096897809 2.252986577964347e-05 8.7997641852943579e-20 0.00036760257556818244
24 47 1.2811228606547402 -0.78020780302930504 0.00013786012593900538 2.926469887701004e-06 2.7704619162137148e-20 0.00013782906115153946
24 48 1.2622064772118449 -0.81045345880220943 4.2838580254108562e-05 -3.6047422314196846e-05 1.8744180434699445e-20 2.3145783691412213e-05
25 0 1.2797371227286758 0.82170975684112924 3.5273993525150401e-05 -2.9682042069715673e-05 1.1122514143402374e-20 -1.9058620038816595e-05
25 1 1.2989162337193894 0.79104402251582318 0.00010214544263285708 -4.8053966508009697e-06 2.1712290090373649e-20 -0.0001020323459187858
25 2 1.3173606607991142 0.75993086340580929 0.00026973240174751287 -5.0302366887468482e-06 4.6416567687464214e-20 -0.00026968549325341335
25 3 1.3350599715600699 0.72838787751842926 0.00067517020784765988 -3.6363995838445862e-05 1.2452088108065436e-19 -0.00067419023233187951
25 4 1.3520041550419548 0.69643290597663965 0.0014666997225025718 -0.00017683032947778178 3.2140057243068807e-19 -0.0014560010681884475
25 5 1.3681836273942736 0.66408402292784063 0.003076542859472856 -0.0005824460713193902 6.7282985257319036e-19 -0.0030209059138241998
25 6 1.3835892372970904 0.63135952532090112 0.005747842940939123 -0.001523917643455604 1.2530146429768789e-18 -0.0055421452064763179
25 7 1.3982122711371316 0.59827792255716916 0.0098904462785885053 -0.0035246612718712951 3.0732053131545744e-18 -0.0092410870847652905
25 8 1.4120444579363209 0.56485792602131268 0.015495668398132439 -0.0068466279779894291 5.0591056272215579e-18 -0.013901058392650998
25 9 1.425077974029952 0.5311184384979164 0.020928695294292726 -0.010970147262530148 7.3525784506929264e-18 -0.017823191514421678
25 10 1.437305447491853 0.49707854347982244 0.025254142227013457 -0.014853876440051712 1.2497164777016229e-17 -0.020423859927200364
25 11 1.4487199623040459 0.46275749437425812 0.022278075857480699 -0.011720968162010377 1.36939068080207e-17 -0.018945489417188554
25 12 1.4593150622685354 0.42817470361285737 0.014565281620130526 0.0017262668576895034 1.9276288136549708e-17 -0.014462621871906729
25 13 1.4690847546590187 0.39334973167173892 0.027859197738660878 0.026660669347382197 2.1951327966304897e-17 -0.0080835393604140205
25 14 1.4780235136104485 0.3583022760078457 0.065243105413785293 0.065207704876807437 2.9842455148949521e-17 -0.002148959919003554
25 15 1.4861262832445357 0.32305215991780611 0.086363131664037515 0.08636261190859959 -9.0034770852328173e-18 0.00029962500645135793
25 16 1.4933884805294189 0.28761932132562179 0.08051556162301185 0.080417119337621648 1.5929204121414079e-17 0.0039802739739542188
25 17 1.4998059978718865 0.25202380150551729 0.074807042935025964 0.074733220122422644 1.510501329914443e-17 0.0033225717172608231
25 18 1.5053752054406859 0.21628573374633397 0.067623575506698938 0.067532797066681596 -1.3532646409704375e-17 -0.0035027538681180817
25 19 1.5100929532196026 0.18042533196388205 0.020906411074650733 0.018184048068440008 3.6362928185595947e-17 -0.010315930392695662
25 20 1.5139565727891495 0.14446287926768597 0.075109623351708205 -0.073158867457709956 1.4137584935013661e-17 -0.017006928950892234
25 21 1.5169638788358619 0.1084187164885929 0.17095181314126096 -0.16937395555884024 1.1232509646139393e-16 -0.023172949631771411
25 22 1.5191131703883369 0.072313230673736309 0.23983812758825601 -0.23863867647948964 1.284234479023072e-16 -0.023956409020511511
25 23 1.5204032317793263 0.03616684355535605 0.27310873034456884 -0.27267580669742442 6.9860276875839597e-17 -0.015371500653198932
25 24 1.5208333333333333 9.3124183685163309e-17 0.28193014111990466 -0.28193014111990466 8.7447107824290758e-17 -1.0606162192413752e-17
25 25 1.5204032317793263 -0.036166843555355863 0.2731087303445689 -0.27267580669742442 1.3751204850863222e-16 0.015371500653198995
25 26 1.5191131703883369 -0.072313230673736129 0.23983812758825607 -0.23863867647948969 1.0618191701076582e-16 0.02395640902051167
25 27 1.5169638788358619 -0.10841871648859273 0.17095181314126159 -0.16937395555884088 5.3616572334806182e-17 0.023172949631771363
25 28 1.5139565727891495 -0.14446287926768578 0.075109623351708898 -0.073158867457710677 1.078803963622573e-16 0.017006928950892172
25 29 1.5100929532196026 -0.18042533196388189 0.020906411074650449 0.018184048068439578 4.5189447821949076e-17 0.01031593039269584
25 30 1.5053752054406859 -0.21628573374633378 0.067623575506698827 0.067532797066681471 6.7489860901314742e-17 0.0035027538681181077
25 31 1.4998059978718865 -0.25202380150551712 0.074807042935025839 0.07473322012242252 1.8223474481075159e-17 -0.0033225717172608621
25 32 1.4933884805294189 -0.28761932132562196 0.080515561623011642 0.08041711933762144 5.1282571780943717e-17 -0.0039802739739542457
25 33 1.4861262832445357 -0.32305215991780595 0.086363131664037515 0.08636261190859959 4.0396865988875372e-17 -0.00029962500645133402
25 34 1.4780235136104485 -0.35830227600784548 0.065243105413785668 0.065207704876807812 2.2194781569775543e-17 0.0021489599190034911
25 35 1.4690847546590184 -0.39334973167173909 0.027859197738661006 0.026660669347382357 2.5697656700220529e-17 0.0080835393604139372
25 36 1.4593150622685354 -0.4281747036128572 0.014565281620130517 0.0017262668576895734 1.6715682813936206e-17 0.014462621871906712
25 37 1.4487199623040459 -0.46275749437425795 0.022278075857480664 -0.011720968162010357 1.2196631216636503e-17 0.018945489417188523
25 38 1.437305447491853 -0.49707854347982261 0.025254142227013509 -0.014853876440051763 8.4104017997306125e-18 0.020423859927200395
25 39 1.425077974029952 -0.53111843849791618 0.020928695294292764 -0.010970147262530171 4.9448649492729796e-18 0.017823191514421705
25 40 1.4120444579363209 -0.56485792602131257 0.015495668398132476 -0.0068466279779894534 4.8855305933517631e-18 0.013901058392651024
25 41 1.3982122711371314 -0.59827792255716927 0.0098904462785885296 -0.0035246612718712951 1.5184573018490231e-18 0.0092410870847653148
25 42 1.3835892372970904 -0.63135952532090089 0.0057478429409391369 -0.0015239176434556092 1.3238497993785866e-18 0.00554214520647633
25 43 1.3681836273942738 -0.66408402292784041 0.003076542859472866 -0.00058244607131939085 5.6799809786421055e-19 0.0030209059138242098
25 44 1.3520041550419548 -0.69643290597663987 0.0014666997225025744 -0.00017683032947778238 3.2376635720310718e-19 0.0014560010681884501
25 45 1.3350599715600699 -0.72838787751842937 0.00067517020784766183 -3.6363995838445543e-05 9.644598405492603e-20 0.00067419023233188146
25 46 1.3173606607991144 -0.75993086340580884 0.00026973240174751293 -5.0302366887468847e-06 4.2141531510927477e-20 0.00026968549325341346
25 47 1.2989162337193894 -0.79104402251582318 0.00010214544263285743 -4.8053966508008672e-06 1.1066911914195591e-20 0.00010203234591878616
25 48 1.279737122728676 -0.82170975684112901 3.5273993525150394e-05 -2.968204206971567e-05 1.2349229226417212e-20 1.9058620038816585e-05
26 0 1.2972677682455072 0.83296605488004882 2.7623501496290793e-05 -2.3244375007926218e-05 4.5074339885603113e-21 -1.4925041554597925e-05
26 1 1.3167096067840385 0.80188024200234131 7.2025288987161487e-05 -9.032379648207983e-06 1.5040617740536947e-20 -7.1456688781210427e-05
26 2 1.3354066972484171 0.7703408752332862 0.00018746301333368622 -2.2478244084424138e-05 3.0974440019463369e-20 -0.00018611047770350511
26 3 1.3533484643211671 0.73836579364881871 0.00048124026886857087 -6.9740307290980754e-05 6.6367164710814071e-20 -0.00047616014734504393
26 4 1.3705247599055435 0.70597308277084025 0.0010510862540719877 -0.00024800522717522946 1.4160973612600791e-19 -0.0010214086943005948
26 5 1.3869258688654282 0.67318106433781111 0.002262276805328044 -0.00069008179136241575 4.0430205333344855e-19 -0.002154456651955499
26 6 1.4025425145203383 0.64000828594173542 0.0042915892483477028 -0.0016984235349157817 4.9010482765318508e-19 -0.0039412048630561927
26 7 1.4173658638924349 0.60647351053740439 0.007585499989981522 -0.0037913088808255928 1.0832505286086639e-18 -0.0065700675086472794
26 8 1.4313875327025722 0.57259570582982389 0.012200529695249002 -0.0071653445053074388 1.8723634830963758e-18 -0.0098747538179396258
26 9 1.4445995901125543 0.53839403354583304 0.016960071844633703 -0.011670698872491022 2.7500920456506369e-18 -0.012306048301659376
26 10 1.4569945632109196 0.50388783859598441 0.02111179676785984 -0.015991449902174503 2.5212552253991505e-18 -0.013783377408808778
26 11 1.4685654412397178 0.46909663813280966 0.018232696072542406 -0.013849134271069081 3.8831861595677596e-18 -0.011858865292075929
26 12 1.4793056795598853 0.43404011051166369 0.00812271726035242 -0.0021464939470799476 9.1070251631468116e-18 -0.0078339708594541164
26 13 1.4892092033529778 0.39873808416039291 0.022851218907155236 0.022566107316880159 1.5607327833519115e-17 -0.0035984727462878663
26 14 1.498270411057167 0.3632105263641176 0.061391762135381757 0.061385637873144334 1.8195548938814562e-17 -0.00086713378119010107
26 15 1.5064841775355569 0.32747753197147472 0.084086079901133273 0.084028279741278966 3.3863166019235082e-18 -0.0031172162037843626
26 16 1.5138458569750275 0.29155931202871255 0.082032898811761026 0.081907581616971203 2.7336899579905346e-17 -0.0045326108502522829
26 17 1.5203512855139674 0.25547618234805863 0.076227816576477453 0.075494331057356395 -5.6801608414048889e-18 -0.01054921789609848
26 18 1.525996783597408 0.21924855201683172 0.069461594041369673 0.064338398152943121 2.3272259758008443e-17 -0.026181741154503231
26 19 1.5307791580582273 0.18289691185379825 0.043771339801958874 0.015227377749347829 -1.1201109033729896e-17 -0.041037265441756912
26 20 1.5346957039232476 0.14644182281929813 0.088940155668875434 -0.073067642501208979 6.4001267849564566e-17 -0.050709672743169162
26 21 1.5377442059432027 0.10990390438569693 0.17660017717945273 -0.16780509326681151 5.0082104451975835e-17 -0.055037017120577937
26 22 1.5399229398457115 0.073303822874746391 0.2462575515176561 -0.24117318228231863 1.5254514510513519e-16 -0.049782304358984453
26 23 1.5412306733105503 0.036662279768443121 0.28376768826347876 -0.28214399082714381 8.4707083243657753e-17 -0.030312857709747922
26 24 1.5416666666666667 9.4399857434275146e-17 0.29434040047194504 -0.29434040047194504 1.3066319334242375e-16 -2.5166296691608564e-16
26 25 1.5412306733105503 -0.036662279768442933 0.28376768826347898 -0.28214399082714414 1.4347647619160564e-16 0.030312857709747652
26 26 1.5399229398457115 -0.073303822874746211 0.24625755151765671 -0.24117318228231918 1.5403715167589514e-16 0.049782304358984786
26 27 1.5377442059432027 -0.10990390438569675 0.17660017717945317 -0.16780509326681189 8.7616391673726691e-17 0.055037017120578048
26 28 1.5346957039232476 -0.14644182281929793 0.088940155668875892 -0.073067642501209534 -1.7155968120792915e-17 0.050709672743169162
26 29 1.5307791580582273 -0.18289691185379808 0.043771339801958679 0.015227377749347492 1.9849612262919143e-17 0.041037265441756822
26 30 1.525996783597408 -0.21924855201683155 0.069461594041369507 0.064338398152942927 6.6211062228727665e-18 0.026181741154503262
26 31 1.5203512855139674 -0.25547618234805847 0.076227816576477647 0.075494331057356617 -2.9769635359265738e-17 0.010549217896098395
26 32 1.5138458569750275 -0.29155931202871271 0.082032898811760985 0.081907581616971176 8.1013484636213577e-18 0.0045326108502521702
26 33 1.5064841775355569 -0.32747753197147456 0.084086079901133454 0.084028279741279147 -4.3297104969934882e-18 0.0031172162037844233
26 34 1.498270411057167 -0.36321052636411738 0.061391762135382125 0.061385637873144702 5.2195371434889494e-18 0.00086713378119004654
26 35 1.4892092033529778 -0.39873808416039308 0.022851218907155371 0.022566107316880298 5.9115319562881421e-18 0.0035984727462878381
26 36 1.4793056795598853 -0.43404011051166352 0.0081227172603524304 -0.0021464939470799168 6.6660660548650525e-18 0.0078339708594541355
26 37 1.4685654412397178 -0.4690966381328095 0.018232696072542375 -0.013849134271069074 8.2411445845393272e-18 0.011858865292075889
26 38 1.4569945632109196 -0.50388783859598463 0.02111179676785992 -0.015991449902174579 7.3515210819594451e-18 0.013783377408808818
26 39 1.4445995901125543 -0.53839403354583293 0.016960071844633731 -0.011670698872491048 4.490727709033482e-18 0.012306048301659388
26 40 1.4313875327025722 -0.57259570582982366 0.012200529695249034 -0.0071653445053074683 3.7337475642868763e-18 0.0098747538179396431
26 41 1.4173658638924347 -0.6064735105374045 0.0075854999899815411 -0.0037913088808256036 1.6514865007622922e-18 0.006570067508647295
26 42 1.4025425145203383 -0.6400082859417352 0.0042915892483477098 -0.0016984235349157867 1.3649942456028851e-18 0.0039412048630561979
26 43 1.3869258688654285 -0.673181064337811 0.0022622768053280531 -0.00069008179136241857 5.0912468287865092e-19 0.0021544566519555081
26 44 1.3705247599055435 -0.70597308277084048 0.0010510862540719888 -0.00024800522717523016 2.9343760878389461e-19 0.0010214086943005957
26 45 1.3533484643211671 -0.73836579364881882 0.00048124026886857266 -6.9740307290980713e-05 8.8500409700167026e-20 0.00047616014734504577
26 46 1.3354066972484175 -0.77034087523328576 0.00018746301333368617 -2.2478244084424405e-05 5.0191997834408404e-20 0.00018611047770350503
26 47 1.3167096067840387 -0.80188024200234131 7.2025288987161772e-05 -9.0323796482079118e-06 1.3997506188302511e-20 7.1456688781210725e-05
26 48 1.2972677682455074 -0.83296605488004871 2.7623501496290837e-05 -2.3244375007926255e-05 1.2153585561029543e-20 1.4925041554597945e-05
27 0 1.3147984137623383 0.84422235291896841 2.0478042197789587e-05 -1.7231678335111665e-05 4.8349915926490078e-21 -1.1064333419130783e-05
27 1 1.3345029798486876 0.81271646148885945 4.7770946605605999e-05 -1.0627853642117315e-05 1.045044103793783e-20 -4.6573727213498739e-05
27 2 1.35345273369772 0.78075088706076301 0.00012222702041640257 -3.1570056504933454e-05 1.942164996830771e-20 -0.00011807953274021286
27 3 1.3716369570822637 0.74834370977920817 0.00032223281847247408 -8.5020825197788555e-05 5.244036982146794e-20 -0.00031081417049967576
27 4 1.3890453647691319 0.71551325956504086 0.00071069473830137522 -0.00027965247468686645 1.6175530365274011e-19 -0.00065336169496747493
27 5 1.4056681103365827 0.68227810574778147 0.0015770905751867573 -0.0007178933880283699 3.4961451375372113e-19 -0.0014042235455111998
27 6 1.421495791743586 0.64865704656256962 0.0030611564184840432 -0.0017337114417250185 6.632024741513092e-19 -0.0025228799526053184
27 7 1.4365194566477379 0.61466909851763962 0.0056361044111933644 -0.0037992931544400259 1.7944083683341987e-18 -0.0041630571051210034
27 8 1.4507306074688231 0.58033348563833498 0.0093828393733754213 -0.0070934732907114578 1.9903247003418092e-18 -0.0061416863629240488
27 9 1.4641212061951563 0.54566962859374968 0.013795022708816574 -0.011838927706931655 3.7221728830159778e-18 -0.0070811328392292525
27 10 1.476683678929986 0.51069713371214631 0.01793625432939789 -0.01636220351382273 4.4642677664233516e-18 -0.0073476197194119741
27 11 1.4884109201753897 0.47543578189136115 0.016135420094796064 -0.015435118867065905 1.0757746452675083e-18 -0.0047020088467690938
27 12 1.4992962968512351 0.4399055174104699 0.0058212965567149069 -0.0057620320608377466 -3.3119485937352984e-18 -0.00082854096525081255
27 13 1.5093336520469369 0.40412643664904685 0.018597978484026431 0.018536145166956286 -9.3445441796558943e-18 0.0015152973443629232
27 14 1.5185173085038854 0.36811877672038945 0.05611902090723575 0.056098068714354646 -1.270012107271936e-17 0.0015333603967458396
27 15 1.5268420718265778 0.33190290402514333 0.080841217972671714 0.080723693555770831 -2.2260996079802054e-17 -0.0043575018094114204
27 16 1.5343032334206359 0.29549930273180325 0.08385315353050754 0.083007988113855014 -7.6469219369463592e-18 -0.011875405942576165
27 17 1.540896573156048 0.25892856319059993 0.077965172143697498 0.074684629825067655 -9.5527920061015523e-18 -0.02237798327126464
27 18 1.5466183617541296 0.22221137028732943 0.072601307325048617 0.058256301254591275 4.2641581807761528e-18 -0.043326125945443883
27 19 1.551465362896852 0.18536849174371445 0.066696179611666365 0.0091464829354416365 -1.8410215916493606e-17 -0.066066044415443365
27 20 1.5554348350573455 0.14842076637091026 0.1101621916603454 -0.074597339417836597 9.5250149786752351e-17 -0.08106136825387758
27 21 1.5585245330505431 0.11138909228280093 0.18739951522468748 -0.16703624038192938 1.1512629893676988e-16 -0.084955710258452749
27 22 1.5607327093030861 0.074294415075756473 0.25473746363774602 -0.24398269055136354 1.5226314213570064e-16 -0.073236753695870183
27 23 1.5620581148417738 0.037157715981530191 0.29521108409137548 -0.292032158654008 1.9515297356669129e-16 -0.043206509721168691
27 24 1.5625 9.567553118338697e-17 0.30803637801155426 -0.30803637801155426 1.0908923460104431e-16 -1.0801537077850946e-16
27 25 1.5620581148417738 -0.037157715981529997 0.29521108409137609 -0.29203215865400867 1.7387481062973376e-16 0.043206509721168622
27 26 1.5607327093030861 -0.074294415075756293 0.25473746363774674 -0.24398269055136432 1.5154583844831782e-16 0.073236753695870141
27 27 1.5585245330505431 -0.11138909228280075 0.1873995152246877 -0.16703624038192963 7.7850384252583101e-17 0.084955710258452846
27 28 1.5554348350573455 -0.14842076637091006 0.11016219166034569 -0.074597339417837041 3.8410054257970483e-17 0.081061368253877567
27 29 1.551465362896852 -0.18536849174371428 0.066696179611666392 0.009146482935441189 -1.2734289455689809e-17 0.066066044415443448
27 30 1.5466183617541296 -0.22221137028732926 0.072601307325048617 0.058256301254591178 1.5063473038667801e-17 0.043326125945444001
27 31 1.540896573156048 -0.25892856319059976 0.07796517214369747 0.074684629825067614 -5.0066777067922611e-18 0.022377983271264661
27 32 1.5343032334206359 -0.29549930273180341 0.083853153530507527 0.083007988113855027 -1.4891936990302923e-17 0.011875405942576103
27 33 1.5268420718265778 -0.33190290402514311 0.080841217972671742 0.080723693555770859 5.0711624425088629e-18 0.0043575018094113831
27 34 1.5185173085038854 -0.36811877672038923 0.056119020907236104 0.056098068714354993 -1.0822273889436813e-17 -0.0015333603967458687
27 35 1.5093336520469367 -0.40412643664904702 0.018597978484026549 0.018536145166956394 -6.8595275198858515e-18 -0.0015152973443629902
27 36 1.4992962968512351 -0.43990551741046974 0.0058212965567148627 -0.0057620320608377032 -1.1990477918018342e-18 0.00082854096525079878
27 37 1.4884109201753897 -0.47543578189136093 0.01613542009479604 -0.015435118867065887 1.7928698314116191e-18 0.0047020088467690608
27 38 1.476683678929986 -0.51069713371214653 0.017936254329397931 -0.016362203513822768 4.5468853844633927e-18 0.007347619719411988
27 39 1.4641212061951563 -0.54566962859374957 0.013795022708816593 -0.011838927706931677 1.7284398448668916e-18 0.0070811328392292481
27 40 1.4507306074688231 -0.58033348563833487 0.0093828393733754421 -0.0070934732907114726 2.2705892304778372e-18 0.0061416863629240636
27 41 1.4365194566477379 -0.61466909851763973 0.0056361044111933791 -0.003799293154440035 8.8043330952205024e-19 0.004163057105121013
27 42 1.421495791743586 -0.64865704656256951 0.0030611564184840471 -0.0017337114417250216 6.6635639056139723e-19 0.002522879952605321
27 43 1.4056681103365827 -0.68227810574778136 0.001577090575186763 -0.0007178933880283712 1.9843424325195615e-19 0.0014042235455112059
27 44 1.3890453647691319 -0.71551325956504097 0.00071069473830137576 -0.00027965247468686769 1.2842649955855054e-19 0.00065336169496747504
27 45 1.3716369570822637 -0.74834370977920828 0.00032223281847247549 -8.5020825197788176e-05 4.6429915696585586e-20 0.00031081417049967733
27 46 1.3534527336977205 -0.78075088706076257 0.00012222702041640246 -3.1570056504933813e-05 1.9879299919934998e-20 0.00011807953274021265
27 47 1.3345029798486878 -0.81271646148885945 4.7770946605606202e-05 -1.0627853642117199e-05 5.8801103093231392e-21 4.6573727213498976e-05
27 48 1.3147984137623385 -0.84422235291896819 2.0478042197789618e-05 -1.7231678335111692e-05 4.7639765789630914e-21 1.1064333419130797e-05
28 0 1.3323290592791694 0.85547865095788789 1.4252518001871132e-05 -1.1993080359026774e-05 1.154660750330003e-21 -7.7006683408381448e-06
28 1 1.3522963529133367 0.82355268097537748 2.928353081468871e-05 -1.0426416519924052e-05 5.7046527384339746e-21 -2.7364484565360951e-05
28 2 1.3714987701470229 0.79116089888823982 7.3968686585373781e-05 -3.4256862748058269e-05 9.9014013788317292e-21 -6.5557867184846334e-05
28 3 1.3899254498433606 0.75832162590959762 0.00019920634643199445 -8.6830933489705721e-05 2.7908700821168529e-20 -0.00017928624444750379
28 4 1.4075659696327201 0.72505343635924135 0.00045331963704213821 -0.00027996390859162998 5.0782193691726002e-20 -0.00035653737982729579
28 5 1.4244103518077369 0.69137514715775195 0.0010390939300975515 -0.00068388199365099764 8.5390417933127045e-20 -0.00078231810302811723
28 6 1.4404490689668337 0.65730580718340392 0.0021177856822306874 -0.0016571043430038204 1.6249805406367398e-19 -0.0013187196033498457
28 7 1.4556730494030412 0.62286468649787474 0.0041446212245366716 -0.0035867420135692932 2.681763883628384e-19 -0.002076816511629458
28 8 1.470073682235074 0.58807126544684607 0.007257936404030575 -0.00670021276577582 1.9481602556820847e-19 -0.0027901236062739263
28 9 1.4836428222777582 0.55294522364166632 0.011711743763613508 -0.01148344679828028 -3.1061582410463733e-19 -0.002301171791850045
28 10 1.4963727946490524 0.51750642882830833 0.016050966936474516 -0.016003884893971972 -8.1287745508206634e-19 -0.0012284982280385299
28 11 1.5082563991110614 0.48177492564991259 0.016590102061369759 -0.0164177656640229 -4.2620492797961819e-18 0.0023850486384759018
28 12 1.5192869141425849 0.44577092430927617 0.010836563772830111 -0.0087439124255469895 -8.7009488253452253e-18 0.006401180351855348
28 13 1.5294581007408961 0.40951478913770079 0.016334226296783182 0.014502506584251095 -1.1911885667649129e-17 0.0075156005407603227
28 14 1.5387642059506039 0.3730270270766613 0.050037673767823795 0.049764224803932701 -3.5687354885989736e-18 0.0052240526183042592
28 15 1.5471999661175988 0.33632827607881188 0.07680015592375633 0.076722548307510255 -3.034695174070407e-17 -0.0034517431994631875
28 16 1.5547606098662443 0.29943929343489395 0.085139715139959937 0.083474657175064235 7.8108615689812486e-18 -0.016755676758013149
28 17 1.5614418607981284 0.26238094403314127 0.079566386345325174 0.073022137227167133 -4.2725263607025465e-17 -0.031600273904355977
28 18 1.5672399399108512 0.22517418855782714 0.074979730184999371 0.051163287934496066 2.8661409598454421e-17 -0.054811293602205331
28 19 1.5721515677354765 0.18784007163363062 0.083407802428837663 0.0028075383164296022 9.0066187534328341e-17 -0.08336053763388164
28 20 1.5761739661914433 0.15039970992252238 0.12918547100759262 -0.075703000568206197 3.9589889324640323e-17 -0.10468018735378595
28 21 1.5793048601578836 0.11287428017990493 0.19810417395172678 -0.16469268271981227 1.4878365893694414e-16 -0.11009806535833074
28 22 1.5815424787604604 0.075285007276766555 0.26158238856381882 -0.24435060238846987 1.6631264109827972e-16 -0.093370922235697124
28 23 1.5828855563729973 0.037653152194617255 0.30249824270258469 -0.29766377934054405 2.0918016829894792e-16 -0.053865214256101711
28 24 1.5833333333333333 9.6951204932498795e-17 0.31627355983551941 -0.31627355983551941 1.9319818384630012e-16 -1.3147204472296536e-16
28 25 1.5828855563729973 -0.037653152194617061 0.30249824270258513 -0.2976637793405445 1.5763478119456239e-16 0.053865214256101621
28 26 1.5815424787604604 -0.075285007276766375 0.26158238856381921 -0.24435060238847034 9.9388399231209051e-17 0.093370922235696874
28 27 1.5793048601578836 -0.11287428017990477 0.19810417395172716 -0.16469268271981272 1.590660635170161e-16 0.11009806535833079
28 28 1.5761739661914433 -0.15039970992252219 0.12918547100759281 -0.075703000568206474 6.9476540729110575e-17 0.10468018735378598
28 29 1.5721515677354765 -0.18784007163363045 0.083407802428837635 0.0028075383164293489 -4.8686792743851934e-18 0.083360537633881612
28 30 1.5672399399108512 -0.22517418855782698 0.074979730184999427 0.051163287934496066 -2.5697509631173916e-17 0.054811293602205421
28 31 1.5614418607981284 -0.26238094403314111 0.079566386345325341 0.0730221372271673 -7.6396661973735412e-17 0.031600273904355984
28 32 1.5547606098662443 -0.29943929343489412 0.085139715139959993 0.08347465717506429 -4.6162661090408431e-17 0.016755676758013125
28 33 1.5471999661175988 -0.33632827607881172 0.076800155923756455 0.07672254830751038 -3.8470607679237161e-17 0.0034517431994632382
28 34 1.5387642059506039 -0.37302702707666108 0.050037673767824045 0.049764224803932958 -1.8666370501154234e-17 -0.0052240526183042228
28 35 1.5294581007408958 -0.40951478913770095 0.016334226296783286 0.014502506584251189 -8.6843212778063455e-18 -0.0075156005407603695
28 36 1.5192869141425849 -0.44577092430927601 0.010836563772830099 -0.0087439124255469913 -7.7312507425120664e-18 -0.0064011803518553229
28 37 1.5082563991110614 -0.48177492564991242 0.01659010206136978 -0.016417765664022917 -1.076919926422899e-18 -0.0023850486384759421
28 38 1.4963727946490524 -0.51750642882830844 0.016050966936474551 -0.016003884893972007 7.0527169113574866e-19 0.0012284982280385414
28 39 1.4836428222777582 -0.55294522364166621 0.011711743763613541 -0.011483446798280311 1.4960623396353476e-20 0.0023011717918500398
28 40 1.470073682235074 -0.58807126544684596 0.0072579364040305915 -0.0067002127657758365 1.3171105864053628e-18 0.0027901236062739272
28 41 1.455673049403041 -0.62286468649787485 0.0041446212245366846 -0.0035867420135693036 2.4904984768169119e-19 0.0020768165116294649
28 42 1.4404490689668337 -0.6573058071834037 0.0021177856822306904 -0.0016571043430038256 5.300517366105388e-19 0.0013187196033498439
28 43 1.4244103518077371 -0.69137514715775172 0.0010390939300975552 -0.00068388199365099851 1.8135125418895213e-19 0.00078231810302812157
28 44 1.4075659696327201 -0.72505343635924147 0.00045331963704213854 -0.0002799639085916315 1.253851624922209e-19 0.00035653737982729503
28 45 1.3899254498433606 -0.75832162590959762 0.00019920634643199534 -8.6830933489705261e-05 3.0956694794930544e-20 0.00017928624444750501
28 46 1.3714987701470234 -0.79116089888823937 7.396868658537374e-05 -3.4256862748058621e-05 1.7589824846994189e-20 6.5557867184846104e-05
28 47 1.3522963529133369 -0.82355268097537748 2.9283530814688839e-05 -1.0426416519923925e-05 4.8154279352753733e-21 2.7364484565361144e-05
28 48 1.3323290592791697 -0.85547865095788778 1.4252518001871183e-05 -1.199308035902682e-05 3.7789045278079701e-21 7.7006683408381702e-06
29 0 1.3498597047960008 0.86673494899680759 9.1803343155137035e-06 -7.7249849573410427e-06 1.3163443147767116e-21 -4.9601557993124643e-06
29 1 1.3700897259779861 0.83438890046189573 1.6235521852278478e-05 -9.1445472914502683e-06 1.5366939171259599e-21 -1.3415268340597648e-05
29 2 1.3895448065963261 0.80157091071571673 4.2549025317248801e-05 -3.2525288111656072e-05 5.4559328411288755e-21 -2.7432192560960996e-05
29 3 1.4082139426044575 0.76829954203998707 0.00011320099089087741 -7.9614863929769561e-05 1.0276663696559755e-20 -8.0473211568327419e-05
29 4 1.4260865744963087 0.73459361315344196 0.00028876978692169667 -0.00025763836225020859 3.3587284786899571e-20 -0.00013042417005997158
29 5 1.4431525932788916 0.70047218856772242 0.00067431919350831012 -0.00060754856430999865 8.2066541122656157e-20 -0.0002925595951914022
29 6 1.4594023461900818 0.66595456780423823 0.0015362867457946136 -0.0014966323996163274 1.641494226326607e-19 -0.00034679738425034018
29 7 1.4748266421583445 0.63106027447810997 0.0032252812492417023 -0.0032066213013978487 3.3309036727207881e-19 -0.00034643753568527284
29 8 1.489416757001325 0.59580904525535727 0.0060574155685223794 -0.0060566359725104726 6.5632112901541806e-19 9.7180585866819686e-05
29 9 1.5031644383603604 0.56022081868958307 0.010816794179425106 -0.010645115209510317 4.6961909990595692e-19 0.0019195203818394278
29 10 1.516061910368119 0.52431572394447024 0.015641447142592687 -0.01500502709502503 -2.6451894190705827e-18 0.0044163367842687913
29 11 1.5281018780467335 0.48811406940846414 0.019070351273324206 -0.016678433643932997 -6.0808732422682519e-18 0.0092470616345357009
29 12 1.5392775314339346 0.4516363312080825 0.017433908940813061 -0.010828149315113587 -1.5714399273520761e-17 0.013663541391826893
29 13 1.5495825494348554 0.41490314162635478 0.017814488392820533 0.010467264482920648 -2.348790239476266e-17 0.014415005062174814
29 14 1.5590111033973224 0.3779352774329332 0.044288296662209112 0.043043108240907332 -4.0607654892715119e-17 0.01042804172418667
29 15 1.56755786040862 0.34075364813248049 0.072034072357972101 0.072031592241820069 -4.7792214083105852e-17 -0.00059774541547985257
29 16 1.5752179863118529 0.30337928413798465 0.08529796160046893 0.083335432015859925 -5.6181067971049838e-17 -0.018191976910854394
29 17 1.5819871484402093 0.26583332487568262 0.080584202814881101 0.071466914951806709 -2.5552999797036855e-17 -0.037232966717428234
29 18 1.587861518067573 0.22813700682832488 0.076103074167084464 0.045045376756073265 -1.168557609957118e-17 -0.061339970089527865
29 19 1.5928377725741014 0.19031165152354684 0.092814892303329635 -0.0021491479748600218 4.9197668568178468e-17 -0.092790006984916407
29 20 1.5969130973255414 0.15237865347413454 0.14156935190690356 -0.075523565541677537 2.2510614454914391e-17 -0.11974169051425922
29 21 1.6000851872652244 0.11435946807700896 0.20536097818998492 -0.16067970178269247 3.6550377040511237e-17 -0.12788731288979557
29 22 1.602352248217835 0.076275599477776651 0.26406510182250348 -0.24083027029443246 2.6133655749585179e-17 -0.10831047461090602
29 23 1.6037129979042211 0.038148588407704326 0.30379227708641982 -0.2973530700019848 9.3961663509643905e-17 -0.062216552281099596
29 24 1.6041666666666667 9.8226878681610631e-17 0.31736762251680301 -0.31736762251680301 1.9088267266863893e-16 2.0367849504304139e-17
29 25 1.6037129979042211 -0.038148588407704132 0.30379227708641932 -0.29735307000198435 1.5434524934832008e-16 0.062216552281099367
29 26 1.602352248217835 -0.076275599477776471 0.26406510182250387 -0.24083027029443296 8.5681021801923791e-17 0.10831047461090583
29 27 1.6000851872652244 -0.11435946807700878 0.20536097818998567 -0.16067970178269322 3.6411344703091424e-17 0.12788731288979582
29 28 1.5969130973255414 -0.15237865347413435 0.14156935190690384 -0.075523565541677926 3.2932559911516481e-17 0.11974169051425931
29 29 1.5928377725741014 -0.19031165152354665 0.092814892303329705 -0.0021491479748601918 -1.8446457758136849e-17 0.092790006984916462
29 30 1.587861518067573 -0.22813700682832472 0.076103074167084589 0.045045376756073278 -4.3113700313046199e-17 0.061339970089528018
29 31 1.5819871484402093 -0.26583332487568245 0.080584202814881017 0.071466914951806612 -4.2942382714761968e-17 0.037232966717428255
29 32 1.5752179863118529 -0.30337928413798482 0.085297961600468999 0.083335432015860009 -3.4392411288179167e-17 0.01819197691085437
29 33 1.56755786040862 -0.34075364813248032 0.072034072357972198 0.072031592241820153 -6.2728625809711078e-17 0.0005977454154800152
29 34 1.5590111033973224 -0.37793527743293298 0.044288296662209327 0.043043108240907541 -3.0434626289374465e-17 -0.010428041724186727
29 35 1.5495825494348552 -0.41490314162635494 0.017814488392820637 0.010467264482920751 -2.7309827915900514e-17 -0.014415005062174864
29 36 1.5392775314339346 -0.45163633120808228 0.017433908940813061 -0.010828149315113582 -9.5444443862503794e-18 -0.013663541391826895
29 37 1.5281018780467335 -0.48811406940846391 0.019070351273324248 -0.016678433643933011 -6.9377113240535471e-18 -0.0092470616345357581
29 38 1.516061910368119 -0.52431572394447046 0.015641447142592718 -0.01500502709502506 -1.5496261867142984e-18 -0.0044163367842688008
29 39 1.5031644383603604 -0.56022081868958284 0.010816794179425144 -0.01064511520951035 -6.9985852050523338e-19 -0.0019195203818394505
29 40 1.489416757001325 -0.59580904525535716 0.0060574155685223915 -0.0060566359725104848 2.2422895551320154e-19 -9.7180585866827546e-05
29 41 1.4748266421583442 -0.63106027447811008 0.0032252812492417084 -0.0032066213013978539 7.1883845838558158e-22 0.00034643753568527696
29 42 1.4594023461900818 -0.66595456780423801 0.001536286745794619 -0.0014966323996163334 4.9339696260272653e-20 0.00034679738425033634
29 43 1.4431525932788918 -0.7004721885677222 0.00067431919350831077 -0.00060754856430999778 5.67850540290577e-20 0.00029255959519140567
29 44 1.4260865744963087 -0.73459361315344207 0.0002887697869216977 -0.00025763836225021038 2.9425088607107674e-20 0.00013042417005997047
29 45 1.4082139426044575 -0.76829954203998718 0.00011320099089087769 -7.9614863929768952e-05 1.5006148252558548e-20 8.0473211568328436e-05
29 46 1.3895448065963263 -0.80157091071571629 4.254902531724891e-05 -3.2525288111656451e-05 3.4930936651689497e-21 2.7432192560960722e-05
29 47 1.3700897259779863 -0.83438890046189573 1.6235521852278539e-05 -9.1445472914501514e-06 1.7097883878871227e-21 1.3415268340597804e-05
29 48 1.3498597047960008 -0.86673494899680736 9.1803343155137476e-06 -7.72498495734108e-06 6.9562478007132615e-22 4.9601557993124872e-06
30 0 1.3673903503128317 0.87799124703572717 5.3244972241918196e-06 -4.4804099228476018e-06 1.4864912362490913e-23 -2.8768381278193499e-06
30 1 1.3878830990426352 0.84522511994841376 8.3818726569595436e-06 -7.3551418075161656e-06 1.1761123600664775e-21 -4.0196614569903617e-06
30 2 1.4075908430456288 0.81198092254319354 2.823390267314084e-05 -2.8172183890700008e-05 -4.1272677389579728e-22 -1.8658282302968191e-06
30 3 1.4265024353655544 0.77827745817037652 6.8201217002213866e-05 -6.7242287695335265e-05 1.1226174954488816e-21 -1.1396523420799397e-05
30 4 1.4446071793598971 0.74413378994764245 0.00022322577198074077 -0.00022124010169145779 4.4190536510065406e-21 2.9707956509175761e-05
30 5 1.461894834750046 0.70956922997769278 0.00051159559742177437 -0.00050696684465105155 -4.0095083641524138e-20 6.8663481749026281e-05
30 6 1.4783556234133295 0.67460332842507242 0.001339259345675097 -0.0012814182730588549 -2.5217206175194063e-20 0.00038933636414924217
30 7 1.4939802349136475 0.6392558624583452 0.002897564689670183 -0.0027158971329344795 -2.8739796480004074e-19 0.0010098434998264535
30 8 1.5087598317675759 0.60354682506386836 0.0057860722196534922 -0.0052365209354811254 -1.0016950822206699e-18 0.0024611948771508887
30 9 1.5226860544429626 0.56749641373749971 0.010879219053480072 -0.0093987043621871907 -1.0823050048662392e-18 0.0054792119438663179
30 10 1.5357510260871854 0.53112501906063225 0.016451460297045056 -0.013470044190761551 -5.210460023708121e-18 0.0094450227847359246
30 11 1.5479473569824052 0.49445321316701557 0.022476734248016546 -0.016130828346812842 -1.1240239988183908e-17 0.015652474542436384
30 12 1.5592681487252844 0.45750173810688871 0.023947851144893794 -0.011852896478321205 -1.7927679935246354e-17 0.020808854354149142
30 13 1.5697069981288145 0.42029149411500871 0.022933369643760599 0.0065962371072490478 -2.386411796544425e-17 0.02196426869354659
30 14 1.5792580008440409 0.382843527789205 0.040215115950704719 0.036346516844217865 -3.6701901957431194e-17 0.017210062876747794
30 15 1.587915754699641 0.34517902018614904 0.066965801937331024 0.066846461499138907 -2.2946572250802399e-17 0.003996149916355312
30 16 1.5956753627574614 0.30731927484107535 0.083917084578170417 0.082330753994036179 -3.9618528684713677e-17 -0.016239582225947312
30 17 1.6025324360822899 0.26928570571822397 0.080537660668445046 0.070740872650595227 -7.4356214978203396e-17 -0.038497320979230108
30 18 1.6084830962242946 0.2310998250988226 0.076012610733700428 0.041724489050324894 -4.5236090272847923e-17 -0.063537264688074094
30 19 1.6135239774127261 0.19278323141346301 0.095225213318015534 -0.0041584791353108099 -7.7360545009485142e-18 -0.095134369723789872
30 20 1.6176522284596393 0.15435759702574667 0.14426619238614655 -0.072587151216056092 4.56165225424089e-18 -0.12467493631012634
30 21 1.6208655143725648 0.11584465597411296 0.20608755280572447 -0.15480731439084891 9.0390698500863783e-17 -0.13603960758744171
30 22 1.6231620176752095 0.077266191678786733 0.26135194606691137 -0.23404163133595207 2.8900865469633041e-17 -0.11631575350986659
30 23 1.6245404394354448 0.038644024620791396 0.29932137957921967 -0.29173916125847849 1.4469359780346664e-16 -0.066944380357179964
30 24 1.625 9.9502552430722443e-17 0.31273164324700353 -0.31273164324700353 9.0508115290130084e-17 2.1268960579441962e-17
30 25 1.6245404394354448 -0.038644024620791195 0.29932137957922017 -0.29173916125847904 1.5942332404036935e-16 0.066944380357179728
30 26 1.6231620176752095 -0.077266191678786553 0.26135194606691159 -0.23404163133595246 7.3700423237940308e-17 0.11631575350986638
30 27 1.6208655143725648 -0.11584465597411278 0.20608755280572491 -0.15480731439084935 1.1080552938140668e-16 0.13603960758744191
30 28 1.6176522284596393 -0.15435759702574647 0.14426619238614699 -0.072587151216056772 -5.9991303895855572e-19 0.12467493631012641
30 29 1.6135239774127261 -0.19278323141346285 0.0952252133180157 -0.0041584791353111768 -6.2226317419217081e-17 0.095134369723790024
30 30 1.6084830962242946 -0.23109982509882243 0.076012610733700345 0.041724489050324533 -6.7762390440084081e-17 0.063537264688074233
30 31 1.6025324360822899 -0.26928570571822374 0.080537660668444908 0.070740872650595019 -8.9564630996623953e-17 0.038497320979230157
30 32 1.5956753627574614 -0.30731927484107552 0.083917084578170514 0.082330753994036249 -8.0143864308710663e-17 0.016239582225947412
30 33 1.587915754699641 -0.34517902018614888 0.066965801937331162 0.066846461499139059 -5.2432357866214787e-17 -0.0039961499163551767
30 34 1.5792580008440409 -0.38284352778920477 0.04021511595070483 0.036346516844218024 -4.3615297707271462e-17 -0.017210062876747704
30 35 1.5697069981288143 -0.42029149411500888 0.022933369643760648 0.006596237107249164 -2.1931161145134504e-17 -0.021964268693546608
30 36 1.5592681487252844 -0.45750173810688854 0.023947851144893794 -0.01185289647832119 -1.9722631074188546e-17 -0.020808854354149149
30 37 1.5479473569824052 -0.4944532131670154 0.022476734248016585 -0.01613082834681286 -4.9545384050510765e-18 -0.015652474542436425
30 38 1.5357510260871854 -0.53112501906063236 0.016451460297045098 -0.013470044190761586 -2.8110468613472509e-18 -0.0094450227847359489
30 39 1.5226860544429626 -0.56749641373749948 0.010879219053480106 -0.009398704362187215 -1.8560745682436283e-18 -0.0054792119438663422
30 40 1.5087598317675759 -0.60354682506386825 0.0057860722196535104 -0.0052365209354811393 -3.2453573115987768e-19 -0.0024611948771508987
30 41 1.4939802349136473 -0.63925586245834531 0.0028975646896701886 -0.0027158971329344851 -1.9321012104997029e-19 -0.0010098434998264535
30 42 1.4783556234133295 -0.67460332842507231 0.0013392593456751044 -0.001281418273058861 8.6375536760416057e-20 -0.00038933636414924716
30 43 1.461894834750046 -0.70956922997769256 0.00051159559742177351 -0.000506966844651051 -1.6467039296297734e-20 -6.8663481749023733e-05
30 44 1.4446071793598971 -0.74413378994764268 0.00022322577198074253 -0.00022124010169145944 2.3241252196248094e-20 -2.9707956509176977e-05
30 45 1.4265024353655544 -0.77827745817037663 6.8201217002213473e-05 -6.7242287695334736e-05 -6.0534115140982332e-22 1.1396523420800178e-05
30 46 1.4075908430456292 -0.8119809225431931 2.8233902673141155e-05 -2.8172183890700336e-05 4.644774637199937e-21 1.8658282302965864e-06
30 47 1.3878830990426354 -0.84522511994841376 8.3818726569594995e-06 -7.355141807516053e-06 1.1955934704806988e-22 4.019661456990476e-06
30 48 1.367390350312832 -0.87799124703572695 5.3244972241918704e-06 -4.480409922847645e-06 1.0110669862121048e-21 2.8768381278193765e-06
31 0 1.3849209958296629 0.88924754507464665 2.606204228131566e-06 -2.1930452384563725e-06 2.4087892630342758e-23 -1.4081381540227806e-06
31 1 1.4056764721072843 0.8560613394349319 5.7272829824954115e-06 -5.4721520889096106e-06 -7.8798884994666193e-22 1.6903614635407761e-06
31 2 1.4256368794949317 0.82239093437067035 2.6357233557042083e-05 -2.2668790930731334e-05 3.0062167154154682e-22 1.3447292609267415e-05
31 3 1.4447909281266511 0.78825537430076587 6.191821692633868e-05 -5.2833680450646262e-05 -6.7258760245609905e-21 3.2287269896603735e-05
31 4 1.4631277842234853 0.75367396674184295 0.00022187751148806535 -0.00017836242223729287 -5.9524933616755856e-21 0.00013197149858125513
31 5 1.4806370762212002 0.71866627138766315 0.00050568583970880636 -0.0003979384980235295 -2.9369711081279157e-20 0.0003120306399582867
31 6 1.4973089006365772 0.68325208904590662 0.0013738916212598972 -0.0010386945063918227 -4.976463472294594e-20 0.00089927298934172172
31 7 1.5131338276689505 0.64745145043858032 0.0029505288186130181 -0.0021735470830082271 -1.8983869905370952e-19 0.0019953228779855062
31 8 1.528102906533827 0.61128460487237946 0.0060621445203117097 -0.0043095275465177239 -6.0297567881386366e-19 0.0042635159799102682
31 9 1.5422076705255645 0.57477200878541634 0.011440286060375612 -0.0078610796892820863 -1.9359391528030739e-18 0.0083116527394965917
31 10 1.5554401418062518 0.53793431417679416 0.017902056732075022 -0.011512392061609597 -6.6510082355770686e-18 0.013709429756857903
31 11 1.5677928359180771 0.50079235692556701 0.025971616427035996 -0.014762287099574223 -1.1593439679675753e-17 0.02136819457564982
31 12 1.5792587660166342 0.46336714500569498 0.030045719073587569 -0.011764623922950022 -1.7949034083675935e-17 0.027646678979589858
31 13 1.5898314468227734 0.42567984660366265 0.030067270916787837 0.0032545440806031824 -3.1516420300500392e-17 0.029890612626892188
31 14 1.5995048982907591 0.38775177814547684 0.039233028431050067 0.029967888391049025 -6.033107684738192e-17 0.025321062087780052
31 15 1.6082736489906619 0.3496043922398176 0.062479086976968828 0.061578476187200346 -5.4077271183749816e-17 0.010570126770197015
31 16 1.6161327392030698 0.31125926554416605 0.080939988681905023 0.080150307914683874 -8.6991105023597722e-17 -0.011278737030726172
31 17 1.6230777237243703 0.27273808656076526 0.07943862495740954 0.07110105901919854 -1.3553031119686844e-16 -0.035427878026667317
31 18 1.6291046743810165 0.23406264336932031 0.074481560612850897 0.041538107449457698 -8.2839412528741717e-17 -0.061823041827809552
31 19 1.6342101822513506 0.19525481130337921 0.092454312397269173 -0.0025461757712798364 -8.9986381189498394e-17 -0.092419245126724489
31 20 1.6383913595937372 0.1563365405773588 0.13777574019843467 -0.066549690711436252 -1.0020479905668653e-16 -0.1206370310204903
31 21 1.6416458414799053 0.11732984387121698 0.19634947723583529 -0.14455512251872274 -2.3872298846865348e-17 -0.13287939555996953
31 22 1.6439717871325839 0.078256783879796815 0.25030624189314354 -0.22211338401488687 8.0833873791399634e-17 -0.11540736272926566
31 23 1.6453678809666683 0.03913946083387846 0.28739089403988766 -0.27950052214202914 9.564550372961838e-17 -0.066880371555330012
31 24 1.6458333333333333 1.0077822617983427e-16 0.30055603820714843 -0.30055603820714843 7.0634594718591929e-17 -2.2565106665475766e-16
31 25 1.6453678809666683 -0.039139460833878266 0.28739089403988749 -0.27950052214202908 9.4265954495217141e-17 0.066880371555329596
31 26 1.6439717871325839 -0.078256783879796621 0.2503062418931436 -0.22211338401488701 -1.7423835612200462e-17 0.11540736272926555
31 27 1.6416458414799053 -0.1173298438712168 0.19634947723583537 -0.14455512251872282 3.0198490432264077e-17 0.13287939555996958
31 28 1.6383913595937372 -0.1563365405773586 0.13777574019843508 -0.066549690711436946 -3.1811250915478056e-17 0.12063703102049041
31 29 1.6342101822513506 -0.19525481130337902 0.092454312397269284 -0.0025461757712800779 -9.472048262842451e-17 0.0924192451267246
31 30 1.6291046743810165 -0.23406264336932014 0.074481560612851064 0.041538107449457649 -7.4335580870965534e-17 0.061823041827809774
31 31 1.6230777237243703 -0.27273808656076509 0.079438624957409498 0.071101059019198429 -1.2066553626489876e-16 0.035427878026667421
31 32 1.6161327392030698 -0.31125926554416622 0.080939988681905231 0.080150307914684082 -7.2972731512999959e-17 0.011278737030726306
31 33 1.6082736489906619 -0.34960439223981743 0.062479086976968974 0.061578476187200505 -5.1509906125828051e-17 -0.010570126770196968
31 34 1.5995048982907591 -0.38775177814547662 0.039233028431050171 0.029967888391049167 -3.7451019583273483e-17 -0.025321062087780045
31 35 1.5898314468227734 -0.42567984660366281 0.030067270916787906 0.0032545440806032162 -3.4019351431751496e-17 -0.02989061262689225
31 36 1.5792587660166342 -0.46336714500569476 0.030045719073587596 -0.011764623922950022 -1.4889706486798129e-17 -0.027646678979589889
31 37 1.5677928359180771 -0.50079235692556689 0.02597161642703608 -0.014762287099574263 -1.1434168477802286e-17 -0.021368194575649896
31 38 1.5554401418062518 -0.53793431417679438 0.017902056732075063 -0.011512392061609613 -4.0116512621911392e-18 -0.013709429756857943
31 39 1.5422076705255645 -0.57477200878541612 0.011440286060375652 -0.0078610796892821071 -2.4724785832965285e-18 -0.0083116527394966264
31 40 1.528102906533827 -0.61128460487237934 0.006062144520311734 -0.0043095275465177352 -6.2482327697762533e-19 -0.0042635159799102908
31 41 1.5131338276689505 -0.64745145043858043 0.0029505288186130211 -0.0021735470830082297 -3.8227301319849721e-19 -0.0019953228779855071
31 42 1.4973089006365772 -0.68325208904590651 0.0013738916212599048 -0.0010386945063918275 -1.3560410641132134e-19 -0.0008992729893417278
31 43 1.4806370762212004 -0.71866627138766292 0.0005056858397088043 -0.00039793849802352847 -2.5898257379476196e-20 -0.00031203063995828475
31 44 1.4631277842234853 -0.75367396674184317 0.00022187751148806768 -0.00017836242223729458 -1.1853995998741297e-20 -0.00013197149858125675
31 45 1.4447909281266511 -0.78825537430076598 6.1918216926337949e-05 -5.2833680450645761e-05 -5.5012468004887776e-22 -3.2287269896603125e-05
31 46 1.4256368794949321 -0.82239093437066979 2.6357233557042486e-05 -2.2668790930731652e-05 -1.2271692575662974e-21 -1.3447292609267669e-05
31 47 1.4056764721072845 -0.8560613394349319 5.7272829824952937e-06 -5.4721520889095141e-06 2.0780574523461314e-22 -1.6903614635406927e-06
31 48 1.3849209958296631 -0.88924754507464643 2.6062042281316101e-06 -2.1930452384564101e-06 -9.2396155220658724e-23 1.4081381540228041e-06
32 0 1.402451641346494 0.90050384311356624 8.5716492864029377e-07 -7.2127941664573828e-07 -3.2790063131408071e-22 -4.6312818745365018e-07
32 1 1.4234698451719334 0.86689755892144993 5.9627593231013228e-06 -3.7630871730458024e-06 1.5888540866517043e-23 4.6253295745589735e-06
32 2 1.4436829159442346 0.83280094619814715 2.7021574984025257e-05 -1.7093108555741213e-05 -2.1660872110600486e-21 2.092823820867266e-05
32 3 1.463079420887748 0.79823329043115532 6.7746987996566583e-05 -3.8641552800410785e-05 -2.2084697286456023e-21 5.564606706479804e-05
32 4 1.4816483890870737 0.76321414353604344 0.00023041861710779992 -0.00013522794147712285 -2.0878694006017423e-20 0.00018656404517947917
32 5 1.4993793176923547 0.72776331279763351 0.00053923822079983994 -0.00029243949322095667 -4.3603800386389115e-20 0.00045305297877405785
32 6 1.5162621778598249 0.69190084966674092 0.0014430126467234621 -0.00079354333268378695 -8.7501515943543755e-20 0.0012052279775034099
32 7 1.5322874204242538 0.65564703841881555 0.0030931519021391279 -0.0016308328361250778 -3.7357955060699639e-19 0.0026283022943191185
32 8 1.5474459813000778 0.61902238468089066 0.0064393397648798666 -0.003346563089690812 -1.1251219318155075e-18 0.0055014190982220386
32 9 1.5617292866081665 0.58204760383333298 0.012065433346950455 -0.0061644538857352094 -2.2038938314361938e-18 0.010371797825851993
32 10 1.5751292575253182 0.54474360929295607 0.019447426632280218 -0.0092710622633813671 -5.9355922288564098e-18 0.017095315356156136
32 11 1.5876383148537487 0.5071315006841185 0.029045382946656501 -0.012620515020216733 -1.3284642606191734e-17 0.026160215426146782
32 12 1.5992493833079839 0.46923255190450119 0.035560018937366884 -0.010618169314037237 -2.7204792181575867e-17 0.03393772866949598
32 13 1.6099558955167326 0.43106819909231658 0.037831984430661332 0.0008490397008995385 -3.401529394092398e-17 0.03782245599571897
32 14 1.6197517957374776 0.39266002850174869 0.041976219566693666 0.024373959631868839 -5.5217747269965047e-17 0.034174743612429705
32 15 1.6286315432816829 0.35402976429348615 0.059360203827565947 0.056144202214669627 -6.5037761350621761e-17 0.019273358714257886
32 16 1.6365901156486782 0.31519925624725675 0.07733112673793556 0.077235740883076803 -7.7752470942127364e-17 -0.0038397256153101119
32 17 1.6436230113664509 0.27619046740330661 0.077872225585493351 0.072431223728228897 -7.1047196251793084e-17 -0.028597226209358454
32 18 1.6497262525377381 0.23702546163981802 0.071411274899477795 0.044594800615014911 -6.6523563744150972e-17 -0.055775209016872843
32 19 1.6548963870899753 0.19772639119329538 0.085762922523817148 0.0027420327264031062 -5.7727856410308043e-17 -0.085719076851968001
32 20 1.659130490727835 0.15831548412897092 0.12511289397446793 -0.057664136737540728 -4.1186923650247943e-17 -0.11103190340159291
32 21 1.6624261685872459 0.11881503176832098 0.17779824137326242 -0.13020039876959907 7.7502647797132065e-18 -0.12107877929539208
32 22 1.6647815565899582 0.079247376080806897 0.22875771929323888 -0.2030390397220182 1.8793824004092259e-17 -0.10538141432437215
32 23 1.6661953224978918 0.039634897046965531 0.26512780016528992 -0.25786919856067603 1.1903122721848871e-16 -0.061613528174910934
32 24 1.6666666666666665 1.0205389992894609e-16 0.2780592852610973 -0.2780592852610973 2.3051648598273679e-17 -2.0443672393099881e-16
32 25 1.6661953224978918 -0.03963489704696533 0.26512780016529008 -0.25786919856067625 -3.3673304288505187e-18 0.061613528174910559
32 26 1.6647815565899582 -0.079247376080806703 0.22875771929323876 -0.20303903972201817 4.8843497336569894e-17 0.10538141432437197
32 27 1.6624261685872459 -0.1188150317683208 0.17779824137326286 -0.13020039876959955 -7.031118394985378e-17 0.12107877929539222
32 28 1.659130490727835 -0.15831548412897073 0.12511289397446806 -0.057664136737541283 -4.8494956914439047e-17 0.11103190340159277
32 29 1.6548963870899753 -0.19772639119329521 0.085762922523817245 0.0027420327264030338 -6.0625731268805066e-17 0.085719076851968112
32 30 1.6497262525377381 -0.23702546163981786 0.071411274899477906 0.044594800615014842 -1.0273246698144774e-16 0.05577520901687303
32 31 1.6436230113664509 -0.27619046740330638 0.077872225585493518 0.07243122372822898 -7.7735502351021723e-17 0.028597226209358621
32 32 1.6365901156486782 -0.31519925624725692 0.077331126737935754 0.077235740883076998 -8.5906078229072167e-17 0.0038397256153102372
32 33 1.6286315432816829 -0.35402976429348598 0.059360203827566016 0.056144202214669751 -6.3191095682462339e-17 -0.019273358714257751
32 34 1.6197517957374776 -0.39266002850174847 0.041976219566693708 0.024373959631868947 -5.0891890350575633e-17 -0.034174743612429677
32 35 1.6099558955167323 -0.43106819909231675 0.037831984430661388 0.00084903970089956528 -2.6394307869703953e-17 -0.037822455995719019
32 36 1.5992493833079839 -0.46923255190450103 0.035560018937366905 -0.010618169314037199 -2.0566228008286774e-17 -0.033937728669496015
32 37 1.5876383148537487 -0.50713150068411827 0.029045382946656567 -0.012620515020216751 -7.393629181658837e-18 -0.026160215426146848
32 38 1.5751292575253182 -0.54474360929295629 0.019447426632280235 -0.0092710622633813706 -6.1160395037600304e-18 -0.017095315356156156
32 39 1.5617292866081665 -0.58204760383333276 0.012065433346950477 -0.0061644538857352181 -2.2440935393469752e-18 -0.010371797825852014
32 40 1.5474459813000778 -0.61902238468089044 0.0064393397648798943 -0.0033465630896908245 -1.169608154771413e-18 -0.005501419098222062
32 41 1.5322874204242536 -0.65564703841881555 0.0030931519021391309 -0.0016308328361250772 -2.8205646729489487e-19 -0.0026283022943191219
32 42 1.5162621778598249 -0.6919008496667407 0.0014430126467234721 -0.00079354333268379334 -1.1898513594454514e-19 -0.0012052279775034177
32 43 1.4993793176923549 -0.7277633127976334 0.00053923822079983777 -0.00029243949322095499 -9.218047173960819e-20 -0.00045305297877405639
32 44 1.4816483890870737 -0.76321414353604367 0.00023041861710780185 -0.00013522794147712442 -3.8201701375183584e-21 -0.00018656404517948042
32 45 1.463079420887748 -0.79823329043115543 6.7746987996565933e-05 -3.8641552800410297e-05 -1.2634852786607224e-20 -5.5646067064797599e-05
32 46 1.443682915944235 -0.8328009461981466 2.7021574984025555e-05 -1.7093108555741467e-05 -4.1281102408216847e-22 -2.0928238208672836e-05
32 47 1.4234698451719336 -0.86689755892144993 5.9627593231012287e-06 -3.7630871730457211e-06 -1.0217797935928895e-21 -4.6253295745589184e-06
32 48 1.4024516413464942 -0.90050384311356602 8.5716492864033061e-07 -7.2127941664576941e-07 -3.5426396255287531e-23 4.6312818745367003e-07
33 0 1.4199822868633254 0.91176014115248583 1.4133465855445087e-07 1.1892901432130157e-07 -3.0454228255804781e-22 7.6363441916056013e-08
33 1 1.4412632182365828 0.87773377840796818 6.1218704161596581e-06 -2.372628883414071e-06 -1.1626346145074865e-21 5.6433969888569878e-06
33 2 1.4617289523935377 0.84321095802562407 2.5920877105590329e-05 -1.2116557681888462e-05 -1.9704228322544037e-21 2.2914643786552444e-05
33 3 1.4813679136488449 0.80821120656154477 6.9116521172272379e-05 -2.6153489490277496e-05 -1.0247898756514792e-20 6.3977249756762134e-05
33 4 1.5001689939506624 0.77275432033024405 0.00022609180610246162 -9.6169897059563019e-05 -2.0159536797509742e-20 0.00020461880579806477
33 5 1.5181215591635091 0.73686035420760398 0.00054857507892013522 -0.00019898802277898607 -5.9816119569768046e-20 0.00051121266025279768
33 6 1.535215455083073 0.70054961028757523 0.0014526548642979388 -0.00056592544406436742 -1.4171694529593824e-19 0.0013378843546917693
33 7 1.5514410131795571 0.66384262639905078 0.0031554047611784194 -0.0011302197228182211 -4.1342463341379509e-19 0.0029460452449037752
33 8 1.5667890560663289 0.62676016448940175 0.0066510656663939733 -0.0024118137289052999 -1.0847800929635304e-18 0.0061983730958815814
33 9 1.5812509026907688 0.58932319888124973 0.012482173357459129 -0.0044490947696818614 -2.1777193607578655e-18 0.011662341422546848
33 10 1.5948183732443848 0.55155290440911808 0.020681481569342162 -0.0068901909726518272 -7.0631743530875082e-18 0.01949997303237691
33 11 1.6074837937894209 0.51347064444266999 0.031449372927667842 -0.0098351814414744092 -1.2219587863424885e-17 0.029871931031602295
33 12 1.6192400005993339 0.47509795880330752 0.040311072648677955 -0.0085634723384486588 -2.3668082976978119e-17 0.039390982719343479
33 13 1.6300803442106919 0.43645655158097058 0.045320895424823614 -0.0002244404561310469 -2.9780303238033088e-17 0.045320339678663592
33 14 1.6399986931841963 0.3975682788580206 0.047716457138641033 0.019952097649417602 -6.6723221891352645e-17 0.043344827618204594
33 15 1.6489894375727041 0.35845513634715476 0.058338163772365156 0.050267439523247706 -6.9197279241132774e-17 0.029606179694582898
33 16 1.6570474920942866 0.31913924695034751 0.07438344634861753 0.074140903865730648 -1.0742935064720033e-16 0.006001955070653809
33 17 1.6641682990085318 0.27964284824584795 0.076646130658263797 0.074196180369791795 -1.1945131492500239e-16 -0.019223843617158586
33 18 1.6703478306944599 0.23998827991031577 0.068105180469142615 0.050414007275991983 -1.0151465946883039e-16 -0.045790211586219091
33 19 1.6755825919286 0.20019797108321161 0.075988328995861498 0.011891949980812097 -1.2205331609860312e-16 -0.075052033078639169
33 20 1.6798696218619331 0.16029442768058308 0.10727873683989378 -0.044251805800719295 -5.1808290011307517e-17 -0.097726685512906905
33 21 1.6832064956945867 0.12030021966542501 0.15337547104510002 -0.11137591631560242 -1.380456299017714e-16 -0.10544875714377214
33 22 1.6855913260473327 0.080237968281816993 0.19868024969735362 -0.17688782818099902 2.353210888653961e-17 -0.090468435717725074
33 23 1.6870227640291158 0.040130333260052602 0.23238966842656586 -0.22634647742435282 -7.8895263512029273e-17 -0.052651971938344054
33 24 1.6875 1.0332957367805793e-16 0.24461078062279365 -0.24461078062279365 3.3065325159078138e-17 -1.4354946045801068e-16
33 25 1.6870227640291158 -0.0401303332600524 0.23238966842656628 -0.22634647742435329 -1.5633340045235802e-17 0.052651971938343839
33 26 1.6855913260473327 -0.080237968281816799 0.19868024969735396 -0.17688782818099943 -2.7886366408695724e-17 0.090468435717724921
33 27 1.6832064956945867 -0.12030021966542481 0.15337547104510021 -0.11137591631560276 -6.9327949177196588e-17 0.10544875714377208
33 28 1.6798696218619331 -0.16029442768058288 0.10727873683989414 -0.044251805800719669 -1.627972259418859e-16 0.097726685512907127
33 29 1.6755825919286 -0.20019797108321141 0.075988328995861554 0.011891949980811799 -7.3628849904343304e-17 0.07505203307863928
33 30 1.6703478306944599 -0.2399882799103156 0.068105180469142573 0.050414007275991803 -1.1958361205754555e-16 0.045790211586219209
33 31 1.6641682990085318 -0.27964284824584779 0.076646130658263797 0.074196180369791753 -1.2088448132433509e-16 0.019223843617158717
33 32 1.6570474920942866 -0.31913924695034768 0.074383446348617668 0.074140903865730801 -1.0372629215969863e-16 -0.0060019550706538133
33 33 1.6489894375727041 -0.35845513634715459 0.058338163772365219 0.050267439523247817 -6.504223482749309e-17 -0.029606179694582818
33 34 1.6399986931841963 -0.39756827885802037 0.047716457138641102 0.019952097649417709 -4.203391544851573e-17 -0.043344827618204615
33 35 1.6300803442106917 -0.43645655158097074 0.045320895424823669 -0.00022444045613101749 -3.796871037314618e-17 -0.045320339678663647
33 36 1.6192400005993339 -0.47509795880330735 0.040311072648678004 -0.0085634723384486276 -2.2520847630409119e-17 -0.039390982719343534
33 37 1.6074837937894209 -0.51347064444266988 0.031449372927667904 -0.0098351814414744179 -1.4112179008995184e-17 -0.029871931031602357
33 38 1.5948183732443848 -0.55155290440911831 0.020681481569342207 -0.0068901909726518358 -5.3020068078709186e-18 -0.019499973032376959
33 39 1.5812509026907688 -0.58932319888124951 0.01248217335745915 -0.0044490947696818649 -3.0744445978340548e-18 -0.011662341422546867
33 40 1.5667890560663289 -0.62676016448940164 0.0066510656663939967 -0.002411813728905309 -9.9079685926154522e-19 -0.0061983730958816031
33 41 1.5514410131795568 -0.66384262639905089 0.0031554047611784242 -0.0011302197228182202 -4.3752515862583525e-19 -0.00294604524490378
33 42 1.535215455083073 -0.70054961028757501 0.0014526548642979475 -0.00056592544406437251 -1.6856178647871654e-19 -0.0013378843546917763
33 43 1.5181215591635093 -0.73686035420760387 0.00054857507892013446 -0.00019898802277898463 -4.9252597130608251e-20 -0.00051121266025279735
33 44 1.5001689939506624 -0.77275432033024427 0.00022609180610246328 -9.6169897059564401e-05 -2.0400147660732027e-20 -0.00020461880579806597
33 45 1.4813679136488449 -0.80821120656154488 6.9116521172271999e-05 -2.615348949027713e-05 -4.9686156013726033e-21 -6.3977249756761863e-05
33 46 1.461728952393538 -0.84321095802562351 2.5920877105590583e-05 -1.2116557681888686e-05 -1.5706459846090954e-21 -2.2914643786552613e-05
33 47 1.441263218236583 -0.87773377840796818 6.1218704161596005e-06 -2.3726288834140092e-06 -1.3022756607757526e-22 -5.6433969888569523e-06
33 48 1.4199822868633256 -0.91176014115248571 1.4133465855442194e-07 1.1892901432127724e-07 -3.9363234758958378e-22 -7.6363441916040369e-08
34 0 1.4375129323801565 0.92301643919140541 6.0872711910981444e-07 5.1222620839660924e-07 -3.5883133313933111e-22 3.2889666609950251e-07
34 1 1.4590565913012319 0.88856999789448621 5.6330136543389689e-06 -1.3429157055173622e-06 -3.9001071461529646e-22 5.4705959673370201e-06
34 2 1.4797749888428406 0.85362096985310087 2.2902970992505728e-05 -8.0697248418731214e-06 -2.1384528095076134e-21 2.1434216133556522e-05
34 3 1.4996564064099418 0.81818912269193422 6.4229587930174039e-05 -1.6114415991362056e-05 -4.4511827448966992e-21 6.2175280963879e-05
34 4 1.5186895988142506 0.78229449712444454 0.00020713629690521094 -6.3768342088070399e-05 -2.1969914648742571e-20 0.00019707623916378789
34 5 1.5368638006346635 0.74595739561757446 0.00052154892348300278 -0.00012224132271995231 -4.9395643469092274e-20 0.00050702104355337713
34 6 1.5541687323063207 0.70919837090840943 0.0013847707438082158 -0.00037070378023626129 -1.5966737849486715e-19 0.0013342296354922211
34 7 1.5705946059348601 0.6720382143792859 0.0030769934250827846 -0.00069983632116353079 -4.2456800473003012e-19 0.0029963507240613513
34 8 1.5861321308325798 0.63449794429791295 0.0065994799537067005 -0.0015636969549468339 -1.2066055520519149e-18 0.0064115510987955635
34 9 1.6007725187733708 0.59659879392916637 0.012538717755992704 -0.0028402240811815044 -2.1645012272029218e-18 0.01221280353289626
34 10 1.6145074889634512 0.55836219952527999 0.021358918781098461 -0.0045097049715357353 -5.2388036279576254e-18 0.020877403396190493
34 11 1.6273292727250925 0.51980978820122148 0.033060429134581057 -0.0066530303000902347 -7.6255194372446625e-18 0.032384088104943413
34 12 1.6392306178906835 0.48096336570211373 0.044071718930291978 -0.0057455734619972169 -2.2019386348239734e-17 0.043695592398586947
34 13 1.6502047929046511 0.44184490406962451 0.051933005342551554 0.00021465596626597778 -2.9951145734675223e-17 0.051932561719268529
34 14 1.6602455906309146 0.40247652921429244 0.055017728825537959 0.016920971499043872 -4.9971994171450504e-17 0.052351038276704467
34 15 1.6693473318637251 0.36288050840082331 0.06029879157745216 0.044433854169187312 -7.2142747092079568e-17 0.040762444349822929
34 16 1.677504868539895 0.32307923765343821 0.072996453074245196 0.07070255803890664 -8.5879827893932111e-17 0.01815572769611613
34 17 1.6847135866506122 0.28309522908838924 0.076668541830884271 0.076245626764389257 -1.030391046488928e-16 -0.0080417476819097163
34 18 1.6909694088511815 0.24295109818081348 0.066671980977339951 0.057733394882760088 -1.5947006521733566e-16 -0.033346786393205444
34 19 1.6962687967672248 0.20266955097312778 0.065586345110002844 0.023795813671854359 -2.127984927838642e-16 -0.061117329102168591
34 20 1.700608752996031 0.16227337123219521 0.085856894142830376 -0.025700418751228686 -1.587431650314551e-16 -0.081920050951306625
34 21 1.703986822801927 0.12178540756252901 0.12376828507170651 -0.086890390049305558 -1.5204408343559244e-16 -0.088139937069813892
34 22 1.7064010955047073 0.081228560482827075 0.16286615688946907 -0.14456033019278733 -5.3485965558469136e-17 -0.075017971143569617
34 23 1.7078502055603393 0.040625769473139672 0.19177068447616347 -0.18687735896611582 -1.1973839961897887e-16 -0.043044722444287344
34 24 1.7083333333333333 1.0460524742716975e-16 0.2026551500850842 -0.2026551500850842 -2.9384848412441405e-19 -1.4104099140263491e-16
34 25 1.7078502055603393 -0.040625769473139464 0.19177068447616363 -0.18687735896611601 -6.2654894034637099e-17 0.043044722444287198
34 26 1.7064010955047073 -0.081228560482826881 0.1628661568894692 -0.14456033019278761 -5.3109665193427955e-17 0.075017971143569451
34 27 1.703986822801927 -0.12178540756252883 0.12376828507170703 -0.086890390049306349 -1.1851191581430808e-16 0.088139937069813851
34 28 1.700608752996031 -0.16227337123219501 0.085856894142830417 -0.025700418751228804 -1.0231278933793546e-16 0.081920050951306639
34 29 1.6962687967672248 -0.20266955097312758 0.065586345110002969 0.02379581367185413 -1.2936995076462875e-16 0.061117329102168813
34 30 1.6909694088511815 -0.24295109818081331 0.066671980977339798 0.057733394882759824 -1.7230783066537356e-16 0.033346786393205596
34 31 1.6847135866506122 -0.28309522908838908 0.076668541830884299 0.076245626764389257 -1.0589659654580671e-16 0.008041747681909947
34 32 1.677504868539895 -0.32307923765343838 0.072996453074245279 0.070702558038906765 -1.0703728115590717e-16 -0.018155727696116033
34 33 1.6693473318637251 -0.36288050840082314 0.060298791577452202 0.044433854169187464 -6.4008863199327361e-17 -0.040762444349822818
34 34 1.6602455906309146 -0.40247652921429222 0.055017728825537938 0.016920971499043976 -4.2018205765294425e-17 -0.052351038276704405
34 35 1.6502047929046508 -0.44184490406962473 0.051933005342551672 0.000214655966265999 -2.2797942744730454e-17 -0.051932561719268647
34 36 1.6392306178906835 -0.48096336570211357 0.044071718930292041 -0.0057455734619971961 -1.815021793377784e-17 -0.043695592398587016
34 37 1.6273292727250925 -0.51980978820122126 0.033060429134581133 -0.006653030300090239 -8.1129683481218847e-18 -0.032384088104943483
34 38 1.6145074889634512 -0.55836219952528021 0.021358918781098503 -0.0045097049715357431 -7.1734844215755998e-18 -0.020877403396190538
34 39 1.6007725187733708 -0.59659879392916615 0.01253871775599273 -0.0028402240811815057 -2.5614879181486529e-18 -0.012212803532896287
34 40 1.5861321308325798 -0.63449794429791273 0.0065994799537067231 -0.0015636969549468437 -1.2793215246229832e-18 -0.0064115510987955843
34 41 1.5705946059348599 -0.67203821437928601 0.0030769934250827876 -0.00069983632116352829 -4.4000472152350449e-19 -0.0029963507240613543
34 42 1.5541687323063207 -0.70919837090840931 0.0013847707438082229 -0.00037070378023626585 -1.3164293030762781e-19 -0.0013342296354922269
34 43 1.5368638006346638 -0.74595739561757424 0.00052154892348300235 -0.00012224132271995082 -7.2900066654188743e-20 -0.00050702104355337702
34 44 1.5186895988142506 -0.78229449712444477 0.00020713629690521216 -6.376834208807151e-05 -1.1282374064310145e-20 -0.00019707623916378884
34 45 1.4996564064099418 -0.81818912269193433 6.4229587930173822e-05 -1.6114415991361741e-05 -9.3627938134488226e-21 -6.2175280963878851e-05
34 46 1.4797749888428409 -0.85362096985310032 2.2902970992505894e-05 -8.0697248418732857e-06 -1.880907417581067e-21 -2.1434216133556638e-05
34 47 1.4590565913012321 -0.88856999789448621 5.6330136543389376e-06 -1.3429157055173146e-06 -1.0757997373612982e-21 -5.4705959673369997e-06
34 48 1.4375129323801568 -0.92301643919140519 6.0872711910979326e-07 5.1222620839659156e-07 -2.99821807431807e-22 -3.2889666609949102e-07
35 0 1.4550435778969877 0.93427273723032489 7.4034313094726341e-07 6.2297726349395521e-07 -3.1518236755937192e-22 4.0000910078444458e-07
35 1 1.476849964365881 0.89940621738100435 4.7228226382262121e-06 -6.5430713203794968e-07 -8.1833628817621322e-22 4.6772786798635657e-06
35 2 1.4978210252921433 0.86403098168057768 1.881501987282071e-05 -5.0246228472607385e-06 -1.9334680476993875e-21 1.8131688781175998e-05
35 3 1.5179448991710385 0.82816703882232368 5.5199462575364417e-05 -8.7578666933936152e-06 -1.0402624350752722e-20 5.4500279261576296e-05
35 4 1.537210203677839 0.79183467391864515 0.00017809002361496724 -3.8894308468101781e-05 -1.6145107533871278e-20 0.00017379093555179378
35 5 1.555606042105818 0.75505443702754482 0.00046562606182198922 -6.4074008707880266e-05 -6.0545104376827961e-20 0.0004611964341318755
35 6 1.5731220095295684 0.71784713152924373 0.0012511070663541657 -0.00021564236321629791 -1.2330829128148673e-19 0.0012323827581834374
35 7 1.5897481986901634 0.68023380235952113 0.0028615191003310693 -0.00035544401522021279 -5.1800920698540545e-19 0.0028393575177500397
35 8 1.6054752055988306 0.64223572410642404 0.0062748835424439164 -0.00084739601930947084 -9.3631594514340369e-19 0.0062174016644971535
35 9 1.6202941348559727 0.60387438897708301 0.012180222689267124 -0.0014348020499617556 -2.5159992631032735e-18 0.01209541929151541
35 10 1.6341966046825176 0.5651714946414419 0.021361271838421222 -0.0022766636631478959 -6.5216866791275126e-18 0.021239603035834487
35 11 1.6471747516607644 0.52614893195977297 0.033797991503159187 -0.0033782404733074182 -8.8554133904670272e-18 0.033628733561526347
35 12 1.6592212351820332 0.48682877260092 0.046682133869305004 -0.0023460780011983176 -2.0246849891223458e-17 0.046623143830119465
35 13 1.6703292415986102 0.44723325655827845 0.057293443024474013 0.0020563319220055238 -2.7203324635172748e-17 0.057256528995610546
35 14 1.6804924880776331 0.40738477957056429 0.062571168554128517 0.015455917370797326 -6.4912991726440082e-17 0.060632217116449297
35 15 1.6897052261547461 0.36730588045449192 0.065297369597319882 0.039506018398677227 -6.7963252704050526e-17 0.051990585557506186
35 16 1.6979622449855034 0.32701922835652886 0.073748994431202405 0.066495867953405147 -1.0186711562094122e-16 0.031893788184172031
35 17 1.7052588742926929 0.28654760993093059 0.078674021690869983 0.078505419778611918 -1.2525356601049063e-16 0.0051478883437202222
35 18 1.7115909870079031 0.24591391645131122 0.068696517059010101 0.065789391201689862 -1.4566774187872214e-16 -0.019772897141033169
35 19 1.7169550016058492 0.20514113086304397 0.05833241007322354 0.036955556071362687 -1.5111987900362884e-16 -0.045132659354474997
35 20 1.7213478841301288 0.16425231478380733 0.065480575005611483 -0.0047329845027866985 -1.5331157691776411e-16 -0.065309299190558556
35 21 1.7247671499092676 0.12327059545963302 0.091466117747350736 -0.057579986645012161 -1.5197951746439515e-16 -0.071067544165620708
35 22 1.7272108649620816 0.082219152683837157 0.12415801692957948 -0.10837592138659813 -9.4002486649287427e-17 -0.060579475331927757
35 23 1.7286776470915628 0.041121205686226736 0.14852853969926491 -0.1444078116071067 -9.6819404747993253e-17 -0.034743503738720566
35 24 1.7291666666666665 1.0588092117628157e-16 0.1575009540046238 -0.1575009540046238 -4.0080923254280574e-17 -1.8803971486594615e-16
35 25 1.7286776470915628 -0.041121205686226528 0.14852853969926488 -0.14440781160710675 -1.2966735766794161e-16 0.034743503738720163
35 26 1.7272108649620816 -0.082219152683836963 0.1241580169295796 -0.10837592138659827 -1.0914367392916947e-16 0.060579475331927785
35 27 1.7247671499092676 -0.12327059545963283 0.091466117747351 -0.057579986645012363 -1.5983917578842087e-16 0.071067544165620875
35 28 1.7213478841301288 -0.16425231478380714 0.065480575005611649 -0.0047329845027871669 -1.9842240433239903e-16 0.065309299190558681
35 29 1.7169550016058492 -0.20514113086304378 0.058332410073223623 0.036955556071362645 -1.5921723899349731e-16 0.045132659354475142
35 30 1.7115909870079031 -0.24591391645131103 0.068696517059010143 0.065789391201689917 -9.5854472542759863e-17 0.019772897141033176
35 31 1.7052588742926929 -0.28654760993093037 0.078674021690869789 0.078505419778611724 -1.3500133918598486e-16 -0.0051478883437200296
35 32 1.6979622449855034 -0.32701922835652908 0.073748994431202475 0.066495867953405216 -8.6209033332449835e-17 -0.031893788184172031
35 33 1.6897052261547461 -0.3673058804544917 0.06529736959731984 0.039506018398677276 -5.1866330855444655e-17 -0.05199058555750611
35 34 1.6804924880776331 -0.40738477957056402 0.062571168554128517 0.015455917370797392 -4.4969257705067879e-17 -0.06063221711644929
35 35 1.67032924159861 -0.44723325655827867 0.057293443024474082 0.0020563319220055364 -4.0066795266476574e-17 -0.057256528995610609
35 36 1.6592212351820332 -0.48682877260091983 0.046682133869305101 -0.0023460780011982981 -1.8917123418998199e-17 -0.046623143830119562
35 37 1.6471747516607644 -0.52614893195977275 0.033797991503159271 -0.0033782404733074195 -1.4162309875874751e-17 -0.033628733561526424
35 38 1.6341966046825176 -0.56517149464144212 0.021361271838421281 -0.0022766636631479072 -4.6629038022527937e-18 -0.021239603035834546
35 39 1.6202941348559727 -0.60387438897708279 0.012180222689267148 -0.0014348020499617509 -2.7822031252906956e-18 -0.012095419291515436
35 40 1.6054752055988306 -0.64223572410642382 0.0062748835424439381 -0.00084739601930947832 -9.6326503018028216e-19 -0.0062174016644971743
35 41 1.5897481986901632 -0.68023380235952124 0.0028615191003310719 -0.00035544401522020884 -2.6806763165868665e-19 -0.0028393575177500423
35 42 1.5731220095295684 -0.71784713152924351 0.0012511070663541726 -0.00021564236321630249 -1.6130544980900946e-19 -0.0012323827581834437
35 43 1.5556060421058182 -0.7550544370275446 0.00046562606182198917 -6.4074008707879127e-05 -2.8214425195658165e-20 -0.00046119643413187567
35 44 1.537210203677839 -0.79183467391864526 0.00017809002361496835 -3.8894308468102722e-05 -1.3298375476735268e-20 -0.0001737909355517947
35 45 1.5179448991710385 -0.82816703882232368 5.5199462575364323e-05 -8.7578666933933983e-06 -2.8495595435014909e-21 -5.4500279261576235e-05
35 46 1.4978210252921438 -0.86403098168057713 1.8815019872820849e-05 -5.0246228472608697e-06 -1.006272802160183e-21 -1.813168878117611e-05
35 47 1.476849964365881 -0.89940621738100435 4.7228226382261985e-06 -6.5430713203791675e-07 -3.2158411398521301e-22 -4.6772786798635572e-06
35 48 1.4550435778969877 -0.93427273723032478 7.4034313094724912e-07 6.2297726349394325e-07 -1.7874221202983747e-22 -4.0000910078443675e-07
36 0 1.4725742234138188 0.94552903526924459 6.8736214778220273e-07 5.7839530341396104e-07 -1.8506297345286562e-22 3.7138335341320117e-07
36 1 1.4946433374305301 0.9102424368675226 3.666100645903625e-06 -2.3965543999891351e-07 -2.8339078656289206e-22 3.6582590416718582e-06
36 2 1.5158670617414465 0.8744409935080546 1.4491955579868425e-05 -2.8910187367757985e-06 -1.8458908986769075e-21 1.4200661505454273e-05
36 3 1.5362333919321354 0.83814495495271313 4.4368487600691756e-05 -3.8522417697892945e-06 -2.8728841512921567e-21 4.4200938059274583e-05
36 4 1.5557308085414276 0.80137485071284575 0.00014450034662175177 -2.1206865209393747e-05 -1.9879790034062063e-20 0.00014293571646651864
36 5 1.5743482835769724 0.7641514784375153 0.00039249324856401686 -2.3763248128324337e-05 -3.6114716129466956e-20 0.0003917732229322556
36 6 1.5920752867528163 0.72649589215007804 0.0010743442942493704 -0.00010223570437912519 -1.3702977553564898e-19 0.0010694688042838284
36 7 1.6089017914454666 0.68842939033975636 0.0025388956236765889 -0.0001016202690036285 -3.7002086286571668e-19 0.0025368611134336397
36 8 1.6248182803650819 0.64997350391493525 0.0057186894808365796 -0.0002907593742431023 -8.9813762588409312e-19 0.0057112930553877821
36 9 1.6398157509385749 0.61114998402499965 0.011412974304993327 -0.0002974372662256811 -2.1985125327835489e-18 0.011409097841595457
36 10 1.6538857204015844 0.57198078975760391 0.02067208053935184 -0.00033596994734666388 -3.9025512299691074e-18 0.020669350207975307
36 11 1.6670202305964363 0.53248807571832446 0.033586226798999322 -0.0002914511167355131 -1.0432366079651073e-17 0.033584962212876969
36 12 1.6792118524733832 0.49269417949972633 0.048042436741524787 0.0013639462283545861 -1.9164300787628503e-17 0.048023071317332133
36 13 1.6904536902925693 0.45262160904693244 0.061187824847535578 0.0050326825041673798 -2.617252683925368e-17 0.060980505215887972
36 14 1.7007393855243516 0.4122930299268362 0.069285729567639578 0.015722928842775544 -4.7863104663124443e-17 0.067478158172293828
36 15 1.710063120445767 0.37173125250816053 0.072279724230990952 0.036078596603578109 -6.6031187423129689e-17 0.062631409069446795
36 16 1.718419621431112 0.33095921905961961 0.077020133480900532 0.061778182497793807 -1.0202118070254937e-16 0.04599518592945373
36 17 1.7258041619347737 0.28999999077347194 0.082538768070656382 0.080005442532560284 -1.3556616569103814e-16 0.020292299026744159
36 18 1.7322125651646252 0.24887673472180896 0.074800093742815973 0.074615289054268452 -1.4894652018759161e-16 -0.0052547752836847855
36 19 1.7376412064444742 0.20761271075296017 0.058113050881382487 0.050919815126526907 -1.5598509238944382e-16 -0.028005340744623533
36 20 1.7420870152642269 0.16623125833541949 0.050057875112117747 0.015922071923079147 -1.8253818301887897e-16 -0.047458176180892916
36 21 1.7455474770166084 0.12475578335673704 0.061300163217132289 -0.027538014127627877 -1.9747604793236978e-16 -0.054766484170098287
36 22 1.7480206344194562 0.083209744884847253 0.08523184455138412 -0.070838926338410782 -1.8292738470707068e-16 -0.047395293446211691
36 23 1.7495050886227865 0.041616641899313814 0.10578703763030241 -0.10215386845358029 -1.0149707181638699e-16 -0.027486078122635697
36 24 1.75 1.071565949253934e-16 0.11340174362468826 -0.11340174362468826 -1.6134164254931362e-16 -1.6087619819837344e-16
36 25 1.7495050886227865 -0.041616641899313599 0.10578703763030237 -0.10215386845358027 -1.5524735277119984e-16 0.027486078122635593
36 26 1.7480206344194562 -0.083209744884847045 0.085231844551384064 -0.07083892633841074 -1.5537727214583182e-16 0.04739529344621167
36 27 1.7455474770166084 -0.12475578335673684 0.061300163217132386 -0.027538014127628092 -1.8033483726492934e-16 0.05476648417009828
36 28 1.7420870152642269 -0.16623125833541927 0.050057875112117727 0.015922071923078783 -1.715035061948683e-16 0.047458176180893014
36 29 1.7376412064444742 -0.20761271075295998 0.05811305088138239 0.050919815126526699 -1.5686027726623638e-16 0.028005340744623703
36 30 1.7322125651646252 -0.24887673472180877 0.074800093742815862 0.074615289054268327 -1.8581951355167777e-16 0.0052547752836849095
36 31 1.7258041619347737 -0.28999999077347177 0.08253876807065634 0.080005442532560242 -1.2189583867358053e-16 -0.0202922990267441
36 32 1.718419621431112 -0.33095921905961984 0.077020133480900643 0.061778182497793988 -9.1206017182240205e-17 -0.045995185929453661
36 33 1.710063120445767 -0.3717312525081603 0.072279724230991022 0.036078596603578234 -6.346623939037184e-17 -0.062631409069446808
36 34 1.7007393855243516 -0.41229302992683592 0.069285729567639717 0.015722928842775655 -4.3229434325072025e-17 -0.067478158172293926
36 35 1.6904536902925691 -0.45262160904693266 0.06118782484753562 0.0050326825041674197 -2.1711564977500249e-17 -0.060980505215888006
36 36 1.6792118524733832 -0.4926941794997261 0.048042436741524863 0.0013639462283546134 -1.7665225452649098e-17 -0.04802307131733221
36 37 1.6670202305964363 -0.53248807571832424 0.033586226798999384 -0.00029145111673550909 -5.2234718268268287e-18 -0.033584962212877031
36 38 1.6538857204015844 -0.57198078975760414 0.020672080539351875 -0.00033596994734667136 -5.6378521323629276e-18 -0.020669350207975341
36 39 1.6398157509385749 -0.61114998402499954 0.011412974304993335 -0.00029743726622566869 -1.6347586916616896e-18 -0.011409097841595465
36 40 1.6248182803650819 -0.64997350391493502 0.0057186894808365979 -0.00029075937424311016 -9.5803413478597681e-19 -0.0057112930553878003
36 41 1.6089017914454664 -0.68842939033975648 0.0025388956236765924 -0.00010162026900362548 -3.5890604215661958e-19 -0.0025368611134336432
36 42 1.5920752867528163 -0.72649589215007782 0.0010743442942493739 -0.0001022357043791276 -1.2465795263824342e-19 -0.0010694688042838319
36 43 1.5743482835769727 -0.76415147843751507 0.00039249324856401708 -2.3763248128323148e-05 -6.2219056596052636e-20 -0.00039177322293225587
36 44 1.5557308085414276 -0.80137485071284587 0.00014450034662175248 -2.1206865209394398e-05 -1.3440168944580989e-20 -0.00014293571646651929
36 45 1.5362333919321354 -0.83814495495271324 4.4368487600691715e-05 -3.8522417697891098e-06 -8.9998433681346653e-21 -4.4200938059274562e-05
36 46 1.5158670617414469 -0.87444099350805404 1.4491955579868518e-05 -2.8910187367758819e-06 -1.6681436616820475e-21 -1.4200661505454353e-05
36 47 1.4946433374305303 -0.9102424368675226 3.6661006459036186e-06 -2.3965543999888858e-07 -7.7670681065494035e-22 -3.6582590416718536e-06
36 48 1.4725742234138191 -0.94552903526924437 6.8736214778219309e-07 5.7839530341395299e-07 -2.0565575760642567e-22 -3.7138335341319593e-07
37 0 1.49010486893065 0.95678533330816418 5.5447778710889937e-07 4.6657696957262874e-07 -1.4149109909540327e-22 2.9958562692760183e-07
37 1 1.5124367104951792 0.92107865635404063 2.6649477963551696e-06 -2.5149173142192282e-08 -5.0127193806267793e-22 2.6648291270527153e-06
37 2 1.5339130981907494 0.8848510053355314 1.0529301912712228e-05 -1.5046195724880521e-06 -1.0713794051979857e-21 1.0421243625936937e-05
37 3 1.5545218846932323 0.84812287108310258 3.3628613658951654e-05 -9.6320947667602865e-07 -5.0933372429786387e-21 3.3614816437503738e-05
37 4 1.5742514134050158 0.81091502750704625 0.00011107666750086931 -9.6343931142252572e-06 -1.3737059020531589e-20 0.00011065805227103559
37 5 1.5930905250481269 0.77324851984748566 0.00031388707978829077 9.4663087022582982e-07 -5.2481221493912854e-20 0.00031388565234495244
37 6 1.6110285639760642 0.73514465277091223 0.00087841024366858784 -2.6843512759346393e-05 -1.1016721603147932e-19 0.0008779999897520766
37 7 1.6280553842007697 0.69662497831999148 0.0021524649263642954 6.5763409015814531e-05 -4.386183501372124e-19 0.0021514600701065941
37 8 1.6441613551313328 0.65771128372344634 0.004994731345238577 9.9786091344417432e-05 -5.8755502990773574e-19 0.0049937344690204515
37 9 1.6593373670211771 0.61842557907291629 0.01030350920590682 0.00054211934092720485 -1.9144557022304733e-18 0.010289237511905303
37 10 1.6735748361206508 0.57879008487376582 0.019332948681687178 0.0011945225169812074 -3.5884203112313795e-18 0.019296010486242351
37 11 1.6868657095321082 0.53882721947687595 0.032407183311538142 0.0023942706706737331 -5.3836450898982991e-18 0.03231861689712584
37 12 1.699202469764733 0.49855958639853254 0.048092474987035082 0.0049938690949242947 -1.539159866777832e-17 0.047832493368434759
37 13 1.7105781389865284 0.45800996153558637 0.063471400795534538 0.0087394775246650708 -2.1424054442027356e-17 0.062866845407919564
37 14 1.72098628297107 0.41720128028310804 0.07453325804465373 0.017701640963979415 -5.5959481165378468e-17 0.07240067998253405
37 15 1.730421014736788 0.37615662456182908 0.079605157711030314 0.034215337607561611 -5.2401029313602849e-17 0.071876921237616936
37 16 1.7388769978767205 0.33489920976271031 0.082782821838487702 0.057572462248891287 -1.1752621334016692e-16 0.059484512119902126
37 17 1.7463494495768541 0.29345237161601329 0.087496049223805744 0.079582671390205861 -1.0795184204348638e-16 0.03636147747511298
37 18 1.7528341433213468 0.25183955299230665 0.08366126023519195 0.083034280724758186 -1.6085307789365636e-16 0.010223242570855958
37 19 1.7583274112830989 0.21008429064287637 0.066797449468934011 0.06585952830399798 -1.3295020877480273e-16 -0.011154451449070957
37 20 1.7628261463983248 0.16821020188703162 0.046586523000756927 0.036900366148157789 -2.5316293585270107e-16 -0.028437072694494154
37 21 1.7663278041239487 0.12624097125384104 0.037718159241250084 0.0010433548593328889 -1.4743281768267918e-16 -0.037703725905881044
37 22 1.7688304038768308 0.084200337085857335 0.048512820555931674 -0.034346913943296357 -1.7848719300880454e-16 -0.034260520440644517
37 23 1.7703325301540103 0.042112078112400878 0.064099275895268287 -0.060824855804022082 -1.3900938066232017e-16 -0.02022508557998318
37 24 1.7708333333333333 1.0843226867450523e-16 0.070633927701728688 -0.070633927701728688 -1.4103927003069453e-16 -6.5504193028830671e-17
37 25 1.7703325301540103 -0.042112078112400662 0.064099275895268051 -0.060824855804021943 -8.2245381017206837e-17 0.020225085579982881
37 26 1.7688304038768308 -0.084200337085857127 0.048512820555931903 -0.034346913943296704 -1.7545455314651472e-16 0.034260520440644503
37 27 1.7663278041239487 -0.12624097125384084 0.037718159241250403 0.0010433548593328794 -1.3640342725610699e-16 0.037703725905881363
37 28 1.7628261463983248 -0.1682102018870314 0.046586523000756865 0.036900366148157657 -1.5665765191788025e-16 0.028437072694494216
37 29 1.7583274112830989 -0.21008429064287618 0.066797449468934011 0.065859528303997966 -1.5634170193743453e-16 0.011154451449071108
37 30 1.7528341433213468 -0.25183955299230648 0.083661260235191978 0.083034280724758228 -1.6329942302366546e-16 -0.010223242570855788
37 31 1.7463494495768541 -0.29345237161601306 0.087496049223805633 0.079582671390205847 -9.8795987713648314e-17 -0.03636147747511273
37 32 1.7388769978767205 -0.33489920976271054 0.082782821838487716 0.057572462248891433 -9.2813860453360932e-17 -0.059484512119902008
37 33 1.730421014736788 -0.37615662456182886 0.079605157711030355 0.034215337607561742 -5.672875493091923e-17 -0.071876921237616936
37 34 1.72098628297107 -0.41720128028310777 0.074533258044653827 0.017701640963979481 -3.5967500847121545e-17 -0.072400679982534133
37 35 1.7105781389865282 -0.4580099615355866 0.063471400795534663 0.008739477524665076 -3.0079141577846507e-17 -0.062866845407919675
37 36 1.699202469764733 -0.49855958639853237 0.048092474987035179 0.0049938690949243164 -1.3500257031275754e-17 -0.047832493368434856
37 37 1.6868657095321082 -0.53882721947687573 0.032407183311538211 0.002394270670673744 -9.4307394740420837e-18 -0.03231861689712591
37 38 1.6735748361206508 -0.57879008487376604 0.01933294868168723 0.0011945225169811924 -3.6616104007806153e-18 -0.019296010486242406
37 39 1.6593373670211771 -0.61842557907291618 0.010303509205906839 0.00054211934092721667 -1.3722415151315018e-18 -0.010289237511905322
37 40 1.6441613551313328 -0.65771128372344612 0.0049947313452385908 9.9786091344410412e-05 -6.4513036601197523e-19 -0.0049937344690204654
37 41 1.6280553842007695 -0.69662497831999159 0.0021524649263642988 6.576340901581777e-05 -1.9444751384624232e-19 -0.0021514600701065976
37 42 1.6110285639760642 -0.73514465277091201 0.0008784102436685911 -2.684351275934889e-05 -1.1745295351651532e-19 -0.00087799998975207985
37 43 1.5930905250481271 -0.77324851984748544 0.0003138870797882911 9.4663087022661999e-07 -2.3369875747646676e-20 -0.00031388565234495282
37 44 1.5742514134050158 -0.81091502750704647 0.00011107666750086989 -9.6343931142257671e-06 -7.6109505655894586e-21 -0.00011065805227103613
37 45 1.5545218846932323 -0.84812287108310269 3.3628613658951654e-05 -9.6320947667589779e-07 -2.274023117980115e-21 -3.3614816437503738e-05
37 46 1.5339130981907498 -0.88485100533553085 1.0529301912712296e-05 -1.5046195724881133e-06 -4.9067652997230129e-22 -1.0421243625936998e-05
37 47 1.5124367104951795 -0.92107865635404063 2.6649477963551713e-06 -2.514917314217734e-08 -1.4563760933611076e-22 -2.6648291270527178e-06
37 48 1.4901048689306502 -0.95678533330816395 5.5447778710889386e-07 4.6657696957262413e-07 -9.0557939521468386e-23 -2.9958562692759882e-07
38 0 1.5076355144474811 0.96804163134708365 4.065838759981521e-07 3.4212853454317675e-07 -1.0953549745533864e-22 2.1967820573060739e-07
38 1 1.5302300835598284 0.93191487584055877 1.8236250448004146e-06 6.5029173255451609e-08 -1.5482991742153514e-22 1.8224652289272971e-06
38 2 1.5519591346400523 0.89526101716300821 7.2437899666488207e-06 -6.7281798807370083e-07 -1.0323381397845427e-21 7.2124759296545712e-06
38 3 1.5728103774543289 0.85810078721349192 2.411710853871009e-05 4.8656062055634554e-07 -2.1855104206279154e-21 2.4112199879530837e-05
38 4 1.5927720182686043 0.82045520430124674 8.1096250549052477e-05 -2.7732447815857153e-06 -1.0660184782338508e-20 8.1048818415175555e-05
38 5 1.6118327665192813 0.78234556125745602 0.00023858378022325317 1.3546196952872258e-05 -1.9804996255410101e-20 0.00023819891001793347
38 6 1.6299818411993119 0.74379341339174643 0.00068463363122727664 1.737626033110652e-05 -9.8095107980016356e-20 0.0006844130876775752
38 7 1.6472089769560727 0.70482056630022671 0.0017437833865087795 0.00015829771519455563 -2.4560671642324538e-19 0.0017365835230210526
38 8 1.6635044298975836 0.66544906353195743 0.0041788305429391213 0.00033798210464605578 -6.6755695583775193e-19 0.0041651401901424516
38 9 1.678858983103779 0.62570117412083293 0.008948390216378381 0.0010807985482142932 -1.8023216773606469e-18 0.0088828802740301641
38 10 1.6932639518397172 0.58559937998992784 0.017438723852941804 0.0022571138078788296 -2.2132885036664689e-18 0.017292036516195663
38 11 1.7067111884677799 0.54516636323542733 0.030311123085531414 0.0044980161841559159 -7.8535644200420578e-18 0.029975523900564391
38 12 1.7191930870560828 0.50442499329733881 0.046788719535112648 0.0081436028772162977 -1.1081536950068636e-17 0.046074570078445946
38 13 1.7307025876804876 0.46339831402424031 0.064052598124925614 0.012689767756280975 -2.3937857350112275e-17 0.062783000253610652
38 14 1.7412331804177885 0.42210953063937984 0.078030183903973094 0.020992511694413997 -3.749941775595628e-17 0.075153336937542253
38 15 1.750778909027809 0.38058199661549763 0.085946298433478494 0.034113727048429361 -5.5255154025323587e-17 0.078886119446210601
38 16 1.7593343743223289 0.33883920046580102 0.090015399024201581 0.054725196652959891 -8.0501376321168665e-17 0.071469748235047661
38 17 1.7668947372189348 0.29690475245855458 0.093390364706356671 0.077385662550476908 -1.3443838758536697e-16 0.052280201334826817
38 18 1.7734557214780684 0.25480237126280436 0.092648872411597735 0.088698772522167998 -1.6145327145033144e-16 0.026764553278566267
38 19 1.7790136161217234 0.21255587053279254 0.079640365690157047 0.079495903732671791 -2.1432261359421303e-16 0.0047946988422342251
38 20 1.7835652775324227 0.17018914543864375 0.058919110141706317 0.0579693729376103 -2.1542855497234756e-16 -0.010536286874927693
38 21 1.7871081312312893 0.12772615915094507 0.035127069962797401 0.028732882287184888 -2.1470672343636706e-16 -0.02020723928798885
38 22 1.7896401733342051 0.085190929286867417 0.02078227993573047 0.00051129997917666607 -1.6805120851768822e-16 -0.020775989306369005
38 23 1.7911599716852338 0.042607514325487948 0.023878047901801785 -0.020262232917952788 -2.5078355508527646e-16 -0.01263341160492173
38 24 1.7916666666666665 1.0970794242361705e-16 0.028194552199926552 -0.028194552199926552 -2.2208925524200351e-16 -1.2909804543150718e-17
38 25 1.7911599716852338 -0.042607514325487726 0.023878047901801955 -0.020262232917952996 -2.1185584871953906e-16 0.012633411604921714
38 26 1.7896401733342051 -0.085190929286867209 0.020782279935730459 0.00051129997917657511 -2.428189253426915e-16 0.020775989306368994
38 27 1.7871081312312893 -0.12772615915094485 0.035127069962797387 0.028732882287185037 -1.6216070323801614e-16 0.020207239287988614
38 28 1.7835652775324227 -0.17018914543864352 0.058919110141706081 0.057969372937610057 -1.7893832123704295e-16 0.010536286874927745
38 29 1.7790136161217234 -0.21255587053279235 0.079640365690157006 0.079495903732671763 -1.6605282299617856e-16 -0.0047946988422340733
38 30 1.7734557214780684 -0.25480237126280419 0.092648872411597694 0.088698772522167998 -1.4622501221003948e-16 -0.026764553278566087
38 31 1.7668947372189348 -0.29690475245855441 0.093390364706356727 0.077385662550477075 -1.3268553583236215e-16 -0.052280201334826665
38 32 1.7593343743223289 -0.33883920046580124 0.090015399024201581 0.054725196652959981 -8.0675204612160307e-17 -0.071469748235047606
38 33 1.750778909027809 -0.38058199661549741 0.085946298433478535 0.034113727048429458 -5.8534892486827803e-17 -0.078886119446210601
38 34 1.7412331804177885 -0.42210953063937962 0.078030183903973135 0.020992511694414063 -3.2556752853125873e-17 -0.075153336937542281
38 35 1.7307025876804873 -0.46339831402424053 0.064052598124925711 0.012689767756281002 -2.26336775636501e-17 -0.062783000253610749
38 36 1.7191930870560828 -0.50442499329733859 0.046788719535112745 0.0081436028772163115 -1.3576921598978048e-17 -0.046074570078446044
38 37 1.7067111884677799 -0.54516636323542722 0.030311123085531477 0.0044980161841559315 -5.5257728984123142e-18 -0.029975523900564446
38 38 1.6932639518397172 -0.58559937998992795 0.017438723852941842 0.002257113807878824 -3.7585323551767126e-18 -0.017292036516195701
38 39 1.678858983103779 -0.62570117412083281 0.0089483902163784001 0.0010807985482143023 -1.1652710518720259e-18 -0.0088828802740301815
38 40 1.6635044298975836 -0.66544906353195721 0.0041788305429391352 0.00033798210464605036 -8.2669218868828304e-19 -0.0041651401901424655
38 41 1.6472089769560725 -0.70482056630022683 0.0017437833865087829 0.00015829771519455907 -2.8560099859403555e-19 -0.0017365835230210556
38 42 1.6299818411993119 -0.74379341339174632 0.00068463363122727924 1.7376260331104951e-05 -1.1328429467636429e-19 -0.0006844130876775778
38 43 1.6118327665192815 -0.78234556125745591 0.00023858378022325357 1.3546196952872936e-05 -3.5413901952742073e-20 -0.00023819891001793385
38 44 1.5927720182686043 -0.82045520430124697 8.1096250549052843e-05 -2.7732447815860359e-06 -9.7121027131858853e-21 -8.1048818415175921e-05
38 45 1.5728103774543289 -0.85810078721349203 2.4117108538710127e-05 4.8656062055644401e-07 -3.2988191493999748e-21 -2.4112199879530874e-05
38 46 1.5519591346400525 -0.89526101716300766 7.2437899666488588e-06 -6.7281798807373334e-07 -6.4444764827952329e-22 -7.2124759296546068e-06
38 47 1.5302300835598286 -0.93191487584055877 1.8236250448004171e-06 6.5029173255462052e-08 -3.3775573943565582e-22 -1.8224652289272995e-06
38 48 1.5076355144474813 -0.96804163134708343 4.065838759981494e-07 3.4212853454317447e-07 -8.5486055309667347e-23 -2.1967820573060588e-07
39 0 1.5251661599643125 0.97929792938600335 2.7576919197135638e-07 2.3205177354781513e-07 -7.8393805688691788e-23 1.4899873030951756e-07
39 1 1.5480234566244777 0.9427510953270769 1.1801437270753629e-06 8.4874169707634234e-08 -1.6755345445393475e-22 1.1770877587808686e-06
39 2 1.5700051710893552 0.90567102899048513 4.7308571268920752e-06 -2.2577601216185443e-07 -6.0878831885603211e-22 4.7254665745720632e-06
39 3 1.5910988702154261 0.86807870334388149 1.6416530744447479e-05 1.0058785258758796e-06 -2.1861535739481817e-21 1.6385685523485769e-05
39 4 1.6112926231321929 0.82999538109544735 5.6322096700258661e-05 7.2780227455037377e-07 -6.441345518402254e-21 5.6317394120843752e-05
39 5 1.6305750079904358 0.7914426026674265 0.00017264172173154122 1.7720232423709073e-05 -2.7121247325152846e-20 0.00017172989677188022
39 6 1.6489351184225598 0.75244217401258084 0.00050885943879161303 3.8181296674266763e-05 -4.072160121607094e-20 0.00050742498660549524
39 7 1.6663625697113762 0.71301615428046194 0.0013500447756556637 0.00019260438883055537 -3.1033436159019625e-19 0.001336235176036898
39 8 1.6828475046638347 0.67318684334046863 0.0033459096236698998 0.00044937223370136882 -3.3310635435056495e-19 0.0033155958446929403
39 9 1.6983805991863812 0.63297676916874968 0.0074654116233272647 0.001344700449003801 -1.4481375650192919e-18 0.0073433065718488703
39 10 1.7129530675587838 0.59240867510608974 0.015137685153635732 0.0028525920047755694 -2.5541387123622977e-18 0.014866480103403568
39 11 1.726556667403452 0.55150550699397893 0.027421221852832106 0.0058986873403536113 -4.0633656531037786e-18 0.026779262416336061
39 12 1.7391837043474327 0.51029040019614513 0.044158428020987642 0.010501049213447649 -1.0250668146338763e-17 0.042891662717846425
39 13 1.7508270363744469 0.4687866665128943 0.062884339346854182 0.016362136093254612 -1.7096122598056333e-17 0.060718371499539806
39 14 1.761480077864507 0.42701778099565174 0.079614689671628769 0.024875982870472511 -3.0917813375871035e-17 0.075628594378962979
39 15 1.7711368033188302 0.38500736866916624 0.090525699372655977 0.03584306486501896 -3.5670397126546269e-17 0.083127474086432646
39 16 1.7797917507679375 0.34277919116889177 0.096948754861282266 0.053556606052650724 -8.9013339998921658e-17 0.080813062169887984
39 17 1.7874400248610156 0.30035713330109592 0.10050584130131449 0.074876736769172406 -9.1317044669658062e-17 0.067044003657934087
39 18 1.7940772996347902 0.25776518953330213 0.10126543953863157 0.091132072679816434 -1.4587643076365127e-16 0.044154666503472786
39 19 1.7996998209603483 0.21502745042270877 0.092013965883628437 0.089626554632156866 -1.1402859686370411e-16 0.020824279637061616
39 20 1.8043044086665208 0.1721680889902559 0.075706631280004169 0.075542676028962988 -2.120091133358427e-16 0.0049797708932888115
39 21 1.8078884583386301 0.12921134704804907 0.053573076104938742 0.05335778478230406 -1.5021751599771521e-16 -0.0047980502780691848
39 22 1.8104499427915797 0.086181521487877513 0.031446083406492222 0.030197046211834583 -2.1431139201285125e-16 -0.0087746545053575611
39 23 1.8119874132164575 0.043102950538575019 0.015100383927231861 0.013846971800875149 -1.6515890473834934e-16 -0.0060235344022899736
39 24 1.8125 1.1098361617272889e-16 0.0077415313852767769 0.0077415313852767769 -2.3162669797076116e-16 -5.7732625805076137e-17
39 25 1.8119874132164575 -0.043102950538574797 0.015100383927231733 0.013846971800875019 -2.220926837240865e-16 0.0060235344022899501
39 26 1.8104499427915797 -0.086181521487877305 0.031446083406492069 0.030197046211834399 -2.4052709618660434e-16 0.0087746545053576513
39 27 1.8078884583386301 -0.12921134704804887 0.053573076104938756 0.053357784782304067 -2.919013759796034e-16 0.0047980502780692403
39 28 1.8043044086665208 -0.17216808899025568 0.075706631280004183 0.075542676028962988 -1.9770502647850334e-16 -0.0049797708932889651
39 29 1.7996998209603483 -0.21502745042270854 0.092013965883628257 0.089626554632156671 -1.7789452718388499e-16 -0.020824279637061609
39 30 1.7940772996347902 -0.25776518953330191 0.10126543953863149 0.091132072679816378 -1.4927668431777057e-16 -0.044154666503472682
39 31 1.7874400248610156 -0.30035713330109576 0.10050584130131446 0.074876736769172517 -1.1164969906455447e-16 -0.067044003657933934
39 32 1.7797917507679375 -0.34277919116889194 0.096948754861282335 0.053556606052650904 -8.8409326445493218e-17 -0.080813062169887942
39 33 1.7711368033188302 -0.38500736866916602 0.090525699372656046 0.035843064865019023 -3.6365301934851008e-17 -0.083127474086432687
39 34 1.761480077864507 -0.42701778099565152 0.079614689671628894 0.024875982870472598 -3.3663773919856599e-17 -0.075628594378963077
39 35 1.7508270363744467 -0.46878666651289452 0.062884339346854265 0.016362136093254608 -2.596173943156262e-17 -0.060718371499539889
39 36 1.7391837043474327 -0.51029040019614491 0.044158428020987732 0.010501049213447654 -1.1577575956543908e-17 -0.042891662717846515
39 37 1.726556667403452 -0.55150550699397871 0.027421221852832176 0.0058986873403536338 -5.7263666022024269e-18 -0.026779262416336123
39 38 1.7129530675587838 -0.59240867510608997 0.015137685153635776 0.0028525920047755607 -2.6463813741025117e-18 -0.014866480103403615
39 39 1.6983805991863812 -0.63297676916874945 0.0074654116233272838 0.001344700449003811 -7.9890702482719449e-19 -0.0073433065718488868
39 40 1.6828475046638347 -0.67318684334046841 0.0033459096236699124 0.00044937223370136362 -4.4682681898689568e-19 -0.0033155958446929533
39 41 1.666362569711376 -0.71301615428046206 0.0013500447756556665 0.00019260438883055803 -6.8945780458628913e-20 -0.0013362351760369004
39 42 1.6489351184225598 -0.75244217401258062 0.0005088594387916152 3.8181296674265286e-05 -6.3462480612640636e-20 -0.00050742498660549752
39 43 1.630575007990436 -0.79144260266742639 0.0001726417217315416 1.772023242370953e-05 -8.7448449956842598e-21 -0.00017172989677188057
39 44 1.6112926231321929 -0.82999538109544757 5.6322096700258925e-05 7.2780227455015863e-07 -3.8480835007274175e-21 -5.6317394120844023e-05
39 45 1.5910988702154261 -0.8680787033438816 1.6416530744447516e-05 1.0058785258759332e-06 -9.2895840863020008e-22 -1.6385685523485803e-05
39 46 1.5700051710893557 -0.90567102899048457 4.7308571268921031e-06 -2.2577601216187608e-07 -2.048555701583952e-22 -4.7254665745720911e-06
39 47 1.5480234566244779 -0.9427510953270769 1.1801437270753665e-06 8.4874169707639528e-08 -7.9164292636879838e-23 -1.1770877587808718e-06
39 48 1.5251661599643127 -0.97929792938600313 2.7576919197135495e-07 2.3205177354781394e-07 -3.7530071930043296e-23 -1.4899873030951674e-07
40 0 1.5426968054811436 0.99055422742492283 1.7527616551466858e-07 1.4748980760898005e-07 -3.7433281585065131e-23 9.4702116391301158e-08
40 1 1.5658168296891268 0.95358731481359504 7.2346454912980778e-07 7.4281876930595729e-08 -5.9458019387713905e-23 7.1964099147232008e-07
40 2 1.5880512075386581 0.91608104081796193 2.9391649152739263e-06 -1.5680832282892864e-08 -3.5321760766882163e-22 2.9391230853225766e-06
40 3 1.6093873629765227 0.87805661947427083 1.0612749325036125e-05 1.0296842002178492e-06 -7.392532409353809e-22 1.0562679521971518e-05
40 4 1.6298132279957813 0.83953555788964784 3.7247657352249359e-05 2.1095646406087805e-06 -4.4296634926762559e-21 3.7187870539433537e-05
40 5 1.6493172494615902 0.80053964407739697 0.00011889740670307276 1.6940556700552217e-05 -6.5806136588599918e-21 0.00011768436964776276
40 6 1.6678883956458075 0.76109093463341504 0.00036067020716996006 4.3426791651582179e-05 -4.8111359507431516e-20 0.00035804624297270873
40 7 1.6855161624666792 0.72121174226069706 0.000997597761497458 0.00018715353031126172 -8.2871852881267725e-20 0.00097988512073445173
40 8 1.7021905794300856 0.68092462314897972 0.0025609402015759949 0.00046691519542558699 -3.3876040632591082e-19 0.0025180160675279226
40 9 1.7179022152689833 0.64025236421666631 0.0059684089446362222 0.0013819267911399872 -7.2733291143866244e-19 0.0058062193959876511
40 10 1.7326421832778502 0.59921797022225176 0.012614661802607108 0.0030371544676652909 -1.9231160543201227e-18 0.012243585468876982
40 11 1.7464021463391237 0.55784465075253031 0.023915451489953884 0.0065519389059640991 -4.6459648501748822e-18 0.023000454702915146
40 12 1.7591743216387823 0.51615580709495135 0.040295468664942879 0.011890962765442421 -6.5031147502348485e-18 0.038501036342392853
40 13 1.7709514850684061 0.47417501900154824 0.059987946864172075 0.019237107282096703 -1.4699508497995206e-17 0.056819780643679312
40 14 1.7817269753112255 0.43192603135192359 0.079070694392316884 0.028482548366478948 -2.2387583062044046e-17 0.07376258638520182
40 15 1.7914946976098511 0.38943274072283479 0.09303173326091714 0.038865098503172206 -3.7894544960128251e-17 0.084524597081968744
40 16 1.8002491272135459 0.34671918187198242 0.10190632849731125 0.053695317288864203 -6.3332185865922705e-17 0.08661242802883494
40 17 1.8079853125030962 0.30380951414363727 0.1071515997045538 0.072536339133786237 -1.1464693336863139e-16 0.078866626809527537
40 18 1.8146988777915118 0.26072800780379984 0.10948918442241498 0.090844839374017342 -9.2854009354670291e-17 0.061115437203660646
40 19 1.8203860257989728 0.21749903031262494 0.10259021376218036 0.095204422533318817 -1.5992942236098156e-16 0.038221327683207927
40 20 1.8250435398006186 0.17414703254186803 0.089274080497547884 0.086970981333832478 -1.3183276424366056e-16 0.02014720463272316
40 21 1.8286687854459704 0.1306965349451531 0.072423865972848792 0.071861595113118723 -2.098641856399773e-16 0.0090070811171743034
40 22 1.8312597122489542 0.087172113688887595 0.053615868195369336 0.053577274038324976 -1.7606725772818309e-16 0.0020339687719935526
40 23 1.8328148547476812 0.043598386751662083 0.040198023211506312 0.040196722467218206 -2.4758684145214045e-16 -0.00032337749803599506
40 24 1.8333333333333333 1.122592899218407e-16 0.035390698902756645 0.035390698902756645 -2.1081519773300976e-16 9.5503302458303002e-18
40 25 1.8328148547476812 -0.043598386751661861 0.040198023211506236 0.040196722467218123 -2.6697554922654793e-16 0.00032337749803587563
40 26 1.8312597122489542 -0.087172113688887387 0.053615868195369232 0.053577274038324872 -2.363327256905496e-16 -0.002033968771993602
40 27 1.8286687854459704 -0.13069653494515288 0.072423865972848722 0.07186159511311864 -1.5601421874839637e-16 -0.0090070811171742652
40 28 1.8250435398006186 -0.17414703254186781 0.089274080497548119 0.086970981333832714 -1.6347333417133375e-16 -0.020147204632723199
40 29 1.8203860257989728 -0.21749903031262474 0.10259021376218025 0.09520442253331883 -1.1131974992762287e-16 -0.038221327683207615
40 30 1.8146988777915118 -0.26072800780379962 0.10948918442241486 0.090844839374017355 -1.1435653439154439e-16 -0.06111543720366041
40 31 1.8079853125030962 -0.30380951414363705 0.10715159970455386 0.072536339133786348 -5.8037531180955002e-17 -0.078866626809527496
40 32 1.8002491272135459 -0.34671918187198264 0.10190632849731124 0.053695317288864217 -5.3906993139210321e-17 -0.086612428028834926
40 33 1.7914946976098511 -0.38943274072283457 0.093031733260917196 0.038865098503172282 -4.8304027504453797e-17 -0.084524597081968772
40 34 1.7817269753112255 -0.43192603135192337 0.079070694392316954 0.028482548366479003 -1.5597563400636112e-17 -0.073762586385201862
40 35 1.7709514850684058 -0.47417501900154846 0.059987946864172179 0.019237107282096749 -1.5104201804633373e-17 -0.056819780643679402
40 36 1.7591743216387823 -0.51615580709495112 0.040295468664942963 0.011890962765442438 -8.5702387817273739e-18 -0.038501036342392936
40 37 1.7464021463391237 -0.5578446507525302 0.023915451489953925 0.0065519389059641242 -3.3443113964900737e-18 -0.023000454702915181
40 38 1.7326421832778502 -0.59921797022225187 0.012614661802607155 0.0030371544676652874 -2.7556873855442497e-18 -0.012243585468877032
40 39 1.7179022152689833 -0.64025236421666609 0.0059684089446362387 0.0013819267911399978 -9.1084947207313113e-19 -0.0058062193959876659
40 40 1.7021905794300856 -0.6809246231489795 0.0025609402015760044 0.00046691519542558407 -2.6930705057264503e-19 -0.0025180160675279326
40 41 1.685516162466679 -0.72121174226069718 0.00099759776149746168 0.00018715353031126394 -1.6971800998817875e-19 -0.00097988512073445477
40 42 1.6678883956458075 -0.76109093463341482 0.00036067020716996153 4.3426791651581414e-05 -4.8339760873347482e-20 -0.0003580462429727103
40 43 1.6493172494615904 -0.80053964407739675 0.00011889740670307314 1.6940556700552553e-05 -1.8829420976853733e-20 -0.0001176843696477631
40 44 1.6298132279957813 -0.83953555788964807 3.7247657352249535e-05 2.1095646406086704e-06 -3.875825301113355e-21 -3.718787053943372e-05
40 45 1.6093873629765227 -0.87805661947427094 1.0612749325036156e-05 1.0296842002178886e-06 -1.5245026085743541e-21 -1.0562679521971545e-05
40 46 1.5880512075386586 -0.91608104081796138 2.9391649152739428e-06 -1.5680832282902383e-08 -2.5253545391887791e-22 -2.9391230853225931e-06
40 47 1.5658168296891271 -0.95358731481359504 7.2346454912981042e-07 7.4281876930599381e-08 -1.1894972530789665e-22 -7.196409914723223e-07
40 48 1.5426968054811436 -0.99055422742492261 1.752761655146681e-07 1.4748980760897965e-07 -3.1142417853171961e-23 -9.470211639130088e-08
41 0 1.5602274509979746 1.0018105254638423 1.0467517464030362e-07 8.8081122289514841e-08 -2.5484986685825032e-23 5.6556238225306274e-08
41 1 1.583610202753776 0.96442353430011307 4.2099764587068407e-07 5.4210886505073105e-08 -4.8484318682535968e-23 4.1749275156940386e-07
41 2 1.6060972439879611 0.92649105264543874 1.7379514505301594e-06 5.8978548516847007e-08 -2.1812262545873373e-22 1.7369504239369443e-06
41 3 1.6276758557376196 0.88803453560466028 6.5239732693102758e-06 8.3502667205841354e-07 -8.1552694003118119e-22 6.4703135685703867e-06
41 4 1.6483338328593695 0.84907573468384834 2.3464930012969533e-05 2.2720038991859905e-06 -2.9500675340050637e-21 2.3354677021865277e-05
41 5 1.6680594909327446 0.80963668548736734 7.7959386904810155e-05 1.3801778638074583e-05 -1.1956852474685057e-20 7.6727940888567266e-05
41 6 1.6868416728690552 0.76973969525424923 0.00024375464554383369 3.9441873121787378e-05 -2.9759662275727565e-20 0.00024054244088901407
41 7 1.7046697552219823 0.72940733024093229 0.00070300505704566543 0.000159328448230697 -1.2894627067110561e-19 0.00068471202400438201
41 8 1.7215336541963366 0.68866240295749082 0.0018719243776903333 0.00042261509007604682 -1.5795908300863934e-19 0.0018235946263990132
41 9 1.7374238313515853 0.64752795926458295 0.0045626073033972299 0.0012603902061261352 -6.770077320883245e-19 0.0043850657843771349
41 10 1.7523312989969166 0.60602726533841367 0.01006833358571301 0.0028953639637576242 -1.2733364821672689e-18 0.0096430393917359032
41 11 1.7662476252747956 0.5641837945110818 0.020040178735590754 0.0065222648180726017 -2.5405408943228878e-18 0.018949111467226009
41 12 1.7791649389301321 0.52202121399375756 0.035427109544209801 0.012268720623827124 -4.7411699775749007e-18 0.033234900103835424
41 13 1.791075933762365 0.47956337149020223 0.055456929796677976 0.020878459676264213 -1.1761663721668746e-17 0.051376657968578286
41 14 1.801973872757944 0.43683428170819544 0.076404428268262589 0.031200601032908684 -2.2484345570267442e-17 0.069743524102136828
41 15 1.8118525919008721 0.39385811277650334 0.093447710942538356 0.042257211403336534 -3.1605140142370945e-17 0.08334748205443239
41 16 1.8207065036591543 0.35065917257507312 0.1047231523111591 0.055054691542464888 -4.7644380079342517e-17 0.089083778372665984
41 17 1.8285306001451767 0.30726189498617856 0.11177578968306238 0.070846252748534233 -7.1892645901959955e-17 0.086455975101568314
41 18 1.8353204559482337 0.26369082607429756 0.11624213106379314 0.088502200395896458 -9.8781511129273281e-17 0.07536307822360129
41 19 1.8410722306375975 0.21997061020254113 0.11196513873506536 0.096924377241186105 -1.3778883176873889e-16 0.056052273712764583
41 20 1.8457826709347165 0.17612597609348016 0.098485065968944893 0.091649523371024541 -1.9082682179804932e-16 0.036050978971055019
41 21 1.849449112553311 0.1321817228422571 0.083233060994991614 0.08024341223206917 -1.8072883977396847e-16 0.022107402288604722
41 22 1.8520694817063286 0.088162705889897677 0.066442353488050054 0.065358272246191201 -1.9641823122700975e-16 0.01195335040997924
41 23 1.8536422962789048 0.044093822964749153 0.053603468821898481 0.053384193493880558 -2.063955869841726e-16 0.0048435270979074185
41 24 1.8541666666666665 1.1353496367095252e-16 0.04903123171040584 0.04903123171040584 -2.7183576977618253e-16 4.0841920176883736e-17
41 25 1.8536422962789048 -0.044093822964748931 0.053603468821898433 0.053384193493880509 -2.2161866316360755e-16 -0.0048435270979074246
41 26 1.8520694817063286 -0.088162705889897469 0.06644235348805004 0.065358272246191174 -1.9160496094102127e-16 -0.011953350409979283
41 27 1.849449112553311 -0.13218172284225688 0.083233060994991545 0.080243412232069031 -1.7806943027086346e-16 -0.022107402288604975
41 28 1.8457826709347165 -0.17612597609347994 0.09848506596894456 0.09164952337102418 -1.6339714627530769e-16 -0.036050978971055025
41 29 1.8410722306375975 -0.21997061020254091 0.11196513873506528 0.09692437724118616 -1.1044119031485674e-16 -0.056052273712764306
41 30 1.8353204559482337 -0.26369082607429734 0.11624213106379315 0.088502200395896638 -1.3719336936231983e-16 -0.075363078223601124
41 31 1.8285306001451767 -0.3072618949861784 0.11177578968306232 0.070846252748534275 -7.4245882158117224e-17 -0.086455975101568217
41 32 1.8207065036591543 -0.35065917257507334 0.10472315231115913 0.055054691542464972 -6.3705551305194198e-17 -0.08908377837266597
41 33 1.8118525919008721 -0.39385811277650318 0.093447710942538384 0.042257211403336548 -3.0940431251780163e-17 -0.083347482054432404
41 34 1.801973872757944 -0.43683428170819516 0.076404428268262714 0.031200601032908747 -2.1658244745196019e-17 -0.069743524102136939
41 35 1.7910759337623647 -0.47956337149020239 0.055456929796678052 0.020878459676264213 -1.0281301542657822e-17 -0.051376657968578369
41 36 1.7791649389301321 -0.52202121399375734 0.035427109544209863 0.012268720623827131 -6.2790245136212757e-18 -0.033234900103835494
41 37 1.7662476252747956 -0.56418379451108158 0.020040178735590809 0.0065222648180726234 -2.5091570550301555e-18 -0.018949111467226058
41 38 1.7523312989969166 -0.60602726533841389 0.010068333585713045 0.0028953639637576195 -1.2100696943088481e-18 -0.0096430393917359414
41 39 1.7374238313515853 -0.64752795926458273 0.0045626073033972463 0.0012603902061261449 -3.7599041228080655e-19 -0.0043850657843771497
41 40 1.7215336541963366 -0.68866240295749059 0.0018719243776903413 0.00042261509007604476 -2.1075715477892361e-19 -0.0018235946263990216
41 41 1.7046697552219821 -0.72940733024093241 0.00070300505704566825 0.00015932844823069855 -6.0572304129614072e-20 -0.0006847120240043845
41 42 1.6868416728690552 -0.76973969525424901 0.00024375464554383488 3.9441873121786931e-05 -2.7414639188976135e-20 -0.00024054244088901535
41 43 1.6680594909327449 -0.80963668548736711 7.7959386904810453e-05 1.380177863807477e-05 -5.0931878163143984e-21 -7.672794088856755e-05
41 44 1.6483338328593695 -0.84907573468384856 2.3464930012969658e-05 2.2720038991859084e-06 -1.8781967503980963e-21 -2.3354677021865409e-05
41 45 1.6276758557376196 -0.88803453560466039 6.5239732693103021e-06 8.3502667205843218e-07 -3.7303449026983426e-22 -6.4703135685704113e-06
41 46 1.6060972439879615 -0.92649105264543818 1.73795145053017e-06 5.8978548516840727e-08 -1.0941203333125016e-22 -1.7369504239369553e-06
41 47 1.5836102027537762 -0.96442353430011307 4.2099764587068582e-07 5.4210886505074654e-08 -3.3210615057136335e-23 -4.1749275156940545e-07
41 48 1.5602274509979748 -1.0018105254638423 1.0467517464030344e-07 8.8081122289514696e-08 -1.2864396590913679e-23 -5.6556238225306162e-08
42 0 1.5777580965148059 1.013066823502762 5.911007694633491e-08 4.9739414660102979e-08 -1.0567635869782561e-23 3.1937310874147924e-08
42 1 1.6014035758184253 0.97525975378663132 2.3290735452483101e-07 3.5211387579412462e-08 -1.7809941341647489e-23 2.3023030638143126e-07
42 2 1.6241432804372642 0.93690106447291566 9.8010311487485609e-07 6.9672585394625935e-08 -1.0685218180910153e-22 9.7762357102916866e-07
42 3 1.6459643484987165 0.89801245173504984 3.8156692932453745e-06 5.9308335784249313e-07 -2.6967338134034289e-22 3.7692949322208697e-06
42 4 1.6668544377229582 0.85861591147804894 1.4092148591113414e-05 1.8992947910737505e-06 -1.4509250767339339e-21 1.3963571577881495e-05
42 5 1.6868017324038991 0.81873372689733781 4.8649819322536487e-05 1.0104351026382446e-05 -3.4130718634621021e-21 4.7588937900010842e-05
42 6 1.7057949500923033 0.77838845587508354 0.00015701511017925327 3.1490476913384677e-05 -1.6137230634006699e-20 0.00015382488318984881
42 7 1.7238233479772855 0.73760291822116753 0.00047181233934221893 0.00012313229228242358 -4.147410568213415e-20 0.00045546165826867681
42 8 1.7408767289625877 0.69640018276600202 0.0013045234387183832 0.00034668395880459391 -1.6384738591433123e-19 0.001257613467991342
42 9 1.7569454474341875 0.6548035543124997 0.0033262928114455212 0.0010476791895180156 -3.668063541719078e-19 0.0031569910014640559
42 10 1.7720204147159833 0.61283656045457569 0.0076722489996339004 0.0025293050752177464 -8.6173197192710017e-19 0.0072433431886706244
42 11 1.7860931042104675 0.5705229382696333 0.016060436017823306 0.0059323058906428005 -2.3806443292932608e-18 0.01492465583865976
42 12 1.799155556221482 0.52788662089256388 0.029857746074597995 0.011687551233974202 -5.6042729789302081e-18 0.027475191479012482
42 13 1.8112003824563243 0.48495172397885622 0.049341838001095303 0.020947547721554962 -7.7223484073446624e-18 0.044674570191323724
42 14 1.8222207702046624 0.44174253206446734 0.071433011794888479 0.032328716816277088 -1.6681932778270614e-17 0.063698738159414417
42 15 1.8322104861918933 0.39828348483017195 0.091248753166096583 0.044592194721448861 -1.7157058879646166e-17 0.079610747542600127
42 16 1.841163880104763 0.35459916327816388 0.10479173999934127 0.056124351778348507 -3.7541353092585729e-17 0.088495004997738311
42 17 1.8490758877872575 0.31071427582871997 0.11282884459524053 0.068481584520050515 -6.9610668931015833e-17 0.089669508498263328
42 18 1.8559420341049555 0.26665364434479533 0.11794239028084751 0.082396242949235893 -5.5782331174463342e-17 0.084387597270038722
42 19 1.8617584354762222 0.22244219009245733 0.11718578982734673 0.092736053501459012 -1.2943354612565389e-16 0.071641703765569484
42 20 1.8665218020688146 0.17810491964509231 0.10505504417294348 0.09071696371360187 -1.4146187875274074e-16 0.052981079648910009
42 21 1.8702294396606518 0.13366691073936113 0.089864003418299213 0.082142078434545907 -1.580124746409473e-16 0.036444726104293876
42 22 1.8728792511637031 0.089153298090907773 0.074922620145808777 0.071329584104268498 -1.7120525943758467e-16 0.022923556465462309
42 23 1.8744697378101285 0.044589259177836224 0.063018934186028844 0.062072731972969898 -1.6146805907086318e-16 0.010879430653985315
42 24 1.875 1.1481063742006437e-16 0.058653294052110838 0.058653294052110838 -1.8649013002927068e-16 1.1548248628157229e-16
42 25 1.8744697378101285 -0.044589259177836002 0.063018934186028747 0.062072731972969794 -2.55509766577689e-16 -0.010879430653985356
42 26 1.8728792511637031 -0.089153298090907551 0.074922620145808888 0.071329584104268581 -1.5557247780679341e-16 -0.022923556465462368
42 27 1.8702294396606518 -0.13366691073936091 0.089864003418298977 0.08214207843454574 -1.1269108067197121e-16 -0.036444726104293688
42 28 1.8665218020688146 -0.17810491964509209 0.10505504417294327 0.090716963713601731 -1.4972678102827583e-16 -0.052981079648909836
42 29 1.8617584354762222 -0.22244219009245714 0.11718578982734652 0.092736053501458804 -9.7006077417620046e-17 -0.071641703765569414
42 30 1.8559420341049555 -0.2666536443447951 0.11794239028084738 0.082396242949235768 -8.9747523430763824e-17 -0.084387597270038667
42 31 1.8490758877872575 -0.31071427582871974 0.11282884459524069 0.06848158452005064 -7.390008152469378e-17 -0.089669508498263412
42 32 1.841163880104763 -0.3545991632781641 0.10479173999934133 0.056124351778348514 -3.4844419776668635e-17 -0.08849500499773838
42 33 1.8322104861918933 -0.39828348483017179 0.09124875316609668 0.044592194721448902 -2.6002627528378758e-17 -0.079610747542600196
42 34 1.8222207702046624 -0.44174253206446706 0.071433011794888576 0.032328716816277137 -1.292730532062872e-17 -0.0636987381594145
42 35 1.8112003824563241 -0.48495172397885639 0.049341838001095394 0.020947547721555007 -7.9690611497105087e-18 -0.044674570191323801
42 36 1.799155556221482 -0.52788662089256366 0.029857746074598061 0.011687551233974219 -4.1626039626316921e-18 -0.027475191479012544
42 37 1.7860931042104675 -0.57052293826963318 0.016060436017823355 0.0059323058906428205 -2.5436977534908071e-18 -0.014924655838659803
42 38 1.7720204147159833 -0.6128365604545758 0.0076722489996339238 0.0025293050752177491 -1.1420355410035157e-18 -0.0072433431886706487
42 39 1.7569454474341875 -0.65480355431249948 0.0033262928114455343 0.0010476791895180238 -5.8820325978321763e-19 -0.0031569910014640672
42 40 1.7408767289625877 -0.6964001827660018 0.0013045234387183881 0.00034668395880459315 -1.4277808776208654e-19 -0.0012576134679913472
42 41 1.7238233479772853 -0.73760291822116764 0.00047181233934222083 0.0001231322922824248 -6.7327841365697024e-20 -0.00045546165826867844
42 42 1.7057949500923033 -0.77838845587508332 0.000157015110179254 3.1490476913384569e-05 -1.3574260643735725e-20 -0.00015382488318984957
42 43 1.6868017324038993 -0.81873372689733759 4.8649819322536684e-05 1.0104351026382602e-05 -8.332918393794398e-21 -4.7588937900011011e-05
42 44 1.6668544377229582 -0.85861591147804917 1.4092148591113482e-05 1.8992947910737228e-06 -1.4220562783652232e-21 -1.3963571577881567e-05
42 45 1.6459643484987165 -0.89801245173504984 3.8156692932453906e-06 5.9308335784250721e-07 -5.7829582537733899e-22 -3.7692949322208836e-06
42 46 1.6241432804372644 -0.93690106447291499 9.8010311487486181e-07 6.9672585394623447e-08 -1.0658085957103772e-22 -9.7762357102917459e-07
42 47 1.6014035758184255 -0.97525975378663132 2.3290735452483225e-07 3.5211387579413514e-08 -3.2108569685313488e-23 -2.302303063814324e-07
42 48 1.5777580965148061 -1.0130668235027618 5.9110076946334937e-08 4.9739414660103006e-08 -1.305594109040945e-23 -3.1937310874147931e-08
43 0 1.5952887420316371 1.0243231215416817 3.1606333812748146e-08 2.65958128395803e-08 -6.6899682332342868e-24 1.7076975039065977e-08
43 1 1.6191969488830744 0.98609597327314935 1.2253389539367348e-07 2.1133644371632441e-08 -1.1499854776457846e-23 1.2069765778970643e-07
43 2 1.6421893168865669 0.94731107630039246 5.2683209979508977e-07 5.5802833597097165e-08 -6.6693068892397849e-23 5.238684044080518e-07
43 3 1.6642528412598134 0.90799036786543919 2.1234233875450112e-06 3.837273505646647e-07 -2.0117572459624241e-22 2.0884635987255683e-06
43 4 1.6853750425865466 0.86815608827224944 8.0668512596107295e-06 1.3685727018605337e-06 -9.9453570826797429e-22 7.9499118236874402e-06
43 5 1.7055439738750535 0.82783076830730817 2.889308073703767e-05 6.7952343614432229e-06 -3.2117361616346403e-21 2.8082644185511425e-05
43 6 1.724748227315551 0.78703721649591785 9.639503598451329e-05 2.2713530853563159e-05 -1.0516433299237331e-20 9.3680833037606179e-05
43 7 1.7429769407325888 0.74579850620140264 0.00030143273199693835 8.7765017669347658e-05 -3.1458389997673393e-20 0.00028837301120707739
43 8 1.7602198037288386 0.70413796257451311 0.00086649211705998731 0.00026128353871638336 -8.464932835371205e-20 0.00082615948903522435
43 9 1.7764670635167896 0.66207914936041634 0.0023097718665263814 0.00080480879898386709 -3.0793549505495022e-19 0.0021650239888913259
43 10 1.7917095304350497 0.61964585557073759 0.005576680270273417 0.0020460202394126416 -6.8521690455679722e-19 0.0051877898971306293
43 11 1.8059385831461394 0.57686208202818479 0.012281240017728333 0.0049942831769451265 -1.3976562332556587e-18 0.011219892687612245
43 12 1.8191461735128318 0.5337520277913701 0.024077443597893711 0.010369337049286402 -4.4505365175311704e-18 0.021730166574788358
43 13 1.8313248311502834 0.49034007646751016 0.042129289677996395 0.019585875145655393 -5.048096300038572e-18 0.037299739188784313
43 14 1.8424676676513809 0.44665078242073919 0.064521254664896846 0.031694354790127853 -1.310707033754927e-17 0.056200179519019094
43 15 1.8525683804829143 0.4027088568838405 0.08686381510359821 0.045377544001128714 -2.5119069617539011e-17 0.074068892760576113
43 16 1.8616212565503714 0.35853915398125458 0.1031304893791659 0.056844939196733925 -4.17914275157913e-17 0.086049699170339194
43 17 1.8696211754293381 0.31416665667126126 0.11226370267135569 0.066407978797127606 -5.1378457213720125e-17 0.090515851040371964
43 18 1.8765636122616771 0.26961646261529304 0.115783709834006 0.074407924973190154 -6.5192440645330644e-17 0.088709233815366731
43 19 1.8824446403148469 0.22491376998237353 0.11538836236409475 0.081831144064591396 -8.1433620545453781e-17 0.08135193931399376
43 20 1.8872609332029124 0.18008386319670444 0.10391280171517311 0.080092230753649032 -1.1363360801474249e-16 0.066205021963602728
43 21 1.8910097667679924 0.13515209863646513 0.086094770650179689 0.071439702721292631 -1.0951477795534785e-16 0.048048708706898431
43 22 1.8936890206210775 0.090143890291917855 0.068700559800951605 0.061227471091385953 -1.8088258035498053e-16 0.031160290446618527
43 23 1.8952971793413522 0.045084695390923295 0.055007026396767508 0.052854852822309298 -1.4262020931901735e-16 0.01523605874715311
43 24 1.8958333333333333 1.1608631116917617e-16 0.049684110554601271 0.049684110554601271 -1.9652081022318826e-16 3.4711142837331553e-17
43 25 1.8952971793413522 -0.045084695390923066 0.055007026396767321 0.052854852822309131 -1.2708154634757369e-16 -0.015236058747153019
43 26 1.8936890206210775 -0.090143890291917633 0.068700559800951494 0.061227471091385842 -1.8227935674237251e-16 -0.031160290446618465
43 27 1.8910097667679924 -0.13515209863646491 0.086094770650179495 0.07143970272129245 -1.1584073090722565e-16 -0.048048708706898348
43 28 1.8872609332029124 -0.18008386319670422 0.10391280171517296 0.080092230753649005 -1.1778348317098788e-16 -0.06620502196360252
43 29 1.8824446403148469 -0.22491376998237331 0.11538836236409475 0.081831144064591438 -8.1099227148297587e-17 -0.081351939313993746
43 30 1.8765636122616771 -0.26961646261529282 0.11578370983400608 0.074407924973190251 -9.9364998274297967e-17 -0.088709233815366759
43 31 1.8696211754293381 -0.31416665667126104 0.11226370267135571 0.066407978797127676 -6.3378444823347015e-17 -0.09051585104037195
43 32 1.8616212565503714 -0.3585391539812548 0.10313048937916602 0.056844939196734001 -4.1457163719464099e-17 -0.086049699170339292
43 33 1.8525683804829143 -0.40270885688384034 0.086863815103598321 0.045377544001128749 -3.0401147623199564e-17 -0.07406889276057621
43 34 1.8424676676513809 -0.44665078242073891 0.064521254664896929 0.031694354790127909 -7.0541356911900304e-18 -0.05620017951901915
43 35 1.8313248311502832 -0.49034007646751032 0.042129289677996472 0.019585875145655421 -6.5089507482208548e-18 -0.037299739188784382
43 36 1.8191461735128318 -0.53375202779136999 0.024077443597893763 0.010369337049286415 -3.0315505658824758e-18 -0.021730166574788407
43 37 1.8059385831461394 -0.57686208202818456 0.01228124001772837 0.0049942831769451447 -1.052942652006126e-18 -0.011219892687612277
43 38 1.7917095304350497 -0.61964585557073781 0.0055766802702734378 0.002046020239412645 -6.2847041976361315e-19 -0.005187789897130651
43 39 1.7764670635167896 -0.66207914936041612 0.0023097718665263892 0.00080480879898387218 -1.6222574188141095e-19 -0.0021650239888913328
43 40 1.7602198037288386 -0.70413796257451289 0.00086649211705999111 0.00026128353871638298 -8.6829795739708039e-20 -0.00082615948903522836
43 41 1.7429769407325886 -0.74579850620140276 0.00030143273199693981 8.7765017669348417e-05 -2.111619644521383e-20 -0.00028837301120707859
43 42 1.724748227315551 -0.78703721649591762 9.6395035984513778e-05 2.2713530853563064e-05 -8.262519921879058e-21 -9.3680833037606707e-05
43 43 1.7055439738750537 -0.82783076830730795 2.8893080737037803e-05 6.7952343614432966e-06 -2.2834932306378158e-21 -2.8082644185511547e-05
43 44 1.6853750425865466 -0.86815608827224966 8.0668512596107719e-06 1.3685727018605184e-06 -6.5755277651277548e-22 -7.9499118236874876e-06
43 45 1.6642528412598134 -0.9079903678654393 2.1234233875450209e-06 3.8372735056467105e-07 -1.5987333048528498e-22 -2.0884635987255776e-06
43 46 1.6421893168865673 -0.9473110763003918 5.2683209979509294e-07 5.5802833597096007e-08 -4.0845286002022729e-23 -5.2386840440805508e-07
43 47 1.6191969488830746 -0.98609597327314935 1.2253389539367412e-07 2.1133644371632901e-08 -1.1826420933484172e-23 -1.2069765778970701e-07
43 48 1.5952887420316373 -1.0243231215416815 3.1606333812748179e-08 2.6595812839580333e-08 -3.9029276978225306e-24 -1.707697503906599e-08
44 0 1.6128193875484682 1.0355794195806012 1.6004347188725449e-08 1.3467193790104294e-08 -3.0974324724020394e-24 8.6471856899826402e-09
44 1 1.6369903219477235 0.99693219275966749 6.1481860284174633e-08 1.163667677313901e-08 -5.0227345711464418e-24 6.0370579736161694e-08
44 2 1.6602353533358698 0.95772108812786927 2.7032467836977062e-07 3.7090887312321335e-08 -2.7722830265526281e-23 2.6776799251236996e-07
44 3 1.6825413340209101 0.91796828399582864 1.1263771878277948e-06 2.2757620644107436e-07 -8.7163350998386421e-23 1.1031476055001618e-06
44 4 1.7038956474501348 0.87769626506645004 4.4016023356528998e-06 8.8637232238290301e-07 -4.8974734126957696e-22 4.3114321550197915e-06
44 5 1.724286215346208 0.83692780971727854 1.6334044926616026e-05 4.2272991261260171e-06 -1.1305285526302919e-21 1.5777546252917941e-05
44 6 1.7437015045387987 0.79568597711675204 5.6318466104108914e-05 1.5061703804090981e-05 -6.3247193698646976e-21 5.426706830885096e-05
44 7 1.7621305334878918 0.75399409418163787 0.00018302145659849936 5.7999614604035666e-05 -1.251115523757829e-20 0.00017358830110701502
44 8 1.7795628784950894 0.7118757423830242 0.0005467292204797327 0.00018218709203540978 -7.1046241511662141e-20 0.00051548104137985259
44 9 1.7959886795993916 0.66935474440833298 0.001521340323482263 0.00057202513215534405 -1.6606518744708414e-19 0.0014097033829979192
44 10 1.8113986461541161 0.6264551506868995 0.0038422152104020837 0.0015296657392159727 -5.4941973286343948e-19 0.0035245908201256473
44 11 1.8257840620818111 0.58320122578673628 0.0088874565151490191 0.0038689997036037791 -9.3608603023489847e-19 0.0080011077109471921
44 12 1.8391367908041816 0.53961743469017642 0.018359528276724393 0.0084557229822820532 -3.1814127597514669e-18 0.016296411488139029
44 13 1.8514492798442426 0.49572842895616409 0.033974055144817543 0.016733769941976059 -4.0085447620308037e-18 0.029567167035617771
44 14 1.8627145650980994 0.45155903277701104 0.055065472793760277 0.028434595919172599 -9.7116625270682778e-18 0.047155912131075638
44 15 1.8729262747739353 0.40713422893750911 0.078292456102600938 0.042341519023585482 -1.1607161928471685e-17 0.065855177847706434
44 16 1.8820786329959798 0.36247914468434528 0.096726945502532802 0.053745000548807688 -2.7047446326444061e-17 0.080421246584833614
44 17 1.8901664630714186 0.3176190375138026 0.10677990797226292 0.060726958639410966 -3.5397158260163501e-17 0.087830434594007384
44 18 1.8971851904183987 0.27257928088579075 0.10864845786706669 0.063062882263672237 -5.3649458070479166e-17 0.088473500425211959
44 19 1.9031308451534716 0.2273853498722897 0.10641869192288141 0.065057951589104435 -7.6697903472513876e-17 0.084216393449297544
44 20 1.9080000643370103 0.18206280674831657 0.097161239627458471 0.06400764417688054 -9.5923999201412473e-17 0.073098070924411243
44 21 1.9117900938753327 0.13663728653356913 0.080376424585948028 0.057702609119572298 -1.0209040021592575e-16 0.055953360310301674
44 22 1.914498790078452 0.091134482492927937 0.062385951641556622 0.050123769330684159 -1.2242292422529384e-16 0.037143165055054307
44 23 1.9161246208725757 0.045580131604010359 0.047578974078679205 0.043883076928696502 -1.4881907680690194e-16 0.018385710039314052
44 24 1.9166666666666665 1.17361984918288e-16 0.041451416356327001 0.041451416356327001 -1.2958374690856211e-16 7.1442203832205561e-17
44 25 1.9161246208725757 -0.04558013160401013 0.047578974078679157 0.043883076928696488 -1.6578318968422359e-16 -0.018385710039313944
44 26 1.914498790078452 -0.091134482492927715 0.06238595164155665 0.050123769330684173 -1.6138392819474869e-16 -0.037143165055054328
44 27 1.9117900938753327 -0.13663728653356891 0.080376424585947848 0.057702609119572201 -1.581119551885376e-16 -0.055953360310301507
44 28 1.9080000643370103 -0.18206280674831635 0.097161239627458387 0.064007644176880485 -1.0815597474272469e-16 -0.073098070924411174
44 29 1.9031308451534716 -0.22738534987228948 0.10641869192288131 0.065057951589104324 -7.9812923963304772e-17 -0.084216393449297516
44 30 1.8971851904183987 -0.27257928088579053 0.10864845786706662 0.063062882263672099 -5.9560012224065772e-17 -0.088473500425211973
44 31 1.8901664630714186 -0.31761903751380238 0.10677990797226304 0.060726958639411063 -4.9052711893522246e-17 -0.087830434594007467
44 32 1.8820786329959798 -0.3624791446843455 0.096726945502532871 0.053745000548807716 -1.853017369948497e-17 -0.080421246584833669
44 33 1.8729262747739353 -0.40713422893750889 0.078292456102601049 0.042341519023585537 -1.9214063136228604e-17 -0.065855177847706517
44 34 1.8627145650980994 -0.45155903277701076 0.055065472793760367 0.028434595919172627 -9.524315753715725e-18 -0.047155912131075721
44 35 1.8514492798442423 -0.49572842895616431 0.03397405514481764 0.016733769941976097 -6.9197736334408255e-18 -0.029567167035617854
44 36 1.8391367908041816 -0.5396174346901762 0.018359528276724449 0.0084557229822820722 -3.1680214928299542e-18 -0.016296411488139078
44 37 1.8257840620818111 -0.58320122578673605 0.0088874565151490486 0.0038689997036037978 -1.7295550825455712e-18 -0.0080011077109472164
44 38 1.8113986461541161 -0.62645515068689972 0.003842215210402098 0.0015296657392159757 -5.5460262082409411e-19 -0.0035245908201256616
44 39 1.7959886795993916 -0.66935474440833276 0.0015213403234822698 0.00057202513215534785 -2.6963535513531222e-19 -0.0014097033829979248
44 40 1.7795628784950894 -0.71187574238302398 0.00054672922047973498 0.00018218709203540983 -7.1977162329321491e-20 -0.00051548104137985498
44 41 1.7621305334878916 -0.75399409418163799 0.00018302145659850028 5.7999614604036221e-05 -2.6527133330715491e-20 -0.00017358830110701581
44 42 1.7437015045387987 -0.79568597711675182 5.6318466104109206e-05 1.5061703804090969e-05 -7.283575458007476e-21 -5.4267068308851259e-05
44 43 1.724286215346208 -0.83692780971727831 1.6334044926616118e-05 4.2272991261260747e-06 -2.2542760518690317e-21 -1.5777546252918019e-05
44 44 1.7038956474501348 -0.87769626506645027 4.4016023356529227e-06 8.8637232238289856e-07 -5.39572730573138e-22 -4.3114321550198161e-06
44 45 1.6825413340209101 -0.91796828399582875 1.1263771878278011e-06 2.2757620644107838e-07 -1.3848443854170078e-22 -1.1031476055001675e-06
44 46 1.6602353533358702 -0.9577210881278686 2.7032467836977221e-07 3.7090887312320891e-08 -3.3849243077897901e-23 -2.6776799251237165e-07
44 47 1.6369903219477238 -0.99693219275966749 6.1481860284175017e-08 1.1636676773139288e-08 -7.247411733517698e-24 -6.0370579736162025e-08
44 48 1.6128193875484684 -1.035579419580601 1.6004347188725479e-08 1.3467193790104321e-08 -3.3931001343135059e-24 -8.6471856899826551e-09
45 0 1.6303500330652996 1.0468357176195209 7.7365750215360263e-09 6.5101034024120933e-09 -1.3561948108946644e-24 4.1800893236577679e-09
45 1 1.6547836950123727 1.0077684122461856 2.9422118776696001e-08 6.0998866938369133e-09 -2.5104442562574759e-24 2.878285002622844e-08
45 2 1.6782813897851729 0.96813109995534619 1.3277955999502733e-07 2.2105578414483748e-08 -1.5188531104529579e-23 1.3092652502619237e-07
45 3 1.7008298267820072 0.92794620012621809 5.7005259190251437e-07 1.26813215790634e-07 -5.2428845607365447e-23 5.5576826630855114e-07
45 4 1.7224162523137234 0.88723644186065065 2.2987250877014387e-06 5.2686613258157764e-07 -2.3753846286268955e-22 2.2375319231614369e-06
45 5 1.7430284568173624 0.84602485112724901 8.8126692912304319e-06 2.4620710886777151e-06 -9.0498982731790446e-22 8.4617578546595878e-06
45 6 1.7626547817620466 0.80433473773758635 3.1481210658786455e-05 9.2405992774074964e-06 -3.1537025625262856e-21 3.0094483706109096e-05
45 7 1.7812841262431951 0.76218968216187311 0.00010607805616594532 3.5791268264253425e-05 -1.2666663885275966e-20 9.985759418282465e-05
45 8 1.7989059532613405 0.7196135221915354 0.00032987558483108247 0.00011787901593315277 -4.0559910427349465e-20 0.00030809485401460412
45 9 1.8155102956819937 0.67663033945624962 0.00095667412608856528 0.00037876641314849464 -1.2742385598788874e-19 0.00087849950927586966
45 10 1.8310877618731827 0.63326444580306152 0.0025299911005208027 0.0010618429860095823 -3.4127161370902693e-19 0.0022963763719775375
45 11 1.8456295410174832 0.58954036954528777 0.006141486173341407 0.0027853618876550142 -8.3844808562037138e-19 0.0054735373911340528
45 12 1.8591274080955316 0.54548284158898275 0.013379262520160995 0.0063992247124769631 -1.9397392504625863e-18 0.011749663342522155
45 13 1.8715737285382019 0.50111678144481808 0.026186509808079707 0.013262909491223194 -3.156766884551659e-18 0.022579382802819844
45 14 1.8829614625448179 0.45646728313328289 0.045034610566930068 0.023726747174949624 -8.6341722752351996e-18 0.038277377358056676
45 15 1.8932841690649564 0.41155960099117772 0.0678312723733423 0.036895311650963561 -1.2257940409781243e-17 0.056919394673211547
45 16 1.9025360094415884 0.36641913538743603 0.088027016690829102 0.048205207773176821 -2.6993184113951935e-17 0.073654691710931475
45 17 1.9107117507134994 0.32107141835634395 0.099269080292941986 0.053344711918846453 -3.8238683688655677e-17 0.083717931248340371
45 18 1.9178067685751206 0.27554209915628847 0.09920524425357484 0.050433312767079963 -4.1881801528454271e-17 0.0854292774799678
45 19 1.9238170499920964 0.22985692976220592 0.092205173697983173 0.044175083712630771 -7.6910485420672897e-17 0.080934269846940063
45 20 1.9287391954711084 0.18404175029992872 0.080262821835959786 0.038055165436767742 -4.85650667672089e-17 0.070667707990646339
45 21 1.9325704209826735 0.13812247443067316 0.062807416599099664 0.030393074245404859 -1.1740157748984458e-16 0.054963921055235565
45 22 1.9353085595358266 0.092125074693938033 0.043506413733961011 0.023023827533855016 -1.2660504093223074e-16 0.036914921125229171
45 23 1.9369520624037995 0.046075567817097436 0.025496916202310795 0.01764303455146295 -1.3742682477679837e-16 0.018406957044648724
45 24 1.9375 1.1863765866739985e-16 0.015640609082511827 0.015640609082511827 -1.2888766950480823e-16 5.7037293681760246e-17
45 25 1.9369520624037995 -0.0460755678170972 0.025496916202310756 0.017643034551463019 -1.5594206929851192e-16 -0.018406957044648606
45 26 1.9353085595358266 -0.092125074693937811 0.043506413733960816 0.023023827533854794 -1.3277365406273022e-16 -0.03691492112522908
45 27 1.9325704209826735 -0.13812247443067294 0.062807416599099525 0.030393074245404796 -1.1764598428559554e-16 -0.054963921055235433
45 28 1.9287391954711084 -0.18404175029992847 0.080262821835959619 0.038055165436767638 -8.6719325562785208e-17 -0.0706677079906462
45 29 1.9238170499920964 -0.2298569297622057 0.092205173697983034 0.04417508371263059 -4.0753394847367983e-17 -0.080934269846939993
45 30 1.9178067685751206 -0.27554209915628824 0.099205244253574729 0.05043331276707988 -4.4383190742260092e-17 -0.085429277479967716
45 31 1.9107117507134994 -0.32107141835634373 0.099269080292941972 0.053344711918846342 -2.3035981789984722e-17 -0.083717931248340427
45 32 1.9025360094415884 -0.3664191353874362 0.088027016690829171 0.048205207773176842 -1.6386579626026559e-17 -0.073654691710931544
45 33 1.8932841690649564 -0.4115596009911775 0.067831272373342411 0.036895311650963596 -9.245027470658922e-18 -0.056919394673211644
45 34 1.8829614625448179 -0.45646728313328266 0.045034610566930172 0.023726747174949679 -4.2549884432713116e-18 -0.038277377358056759
45 35 1.8715737285382017 -0.5011167814448183 0.026186509808079794 0.013262909491223236 -3.3669665221008231e-18 -0.022579382802819917
45 36 1.8591274080955316 -0.54548284158898253 0.013379262520161042 0.0063992247124769726 -1.550169907099825e-18 -0.011749663342522202
45 37 1.8456295410174832 -0.58954036954528755 0.0061414861733414322 0.0027853618876550255 -5.0150352637560059e-19 -0.0054735373911340753
45 38 1.8310877618731827 -0.63326444580306174 0.0025299911005208136 0.0010618429860095847 -2.4852331124824462e-19 -0.0022963763719775483
45 39 1.8155102956819937 -0.6766303394562494 0.00095667412608856995 0.00037876641314849729 -5.7100392835209249e-20 -0.00087849950927587357
45 40 1.7989059532613405 -0.71961352219153518 0.00032987558483108393 0.00011787901593315295 -3.1329294120077129e-20 -0.00030809485401460558
45 41 1.7812841262431949 -0.76218968216187322 0.00010607805616594589 3.579126826425369e-05 -8.0064106306677533e-21 -9.9857594182825151e-05
45 42 1.7626547817620466 -0.80433473773758613 3.1481210658786624e-05 9.2405992774074914e-06 -2.1334905004346455e-21 -3.0094483706109272e-05
45 43 1.7430284568173626 -0.8460248511272489 8.8126692912304794e-06 2.462071088677741e-06 -5.6650014899745221e-22 -8.4617578546596284e-06
45 44 1.7224162523137234 -0.88723644186065087 2.2987250877014531e-06 5.26866132581575e-07 -1.9092921103985695e-22 -2.2375319231614526e-06
45 45 1.7008298267820072 -0.9279462001262182 5.7005259190251755e-07 1.2681321579063585e-07 -4.280336440618814e-23 -5.5576826630855411e-07
45 46 1.6782813897851734 -0.96813109995534552 1.3277955999502823e-07 2.2105578414483493e-08 -1.1414380538901253e-23 -1.3092652502619329e-07
45 47 1.6547836950123729 -1.0077684122461856 2.9422118776696173e-08 6.0998866938370192e-09 -2.4115213271344088e-24 -2.8782850026228602e-08
45 48 1.6303500330652998 -1.0468357176195207 7.7365750215360495e-09 6.5101034024121132e-09 -9.2787087915836735e-25 -4.1800893236577795e-09
46 0 1.6478806785821305 1.0580920156584404 3.464111831358772e-09 2.9149495942181519e-09 -6.17293946163315e-25 1.8716676102682492e-09
46 1 1.6725770680770218 1.0186046317327038 1.328160706369205e-08 2.8149117899364924e-09 -1.0451698869444737e-24 1.2979882811843529e-08
46 2 1.6963274262344759 0.97854111178282299 6.1298411175262981e-08 1.1155861473455802e-08 -7.0855372996625828e-24 6.0274720798993916e-08
46 3 1.7191183195431039 0.93792411625660754 2.7112784613534124e-07 6.2095650051515872e-08 -2.0603884838530013e-23 2.6392127461549767e-07
46 4 1.7409368571773118 0.89677661865485114 1.1221442315201376e-06 2.724817496729427e-07 -1.3533289840893898e-22 1.088559310478346e-06
46 5 1.7617706982885168 0.85512189253721949 4.4398548206203954e-06 1.2659254571339722e-06 -4.0664487181498375e-22 4.2555544368702779e-06
46 6 1.7816080589852945 0.81298349835842065 1.6334180045440687e-05 4.9686189724991429e-06 -2.2359002721931236e-21 1.556014984706106e-05
46 7 1.8004377189984981 0.77038527014210822 5.6929218662137825e-05 1.9422612958587426e-05 -5.1241314927601595e-21 5.3513531404145006e-05
46 8 1.8182490280275916 0.7273513020000465 0.00018304842067578099 6.6593960080471793e-05 -2.6176758206928829e-20 0.00017050504037329284
46 9 1.8350319117645957 0.68390593450416626 0.00055068816807766672 0.00021814616767825118 -5.0706425827794692e-20 0.00050563792182551823
46 10 1.8507768775922491 0.64007374091922342 0.0015127521656045308 0.00063584403651692901 -1.8891731239347461e-19 0.0013726330448328337
46 11 1.8654750199531549 0.59587951330383926 0.0038231404861577443 0.0017130877864429122 -4.1200557708046766e-19 0.0034178550895025664
46 12 1.8791180253868811 0.55134824848778896 0.0086950776434689698 0.0040946251038495264 -1.0261946679269473e-18 0.0076706206062403543
46 13 1.8916981772321608 0.50650513393347196 0.017784555957887992 0.00876187655884509 -2.7455878419207278e-18 0.015476432075475608
46 14 1.9032083599915364 0.46137553348955473 0.032047329057731694 0.016306747292681771 -5.9040140496484375e-18 0.02758842678492469
46 15 1.9136420633559774 0.41598497304484627 0.050446599795783448 0.026170048992144233 -9.2139335957417059e-18 0.043127577797793255
46 16 1.9229933858871968 0.37035912609052668 0.068102528491952308 0.035143164120978357 -1.9441427487424879e-17 0.05833448724865211
46 17 1.93125703835558 0.32452379919888524 0.078539605431036788 0.039032202993557807 -2.0245734202267969e-17 0.068153919555170431
46 18 1.9384283467318424 0.27850491742678618 0.077765441977385941 0.035212036959798187 -3.1974149494937522e-17 0.069336688838449637
46 19 1.9445032548307211 0.23232850965212209 0.069289554490165203 0.027681856990811 -3.3387389298646831e-17 0.06351973831011791
46 20 1.9494783266052063 0.18602069385154085 0.057636970968423247 0.021175941534288822 -5.4274717659929019e-17 0.053605969094413779
46 21 1.9533507480900141 0.13960766232777716 0.043450788912315366 0.015428942246768619 -4.2183973581806222e-17 0.040619192486415413
46 22 1.9561183289932009 0.093115666894948115 0.02852054504882752 0.010343728140456988 -7.2160284068667976e-17 0.02657872792363318
46 23 1.957779503935023 0.0465710040301845 0.014750089480500437 0.0069135880629504487 -6.4076675490918254e-17 0.013029483480882837
46 24 1.9583333333333333 1.1991333241651167e-16 0.0056595435399340961 0.0056595435399340961 -9.1546552388818322e-17 -4.0576049072350328e-17
46 25 1.957779503935023 -0.046571004030184264 0.014750089480500382 0.0069135880629504799 -8.6046132243715418e-17 -0.013029483480882757
46 26 1.9561183289932009 -0.093115666894947879 0.028520545048827454 0.010343728140456972 -9.6926399459546647e-17 -0.026578727923633114
46 27 1.9533507480900141 -0.13960766232777694 0.043450788912315359 0.015428942246768667 -5.480974893888218e-17 -0.040619192486415392
46 28 1.9494783266052063 -0.1860206938515406 0.057636970968423046 0.021175941534288624 -5.8739747359529797e-17 -0.05360596909441364
46 29 1.9445032548307211 -0.23232850965212187 0.069289554490165065 0.027681856990810938 -4.2369304922214833e-17 -0.063519738310117785
46 30 1.9384283467318424 -0.27850491742678596 0.077765441977385885 0.035212036959798146 -1.9845764613642124e-17 -0.069336688838449609
46 31 1.93125703835558 -0.32452379919888502 0.078539605431036857 0.0390322029935578 -3.3303117890650428e-17 -0.0681539195551705
46 32 1.9229933858871968 -0.3703591260905269 0.068102528491952377 0.035143164120978392 -1.5511175791998935e-17 -0.05833448724865218
46 33 1.9136420633559774 -0.41598497304484605 0.050446599795783552 0.026170048992144281 -1.542779592956036e-17 -0.043127577797793346
46 34 1.9032083599915364 -0.46137553348955446 0.032047329057731777 0.016306747292681813 -5.4033475063657403e-18 -0.027588426784924756
46 35 1.8916981772321606 -0.50650513393347218 0.017784555957888061 0.0087618765588451178 -3.440424339502057e-18 -0.015476432075475674
46 36 1.8791180253868811 -0.55134824848778874 0.0086950776434689993 0.0040946251038495368 -1.4592139760487179e-18 -0.0076706206062403821
46 37 1.8654750199531549 -0.59587951330383904 0.0038231404861577608 0.0017130877864429208 -5.5307062189281523e-19 -0.0034178550895025803
46 38 1.8507768775922491 -0.64007374091922364 0.0015127521656045381 0.00063584403651693129 -2.4256684234900467e-19 -0.0013726330448328408
46 39 1.8350319117645957 -0.68390593450416604 0.00055068816807766954 0.00021814616767825277 -6.3783681916415701e-20 -0.00050563792182552051
46 40 1.8182490280275916 -0.72735130200004627 0.00018304842067578197 6.6593960080471969e-05 -2.3539920079959913e-20 -0.00017050504037329381
46 41 1.8004377189984981 -0.77038527014210834 5.692921866213813e-05 1.9422612958587612e-05 -6.2132316738960827e-21 -5.3513531404145257e-05
46 42 1.7816080589852945 -0.81298349835842043 1.6334180045440782e-05 4.9686189724991556e-06 -2.0054738128901884e-21 -1.5560149847061154e-05
46 43 1.7617706982885171 -0.85512189253721926 4.4398548206204225e-06 1.2659254571339895e-06 -5.4959755213558541e-22 -4.2555544368703008e-06
46 44 1.7409368571773118 -0.89677661865485137 1.1221442315201439e-06 2.7248174967294233e-07 -1.4479013927460951e-22 -1.0885593104783526e-06
46 45 1.7191183195431039 -0.93792411625660765 2.7112784613534288e-07 6.2095650051516997e-08 -3.1339333790760395e-23 -2.6392127461549915e-07
46 46 1.6963274262344763 -0.97854111178282233 6.1298411175263339e-08 1.1155861473455757e-08 -7.8045209635046882e-24 -6.0274720798994286e-08
46 47 1.672577068077022 -1.0186046317327038 1.3281607063692141e-08 2.8149117899365495e-09 -1.5904472498555634e-24 -1.2979882811843612e-08
46 48 1.6478806785821307 -1.0580920156584401 3.4641118313587836e-09 2.9149495942181618e-09 -6.6370448861369289e-25 -1.871667610268255e-09
47 0 1.6654113240989616 1.0693483136973598 1.4907567774432431e-09 1.2544285736242121e-09 -2.6224472040104528e-25 8.0545932434114146e-10
47 1 1.6903704411416709 1.0294408512192219 5.8873135037049187e-09 1.1165923817344286e-09 -5.554253682297076e-25 5.7804568802092898e-09
47 2 1.7143734626837785 0.9889511236102998 2.8024089804159278e-08 4.6575689281321944e-09 -3.2075990110050129e-24 2.7634338440268141e-08
47 3 1.7374068123042008 0.94790203238699688 1.2661406544154112e-07 2.5727469442823845e-08 -1.1300805383658334e-23 1.2397265377373925e-07
47 4 1.7594574620409 0.90631679544905164 5.4053211746326454e-07 1.1872484813958725e-07 -6.9509624933211146e-23 5.2733232448196488e-07
47 5 1.7805129397596711 0.86421893394718985 2.1881688367725018e-06 5.5390292848905526e-07 -2.0873189592031848e-22 2.1169020771007743e-06
47 6 1.8005613362085422 0.82163225897925485 8.3132231619589776e-06 2.2671844713287938e-06 -9.5650875383092864e-22 7.9980968932300882e-06
47 7 1.8195913117538014 0.77858085812234346 2.970455009427826e-05 8.9720884513514744e-06 -3.5442058110972404e-21 2.8317166615405084e-05
47 8 1.8375921027938424 0.73508908180855759 9.8715816618181421e-05 3.1901944570264817e-05 -1.3435322466897839e-20 9.3418833129247413e-05
47 9 1.8545535278471978 0.6911815295520829 0.00030516237159788196 0.00010640786800266074 -3.7139604092011047e-20 0.00028600950799994766
47 10 1.8704659933113155 0.64688303603538533 0.00086668886647787383 0.00032021397210147545 -1.2028957609000966e-19 0.00080536488832559454
47 11 1.8853204988888268 0.60221865706239075 0.0022554181056817328 0.0008815765841492367 -3.1126129086807879e-19 0.0020759897778449533
47 12 1.8991086426782309 0.55721365538659517 0.0052981379301566597 0.0021646332606721696 -9.0122797148295221e-19 0.0048357655416445145
47 13 1.91182262592612 0.51189348642212595 0.011162385230136783 0.0047308734799998853 -1.9060587134933126e-18 0.01011027596765833
47 14 1.9234552574382546 0.46628378384582658 0.020675264020746899 0.0089587323695372745 -4.8159732446924937e-18 0.018633508973314616
47 15 1.9339999576469984 0.42041034509851483 0.033286451166597696 0.014493460343197014 -8.4363884338328181e-18 0.029965437399551979
47 16 1.9434507623328052 0.37429911679361738 0.045338071592398672 0.019203114610175223 -1.2618111116210653e-17 0.041070441012800711
47 17 1.9518023259976605 0.32797618004142659 0.051547606849866999 0.020036321254499685 -1.531072514867425e-17 0.047494227044293909
47 18 1.959049924888564 0.28146773569728389 0.048206783951137061 0.015287379991594255 -1.6110180045733924e-17 0.045718596127880061
47 19 1.9651894596693456 0.23480008954203829 0.038290405467586122 0.0073722194524625936 -3.7675574604274193e-17 0.037574000734775126
47 20 1.9702174577393041 0.18799963740315298 0.028115207894058757 0.0017949547350402833 -3.4463405755459696e-17 0.028057851885440202
47 21 1.9741310751973544 0.14109285022488116 0.019225881932289805 -0.0018130045263604479 -6.6705384061304416e-17 0.019140207696410821
47 22 1.9769280984505755 0.094106259095958197 0.012239274584966386 -0.0043404124841771932 -4.4826542487081533e-17 0.011443804517440991
47 23 1.9786069454662467 0.047066440243271571 0.0078639824806273594 -0.0058745559677987466 -4.4047163498947003e-17 0.0052279836109932649
47 24 1.9791666666666665 1.211890061656235e-16 0.0063762438390723916 -0.0063762438390723916 -4.226225534584217e-17 -1.1172276231442077e-18
47 25 1.9786069454662467 -0.047066440243271328 0.0078639824806273472 -0.0058745559677987769 -9.0240696516687887e-17 -0.005227983610993212
47 26 1.9769280984505755 -0.094106259095957961 0.01223927458496636 -0.0043404124841771204 -3.4621743400927068e-17 -0.011443804517440991
47 27 1.9741310751973544 -0.14109285022488094 0.019225881932289766 -0.0018130045263603776 -5.0439403955613694e-17 -0.01914020769641079
47 28 1.9702174577393041 -0.18799963740315273 0.028115207894058619 0.0017949547350401981 -3.8225184235952479e-17 -0.028057851885440067
47 29 1.9651894596693456 -0.23480008954203807 0.038290405467586101 0.007372219452462565 -1.5865873657605976e-17 -0.037574000734775105
47 30 1.959049924888564 -0.28146773569728367 0.048206783951137033 0.015287379991594212 -1.4427316153200117e-17 -0.045718596127880047
47 31 1.9518023259976605 -0.32797618004142637 0.051547606849866971 0.020036321254499664 -1.0286597069640385e-17 -0.047494227044293888
47 32 1.9434507623328052 -0.3742991167936176 0.045338071592398728 0.019203114610175223 -6.1937208097411311e-18 -0.041070441012800767
47 33 1.9339999576469984 -0.4204103450985146 0.033286451166597744 0.014493460343197016 -3.8048455226696708e-18 -0.029965437399552035
47 34 1.9234552574382546 -0.46628378384582631 0.020675264020746948 0.0089587323695373058 -2.3377151899786334e-18 -0.018633508973314655
47 35 1.9118226259261197 -0.51189348642212618 0.011162385230136825 0.0047308734799999027 -1.5614852506570258e-18 -0.010110275967658369
47 36 1.8991086426782309 -0.55721365538659495 0.0052981379301566814 0.0021646332606721744 -6.0287602762675992e-19 -0.0048357655416445362
47 37 1.8853204988888268 -0.60221865706239053 0.0022554181056817432 0.00088157658414924202 -2.6880158070663113e-19 -0.0020759897778449628
47 38 1.8704659933113155 -0.64688303603538555 0.00086668886647787795 0.00032021397210147599 -9.231634492678655e-20 -0.00080536488832559877
47 39 1.8545535278471978 -0.69118152955208267 0.00030516237159788358 0.00010640786800266151 -3.3935877361688512e-20 -0.00028600950799994912
47 40 1.8375921027938424 -0.73508908180855737 9.8715816618181963e-05 3.1901944570264844e-05 -9.544313075874511e-21 -9.3418833129247969e-05
47 41 1.8195913117538012 -0.77858085812234357 2.9704550094278447e-05 8.9720884513515472e-06 -3.0621031112056963e-21 -2.8317166615405253e-05
47 42 1.8005613362085422 -0.82163225897925463 8.3132231619590301e-06 2.2671844713287921e-06 -7.8794820818074569e-22 -7.9980968932301424e-06
47 43 1.7805129397596713 -0.86421893394718963 2.1881688367725158e-06 5.5390292848906066e-07 -1.8755948337418607e-22 -2.116902077100787e-06
47 44 1.7594574620409 -0.90631679544905186 5.4053211746326793e-07 1.1872484813958702e-07 -5.2197825512805312e-23 -5.2733232448196848e-07
47 45 1.7374068123042008 -0.947902032386997 1.2661406544154194e-07 2.5727469442824166e-08 -9.7653870845447143e-24 -1.2397265377374001e-07
47 46 1.714373462683779 -0.98895112361029913 2.8024089804159473e-08 4.6575689281321712e-09 -2.5406917822589328e-24 -2.7634338440268343e-08
47 47 1.6903704411416711 -1.0294408512192219 5.8873135037049567e-09 1.1165923817344443e-09 -5.1878788354851197e-25 -5.7804568802093262e-09
47 48 1.6654113240989619 -1.0693483136973596 1.4907567774432497e-09 1.2544285736242176e-09 -1.9124483166328242e-25 -8.0545932434114487e-10
48 0 1.682941969615793 1.0806046117362795 0 0 0 0
48 1 1.7081638142063202 1.04027707070574 0 0 0 0
48 2 1.7324194991330817 0.99936113543777672 0 0 0 0
48 3 1.7556953050652977 0.95787994851738645 0 0 0 0
48 4 1.7779780669044887 0.91585697224325224 0 0 0 0
48 5 1.7992551812308257 0.87331597535716032 0 0 0 0
48 6 1.8195146134317901 0.83028101960008915 0 0 0 0
48 7 1.8387449045091047 0.78677644610257869 0 0 0 0
48 8 1.8569351775600935 0.74282686161706879 0 0 0 0
48 9 1.8740751439298 0.69845712459999965 0 0 0 0
48 10 1.8901551090303821 0.65369233115154735 0 0 0 0
48 11 1.9051659778244987 0.60855780082094224 0 0 0 0
48 12 1.9190992599695809 0.5630790622854015 0 0 0 0
48 13 1.9319470746200793 0.51728183891077995 0 0 0 0
48 14 1.9437021548849733 0.47119203420209849 0 0 0 0
48 15 1.9543578519380196 0.42483571715218343 0 0 0 0
48 16 1.9639081387784139 0.37823910749670814 0 0 0 0
48 17 1.9723476136397413 0.33142856088396794 0 0 0 0
48 18 1.9796715030452858 0.28443055396778166 0 0 0 0
48 19 1.9858756645079705 0.23727166943195449 0 0 0 0
48 20 1.9909565888734022 0.18997858095476514 0 0 0 0
48 21 1.9949114023046952 0.14257803812198519 0 0 0 0
48 22 1.99773786790795 0.095096851296968293 0 0 0 0
48 23 1.9994343869974704 0.047561876456358641 0 0 0 0
48 24 2 1.2246467991473532e-16 0 0 0 0
48 25 1.9994343869974704 -0.047561876456358398 0 0 0 0
48 26 1.99773786790795 -0.095096851296968057 0 0 0 0
48 27 1.9949114023046952 -0.14257803812198497 0 0 0 0
48 28 1.9909565888734022 -0.18997858095476489 0 0 0 0
48 29 1.9858756645079705 -0.23727166943195427 0 0 0 0
48 30 1.9796715030452858 -0.28443055396778144 0 0 0 0
48 31 1.9723476136397413 -0.33142856088396772 0 0 0 0
48 32 1.9639081387784139 -0.37823910749670836 0 0 0 0
48 33 1.9543578519380196 -0.42483571715218321 0 0 0 0
48 34 1.9437021548849733 -0.47119203420209821 0 0 0 0
48 35 1.9319470746200791 -0.51728183891078017 0 0 0 0
48 36 1.9190992599695809 -0.56307906228540128 0 0 0 0
48 37 1.9051659778244987 -0.60855780082094202 0 0 0 0
48 38 1.8901551090303821 -0.65369233115154757 0 0 0 0
48 39 1.8740751439298 -0.69845712459999942 0 0 0 0
48 40 1.8569351775600935 -0.74282686161706857 0 0 0 0
48 41 1.8387449045091044 -0.7867764461025788 0 0 0 0
48 42 1.8195146134317901 -0.83028101960008893 0 0 0 0
48 43 1.799255181230826 -0.8733159753571601 0 0 0 0
48 44 1.7779780669044887 -0.91585697224325247 0 0 0 0
48 45 1.7556953050652977 -0.95787994851738656 0 0 0 0
48 46 1.7324194991330821 -0.99936113543777605 0 0 0 0
48 47 1.7081638142063205 -1.04027707070574 0 0 0 0
48 48 1.6829419696157932 -1.0806046117362793 0 0 0 0
