radial transverse x z speed vx vy vz
0 0 0.8414709848078965 0.54030230586813977 0 0 0 0
0 1 0.85408190710316012 0.52013853535287002 0 0 0 0
0 2 0.86620974956654084 0.49968056771888836 0 0 0 0
0 3 0.87784765253264885 0.47893997425869322 0 0 0 0
0 4 0.88898903345224434 0.45792848612162612 0 0 0 0
0 5 0.89962759061541286 0.43665798767858016 0 0 0 0
0 6 0.90975730671589505 0.41514050980004458 0 0 0 0
0 7 0.91937245225455233 0.39338822305128934 0 0 0 0
0 8 0.92846758878004676 0.37141343080853439 0 0 0 0
0 9 0.93703757196490001 0.34922856229999982 0 0 0 0
0 10 0.94507755451519104 0.32684616557577367 0 0 0 0
0 11 0.95258298891224935 0.30427890041047112 0 0 0 0
0 12 0.95954962998479043 0.28153953114270075 0 0 0 0
0 13 0.96597353731003965 0.25864091945538997 0 0 0 0
0 14 0.97185107744248667 0.23559601710104924 0 0 0 0
0 15 0.97717892596900979 0.21241785857609172 0 0 0 0
0 16 0.98195406938920693 0.18911955374835407 0 0 0 0
0 17 0.98617380681987066 0.16571428044198397 0 0 0 0
0 18 0.98983575152264291 0.14221527698389083 0 0 0 0
0 19 0.99293783225398524 0.11863583471597725 0 0 0 0
0 20 0.99547829443670111 0.094989290477382568 0 0 0 0
0 21 0.99745570115234761 0.071289019060992595 0 0 0 0
0 22 0.99886893395397502 0.047548425648484147 0 0 0 0
0 23 0.99971719349873522 0.023780938228179321 0 0 0 0
0 24 1 6.123233995736766e-17 0 0 0 0
0 25 0.99971719349873522 -0.023780938228179199 0 0 0 0
0 26 0.99886893395397502 -0.047548425648484029 0 0 0 0
0 27 0.99745570115234761 -0.071289019060992484 0 0 0 0
0 28 0.99547829443670111 -0.094989290477382443 0 0 0 0
0 29 0.99293783225398524 -0.11863583471597713 0 0 0 0
0 30 0.98983575152264291 -0.14221527698389072 0 0 0 0
0 31 0.98617380681987066 -0.16571428044198386 0 0 0 0
0 32 0.98195406938920693 -0.18911955374835418 0 0 0 0
0 33 0.97717892596900979 -0.21241785857609161 0 0 0 0
0 34 0.97185107744248667 -0.2355960171010491 0 0 0 0
0 35 0.96597353731003954 -0.25864091945539008 0 0 0 0
0 36 0.95954962998479043 -0.28153953114270064 0 0 0 0
0 37 0.95258298891224935 -0.30427890041047101 0 0 0 0
0 38 0.94507755451519104 -0.32684616557577378 0 0 0 0
0 39 0.93703757196490001 -0.34922856229999971 0 0 0 0
0 40 0.92846758878004676 -0.37141343080853428 0 0 0 0
0 41 0.91937245225455222 -0.3933882230512894 0 0 0 0
0 42 0.90975730671589505 -0.41514050980004447 0 0 0 0
0 43 0.89962759061541298 -0.43665798767858005 0 0 0 0
0 44 0.88898903345224434 -0.45792848612162623 0 0 0 0
0 45 0.87784765253264885 -0.47893997425869328 0 0 0 0
0 46 0.86620974956654107 -0.49968056771888802 0 0 0 0
0 47 0.85408190710316023 -0.52013853535287002 0 0 0 0
0 48 0.84147098480789662 -0.54030230586813965 0 0 0 0
1 0 0.85900163032472765 0.55155860390705935 0.0072367862257459439 0.0060895456322226597 -8.5875996343955782e-17 0.0039100522848453259
1 1 0.87187528016780924 0.53097475483938816 0.012943186285897901 0.00037221132426274491 -3.6068037725018323e-17 0.012937833279245255
1 2 0.88425578601584376 0.51009057954636516 0.022464939170196523 -0.0052387149043596351 -8.0929050770929112e-18 0.021845579829143248
1 3 0.89613614529374563 0.48891789038908262 0.027005999438309503 -0.008922910574923875 1.1326521026259603e-18 0.025489324677870236
1 4 0.90750963831583265 0.46746866291582662 0.029688290225498518 -0.0099718721062836031 4.7213285036266106e-17 0.0279634823155013
1 5 0.91836983208656719 0.44575502908855053 0.025314544673298394 -0.0081875460310010511 2.083113628102103e-17 0.023953919554149355
1 6 0.92871058393914285 0.42378927042087883 0.014552948356694047 -0.0049670878094627054 6.55911610843884e-17 0.013679047648344931
1 7 0.93852604500985548 0.40158381103152452 0.0040347234930804667 0.00021707991516022588 4.6979254829136056e-17 0.0040288794938604794
1 8 0.94781066354629762 0.37915121061704549 0.0055232176184151875 0.0016790772871010564 2.6775264336536236e-17 -0.0052618088452844134
1 9 0.95655918804750206 0.35650415734791646 0.011218112421658348 -0.0010580886686708479 1.6509749173459521e-18 -0.011168101659377733
1 10 0.96476667023425744 0.33365546069193558 0.012206730704813321 -0.0071757054453979877 -1.4678258488089755e-16 -0.0098748937138947463
1 11 0.97242846784792114 0.31061804416902256 0.016406221419403601 -0.015356715969325443 -1.252544178256573e-16 -0.0057736795806454626
1 12 0.9795402472761402 0.28740493804150702 0.020491344757800879 -0.020181325427884481 -1.6967757244468093e-16 -0.003550959582546219
1 13 0.98609798600399878 0.26402927194404391 0.017950374684671016 -0.017846122109881957 -1.8593472634805424e-16 -0.0019318066568009553
1 14 0.99209797488920504 0.24050426745732109 0.010382653926064788 -0.010185987884405731 -4.0215001311432491e-17 -0.0020112566636727967
1 15 0.99753682026003077 0.21684323062976027 0.0055149489593405432 -0.0023969986827573858 -1.1891323475080488e-16 -0.0049667956812205092
1 16 1.0024114458348152 0.19305954445144477 0.0075130317753881086 0.0029751050448866175 7.2340005026240689e-17 -0.0068988692138553832
1 17 1.0067190944619513 0.16916666128452529 0.0072329647787725904 0.0048131854851355266 2.8198348032692615e-17 -0.0053989836984978503
1 18 1.0104573296793646 0.14517809525438855 0.0057732225252270196 0.0051502953805917196 -9.9627709729711907e-17 -0.0026085543541287831
1 19 1.01362403709261 0.12110741460589343 0.00551266374010651 0.0049615532409701514 -1.0166217147730857e-16 -0.0024025925473337502
1 20 1.016217425570799 0.096968234028994696 0.0075023032534260996 0.0062285303728477123 6.2250182231612267e-18 -0.0041821003695369837
1 21 1.0182360282596881 0.072774206958096596 0.0095713477750928172 0.0085693254153617962 -4.3321542014755738e-17 -0.0042634915453661415
1 22 1.0196787034113495 0.048539017849494229 0.0097246461876539514 0.0095589395215867606 -5.91566036952341e-17 -0.0017875734104363945
1 23 1.0205446350299587 0.024276374441266388 0.00748627195185304 0.0074650959249323414 -3.8211128770465002e-17 0.00056268158727657003
1 24 1.0208333333333333 6.2508013706479485e-17 0.0058344873045828556 0.0058344873045828556 1.7730657997025848e-16 5.1514075735904042e-17
1 25 1.0205446350299587 -0.024276374441266263 0.0074862719518531112 0.0074650959249324134 -6.7601528542249733e-17 -0.00056268158727656255
1 26 1.0196787034113495 -0.048539017849494111 0.0097246461876537987 0.0095589395215866634 -4.3965042253943763e-18 0.0017875734104360764
1 27 1.0182360282596881 -0.072774206958096485 0.0095713477750927253 0.0085693254153618309 -2.398193715971389e-17 0.0042634915453658665
1 28 1.016217425570799 -0.096968234028994571 0.0075023032534264206 0.0062285303728479369 5.3923671954329222e-17 0.004182100369537224
1 29 1.01362403709261 -0.12110741460589332 0.0055126637401067243 0.004961553240970377 -9.6653384542853352e-17 0.0024025925473337762
1 30 1.0104573296793646 -0.14517809525438843 0.0057732225252268539 0.0051502953805915774 -1.8591450960440153e-17 0.0026085543541286989
1 31 1.0067190944619513 -0.16916666128452518 0.0072329647787727604 0.0048131854851357191 -1.494123401742503e-16 0.0053989836984979049
1 32 1.0024114458348152 -0.19305954445144488 0.0075130317753882275 0.0029751050448869176 -1.5247821045846365e-17 0.0068988692138553841
1 33 0.99753682026003077 -0.21684323062976016 0.0055149489593407904 -0.0023969986827575979 -8.5759101071730132e-17 0.004966795681220681
1 34 0.99209797488920504 -0.24050426745732095 0.010382653926064717 -0.010185987884405601 -2.4646925187580418e-17 0.0020112566636730808
1 35 0.98609798600399867 -0.26402927194404402 0.017950374684671408 -0.017846122109882321 -9.9813694166066542e-17 0.0019318066568012166
1 36 0.9795402472761402 -0.28740493804150691 0.020491344757800997 -0.020181325427884596 -9.8679954587153914e-17 0.0035509595825462424
1 37 0.97242846784792114 -0.31061804416902244 0.016406221419403757 -0.015356715969325516 -7.1018273862102677e-17 0.0057736795806457106
1 38 0.96476667023425744 -0.33365546069193569 0.012206730704813538 -0.0071757054453980987 -5.4671999670340685e-17 0.0098748937138949337
1 39 0.95655918804750206 -0.35650415734791635 0.011218112421658152 -0.0010580886686706375 2.3038728419992035e-17 0.011168101659377556
1 40 0.94781066354629762 -0.37915121061704538 0.0055232176184154451 0.0016790772871010957 4.4573979774095999e-17 0.005261808845284671
1 41 0.93852604500985537 -0.40158381103152457 0.0040347234930805326 0.00021707991516024244 9.4836640432345048e-17 -0.0040288794938605444
1 42 0.92871058393914285 -0.42378927042087872 0.01455294835669411 -0.0049670878094626525 5.1730741997051697e-17 -0.013679047648345016
1 43 0.91836983208656731 -0.44575502908855041 0.025314544673298373 -0.0081875460310010043 1.4850837677284021e-17 -0.023953919554149352
1 44 0.90750963831583265 -0.46746866291582673 0.029688290225498574 -0.0099718721062836187 1.9512164031978417e-17 -0.027963482315501352
1 45 0.89613614529374563 -0.48891789038908268 0.027005999438309447 -0.0089229105749238577 1.6756955887491297e-17 -0.025489324677870184
1 46 0.88425578601584398 -0.51009057954636483 0.022464939170196648 -0.0052387149043597384 -1.2860275368692594e-17 -0.021845579829143352
1 47 0.87187528016780935 -0.53097475483938816 0.01294318628589786 0.00037221132426282542 -7.9949559639341447e-18 -0.012937833279245213
1 48 0.85900163032472776 -0.55155860390705924 0.0072367862257459231 0.0060895456322226432 -5.5629326787016779e-17 -0.0039100522848453138
2 0 0.87653227584155891 0.56281490194597894 0.030249764370473432 0.025454299015029099 4.79193391786637e-17 0.016344017441334693
2 1 0.88966865323245847 0.5418109743259063 0.028915248796896591 0.021830415480210568 9.7160706857314324e-17 0.018961133218977515
2 2 0.90230182246514679 0.52050059137384208 0.026046458910657565 0.015210401845998679 2.2405877570250042e-17 0.021143833556567099
2 3 0.91442463805484264 0.49889580651947213 0.024431926052368561 0.0065512116907290576 2.2987514476317778e-17 0.023537218102648843
2 4 0.92603024317942129 0.47700883971002722 0.026018458520918653 -0.0029388484780107356 5.3535066542219999e-17 0.025851950669689483
2 5 0.93711207355772175 0.45485207049852105 0.028829568656988068 -0.010928002691150488 -4.8164931012670934e-17 0.026678133108038061
2 6 0.94766386116239076 0.43243803104171313 0.029452386220042738 -0.017317608751893546 8.6426531587630325e-17 0.023823171098132662
2 7 0.95767963776515874 0.40977939901175975 0.026723438681357278 -0.019562794948943626 -7.933839646091216e-17 0.018205472494331153
2 8 0.96715373831254881 0.38688899042555669 0.021411893447683274 -0.019633816238112708 2.9292044565077711e-17 0.0085429761174290724
2 9 0.97608080413010423 0.36377975239583316 0.018489840915548068 -0.018290432880295113 -6.8162606186608145e-18 -0.0027081879797560063
2 10 0.98445578595332406 0.3404647558080976 0.020797540292810134 -0.017749182900280464 -5.1465041056610349e-17 -0.010839934898487747
2 11 0.99227394678359315 0.3169571879275741 0.025014617865727607 -0.019501067343037526 -1.6365795814502361e-17 -0.015666508208617962
2 12 0.99953086456749007 0.29327034494031329 0.026504608887429032 -0.021402707617554691 -2.0558547019862193e-17 -0.015633886238330133
2 13 1.006222434697958 0.2694176244326979 0.025528749616149062 -0.021630321553297169 -5.4496006860736275e-17 -0.013558991351313672
2 14 1.0123448723359236 0.24541251781359297 0.021203910018822148 -0.018168096236960123 -1.0832322465425375e-16 -0.010932798324805123
2 15 1.017894714551052 0.22126860268342888 0.017377549320467246 -0.014199293033565496 1.8828087225950238e-17 -0.010017948778677701
2 16 1.0228688222804239 0.1969995351545355 0.014444159444927367 -0.010357422070988666 -1.2454761214095766e-16 -0.010067648688441672
2 17 1.0272643821040319 0.17261904212706664 0.01137811460259212 -0.0078768185843539756 1.8507888947743817e-17 -0.0082107990414390167
2 18 1.0310789078360865 0.14814091352488629 0.0085320339925315392 -0.0058848424311196048 -3.5536959406650707e-17 -0.0061777207455993004
2 19 1.0343102419312347 0.12357899449580964 0.0068461841698330963 -0.0041674386608755399 -1.1732970107024903e-16 -0.0054316381226213115
2 20 1.0369565567048971 0.098947177580606852 0.00585630309048564 -0.0017376181402283945 -1.1406426276900612e-16 -0.0055925816119553294
2 21 1.0390163553670289 0.074259394855200625 0.0050050570703820624 0.00058855702289668744 -3.8881250109054911e-17 -0.0049703316698768169
2 22 1.040488472868724 0.049529610050504325 0.0042947555230342955 0.0026402690334458925 -1.0551636486879398e-16 -0.0033873152250211785
2 23 1.0413720765611827 0.024771810654353462 0.0026875907662682005 0.0023625640273954281 5.2507308122978013e-17 -0.001281185132362684
2 24 1.0416666666666667 6.3783687455591322e-17 0.0013383573544342368 0.0013383573544342368 -1.706736401395802e-17 -7.3090138716803619e-17
2 25 1.0413720765611827 -0.024771810654353334 0.0026875907662677542 0.0023625640273949341 1.8539362050737567e-16 0.0012811851323626584
2 26 1.040488472868724 -0.0495296100505042 0.0042947555230345201 0.0026402690334459116 -4.9348089111259569e-17 0.0033873152250214482
2 27 1.0390163553670289 -0.074259394855200514 0.0050050570703818889 0.00058855702289692597 1.1868197477089453e-16 0.0049703316698766131
2 28 1.0369565567048971 -0.098947177580606713 0.0058563030904855203 -0.0017376181402282613 -8.7362797580180296e-17 0.0055925816119552461
2 29 1.0343102419312347 -0.12357899449580953 0.0068461841698333002 -0.0041674386608755261 4.1874059550207042e-17 0.0054316381226215786
2 30 1.0310789078360865 -0.14814091352488618 0.0085320339925314664 -0.0058848424311194478 -1.2411399233409886e-17 0.0061777207455993499
2 31 1.0272643821040319 -0.17261904212706652 0.011378114602591948 -0.0078768185843537623 4.6168849991828234e-18 0.0082107990414389855
2 32 1.0228688222804239 -0.19699953515453561 0.014444159444927461 -0.010357422070988633 -1.0412487435860504e-16 0.010067648688441842
2 33 1.017894714551052 -0.22126860268342877 0.017377549320467138 -0.014199293033565236 -6.1396265341591135e-17 0.01001794877867788
2 34 1.0123448723359236 -0.24541251781359283 0.02120391001882245 -0.018168096236960283 -5.3620785241564675e-17 0.010932798324805447
2 35 1.006222434697958 -0.26941762443269801 0.025528749616149114 -0.021630321553297124 -4.9782882521146371e-18 0.013558991351313842
2 36 0.99953086456749007 -0.29327034494031318 0.026504608887428938 -0.021402707617554785 -1.5535657485183864e-18 0.015633886238329842
2 37 0.99227394678359315 -0.31695718792757399 0.025014617865727767 -0.019501067343037731 5.8171942889044825e-17 0.015666508208617959
2 38 0.98445578595332406 -0.34046475580809771 0.020797540292810387 -0.01774918290028072 -6.9368206933741032e-17 0.010839934898487814
2 39 0.97608080413010423 -0.36377975239583304 0.018489840915548061 -0.018290432880295093 7.5899587286974311e-17 0.0027081879797560666
2 40 0.96715373831254881 -0.38688899042555658 0.021411893447683159 -0.019633816238112629 5.5827339459815307e-18 -0.0085429761174289805
2 41 0.95767963776515863 -0.4097793990117598 0.02672343868135741 -0.019562794948943703 2.6508138094954508e-17 -0.01820547249433126
2 42 0.94766386116239076 -0.43243803104171302 0.029452386220042728 -0.017317608751893612 4.6392241994254319e-17 -0.0238231710981326
2 43 0.93711207355772197 -0.45485207049852094 0.028829568656988217 -0.010928002691150521 -2.4971243978143273e-17 -0.026678133108038207
2 44 0.92603024317942129 -0.47700883971002733 0.026018458520918799 -0.0029388484780107017 1.5785870114273667e-17 -0.025851950669689632
2 45 0.91442463805484264 -0.49889580651947218 0.024431926052368713 0.0065512116907290446 -1.8113114900905881e-17 -0.023537218102649006
2 46 0.90230182246514701 -0.52050059137384175 0.026046458910657593 0.015210401845998631 8.7253329248079927e-17 -0.021143833556567165
2 47 0.88966865323245858 -0.5418109743259063 0.028915248796896612 0.021830415480210513 1.3145272948854161e-16 -0.018961133218977608
2 48 0.87653227584155902 -0.56281490194597883 0.030249764370473442 0.02545429901502911 1.4499169069063121e-16 -0.016344017441334693
3 0 0.89406292135839005 0.57407119998489853 0.032410631761085766 0.027272606226246929 -5.2674598273914289e-17 0.017511539075157807
3 1 0.90746202629710759 0.55264719381242444 0.031935991343503778 0.025929867937676387 3.4789612637915753e-17 0.018642679309235844
3 2 0.92034785891444959 0.53091060320131889 0.030807546167018706 0.022088399537533637 -2.183140266403193e-17 0.021475742285268575
3 3 0.93271313081593943 0.50887372264986153 0.028593067034336412 0.016189957532384412 3.0367088837833475e-17 0.023567960402411679
3 4 0.94455084804300959 0.48654901650422777 0.028588376289722661 0.0082854447261186299 5.7404224614880753e-17 0.027361408307563586
3 5 0.95585431502887619 0.46394911190849142 0.028877206134914644 -0.00068093998953749533 -2.3454091430203355e-17 0.028869176553705175
3 6 0.96661713838563845 0.44108679166254738 0.026824920739140071 -0.0091928419906510458 3.5538403484030651e-17 0.025200556120769838
3 7 0.97683323052046189 0.41797498699199492 0.024858428267508982 -0.015393001458885372 1.3685431103007457e-17 0.019519143475512504
3 8 0.98649681307879966 0.39462677023406778 0.024523231718726887 -0.021449917188680338 3.9796955542062746e-17 0.011886544768313804
3 9 0.99560242021270628 0.37105534744374979 0.026333083710017802 -0.026126344486476293 -1.9306371794860323e-17 0.0032932387482195813
3 10 1.0041449016723905 0.3472740509242595 0.031118536173438942 -0.031051035422200737 1.5488501439500887e-18 -0.0020485343020957168
3 11 1.0121194257192649 0.32329633168612559 0.035955107962936328 -0.035446216659986152 2.9155299306361241e-17 -0.0060278945843244211
3 12 1.0195214818588398 0.29913575183911956 0.039266243293960834 -0.037516007846450344 -4.6268690490506062e-17 -0.011592541467926723
3 13 1.0263468833919172 0.27480597692135184 0.03846923349835734 -0.034775098107353145 -1.9909740126140856e-17 -0.016449148232510463
3 14 1.0325917697826421 0.25032076816986482 0.034000922966967738 -0.02803394687959684 2.8937991427340264e-17 -0.019239557816062638
3 15 1.0382526088420729 0.22569397473709746 0.029708836499367643 -0.021070136299103769 4.6329382369073599e-17 -0.020944314800999075
3 16 1.0433261987260323 0.2009395258576262 0.026456892321678586 -0.01615979339302473 4.5128566895741703e-17 -0.020948227343039069
3 17 1.0478096697461126 0.17607142296960795 0.021847204547864083 -0.013232899646970952 1.60833944243744e-17 -0.017383633495026554
3 18 1.0517004859928081 0.151103731795384 0.01630130073104295 -0.010040744570905806 -7.2835176842163452e-17 -0.012841956781804206
3 19 1.0549964467698594 0.12605057438572581 0.013726537700192562 -0.007304471607708465 5.9587044332788521e-17 -0.011621640665886579
3 20 1.0576956878389949 0.10092612113221898 0.013125639233136411 -0.0039322543721375556 5.6100269674090033e-17 -0.012522770493435342
3 21 1.0597966824743694 0.075744582752304626 0.010617129512386284 0.00015223093865634804 1.5797036349781233e-16 -0.010616038094510569
3 22 1.0612982423260984 0.050520202251514407 0.005610906240358292 0.0023310069548956231 -5.2676946294587739e-17 -0.0051037902988190905
3 23 1.0621995180924062 0.025267246867440529 0.0023571074702664787 0.0022651363957590801 4.8263677673893729e-17 -0.00065200669858031654
3 24 1.0625 6.5059361204703134e-17 0.00060232684958964314 0.00060232684958964314 2.0865236536181982e-16 1.7542519806733345e-16
3 25 1.0621995180924062 -0.025267246867440397 0.0023571074702664948 0.0022651363957591117 9.360884136831133e-17 0.00065200669858026471
3 26 1.0612982423260984 -0.050520202251514282 0.005610906240358168 0.0023310069548957064 9.4487165341203e-17 0.0051037902988189153
3 27 1.0597966824743694 -0.075744582752304515 0.010617129512386385 0.0001522309386563176 1.9267084255414512e-16 0.010616038094510671
3 28 1.0576956878389949 -0.10092612113221884 0.013125639233136595 -0.0039322543721375617 3.6402510226391513e-17 0.012522770493435533
3 29 1.0549964467698594 -0.1260505743857257 0.013726537700192328 -0.0073044716077083436 1.0271043816725111e-16 0.011621640665886378
3 30 1.0517004859928081 -0.15110373179538389 0.016301300731042682 -0.010040744570905494 -1.2727479643469644e-16 0.012841956781804109
3 31 1.0478096697461126 -0.17607142296960784 0.021847204547863871 -0.013232899646970723 5.9350891205263939e-18 0.017383633495026463
3 32 1.0433261987260323 -0.20093952585762631 0.026456892321678461 -0.016159793393024622 -3.1454194073404986e-17 0.020948227343038993
3 33 1.0382526088420729 -0.22569397473709732 0.029708836499367845 -0.021070136299103901 1.9165876125627486e-17 0.020944314800999224
3 34 1.0325917697826421 -0.25032076816986465 0.034000922966967537 -0.02803394687959665 -1.5395592210837432e-18 0.019239557816062566
3 35 1.0263468833919169 -0.27480597692135195 0.038469233498357396 -0.034775098107353228 -1.3643435761511873e-17 0.016449148232510407
3 36 1.0195214818588398 -0.29913575183911945 0.039266243293961015 -0.03751600784645049 -2.7809294980000077e-17 0.011592541467926853
3 37 1.0121194257192649 -0.32329633168612543 0.035955107962936265 -0.035446216659986103 -4.2378810269013903e-17 0.0060278945843242771
3 38 1.0041449016723905 -0.34727405092425967 0.031118536173439185 -0.03105103542220098 5.366171282153939e-17 0.002048534302095787
3 39 0.99560242021270628 -0.37105534744374968 0.02633308371001792 -0.0261263444864764 3.2026581891623258e-17 -0.0032932387482196416
3 40 0.98649681307879966 -0.39462677023406767 0.024523231718727011 -0.021449917188680424 6.3931492212770174e-17 -0.011886544768313904
3 41 0.97683323052046178 -0.41797498699199498 0.024858428267508937 -0.015393001458885358 3.8845984326232515e-17 -0.019519143475512458
3 42 0.96661713838563845 -0.44108679166254727 0.026824920739139942 -0.0091928419906509157 4.3898446924146926e-17 -0.025200556120769744
3 43 0.9558543150288763 -0.46394911190849131 0.028877206134914638 -0.00068093998953755203 -1.5354450989123118e-17 -0.028869176553705168
3 44 0.94455084804300959 -0.48654901650422788 0.028588376289722744 0.0082854447261186178 -1.0272964346369287e-17 -0.02736140830756368
3 45 0.93271313081593943 -0.50887372264986164 0.028593067034336426 0.016189957532384378 6.8926016152892039e-18 -0.023567960402411721
3 46 0.92034785891444992 -0.53091060320131855 0.030807546167018713 0.022088399537533627 -5.9042329043381327e-18 -0.021475742285268599
3 47 0.9074620262971077 -0.55264719381242444 0.031935991343503847 0.025929867937676418 7.4908001915042477e-17 -0.018642679309235927
3 48 0.89406292135839016 -0.57407119998489842 0.03241063176108569 0.027272606226246866 -5.5349529386211242e-17 -0.017511539075157762
4 0 0.9115935668752212 0.585327498023818 0.040676620519534953 0.034228195927230171 2.9318399210774616e-17 0.021977671861628023
4 1 0.92525539936175671 0.56348341329894247 0.040132422864624928 0.036768562020007257 6.4760791800546972e-17 0.01608366289021098
4 2 0.93839389536375251 0.54132061502879569 0.039217845094040811 0.037031334349192827 4.0670797721807979e-17 0.012911996365336867
4 3 0.95100162357703621 0.51885163878025098 0.035874967617970273 0.034245593161830332 2.0308585729992998e-17 0.010688903151624823
4 4 0.96307145290659801 0.49608919329842827 0.029675907104510488 0.027756392293191025 6.3959461307106424e-17 0.010499626152488572
4 5 0.97459655650003052 0.47304615331846184 0.020800558534748267 0.017450098765720699 1.6441381191195698e-17 0.011320657596804253
4 6 0.98557041560888625 0.44973555228338158 0.0090677935063151072 0.0036207915178808857 3.497572917421441e-18 0.0083135280030329044
4 7 0.99598682327576493 0.4261705749722301 0.011335186538446748 -0.010511454347035923 -2.3296212940806046e-17 0.0042421434878565775
4 8 1.0058398878450505 0.40236455004257893 0.024773949120817543 -0.024773160640951402 -9.6475974050227483e-17 0.00019765348080085049
4 9 1.0151240362953082 0.37833094249166643 0.035304976324971142 -0.034957751284455905 -1.0351210012808188e-17 -0.0049393297562416666
4 10 1.0238340173914569 0.35408334604042146 0.042785294553012755 -0.041942963010883794 -4.305356846920407e-17 -0.0084480343190411252
4 11 1.0319649046549366 0.32963547544467703 0.046350085376930944 -0.04531004938482168 1.5619020288543696e-17 -0.0097637000770101311
4 12 1.0395120991501896 0.30500115873792577 0.046754522937513032 -0.044924304716386851 1.588359717214462e-17 -0.012953465206795228
4 13 1.0464713320858763 0.28019432941000577 0.043857194550109141 -0.040421576144458099 6.3582284598828642e-17 -0.017016159843040352
4 14 1.0528386672293606 0.25522901852613666 0.038251522818586216 -0.033814089584003261 1.0071816027723509e-16 -0.017882570943402534
4 15 1.0586105031330939 0.23011934679076601 0.032901790354735949 -0.028539676158555353 1.4146794184960298e-16 -0.016371154306028111
4 16 1.0637835751716407 0.2048795165607169 0.029273809545014642 -0.025645692993559979 9.9924613068921813e-17 -0.014115748515677769
4 17 1.0683549573881932 0.17952380381214927 0.025457371557246769 -0.022973553938559144 2.1241614697330421e-16 -0.010967843271848413
4 18 1.0723220641495297 0.15406655006588171 0.019799387940337577 -0.018020122315353711 1.442419349648592e-16 -0.008203106396462035
4 19 1.0756826516084839 0.12852215427564201 0.015636401294251982 -0.01291002513211255 9.6797670102700017e-17 -0.00882203471559183
4 20 1.0784348189730928 0.10290506468383111 0.014225329401618414 -0.0083831353716843741 1.87982508106117e-16 -0.011492738486738641
4 21 1.0805770095817098 0.077229770649408641 0.010491054199331381 -0.0035443082849015931 4.5409909979711088e-17 -0.0098742137405915271
4 22 1.0821080117834729 0.051510794452524489 0.0039906836303870213 -0.00069726219007459911 1.8108034456508502e-16 -0.0039292978095496036
4 23 1.0830269596236297 0.025762683080527597 0.0002543237120377483 0.00012714230479653321 1.3983027221287432e-16 0.00022026208215597385
4 24 1.0833333333333333 6.6335034953814958e-17 0.0012722754850865005 -0.0012722754850865005 2.0821132840345204e-16 9.1818836602685727e-17
4 25 1.0830269596236297 -0.025762683080527465 0.0002543237120380335 0.0001271423047968987 1.8620190486284347e-16 -0.00022026208215609216
4 26 1.0821080117834729 -0.051510794452524364 0.0039906836303867533 -0.00069726219007455433 1.756391944694567e-16 0.0039292978095493382
4 27 1.0805770095817098 -0.077229770649408516 0.010491054199331482 -0.0035443082849016972 2.0418151563041528e-16 0.0098742137405915965
4 28 1.0784348189730928 -0.10290506468383097 0.014225329401618218 -0.0083831353716842336 9.4553078802182363e-17 0.011492738486738501
4 29 1.0756826516084839 -0.1285221542756419 0.015636401294251701 -0.012910025132112216 9.6625452361107772e-17 0.0088220347155918179
4 30 1.0723220641495297 -0.1540665500658816 0.019799387940337573 -0.018020122315353673 1.8414978190464809e-16 0.0082031063964621079
4 31 1.0683549573881932 -0.17952380381214916 0.025457371557246956 -0.022973553938559349 2.0310987076422979e-16 0.010967843271848417
4 32 1.0637835751716407 -0.20487951656071701 0.029273809545014799 -0.0256456929935601 1.1808250155653025e-16 0.014115748515677871
4 33 1.0586105031330939 -0.2301193467907659 0.032901790354735942 -0.02853967615855528 1.5394365435705356e-16 0.016371154306028229
4 34 1.0528386672293606 -0.2552290185261365 0.038251522818586299 -0.033814089584003358 1.315010466157865e-17 0.017882570943402523
4 35 1.0464713320858761 -0.28019432941000588 0.043857194550109141 -0.040421576144458037 8.0309521588972229e-17 0.017016159843040508
4 36 1.0395120991501896 -0.30500115873792566 0.046754522937512893 -0.044924304716386677 -3.0482328761132372e-17 0.012953465206795323
4 37 1.0319649046549366 -0.32963547544467692 0.046350085376930902 -0.045310049384821652 6.2669756821406661e-17 0.009763700077010086
4 38 1.0238340173914569 -0.35408334604042158 0.042785294553012769 -0.041942963010883828 4.5124173827926544e-18 0.0084480343190410281
4 39 1.0151240362953082 -0.37833094249166632 0.035304976324971128 -0.034957751284455885 4.7421474077531278e-17 0.0049393297562417143
4 40 1.0058398878450505 -0.40236455004257876 0.02477394912081771 -0.024773160640951565 -4.779855609380412e-17 -0.00019765348080081407
4 41 0.99598682327576482 -0.42617057497223015 0.011335186538446887 -0.010511454347036039 5.134584272219889e-17 -0.0042421434878566599
4 42 0.98557041560888625 -0.44973555228338147 0.0090677935063150188 0.0036207915178806897 2.5221464453635049e-17 -0.0083135280030328922
4 43 0.97459655650003063 -0.47304615331846167 0.02080055853474818 0.017450098765720568 -3.7742036359928255e-18 -0.011320657596804297
4 44 0.96307145290659801 -0.49608919329842838 0.029675907104510547 0.027756392293191049 2.006127991233296e-17 -0.010499626152488683
4 45 0.95100162357703621 -0.51885163878025098 0.035874967617970259 0.034245593161830276 1.4676007791695769e-17 -0.010688903151624959
4 46 0.93839389536375273 -0.54132061502879536 0.039217845094040825 0.03703133434919282 8.7994449604657354e-17 -0.012911996365336936
4 47 0.92525539936175683 -0.56348341329894247 0.040132422864624935 0.03676856202000725 5.6955701076455768e-17 -0.016083662890211015
4 48 0.91159356687522131 -0.58532749802381789 0.040676620519534988 0.034228195927230198 6.9843707618623593e-17 -0.02197767186162804
5 0 0.92912421239205245 0.5965837960627377 0.03764476762122794 0.031676979683099092 1.6844063874274104e-17 0.020339554749619744
5 1 0.94304877242640606 0.57431963278546072 0.037973611344629718 0.033429512068616024 5.3312345211062928e-17 0.018012853227827245
5 2 0.95643993181305553 0.55173062685627261 0.037996691476484282 0.034578416296551458 -1.4524620061823775e-17 0.015750609181283039
5 3 0.96929011633813322 0.52882955491064043 0.036674211010551648 0.035069372621530752 -5.528200168817734e-18 0.010730184396304515
5 4 0.98159205777018654 0.50562937009262887 0.032700670272562141 0.032303234671625783 1.1074010299286031e-17 0.0050828010018791094
5 5 0.99333879797118507 0.48214319472843231 0.024349775470305778 0.024299921924870696 -8.3866132650861049e-18 -0.0015573567027156923
5 6 1.0045236928321342 0.45838431290421594 0.016333137197776824 0.013049895298370962 2.2391481211298731e-17 -0.0098219958981337618
5 7 1.0151404160310682 0.43436616295246533 0.016842128703819577 -0.00084706287807428319 -3.0658593110200768e-17 -0.016820814003983629
5 8 1.0251829626113016 0.41010232985109007 0.024293657743037655 -0.015515779665390628 -9.2055346036862875e-18 -0.018693378183487975
5 9 1.0346456523779104 0.38560653753958318 0.032944174505402407 -0.027642082280996707 -7.7281247257924971e-17 -0.01792299977718612
5 10 1.0435231331105235 0.36089264115658343 0.040043824089087229 -0.037958810440813333 -9.3244973131696645e-17 -0.012752903888768367
5 11 1.0518103835906087 0.33597461920322857 0.045184392747871061 -0.044683367049190209 -7.0972871606066974e-17 -0.0067101458360608783
5 12 1.0595027164415396 0.3108665656367321 0.047960192242367916 -0.047553276877942793 4.1503790213356793e-18 -0.0062342520076268263
5 13 1.0665957807798354 0.28558268189865976 0.047712036120652342 -0.046837831640079895 -4.034707869040174e-18 -0.0090915300161174533
5 14 1.0730855646760791 0.26013726888240857 0.045156865554581295 -0.043818963779637059 7.6037268565186602e-17 -0.010910587518249713
5 15 1.0789683974241151 0.23454471884443462 0.041866182285780616 -0.040585130665712947 1.4782766254885105e-16 -0.010277372623059713
5 16 1.0842409516172493 0.20881950726380763 0.038936643350345093 -0.037820354546185535 9.5902152417519191e-17 -0.0092565100006857803
5 17 1.0889002450302738 0.18297618465469065 0.034529575929724554 -0.033704645028598455 2.0983232301607332e-16 -0.0075025673860876817
5 18 1.0929436423062515 0.15702936833637948 0.027387857065855163 -0.02684095851373167 7.0656439943476537e-17 -0.0054458847512454823
5 19 1.0963688564471088 0.13099373416555821 0.019948101184973952 -0.019044535830106606 2.3891455049865055e-16 -0.0059356883258595023
5 20 1.0991739501071909 0.10488400823544326 0.014314518079284915 -0.01122244927642505 2.5116476373146261e-16 -0.0088860598737709115
5 21 1.1013573366890506 0.078714958546512656 0.0097481869430601081 -0.0049790040852162893 3.17399152339637e-16 -0.0083807318890564142
5 22 1.1029177812408475 0.052501386653534585 0.0024953228207106764 -0.0012028804929971296 2.0928870182937727e-16 -0.0021862558174025443
5 23 1.1038544011548534 0.026258119293614667 0.0019366266147747815 0.00045643090884941344 2.3687113199311909e-16 0.0018820715901635965
5 24 1.1041666666666667 6.7610708702926795e-17 0.00051772387659337719 0.00051772387659337719 1.3794168568634843e-16 -1.8272164330398834e-16
5 25 1.1038544011548534 -0.026258119293614535 0.0019366266147746163 0.00045643090884893125 3.7628630774635901e-16 -0.0018820715901635434
5 26 1.1029177812408475 -0.052501386653534453 0.0024953228207106643 -0.0012028804929971537 1.3940492949926769e-16 0.0021862558174025179
5 27 1.1013573366890506 -0.078714958546512545 0.0097481869430600439 -0.0049790040852163544 2.7648948689897134e-16 0.0083807318890562997
5 28 1.0991739501071909 -0.10488400823544312 0.01431451807928494 -0.011222449276425205 1.249144712576891e-16 0.0088860598737707588
5 29 1.0963688564471088 -0.1309937341655581 0.019948101184974327 -0.01904453583010696 4.1468036369896454e-16 0.0059356883258596177
5 30 1.0929436423062515 -0.15702936833637934 0.027387857065855427 -0.026840958513731861 1.5589433461649385e-17 0.0054458847512458544
5 31 1.0889002450302738 -0.18297618465469051 0.034529575929724186 -0.033704645028598101 1.5254990545008649e-16 0.0075025673860876019
5 32 1.0842409516172493 -0.20881950726380774 0.03893664335034492 -0.037820354546185375 1.3311709194100637e-16 0.0092565100006857231
5 33 1.0789683974241151 -0.23454471884443451 0.041866182285780845 -0.040585130665713183 1.2650255591199163e-16 0.010277372623059682
5 34 1.0730855646760791 -0.2601372688824084 0.045156865554581226 -0.043818963779636982 8.1659451959449931e-17 0.010910587518249699
5 35 1.0665957807798354 -0.28558268189865993 0.047712036120652113 -0.046837831640079673 4.9196541961208159e-17 0.0090915300161173822
5 36 1.0595027164415396 -0.31086656563673198 0.047960192242367992 -0.047553276877942849 1.4593745000132015e-17 0.0062342520076269555
5 37 1.0518103835906087 -0.33597461920322841 0.045184392747870915 -0.044683367049190049 -3.2795778946353969e-17 0.0067101458360610006
5 38 1.0435231331105235 -0.36089264115658359 0.040043824089087424 -0.037958810440813527 5.2154995791277793e-18 0.012752903888768411
5 39 1.0346456523779104 -0.38560653753958302 0.032944174505402525 -0.027642082280996901 -3.774734716261876e-17 0.017922999777186029
5 40 1.0251829626113016 -0.41010232985108996 0.024293657743037531 -0.015515779665390679 -4.2711264006929435e-17 0.01869337818348777
5 41 1.0151404160310682 -0.43436616295246538 0.016842128703819521 -0.00084706287807437925 -4.1448277105537305e-17 0.01682081400398357
5 42 1.0045236928321342 -0.45838431290421577 0.016333137197776806 0.013049895298370934 -9.5086766610770745e-18 0.0098219958981337653
5 43 0.99333879797118518 -0.48214319472843215 0.024349775470305625 0.024299921924870554 -2.4078902164158772e-17 0.0015573567027155084
5 44 0.98159205777018654 -0.50562937009262898 0.032700670272562168 0.032303234671625811 -1.0435344569965547e-17 -0.0050828010018791293
5 45 0.96929011633813322 -0.52882955491064054 0.036674211010551669 0.035069372621530759 -1.4708085092354968e-17 -0.01073018439630459
5 46 0.95643993181305587 -0.55173062685627228 0.037996691476484289 0.034578416296551465 1.1511569059091425e-17 -0.015750609181283064
5 47 0.94304877242640617 -0.57431963278546072 0.037973611344629787 0.033429512068616087 4.2801065154084176e-17 -0.018012853227827266
5 48 0.92912421239205256 -0.59658379606273759 0.037644767621227829 0.031676979683099002 -5.0645067770306537e-18 -0.020339554749619678
6 0 0.9466548579088836 0.60784009410165729 0.040074108555044605 0.033721199591111931 8.129542814387963e-17 0.021652133257900746
6 1 0.96084214549105518 0.58515585227197875 0.041841014840277864 0.040876794763353569 5.266848633333912e-17 0.0089307431235604272
6 2 0.97448596826235845 0.56214063868374942 0.0454482379121895 0.045428268978273234 7.5466330895858194e-17 -0.0013471105970320639
6 3 0.98757860909923001 0.53880747104102988 0.049088347447059075 0.047792196213678806 5.5397210760330722e-17 -0.011205883997097942
6 4 1.0001126626337749 0.51516954688682937 0.049587984506656142 0.046259275008106962 2.4897767610596696e-17 -0.017861905921729076
6 5 1.0120810394423394 0.49124023613840267 0.044883370643458348 0.038880788535199773 -5.3139442224096456e-18 -0.022423229990327812
6 6 1.0234769700553819 0.46703307352505014 0.037712340668607527 0.02623188004548889 -4.8203570883949814e-17 -0.027094447918054931
6 7 1.0342940087863715 0.4425617509327005 0.031192246056691866 0.0083246226679499404 -1.6435014506960704e-17 -0.030060886073059512
6 8 1.0445260373775527 0.41784010965960117 0.031030888105052831 -0.012023151860880829 -8.9745171860093424e-17 -0.02860698928441277
6 9 1.0541672684605126 0.39288213258749982 0.038150205342901047 -0.029143530702531575 -4.7494428803664056e-17 -0.02461895176273992
6 10 1.0632122488295899 0.36770193627274539 0.047013777351919341 -0.043144939706955557 -5.5854077280389805e-17 -0.018676440736366606
6 11 1.0716558625262804 0.34231376296178001 0.053271876188138098 -0.052039023890652895 -8.6428289644633723e-17 -0.011394419033560792
6 12 1.0794933337328891 0.31673197253553836 0.056816984103187092 -0.05614930324717804 5.478475728568024e-18 -0.0086847813696290382
6 13 1.0867202294737945 0.2909710343873137 0.057894709231915947 -0.056899154387977872 3.7778190420086964e-17 -0.01069035018047366
6 14 1.0933324621227976 0.26504551923868042 0.055786443965428895 -0.054601363767966149 -4.6601579914387312e-17 -0.011437587376110933
6 15 1.0993262917151361 0.23897009089810317 0.051843794955205247 -0.051077668632090199 1.1374587245338091e-16 -0.0088797996862403587
6 16 1.1046983280628577 0.21275949796689833 0.048147610427008831 -0.04765744883877137 1.2625843178428491e-16 -0.0068527337618572923
6 17 1.1094455326723545 0.18642856549723197 0.041977912711951247 -0.041586586205151384 1.6915836716626038e-16 -0.0057184791206850317
6 18 1.1135652204629733 0.1599921866068772 0.031208174343679781 -0.030797649468111924 2.4660134013700651e-16 -0.005045288208300712
6 19 1.1170550612857335 0.1334653140554744 0.020075491210282445 -0.019047648709752216 1.8573467945294168e-16 -0.0063413268299309768
6 20 1.1199130812412887 0.10686295178705539 0.012384495754685447 -0.0090168280468598018 2.8254914883923031e-16 -0.0084895551751068971
6 21 1.1221376637963911 0.080200146443616671 0.0070073315054356615 -0.0018283340990993598 1.3792930023642253e-16 -0.006764605624065733
6 22 1.1237275506982218 0.053491978854544667 0.0024633434064738405 0.0023105765082847558 2.8042924120829716e-16 -0.00085398883926007438
6 23 1.1246818426860772 0.026753555506701734 0.005894052854684642 0.0054039375426162281 2.314102567486691e-16 0.0023531506728892344
6 24 1.125 6.8886382452038619e-17 0.0063030108146586604 0.0063030108146586604 7.8059735406412797e-17 1.4647327193373414e-16
6 25 1.1246818426860772 -0.026753555506701599 0.0058940528546847703 0.0054039375426163357 1.571756979434485e-16 -0.0023531506728893098
6 26 1.1237275506982218 -0.053491978854544535 0.0024633434064738353 0.0023105765082847771 2.2491173143284753e-16 0.00085398883926000228
6 27 1.1221376637963911 -0.080200146443616546 0.0070073315054357101 -0.0018283340990994188 1.9506192611447671e-16 0.0067646056240657677
6 28 1.1199130812412887 -0.10686295178705525 0.01238449575468532 -0.0090168280468594965 2.3116461822520787e-16 0.0084895551751070376
6 29 1.1170550612857335 -0.13346531405547427 0.020075491210282286 -0.019047648709752094 1.82944553682475e-16 0.006341326829930851
6 30 1.1135652204629733 -0.15999218660687706 0.031208174343679718 -0.030797649468111869 1.767836049851353e-16 0.0050452882083006608
6 31 1.1094455326723545 -0.18642856549723183 0.041977912711950983 -0.041586586205151092 1.9189808666249901e-16 0.0057184791206852121
6 32 1.1046983280628577 -0.21275949796689844 0.048147610427008776 -0.047657448838771321 2.2921585912221239e-16 0.0068527337618572203
6 33 1.0993262917151361 -0.23897009089810306 0.051843794955205268 -0.05107766863209022 9.7079868607166493e-17 0.0088797996862403066
6 34 1.0933324621227976 -0.26504551923868025 0.055786443965428853 -0.054601363767966121 7.6806877843493262e-18 0.011437587376110859
6 35 1.0867202294737945 -0.29097103438731386 0.057894709231915954 -0.056899154387977831 7.8378101460576891e-17 0.01069035018047387
6 36 1.0794933337328891 -0.3167319725355382 0.056816984103186974 -0.056149303247177901 -5.6899356268795883e-17 0.0086847813696291892
6 37 1.0716558625262804 -0.3423137629617799 0.053271876188138036 -0.052039023890652798 -9.3265707468512072e-18 0.011394419033560903
6 38 1.0632122488295899 -0.3677019362727455 0.047013777351919271 -0.043144939706955474 -1.204400993239217e-16 0.018676440736366609
6 39 1.0541672684605126 -0.39288213258749966 0.038150205342901283 -0.029143530702531818 -5.6049453447882796e-17 0.024618951762739986
6 40 1.0445260373775527 -0.41784010965960106 0.031030888105052872 -0.012023151860880791 -5.5244866214663541e-17 0.028606989284412829
6 41 1.0342940087863712 -0.44256175093270056 0.031192246056691911 0.0083246226679498866 6.2165482022441315e-17 0.030060886073059571
6 42 1.0234769700553819 -0.46703307352505002 0.037712340668607354 0.026231880045488716 -9.8602147130277297e-18 0.027094447918054855
6 43 1.0120810394423396 -0.49124023613840256 0.04488337064345823 0.038880788535199703 3.7808554764838419e-17 0.022423229990327694
6 44 1.0001126626337749 -0.51516954688682948 0.049587984506656045 0.046259275008106893 -2.1141371150527629e-17 0.017861905921728982
6 45 0.98757860909923001 -0.53880747104103 0.049088347447058971 0.047792196213678743 1.8373795794878291e-17 0.011205883997097774
6 46 0.97448596826235867 -0.56214063868374908 0.045448237912189486 0.045428268978273234 7.3870144673445929e-17 0.0013471105970319312
6 47 0.96084214549105529 -0.58515585227197875 0.04184101484027785 0.040876794763353555 3.267101769083713e-17 -0.0089307431235604948
6 48 0.94665485790888371 -0.60784009410165707 0.040074108555044639 0.033721199591111965 7.2665977121578989e-17 -0.02165213325790076
7 0 0.96418550342571463 0.61909639214057677 0.033410477636820202 0.028113947519957296 5.0352527743473976e-17 0.018051758107329872
7 1 0.97863551855570419 0.59599207175849689 0.03670542950034799 0.036290398832847057 6.396871798055246e-17 0.0055041354777939045
7 2 0.99253200471166136 0.57255065051122622 0.043568109241682501 0.04314566201040803 1.1984036644981452e-17 -0.0060524369124191129
7 3 1.0058671018603267 0.54878538717141934 0.051693269108890945 0.048357008927086942 5.7057213769045918e-17 -0.018270023502717576
7 4 1.0186332674973633 0.52470972368102986 0.055550061785716406 0.048132951908434349 5.0887363097890724e-18 -0.027731359594820749
7 5 1.0308232809134938 0.50033727754837309 0.052569439687066073 0.040420834641481398 1.0338319658611006e-17 -0.033611041577108182
7 6 1.0424302472786298 0.47568183414588439 0.046034518121379042 0.026996954235514157 3.4550534894508304e-17 -0.03728728095038749
7 7 1.0534476015416745 0.45075733891293568 0.039534360186136173 0.0095978167731066572 -3.7068829800845524e-17 -0.038351630324107759
7 8 1.0638691121438035 0.42557788946811231 0.036921384924911115 -0.0092787079814194793 5.0732845910442816e-17 -0.035736455377793082
7 9 1.0736888845431145 0.40015772763541646 0.039546650103726294 -0.025022225244132976 -7.3762253664445166e-17 -0.030623941259387718
7 10 1.0829013645486563 0.3745112313889073 0.045214863637116194 -0.038711997245502373 -6.4955112121821072e-17 -0.023361617302473499
7 11 1.0915013414619523 0.34865290672033145 0.052665900446603665 -0.050098056662270872 -8.7334945769646944e-17 -0.016244438694995422
7 12 1.0994839510242389 0.32259737943434458 0.058339112755959092 -0.056734200418218111 -5.0382330898527576e-17 -0.013589796910107576
7 13 1.1068446781677537 0.29635938687596763 0.063615077593404859 -0.061672749657672422 -1.3620780958652647e-16 -0.015599680986385141
7 14 1.1135793595695158 0.26995376959495226 0.065827649508704608 -0.063771775314778512 -1.0357857991977437e-16 -0.016322993384862493
7 15 1.119684186006157 0.24339546295177175 0.06477286522916785 -0.063720296991947326 -2.1690057161873826e-17 -0.011629609677627668
7 16 1.1251557045084661 0.21669948866998903 0.059550582125175291 -0.05911849287802811 -1.3670680149681534e-17 -0.0071607004739611593
7 17 1.1299908203144351 0.18988094633977329 0.050572238186818309 -0.050206479757144498 1.5633746356983524e-17 -0.0060712985118279257
7 18 1.134186798619695 0.16295500487737491 0.037364914186590152 -0.036989617669299611 8.135973937116477e-17 -0.0052825180406965138
7 19 1.137741266124358 0.13593689394539057 0.023632233220961762 -0.023282406037451762 7.4068776814778876e-17 -0.0040511746589302232
7 20 1.1406522123753866 0.10884189533866752 0.012036426706995064 -0.011242189593411604 1.8450449063075609e-16 -0.0042998536043279238
7 21 1.1429179909037315 0.081685334340720672 0.0044133470992295948 -0.0035018937443057584 2.3759158914664675e-16 -0.0026859584549784954
7 22 1.1445373201555964 0.054482571055554749 0.002629817162630011 0.0013772812154424796 1.5320036969486558e-16 0.0022403202365850841
7 23 1.1455092842173007 0.027248991719788802 0.0061320832369305108 0.004267542382014761 2.1901283006100815e-16 0.0044034675929716964
7 24 1.1458333333333333 7.0162056201150444e-17 0.0055749184539140547 0.0055749184539140547 2.6012231709938037e-17 -7.7331112224038127e-17
7 25 1.1455092842173007 -0.027248991719788663 0.006132083236930509 0.004267542382014813 2.8254694354382921e-16 -0.0044034675929716435
7 26 1.1445373201555964 -0.05448257105555461 0.0026298171626301043 0.0013772812154425797 6.759839326475605e-17 -0.0022403202365851322
7 27 1.1429179909037315 -0.081685334340720547 0.0044133470992292635 -0.003501893744305414 4.606363098006825e-17 0.0026859584549784013
7 28 1.1406522123753866 -0.10884189533866738 0.012036426706995061 -0.011242189593411592 1.4458440881473138e-16 0.0042998536043279455
7 29 1.137741266124358 -0.13593689394539046 0.023632233220961855 -0.023282406037451867 2.3197070127673324e-16 0.0040511746589301781
7 30 1.134186798619695 -0.16295500487737477 0.037364914186589999 -0.036989617669299459 9.3756498316504671e-17 0.0052825180406964921
7 31 1.1299908203144351 -0.18988094633977315 0.050572238186818261 -0.05020647975714447 -3.7873129919168803e-17 0.0060712985118277999
7 32 1.1251557045084661 -0.21669948866998914 0.059550582125175375 -0.059118492878028166 -4.0181150800896429e-17 0.0071607004739612659
7 33 1.119684186006157 -0.24339546295177161 0.064772865229167781 -0.063720296991947242 -1.0580405125848191e-17 0.011629609677627724
7 34 1.1135793595695158 -0.2699537695949521 0.065827649508704483 -0.063771775314778414 -1.6870145986706443e-17 0.016322993384862358
7 35 1.1068446781677537 -0.2963593868759678 0.063615077593405164 -0.061672749657672672 -6.0647458747024957e-17 0.01559968098638544
7 36 1.0994839510242389 -0.32259737943434447 0.058339112755958898 -0.05673420041821791 -3.0330011903109816e-17 0.013589796910107563
7 37 1.0915013414619523 -0.34865290672033133 0.052665900446603624 -0.05009805666227081 -1.0549785434960059e-16 0.016244438694995526
7 38 1.0829013645486563 -0.37451123138890746 0.045214863637116395 -0.038711997245502582 -6.2444185503390086e-17 0.023361617302473534
7 39 1.0736888845431145 -0.40015772763541629 0.039546650103726246 -0.025022225244132921 -3.1560694229312564e-17 0.030623941259387694
7 40 1.0638691121438035 -0.42557788946811215 0.036921384924911156 -0.0092787079814194984 -7.086868756359032e-17 0.035736455377793117
7 41 1.0534476015416743 -0.45075733891293573 0.039534360186136298 0.0095978167731065565 -4.7584624558426955e-17 0.038351630324107912
7 42 1.0424302472786298 -0.47568183414588427 0.046034518121378994 0.026996954235514119 1.2249500254890759e-17 0.037287280950387455
7 43 1.0308232809134941 -0.50033727754837298 0.052569439687066025 0.040420834641481287 -9.4144884394338948e-18 0.033611041577108237
7 44 1.0186332674973633 -0.52470972368102997 0.055550061785716358 0.048132951908434279 -1.078306016496963e-17 0.027731359594820773
7 45 1.0058671018603267 -0.54878538717141934 0.051693269108890813 0.048357008927086866 1.0979505413214751e-17 0.018270023502717406
7 46 0.99253200471166159 -0.57255065051122578 0.043568109241682591 0.043145662010408113 2.5430902990780052e-17 0.0060524369124191554
7 47 0.97863551855570441 -0.59599207175849689 0.036705429500348025 0.036290398832847071 7.8111083117357987e-17 -0.0055041354777940104
7 48 0.96418550342571485 -0.61909639214057666 0.033410477636820285 0.028113947519957373 4.4092189200468135e-17 -0.018051758107329913
8 0 0.981716148942546 0.63035269017949647 0.019721651149792584 0.016595197215053752 2.6893417531676974e-17 0.010655653591759982
8 1 0.99642889162035353 0.60682829124501503 0.029392326302173959 0.028772900431998729 -4.2735605090667167e-18 -0.006002420027268523
8 2 1.0105780411609644 0.58296066233870314 0.044336837726810033 0.040523558064324977 5.1515584387631115e-17 -0.017988785990743422
8 3 1.0241555946214238 0.55876330330180879 0.056953101961155904 0.049988787508396977 4.4917480699608562e-17 -0.027290601796921853
8 4 1.0371538723609517 0.53424990047523047 0.062830030351131716 0.054200301759296639 3.8006140473636961e-17 -0.031779553224130092
8 5 1.0495655223846485 0.50943431895834357 0.060534821171364293 0.050274727781521769 8.5167776206386745e-17 -0.033718189760764718
8 6 1.0613835245018777 0.48433059476671869 0.052644623999901455 0.038672204900211123 3.705148714385957e-17 -0.035719980462579869
8 7 1.0726011942969778 0.45895292689317091 0.042014249577035589 0.02021674913660013 5.1683818838819167e-17 -0.036830425219771944
8 8 1.0832121869100546 0.43331566927662346 0.036031004108273958 -0.003553670947875709 2.2223981835511738e-17 -0.035855329866627629
8 9 1.0932105006257167 0.40743332268333315 0.040680631557453675 -0.024874277649027329 -6.0254414736232831e-17 -0.0321898135339799
8 10 1.1025904802677229 0.38132052650506931 0.051081186150243964 -0.043537895530319851 -2.7379216828830553e-17 -0.026715898474631745
8 11 1.1113468203976242 0.35499205047888299 0.062005888951721315 -0.058556211750684775 -1.3028507750619093e-17 -0.020393634548607594
8 12 1.1194745683155889 0.3284627863331509 0.069971046864867117 -0.067688452580055292 -3.6590549849467189e-17 -0.017726273908609098
8 13 1.126969126861713 0.30174773936462168 0.076977717304187454 -0.074668924241552359 3.3857910487047386e-17 -0.018711512872365933
8 14 1.1338262570162345 0.27486201995122411 0.079652612083719043 -0.077395391592770896 -1.1058135638987918e-16 -0.018827957190334647
8 15 1.1400420802971782 0.24782083500544036 0.077422429567735429 -0.075915359081243056 -6.3940812789735075e-17 -0.015201672794034331
8 16 1.1456130809540748 0.22063947937307976 0.068910353065369592 -0.067949144416566978 -2.5331236530884879e-17 -0.011469548057810237
8 17 1.1505361079565157 0.19333332718231463 0.056990264539881132 -0.056196539240449928 -1.8903476815819223e-17 -0.0094783558554321322
8 18 1.1548083767764168 0.16591782314787265 0.041625316775573941 -0.040867795117341003 -9.2845823200980141e-19 -0.0079050818410637599
8 19 1.1584274709629829 0.1384084738353068 0.025667563126557033 -0.025009419749718566 1.4160870982287966e-16 -0.0057751814376846445
8 20 1.1613913435094847 0.11082083889027967 0.011749539484087896 -0.011187632987537692 5.8366797600830164e-17 -0.0035900621476931123
8 21 1.1636983180110723 0.083170522237824701 0.0032003874699834205 -0.0031241473083743723 2.6801558886543184e-17 -0.00069439437901241887
8 22 1.165347089612971 0.055473163256564845 0.0034240381566242009 0.00058715959203592405 3.4520332006238666e-17 0.003373318975652712
8 23 1.1663367257485244 0.027744427932875876 0.0057129454722142283 0.0036264074750424397 -5.3714155980666725e-18 0.0044143985766409181
8 24 1.1666666666666667 7.1437729950262281e-17 0.0052287403321834387 0.0052287403321834387 5.4973074709638054e-17 -6.8141300966383744e-17
8 25 1.1663367257485244 -0.027744427932875734 0.0057129454722141121 0.0036264074750423404 5.7617159448582991e-17 -0.0044143985766408505
8 26 1.165347089612971 -0.055473163256564706 0.0034240381566243527 0.00058715959203576359 4.437195077305164e-17 -0.0033733189756528941
8 27 1.1636983180110723 -0.083170522237824576 0.0032003874699832666 -0.00312414730837426 3.977152635059895e-17 0.00069439437901221623
8 28 1.1613913435094847 -0.11082083889027952 0.011749539484087849 -0.011187632987537636 -1.1090452831084713e-16 0.0035900621476931413
8 29 1.1584274709629829 -0.13840847383530666 0.025667563126557338 -0.025009419749718851 1.2442158418648378e-16 0.0057751814376847555
8 30 1.1548083767764168 -0.16591782314787251 0.041625316775574121 -0.04086779511734117 -8.4281981547079284e-17 0.0079050818410638882
8 31 1.1505361079565157 -0.19333332718231452 0.056990264539881069 -0.056196539240449886 -1.5535122143735571e-17 0.0094783558554319934
8 32 1.1456130809540748 -0.2206394793730799 0.068910353065369856 -0.067949144416567228 2.6875273008488559e-17 0.011469548057810298
8 33 1.1400420802971782 -0.24782083500544022 0.07742242956773554 -0.075915359081243167 8.9356790338673845e-18 0.015201672794034346
8 34 1.1338262570162345 -0.27486201995122395 0.079652612083719154 -0.077395391592770979 -1.9169726005516443e-17 0.018827957190334744
8 35 1.1269691268617128 -0.30174773936462179 0.076977717304187551 -0.074668924241552401 -4.7992090140481408e-17 0.018711512872366123
8 36 1.1194745683155889 -0.32846278633315079 0.069971046864867048 -0.067688452580055194 -8.9564415506255678e-17 0.017726273908609251
8 37 1.1113468203976242 -0.35499205047888288 0.062005888951721454 -0.058556211750684886 -9.8699441612202658e-17 0.020393634548607716
8 38 1.1025904802677229 -0.38132052650506942 0.051081186150244005 -0.043537895530319899 -1.0674785736945883e-16 0.026715898474631739
8 39 1.0932105006257167 -0.40743332268333304 0.040680631557453648 -0.024874277649027263 -1.0214560131783802e-17 0.032189813533979907
8 40 1.0832121869100546 -0.43331566927662335 0.036031004108274006 -0.0035536709478757784 2.9223929526822282e-17 0.035855329866627664
8 41 1.0726011942969778 -0.45895292689317102 0.042014249577035576 0.020216749136599998 8.3957120700876402e-17 0.036830425219771992
8 42 1.0613835245018777 -0.48433059476671858 0.052644623999901538 0.038672204900211143 3.8452237137839824e-17 0.035719980462579966
8 43 1.0495655223846485 -0.50943431895834346 0.060534821171364245 0.050274727781521727 5.5070650900731717e-17 0.03371818976076469
8 44 1.0371538723609517 -0.53424990047523069 0.062830030351131619 0.054200301759296625 -1.7250855904288775e-18 0.031779553224129946
8 45 1.0241555946214238 -0.5587633033018089 0.05695310196115573 0.049988787508396845 5.2000863634849666e-18 0.027290601796921742
8 46 1.0105780411609646 -0.5829606623387027 0.044336837726810033 0.04052355806432497 1.8973676695429328e-17 0.017988785990743449
8 47 0.99642889162035364 -0.60682829124501503 0.029392326302173991 0.028772900431998774 -1.3914442889851133e-17 0.0060024200272684762
8 48 0.98171614894254611 -0.63035269017949636 0.019721651149792609 0.016595197215053772 1.2977710356270813e-17 -0.010655653591759994
9 0 0.99924679445937714 0.64160898821841594 0.015860322628673873 0.01334600130172117 1.3869489271217095e-17 0.0085693688880851288
9 1 1.0142222646850025 0.61766451073153317 0.019798342193319055 0.019714366000396735 2.2282089953906945e-17 0.0018215726189638171
9 2 1.0286240776102673 0.59337067416617995 0.02932452348725087 0.02909474283170645 -1.3619240470530758e-17 -0.0036638255022850377
9 3 1.0424440873825205 0.56874121943219824 0.040472286037348384 0.038908610584158905 1.2716326283278249e-17 -0.011141183038583588
9 4 1.0556744772245401 0.54379007726943107 0.047844667673287641 0.044335177571932775 -2.086140387572301e-17 -0.017986224018190267
9 5 1.0683077638558027 0.51853136036831393 0.047621750007557577 0.041644172300801488 8.2859404456190471e-18 -0.023099653399206419
9 6 1.0803368017251254 0.49297935538755294 0.040576261570576755 0.029464884157413773 5.7207578947015707e-17 -0.027897197074868485
9 7 1.0917547870522808 0.46714851487340608 0.032888091136284284 0.011838894663979598 4.0051328420941406e-18 -0.030683336059231507
9 8 1.1025552616763055 0.44105344908513461 0.034309627229941624 -0.0098093429096823732 4.5469011226795066e-17 -0.032877459031041549
9 9 1.1127321167083188 0.41470891773124979 0.044361299600653409 -0.029122024342419828 -4.6822756913809579e-18 -0.03346389995888762
9 10 1.1222795959867893 0.38812982162123122 0.055617937531179808 -0.045647822281062032 -1.4968409653591177e-17 -0.031774695847777916
9 11 1.1311922993332961 0.36133119423743443 0.068634177971208229 -0.062116236950475703 -2.5142710600948487e-17 -0.029192867157849405
9 12 1.1394651856069387 0.33432819323195712 0.078097621927208177 -0.072877858141048441 4.5107534094691233e-17 -0.028072341253596308
9 13 1.1470935755556722 0.30713609185327562 0.085245338081813532 -0.080006563760920829 9.7666726173654439e-17 -0.029423076315239383
9 14 1.154073154462953 0.27977027030749596 0.088025423669178066 -0.082659159075859662 4.3808585783836976e-17 -0.030264478072651816
9 15 1.1603999745881992 0.25224620705910894 0.083951102496797159 -0.080052677085863722 2.8476916946340516e-17 -0.025285499833188403
9 16 1.1660704573996832 0.22457947007617046 0.073030238232051486 -0.0705266221295614 1.4535633987664353e-16 -0.018958145141976718
9 17 1.1710813955985964 0.19678570802485595 0.058724520615135181 -0.056818588585530995 -6.5274018594675755e-17 -0.014839720773168315
9 18 1.1754299549331384 0.16888064141837036 0.040996879217747084 -0.039577054053666232 3.5675595134245304e-17 -0.010695835546030253
9 19 1.1791136758016074 0.14088005372522297 0.024038424519686061 -0.023470253891479907 4.2435069380872559e-18 -0.0051954822353768304
9 20 1.1821304746435826 0.1127997824418918 0.010213303193301637 -0.01021325347348161 1.0084257141147275e-17 -3.1868553799275407e-05
9 21 1.1844786451184128 0.084655710134928702 0.0047034937298937969 -0.001978842985713969 -1.4032272450119746e-17 0.0042669700848542262
9 22 1.1861568590703453 0.056463755457574927 0.0068324759372307559 0.00076233847543202523 -1.4160612295724748e-16 0.0067898135086107677
9 23 1.1871641672797482 0.028239864145962943 0.0055826206115741454 0.0017956274161993883 -2.6605964309008573e-17 0.0052859601847692339
9 24 1.1875 7.2713403699374093e-17 0.0020287879664715319 0.0020287879664715319 -2.0432177773400902e-16 9.7114638907306179e-17
9 25 1.1871641672797482 -0.028239864145962801 0.0055826206115743363 0.001795627416199774 -5.2723953695826666e-17 -0.005285960184769305
9 26 1.1861568590703453 -0.056463755457574781 0.0068324759372309996 0.00076233847543193719 -1.605306014384552e-16 -0.0067898135086110235
9 27 1.1844786451184128 -0.084655710134928577 0.0047034937298940406 -0.0019788429857140236 -1.0037033430205325e-16 -0.0042669700848544691
9 28 1.1821304746435826 -0.11279978244189165 0.010213303193301453 -0.010213253473481424 -1.1249778774494689e-16 3.1868553799450607e-05
9 29 1.1791136758016074 -0.14088005372522286 0.02403842451968552 -0.023470253891479366 4.2721235903315656e-17 0.0051954822353767758
9 30 1.1754299549331384 -0.16888064141837023 0.040996879217746848 -0.03957705405366601 -2.7829335569761009e-19 0.010695835546030142
9 31 1.1710813955985964 -0.19678570802485584 0.058724520615135153 -0.056818588585530967 -7.4891123123434853e-17 0.014839720773168336
9 32 1.1660704573996832 -0.2245794700761706 0.07303023823205182 -0.070526622129561678 -2.9813546130790403e-17 0.018958145141976933
9 33 1.1603999745881992 -0.25224620705910877 0.083951102496796853 -0.080052677085863444 -8.5609793345475259e-17 0.025285499833188313
9 34 1.154073154462953 -0.27977027030749579 0.088025423669178177 -0.082659159075859787 -1.5215498180799512e-16 0.030264478072651774
9 35 1.1470935755556719 -0.30713609185327573 0.085245338081813768 -0.080006563760920982 -3.6446547547089146e-18 0.029423076315239594
9 36 1.1394651856069387 -0.334328193231957 0.078097621927208066 -0.072877858141048385 -1.1228542268072404e-17 0.028072341253596214
9 37 1.1311922993332961 -0.36133119423743432 0.068634177971208299 -0.062116236950475676 6.5627817685453822e-18 0.029192867157849616
9 38 1.1222795959867893 -0.38812982162123139 0.055617937531179919 -0.045647822281062032 7.9919991504041467e-20 0.031774695847778117
9 39 1.1127321167083188 -0.41470891773124968 0.044361299600653485 -0.029122024342419801 2.1415858195008365e-17 0.033463899958887745
9 40 1.1025552616763055 -0.44105344908513444 0.034309627229941728 -0.0098093429096824496 4.3876636537360148e-17 0.032877459031041639
9 41 1.0917547870522808 -0.46714851487340614 0.032888091136284284 0.011838894663979508 3.0429480400660744e-17 0.030683336059231535
9 42 1.0803368017251254 -0.49297935538755278 0.040576261570576783 0.029464884157413686 2.4615171220414814e-17 0.027897197074868624
9 43 1.0683077638558029 -0.51853136036831382 0.047621750007557452 0.041644172300801356 -2.8791240382490618e-17 0.023099653399206388
9 44 1.0556744772245401 -0.54379007726943118 0.047844667673287593 0.044335177571932734 -2.3692665741305166e-17 0.017986224018190257
9 45 1.0424440873825205 -0.56874121943219824 0.040472286037348378 0.038908610584158926 -1.9780015482455677e-17 0.011141183038583486
9 46 1.0286240776102675 -0.5933706741661795 0.029324523487250904 0.029094742831706492 -6.2775248571660858e-19 0.0036638255022849384
9 47 1.0142222646850028 -0.61766451073153317 0.019798342193319093 0.019714366000396777 8.9916940066445411e-18 -0.0018215726189638277
9 48 0.99924679445937725 -0.64160898821841583 0.015860322628673859 0.01334600130172116 4.5541687768854311e-17 -0.0085693688880851202
10 0 1.0167774399762082 0.65286528625733553 0.0047564058279476176 0.0040023774961890999 6.6495867677459788e-18 0.0025698970364847564
10 1 1.0320156377496517 0.6285007302180512 0.0082967851994112003 0.007635090238353316 -4.6487615343216108e-17 0.0032468510432988218
10 2 1.0466701140595702 0.60378068599365675 0.018036531590899067 0.016723070093768007 -8.449678765888136e-18 0.0067568778639562552
10 3 1.0607325801436174 0.57871913556258758 0.027815111562340462 0.026403540194480695 -4.7144267082564659e-17 0.0087483424958038798
10 4 1.0741950820881285 0.55333025406363157 0.033425281032906512 0.032234415631882722 -1.6469657105103358e-17 0.0088426161852595761
10 5 1.0870500053269572 0.52762840177828429 0.031441042910502696 0.030836647228012225 3.7875010898398492e-17 0.0061351745725120189
10 6 1.0992900789483731 0.50162811600838719 0.020742550996659739 0.020724242417612716 -2.6887384865565035e-18 -0.00087131972607746189
10 7 1.1109083798075841 0.47534410285364126 0.010833372302838682 0.0058205685679827996 7.8702298207767195e-17 -0.0091368997475797537
10 8 1.1218983364425565 0.4487912288936457 0.0224131050918535 -0.014873071265074709 5.8209220660595258e-17 -0.016767201048549462
10 9 1.1322537327909208 0.42198451277916643 0.042440554160417983 -0.036064278298070608 6.2146508402006322e-17 -0.022373387501285653
10 10 1.1419687117058557 0.39493911673739318 0.058969215044424414 -0.053857599446364063 2.3794234436790334e-17 -0.024015147403890231
10 11 1.1510377782689678 0.36767033799598592 0.075568915584131341 -0.071884772025680985 3.6656187662353808e-17 -0.023307521390689343
10 12 1.1594558028982884 0.34019360013076339 0.086973886827800898 -0.083208279812005306 7.6868855167371202e-17 -0.025314801217117034
10 13 1.1672180242496313 0.31252444434192955 0.093201699065541141 -0.088753107034983375 4.3240566347580181e-17 -0.028450706499847767
10 14 1.1743200519096713 0.28467852066376781 0.095270987150501821 -0.090300943388220839 1.6594475366659723e-17 -0.030369402625478485
10 15 1.1807578688792202 0.25667157911277749 0.090502481907607527 -0.086205306999268386 -8.6294321088498991e-18 -0.02755620214395875
10 16 1.1865278338452916 0.22851946077926116 0.075815149840952473 -0.072565649784604017 -1.3516112133129929e-17 -0.021958219799070082
10 17 1.191626683240677 0.20023808886739727 0.057391844793325715 -0.054811903519039015 6.0597302763437209e-17 -0.017014084794685434
10 18 1.19605153308986 0.17184345968886808 0.039092764398310033 -0.037365983154876811 -1.4340812299142554e-17 -0.01149032337104742
10 19 1.1997998806402321 0.14335163361513917 0.022228540980289306 -0.02174921745700794 4.6891025776175106e-17 -0.0045912497340247381
10 20 1.2028696057776804 0.11477872599350393 0.0080282541315908288 -0.0078642918034840213 -6.243289224208366e-17 0.001614242494502991
10 21 1.2052589722257532 0.086140898032032717 0.0063396550055244433 0.00056805596292135499 -5.0305564866923382e-17 0.0063141537843214284
10 22 1.2069666285277199 0.057454347658585009 0.0090063868705962703 0.0016599963545448515 2.2190963156695287e-17 0.0088520854359719469
10 23 1.2079916088109717 0.02873530035905001 0.0067657700800585665 -0.0010383054025509351 4.1915273727298924e-17 0.0066856238801812091
10 24 1.2083333333333333 7.3989077448485917e-17 0.0021624536728932992 -0.0021624536728932992 -9.5693482372956278e-17 -8.634220219752916e-19
10 25 1.2079916088109717 -0.028735300359049865 0.0067657700800586931 -0.0010383054025510637 -3.9932386499492394e-18 -0.0066856238801813175
10 26 1.2069666285277199 -0.057454347658584863 0.009006386870596305 0.0016599963545444163 3.6772382408991188e-17 -0.0088520854359720649
10 27 1.2052589722257532 -0.086140898032032578 0.0063396550055244225 0.00056805596292172286 -2.1272474742189872e-18 -0.0063141537843213746
10 28 1.2028696057776804 -0.11477872599350378 0.0080282541315906172 -0.0078642918034837576 -1.0951352218951707e-16 -0.0016142424945032256
10 29 1.1997998806402321 -0.14335163361513903 0.022228540980288983 -0.021749217457007617 1.0309214513664354e-16 0.0045912497340246904
10 30 1.19605153308986 -0.17184345968886794 0.039092764398310151 -0.037365983154876908 -7.5562239181689566e-17 0.011490323371047511
10 31 1.191626683240677 -0.20023808886739716 0.057391844793325819 -0.054811903519039133 5.6364358048477975e-17 0.0170140847946854
10 32 1.1865278338452916 -0.22851946077926127 0.075815149840952167 -0.072565649784603711 1.277461820024573e-18 0.02195821979907004
10 33 1.1807578688792202 -0.25667157911277733 0.090502481907607624 -0.086205306999268566 9.6790921181028718e-17 0.0275562021439585
10 34 1.1743200519096713 -0.28467852066376764 0.095270987150501737 -0.090300943388220714 1.0405138906203236e-16 0.030369402625478568
10 35 1.1672180242496311 -0.31252444434192966 0.093201699065540961 -0.088753107034983139 1.2330510106206988e-16 0.028450706499847832
10 36 1.1594558028982884 -0.34019360013076327 0.086973886827801078 -0.083208279812005459 7.1117267093235716e-17 0.025314801217117086
10 37 1.1510377782689678 -0.36767033799598581 0.075568915584131605 -0.071884772025681179 3.8488966747482661e-17 0.023307521390689596
10 38 1.1419687117058557 -0.39493911673739329 0.058969215044424275 -0.053857599446363945 2.7509422615185203e-17 0.024015147403890168
10 39 1.1322537327909208 -0.42198451277916627 0.042440554160418205 -0.036064278298070837 -2.3512278582225423e-19 0.022373387501285716
10 40 1.1218983364425565 -0.44879122889364559 0.022413105091853579 -0.014873071265074771 4.7355243056118115e-17 0.016767201048549518
10 41 1.1109083798075838 -0.47534410285364131 0.01083337230283868 0.0058205685679828742 6.9089430648364035e-17 0.0091368997475797034
10 42 1.0992900789483731 -0.50162811600838708 0.020742550996659764 0.020724242417612736 3.112817713859367e-17 0.00087131972607759048
10 43 1.0870500053269572 -0.52762840177828418 0.031441042910502683 0.030836647228012205 2.7279059406912221e-17 -0.006135174572512031
10 44 1.0741950820881285 -0.55333025406363168 0.033425281032906463 0.032234415631882687 -9.4152115377176358e-18 -0.0088426161852595171
10 45 1.0607325801436174 -0.57871913556258769 0.027815111562340442 0.026403540194480674 -3.7603198922033073e-17 -0.0087483424958039058
10 46 1.0466701140595704 -0.60378068599365631 0.018036531590899133 0.016723070093768052 -5.4553859901968731e-17 -0.0067568778639563237
10 47 1.0320156377496519 -0.6285007302180512 0.0082967851994112541 0.007635090238353329 -5.7460043932911532e-17 -0.0032468510432989294
10 48 1.0167774399762084 -0.65286528625733542 0.0047564058279477191 0.0040023774961891858 -5.3438343482214462e-17 -0.0025698970364848106
11 0 1.0343080854930395 0.66412158429625512 0.018734914488785646 0.015764886945170187 2.4370524606043533e-17 0.010122517498533306
11 1 1.049809010814301 0.63933694970456945 0.022232414935932931 0.012701319637424583 -2.1332138882923112e-18 0.018247102601549273
11 2 1.0647161505088731 0.61419069782113367 0.030548620795557486 0.014208895779573754 -3.8594835800539135e-17 0.027043030770162922
11 3 1.0790210729047143 0.58869705169297715 0.036835235128947048 0.017126763672146786 -3.1623219918817988e-17 0.0326114782419204
11 4 1.0927156869517172 0.56287043085783217 0.039231152487746473 0.018197692872543598 -5.3174447448221657e-17 0.034755248519229322
11 5 1.1057922467981116 0.53672544318825477 0.036265124338623909 0.014000731383273473 -2.2510273773070858e-17 0.03345353141342889
11 6 1.118243356171621 0.5102768766292215 0.026994267239027248 0.001323830320060919 -2.5897477671152443e-17 0.02696178660726524
11 7 1.1300619725628873 0.48353969083387649 0.024104107039548277 -0.0158266376423606 4.612636024289299e-18 0.018180360753060301
11 8 1.1412414112088076 0.4565290087021569 0.038519173124831517 -0.037748114452321492 6.3743352980095251e-17 0.0076685431155585349
11 9 1.151775348873523 0.42926010782708313 0.058850844839649669 -0.058747921455561201 2.6869877058091689e-17 -0.0034790319043855509
11 10 1.1616578274249223 0.40174841185355514 0.075380636496496373 -0.074338453096551974 2.4822569373971577e-17 -0.012491387025813486
11 11 1.1708832572046399 0.37400948175453747 0.092152008162080454 -0.090363481943517829 3.6905934691536099e-17 -0.018067477393030565
11 12 1.1794464201896384 0.34605900702956971 0.10327351243546191 -0.1003120541421153 1.0688589319932162e-16 -0.024554229056250886
11 13 1.1873424729435904 0.31791279683058354 0.10744504260780942 -0.10287103533248589 3.8435452446612742e-17 -0.031015919631963554
11 14 1.19456694935639 0.28958677102003971 0.10624738300802376 -0.10064884356694555 9.9119218188706103e-17 -0.034034051840623102
11 15 1.2011157631702414 0.2610969511664461 0.097217139455287579 -0.091737389200463829 5.5815083947903271e-17 -0.032177999107331955
11 16 1.2069852102909002 0.23245945148235189 0.078314470392257515 -0.073662998674659766 9.8574675401893719e-17 -0.026587946499811728
11 17 1.2121719708827579 0.20369046970993865 0.054339770399954891 -0.051155883638772076 8.9935181764926718e-17 -0.018327198810953786
11 18 1.2166731112465821 0.17480627795936582 0.032055984802235218 -0.030632442777138537 8.4366136004753408e-17 -0.0094466719614088746
11 19 1.2204860854788568 0.14582321350505537 0.01331615215419891 -0.013224614721671642 5.5799567218862231e-17 -0.0015586768931122343
11 20 1.2236087369117785 0.11675766954511609 0.0052828799474122848 0.0016933025700677268 1.0838314452257137e-16 0.0050041529697814847
11 21 1.226039299333094 0.087626085929136732 0.013932352636145028 0.0099515595926443004 -6.6590323915116024e-17 0.0097507390310656201
11 22 1.2277763979850944 0.058444939859595098 0.013974723794291675 0.008223238160023856 6.4821573163161762e-17 0.011299170734627802
11 23 1.2288190503421954 0.029230736572137084 0.0080479183025800698 0.0023497557045236059 -7.4713138379554924e-17 0.007697248673004013
11 24 1.2291666666666667 7.5264751197597754e-17 8.6687423226187337e-05 -8.6687423226187337e-05 4.9645704827945172e-17 -6.9894789025149138e-17
11 25 1.2288190503421954 -0.029230736572136935 0.0080479183025798842 0.0023497557045231397 -1.3237296903112459e-16 -0.0076972486730039627
11 26 1.2277763979850944 -0.058444939859594952 0.013974723794291941 0.0082232381600239775 9.2289875002386553e-17 -0.011299170734628041
11 27 1.226039299333094 -0.087626085929136593 0.013932352636145045 0.0099515595926442952 -3.6543432904871122e-17 -0.0097507390310656496
11 28 1.2236087369117785 -0.11675766954511593 0.0052828799474123247 0.0016933025700677439 -4.3534806273236541e-18 -0.0050041529697815211
11 29 1.2204860854788568 -0.14582321350505523 0.01331615215419916 -0.01322461472167189 4.344230457498853e-17 0.0015586768931122618
11 30 1.2166731112465821 -0.17480627795936568 0.032055984802235267 -0.030632442777138617 7.2935474318173329e-17 0.0094466719614087723
11 31 1.2121719708827579 -0.20369046970993851 0.054339770399954468 -0.051155883638771688 1.286209987815058e-16 0.018327198810953595
11 32 1.2069852102909002 -0.23245945148235203 0.078314470392257404 -0.073662998674659641 1.0125152581036476e-16 0.026587946499811794
11 33 1.2011157631702414 -0.26109695116644593 0.097217139455287219 -0.091737389200463454 1.1057117606020687e-16 0.032177999107331941
11 34 1.19456694935639 -0.28958677102003955 0.10624738300802394 -0.10064884356694567 4.9754540498254363e-17 0.034034051840623331
11 35 1.1873424729435904 -0.31791279683058365 0.10744504260780958 -0.10287103533248601 7.5849730164859087e-17 0.031015919631963668
11 36 1.1794464201896384 -0.34605900702956954 0.1032735124354619 -0.10031205414211525 6.410735726776236e-17 0.024554229056251074
11 37 1.1708832572046399 -0.3740094817545373 0.092152008162080523 -0.09036348194351787 7.2289239577462533e-17 0.018067477393030693
11 38 1.1616578274249223 -0.40174841185355531 0.0753806364964964 -0.074338453096551987 3.1319697567510706e-17 0.012491387025813656
11 39 1.151775348873523 -0.42926010782708302 0.058850844839649703 -0.058747921455561222 4.6425345799653022e-18 0.0034790319043856068
11 40 1.1412414112088076 -0.45652900870215674 0.038519173124831621 -0.037748114452321589 2.4892568332535107e-17 -0.0076685431155585548
11 41 1.1300619725628871 -0.4835396908338766 0.024104107039548191 -0.015826637642360745 2.6447117476549225e-17 -0.018180360753060055
11 42 1.118243356171621 -0.51027687662922139 0.026994267239027162 0.0013238303200607884 7.6029524116705029e-18 -0.026961786607265156
11 43 1.1057922467981118 -0.53672544318825466 0.036265124338623896 0.01400073138327349 -8.0370956051785503e-18 -0.033453531413428869
11 44 1.0927156869517172 -0.56287043085783228 0.039231152487746487 0.018197692872543528 -5.2252990404051834e-17 -0.034755248519229377
11 45 1.0790210729047143 -0.58869705169297715 0.036835235128947146 0.017126763672146765 -4.9594773681836001e-17 -0.032611478241920525
11 46 1.0647161505088734 -0.61419069782113322 0.030548620795557618 0.014208895779573752 -4.215404251797338e-17 -0.027043030770163071
11 47 1.0498090108143012 -0.63933694970456945 0.022232414935932993 0.012701319637424565 -3.2858994027559306e-17 -0.018247102601549364
11 48 1.0343080854930395 -0.66412158429625501 0.018734914488785819 0.015764886945170333 1.5139419965474425e-17 -0.010122517498533396
12 0 1.0518387310098707 0.67537788233517471 0.017928376983499028 0.015086209036312153 -6.214745251952834e-18 0.0096867434246578083
12 1 1.0676023838789501 0.65017316919108747 0.025568048223299528 0.010176655161945327 -3.9937792393690237e-17 0.02345550638259216
12 2 1.0827621869581761 0.62460070964861047 0.040248027190016515 0.011752228192746166 -2.5854852319588721e-17 0.038494010250868002
12 3 1.0973095656658112 0.59867496782336649 0.051880364935214508 0.014287217313301809 -4.0696925918854089e-17 0.049874318915184429
12 4 1.1112362918153054 0.57241060765203267 0.057210228851554301 0.01244731160926508 -5.9852948443517234e-17 0.055839723485607187
12 5 1.1245344882692661 0.54582248459822524 0.056322438302247549 0.0036400156142018256 -5.5419159476619909e-17 0.056204691464670886
12 6 1.1371966333948689 0.51892563725005569 0.05200485608390934 -0.013763138751591535 -3.9586201786409126e-17 0.050150583924941115
12 7 1.1492155653181904 0.49173527881411166 0.053049225426222389 -0.033954714813583364 3.2615823297524676e-17 0.040759019373021996
12 8 1.1605844859750585 0.46426678851066799 0.063534822366750301 -0.055898165597619183 5.3015522158435771e-18 0.030200475757770073
12 9 1.1712969649561251 0.43653570287499976 0.079691175473147399 -0.077373022446326434 2.346945955559415e-17 0.019081374316653271
12 10 1.1813469431439887 0.4085577069697171 0.093185934412496813 -0.092602001342103057 2.5509664901088037e-17 0.010415743841286631
12 11 1.1907287361403116 0.3803486255130889 0.10786472842871642 -0.10774001061729439 3.1418418746884821e-17 0.0051855328738747283
12 12 1.199437037480988 0.35192441392837592 0.11695107873158835 -0.11692615738099865 4.9019797565833332e-17 -0.0024142362345285708
12 13 1.2074669216375495 0.32330114931923748 0.11594059673067464 -0.11542014687493903 5.8564974951469524e-17 -0.010973224942213956
12 14 1.2148138468031084 0.29449502137631156 0.11056375332289531 -0.10932532387040871 -7.5960837937151159e-18 -0.016502033495187453
12 15 1.2214736574612624 0.26552232322011465 0.098334288649466944 -0.096886423413851896 1.1550236092148151e-16 -0.01681229556808032
12 16 1.2274425867365086 0.23639944218544259 0.075907853881778981 -0.074776005885162783 9.8576035610557993e-17 -0.013059526208848779
12 17 1.2327172585248383 0.20714285055247997 0.047783042587933609 -0.047357393021924252 -2.5438962604273649e-17 -0.0063636848702051316
12 18 1.2372946894033037 0.17776909622986353 0.022952300869603863 -0.022806843137118435 1.057573757086698e-16 0.0025799266128500604
12 19 1.2411722903174816 0.14829479339497156 0.010902107550324922 -0.0037703087032314713 6.6585268004294041e-17 0.010229404739337901
12 20 1.2443478680458764 0.11873661309672821 0.018454336804839069 0.011146271550384503 -6.8262613188611213e-17 0.014707929066715236
12 21 1.2468196264404345 0.089111273826240747 0.024637864289823796 0.018304648366410908 -7.7588443915696219e-17 0.016491337269785765
12 22 1.2485861674424688 0.059435532060605187 0.02076828582327744 0.014106542972507082 1.3571680875328558e-16 0.015242281371309143
12 23 1.2496464918734191 0.029726172785224152 0.010714534287923936 0.0050652453105939433 -2.6498691090930911e-17 0.0094416383615664803
12 24 1.25 7.6540424946709579e-17 0.00076682120719950852 0.00076682120719950852 2.3482600396816688e-17 -1.2047585434365165e-16
12 25 1.2496464918734191 -0.029726172785223999 0.01071453428792383 0.0050652453105941254 -4.6097418852852396e-17 -0.0094416383615662618
12 26 1.2485861674424688 -0.059435532060605034 0.020768285823277517 0.014106542972507206 -9.1407996119264245e-17 -0.015242281371309133
12 27 1.2468196264404345 -0.089111273826240608 0.024637864289823626 0.018304648366410645 -1.197011937363982e-16 -0.016491337269785807
12 28 1.2443478680458764 -0.11873661309672806 0.018454336804838951 0.011146271550384465 -9.1498857507170515e-17 -0.014707929066715114
12 29 1.2411722903174816 -0.14829479339497142 0.010902107550325028 -0.0037703087032315633 -5.2980095036776216e-17 -0.010229404739337979
12 30 1.2372946894033037 -0.17776909622986339 0.022952300869604012 -0.022806843137118584 8.22419267519793e-18 -0.0025799266128500469
12 31 1.2327172585248383 -0.20714285055247983 0.04778304258793388 -0.047357393021924529 1.9048328742477375e-17 0.0063636848702050657
12 32 1.2274425867365086 -0.23639944218544273 0.075907853881779092 -0.074776005885162825 1.3642718708550022e-17 0.013059526208849223
12 33 1.2214736574612624 -0.26552232322011449 0.098334288649467222 -0.096886423413852174 -2.1772775773194923e-17 0.016812295568080424
12 34 1.2148138468031084 -0.29449502137631139 0.11056375332289527 -0.10932532387040866 2.3060103571693818e-17 0.016502033495187446
12 35 1.2074669216375495 -0.32330114931923759 0.11594059673067475 -0.11542014687493912 1.3072303241106079e-16 0.010973224942213974
12 36 1.199437037480988 -0.35192441392837581 0.11695107873158836 -0.11692615738099865 5.9470151458299837e-17 0.0024142362345287039
12 37 1.1907287361403116 -0.38034862551308879 0.10786472842871649 -0.10774001061729448 2.7214149362984213e-17 -0.0051855328738747439
12 38 1.1813469431439887 -0.40855770696971722 0.093185934412496868 -0.092602001342103127 5.6189131953112837e-17 -0.01041574384128658
12 39 1.1712969649561251 -0.43653570287499965 0.079691175473147358 -0.077373022446326462 -3.0913488121646318e-17 -0.019081374316652994
12 40 1.1605844859750585 -0.46426678851066783 0.063534822366750301 -0.055898165597619169 4.5063535738804116e-17 -0.030200475757770091
12 41 1.1492155653181904 -0.49173527881411172 0.05304922542622241 -0.033954714813583441 4.181133160250847e-17 -0.040759019373021954
12 42 1.1371966333948689 -0.51892563725005558 0.052004856083909236 -0.013763138751591573 2.8775493245173427e-18 -0.05015058392494099
12 43 1.1245344882692663 -0.54582248459822502 0.05632243830224757 0.0036400156142017684 1.6317359646048053e-18 -0.056204691464670914
12 44 1.1112362918153054 -0.57241060765203278 0.057210228851554197 0.012447311609265058 -5.8960085401867769e-17 -0.055839723485607083
12 45 1.0973095656658112 -0.5986749678233666 0.051880364935214529 0.014287217313301747 -5.9388926856893693e-17 -0.049874318915184478
12 46 1.0827621869581763 -0.62460070964861003 0.040248027190016585 0.011752228192746269 -7.0435942806142035e-17 -0.038494010250868051
12 47 1.0676023838789503 -0.65017316919108747 0.025568048223299576 0.010176655161945268 -6.9807611073739304e-17 -0.023455506382592244
12 48 1.0518387310098707 -0.6753778823351746 0.017928376983499073 0.015086209036312193 -3.784972414939952e-17 -0.0096867434246578309
13 0 1.0693693765267018 0.68663418037409429 0.038076714235585403 0.032040450226066899 2.6050839960330689e-17 0.020572936501369016
13 1 1.0853957569435992 0.66100938867760561 0.04081987577825634 0.027459063369737292 -3.4046891580756292e-17 0.030203676885588449
13 2 1.100808223407479 0.63501072147608728 0.049395357416380806 0.025281562737381007 -2.1721834279188434e-17 0.042435173145020565
13 3 1.1155980584269078 0.60865288395375594 0.058329001196238836 0.021340356275914112 -8.2997277117610189e-18 0.054285003219746469
13 4 1.1297568966788938 0.58195078444623316 0.065192128324550846 0.012780263640607961 -4.3439518075887816e-17 0.063927133963296523
13 5 1.1432767297404205 0.55491952600819561 0.069216973063648823 -0.0010908196331270573 -5.8910943359222018e-17 0.069208377185293615
13 6 1.1561499106181166 0.52757439787089 0.07170914519097428 -0.022705523240062281 -2.4653129637462557e-17 0.068019561292434264
13 7 1.1683691580734936 0.49993086679434684 0.07833698631191878 -0.047366079258496736 -1.1288532735430339e-17 0.062395015506942188
13 8 1.1799275607413093 0.47200456831917909 0.091870498504967008 -0.074390074747430784 4.3108885361048728e-17 0.053910159289532841
13 9 1.1908185810387271 0.4438112979229164 0.11035604976556289 -0.10131753471878029 -2.3878231521172523e-17 0.043740311822941365
13 10 1.2010360588630553 0.41536700208587901 0.12448154762634875 -0.11991147623299715 -2.9721438053841263e-17 0.033419957616285065
13 11 1.2105742150759835 0.38668776927164034 0.13784229356008035 -0.13526763928939278 -3.5329057336899559e-17 0.026517233169734897
13 12 1.2194276547723377 0.35778982082718219 0.1450486953965241 -0.1439043235400263 -2.6317304512437529e-17 0.018184325742822138
13 13 1.2275913703315087 0.32868950180789142 0.13945298718218538 -0.13920379819904066 -7.057677513849785e-17 0.0083329587179782772
13 14 1.2350607442498267 0.29940327173258341 0.12721880093312546 -0.12718219119815294 -2.0140023275068712e-17 0.0030518114126981844
13 15 1.2418315517522831 0.26994769527378321 0.1092433261744377 -0.10921555332266183 7.7116011724939735e-17 0.0024631739847997811
13 16 1.247899963182117 0.24033943288853329 0.079813793420946869 -0.079650324984879811 -4.2011343154183751e-17 0.0051056194574814091
13 17 1.2532625461669189 0.21059523139502129 0.045507741574127056 -0.044044830436841896 1.3719554441114467e-16 0.011445848809388428
13 18 1.2579162675600253 0.18073191450036125 0.024712658992863294 -0.014047500462754653 9.4491312164956802e-17 0.02033182837932818
13 19 1.2618584951561063 0.15076637328488773 0.02711154517940375 0.0070996551970676025 -4.0772336422963885e-17 0.026165450083986741
13 20 1.2650869991799742 0.12071555664834034 0.034280896756203494 0.021289615504910327 7.0661461396067846e-17 0.026868795173259352
13 21 1.2675999535477751 0.090596461723344748 0.036291087117673503 0.026660107886378411 -5.7843059602451992e-17 0.024622787244120668
13 22 1.2693959368998431 0.060426124261615269 0.028484257781329007 0.020244650370274498 4.4268109028133328e-17 0.020037641396595231
13 23 1.2704739334046427 0.030221608998311219 0.01464119871451003 0.0087502198240022554 -8.4209932429997769e-17 0.011738754313359153
13 24 1.2708333333333333 7.7816098695821403e-17 0.0033790281532085557 0.0033790281532085557 -2.470506641134442e-17 1.5637631656074738e-16
13 25 1.2704739334046427 -0.030221608998311063 0.014641198714510027 0.008750219824002186 -5.13707055798293e-17 -0.011738754313359202
13 26 1.2693959368998431 -0.060426124261615116 0.028484257781329084 0.020244650370274658 1.318680151980755e-16 -0.020037641396595172
13 27 1.2675999535477751 -0.09059646172334461 0.036291087117673752 0.026660107886378587 -1.3884269574127537e-16 -0.024622787244120838
13 28 1.2650869991799742 -0.12071555664834017 0.034280896756203667 0.02128961550491049 2.0088624916468783e-17 -0.026868795173259446
13 29 1.2618584951561063 -0.15076637328488759 0.027111545179403899 0.0070996551970679157 -6.1093536690915291e-17 -0.026165450083986807
13 30 1.2579162675600253 -0.18073191450036111 0.024712658992862884 -0.014047500462754202 6.6571016578548075e-19 -0.020331828379327996
13 31 1.2532625461669189 -0.21059523139502115 0.045507741574126986 -0.044044830436841861 1.0725757993138904e-16 -0.011445848809388265
13 32 1.247899963182117 -0.24033943288853343 0.079813793420946577 -0.07965032498487952 -1.5260548152594457e-17 -0.005105619457481364
13 33 1.2418315517522831 -0.26994769527378304 0.10924332617443759 -0.10921555332266171 4.0517667512499678e-17 -0.0024631739847999551
13 34 1.2350607442498267 -0.29940327173258324 0.12721880093312529 -0.12718219119815277 -7.4890016807243003e-17 -0.003051811412698017
13 35 1.2275913703315084 -0.32868950180789153 0.13945298718218524 -0.13920379819904052 9.2313162968330616e-18 -0.0083329587179780517
13 36 1.2194276547723377 -0.35778982082718203 0.14504869539652404 -0.14390432354002627 -6.8561636877724516e-17 -0.01818432574282183
13 37 1.2105742150759835 -0.38668776927164022 0.13784229356008021 -0.13526763928939267 3.2217626300707275e-17 -0.026517233169734814
13 38 1.2010360588630553 -0.41536700208587918 0.12448154762634872 -0.11991147623299717 1.0109427824697987e-17 -0.033419957616284926
13 39 1.1908185810387271 -0.44381129792291629 0.11035604976556285 -0.1013175347187803 -3.5254251673795607e-17 -0.043740311822941233
13 40 1.1799275607413093 -0.47200456831917897 0.091870498504967049 -0.074390074747430812 1.4814966036814223e-17 -0.053910159289532883
13 41 1.1683691580734934 -0.4999308667943469 0.078336986311918738 -0.047366079258496771 2.4322132504496931e-17 -0.062395015506942091
13 42 1.1561499106181166 -0.52757439787088978 0.071709145190974349 -0.022705523240062472 -8.8664848434298806e-18 -0.068019561292434277
13 43 1.1432767297404205 -0.5549195260081955 0.069216973063648837 -0.0010908196331271232 -1.3495447551959766e-17 -0.069208377185293643
13 44 1.1297568966788938 -0.58195078444623327 0.065192128324550805 0.012780263640607848 -5.2993655377233366e-17 -0.063927133963296495
13 45 1.1155980584269078 -0.60865288395375605 0.058329001196238933 0.021340356275914095 -3.793253683460994e-17 -0.05428500321974658
13 46 1.1008082234074792 -0.63501072147608684 0.049395357416380889 0.025281562737381056 -5.070337317971533e-17 -0.042435173145020627
13 47 1.0853957569435995 -0.66100938867760561 0.040819875778256375 0.027459063369737274 -6.0564294768034066e-17 -0.030203676885588518
13 48 1.0693693765267018 -0.68663418037409407 0.038076714235585403 0.032040450226066906 -6.0382931346161808e-17 -0.020572936501369012
14 0 1.086900022043533 0.69789047841301388 0.042929928962308052 0.036124289601646396 -1.9718595799890914e-18 0.023195139609090476
14 1 1.1031891300082486 0.67184560816412386 0.046036038411314997 0.031068278748946274 -1.0190220209287377e-17 0.033971736608331395
14 2 1.1188542598567819 0.6454207333035642 0.054857194932965356 0.029231275534057941 -2.6314722709713498e-17 0.046420301233031057
14 3 1.1338865511880047 0.6186308000841455 0.062775522963688823 0.02603420363221292 -5.0638558076830073e-17 0.057122557055869744
14 4 1.1482775015424824 0.59149096124043377 0.066970652949431761 0.016929103246226363 -3.5556672925092342e-17 0.06479563117797249
14 5 1.1620189712115749 0.56401656741816608 0.068719610812701629 0.00069141309050294746 -6.8440901638614114e-17 0.068716132444917616
14 6 1.1751031878413645 0.53622315849172431 0.072713021629270416 -0.0253532392113258 -1.3024723662341758e-17 0.068149811268645777
14 7 1.1875227508287969 0.50812645477458207 0.085436971526518857 -0.054623987453093888 -2.5786337088365439e-17 0.065693957852662799
14 8 1.1992706355075604 0.47974234812769029 0.10460804733902816 -0.084576882684090984 1.0165964473209503e-17 0.06155968228902637
14 9 1.2103401971213292 0.45108689297083315 0.12640762292461427 -0.11330121308183642 -4.5002419358435344e-17 0.056051068211371007
14 10 1.2207251745821219 0.42217629720204103 0.14143383814506363 -0.13239619400731023 -5.3088019840164389e-17 0.04974714448913347
14 11 1.2304196940116554 0.39302691303019188 0.15464961604548544 -0.14793518861678284 -4.4660656148874633e-17 0.045074202288370606
14 12 1.2394182720636877 0.36365522772598852 0.16172500974207063 -0.15692582195890581 -5.1846411581889326e-17 0.039105820264950748
14 13 1.247715819025468 0.33407785429654541 0.15329475690641881 -0.150389901976588 -3.9900505543810559e-17 0.029701176381926327
14 14 1.2553076416965454 0.30431152208885531 0.1362798243499288 -0.13413447986121685 -6.8457761599401696e-17 0.02408592612311727
14 15 1.2621894460433043 0.27437306732745181 0.11451677822733872 -0.11201652046474839 3.9672309209722617e-17 0.023798983981256079
14 16 1.2683573396277257 0.24427942359162402 0.081673099429911716 -0.077505610111004916 -2.6320550970377751e-17 0.025756078346851199
14 17 1.2738078338089998 0.21404761223756263 0.047784150083231405 -0.036090960708622673 1.6152486024546533e-17 0.031317208596958926
14 18 1.2785378457167471 0.18369473277085901 0.039383732740047792 -0.0013563646752918735 1.3408749897047197e-17 0.039360369401304308
14 19 1.282544699994731 0.15323795317480396 0.046930753487173647 0.019265914262017521 1.8959211743188496e-18 0.042793926794843819
14 20 1.2858261303140723 0.1226945001999525 0.049061880207052759 0.029434435173058267 -4.2840514046990344e-17 0.039251523734680993
14 21 1.2883802806551157 0.092081649620448777 0.044737195207488437 0.031107473742666463 -3.7190334447413057e-17 0.032151853949379694
14 22 1.2902057063572179 0.061416716462625358 0.032651147850061818 0.022660860784251686 -2.3665107692983805e-17 0.023507080729928173
14 23 1.2913013749358664 0.03071704521139829 0.016144816512780227 0.0099291560089194014 -2.5446733421050536e-17 0.012730552273247257
14 24 1.2916666666666667 7.9091772444933227e-17 0.0045238146260007956 0.0045238146260007956 -2.460666174997946e-17 2.372835139630129e-17
14 25 1.2913013749358664 -0.030717045211398133 0.016144816512780467 0.0099291560089196842 8.3162554513732321e-17 -0.012730552273247339
14 26 1.2902057063572179 -0.061416716462625205 0.032651147850061971 0.022660860784251686 2.2448700727952289e-17 -0.023507080729928388
14 27 1.2883802806551157 -0.092081649620448625 0.044737195207488381 0.031107473742666474 4.7840870402144187e-18 -0.032151853949379611
14 28 1.2858261303140723 -0.12269450019995233 0.049061880207052801 0.02943443517305832 -2.461956067772965e-17 -0.039251523734681007
14 29 1.282544699994731 -0.15323795317480382 0.046930753487173654 0.019265914262017649 -4.6239113048630856e-17 -0.042793926794843756
14 30 1.2785378457167471 -0.18369473277085885 0.039383732740048208 -0.0013563646752917538 -2.2032094522288386e-17 -0.039360369401304732
14 31 1.2738078338089998 -0.2140476122375625 0.04778415008323144 -0.036090960708622701 -2.0519859578780721e-17 -0.031317208596958954
14 32 1.2683573396277257 -0.24427942359162416 0.081673099429911591 -0.077505610111004861 -1.3991944076103643e-17 -0.025756078346851008
14 33 1.2621894460433043 -0.27437306732745165 0.11451677822733872 -0.11201652046474844 -4.4416228602691267e-17 -0.023798983981255829
14 34 1.2553076416965454 -0.30431152208885509 0.13627982434992855 -0.13413447986121663 1.2339722395399543e-17 -0.024085926123117059
14 35 1.2477158190254678 -0.33407785429654552 0.15329475690641886 -0.15038990197658803 -7.7365707709977932e-17 -0.029701176381926226
14 36 1.2394182720636877 -0.36365522772598835 0.1617250097420706 -0.15692582195890581 -5.0098612893328944e-17 -0.039105820264950686
14 37 1.2304196940116554 -0.39302691303019172 0.15464961604548541 -0.14793518861678281 -5.1018552704575486e-17 -0.045074202288370509
14 38 1.2207251745821219 -0.42217629720204114 0.1414338381450633 -0.13239619400731001 -2.0605200274810025e-18 -0.049747144489133262
14 39 1.2103401971213292 -0.45108689297083299 0.12640762292461427 -0.11330121308183649 -4.0795682718094728e-17 -0.056051068211370902
14 40 1.1992706355075604 -0.47974234812769012 0.10460804733902834 -0.084576882684091276 2.3601443828298269e-17 -0.061559682289026273
14 41 1.1875227508287967 -0.50812645477458218 0.085436971526518926 -0.05462398745309404 -2.6642876739480435e-17 -0.065693957852662757
14 42 1.1751031878413645 -0.53622315849172408 0.072713021629270486 -0.025353239211326022 -4.2332137130433013e-17 -0.068149811268645777
14 43 1.1620189712115752 -0.56401656741816597 0.068719610812701601 0.0006914130905028655 -8.5280443742656006e-18 -0.068716132444917602
14 44 1.1482775015424824 -0.59149096124043388 0.066970652949431692 0.016929103246226263 -6.6448264498242708e-17 -0.064795631177972449
14 45 1.1338865511880047 -0.6186308000841455 0.062775522963688837 0.026034203632212833 -6.4857276081774135e-17 -0.057122557055869806
14 46 1.1188542598567823 -0.64542073330356375 0.054857194932965439 0.029231275534057983 -4.4562484169991197e-17 -0.046420301233031133
14 47 1.1031891300082486 -0.67184560816412386 0.046036038411315039 0.031068278748946264 -4.8097845976467203e-17 -0.033971736608331457
14 48 1.0869000220435332 -0.69789047841301377 0.042929928962308135 0.036124289601646473 -2.9063664999948543e-17 -0.023195139609090518
15 0 1.1044306675603641 0.70914677645193347 0.050081070351052276 0.042141767588533503 8.3313122737602612e-18 0.027058917791018072
15 1 1.1209825030728977 0.68268182765064189 0.052272500129722822 0.041856471772495567 -2.9513553575649561e-17 0.031312138869297228
15 2 1.1369002963060848 0.655830745131041 0.059273174395615795 0.043570070486834443 -2.9366516724538435e-17 0.040186542034683234
15 3 1.1521750439491016 0.62860871621453485 0.065462795325522349 0.041387179224758139 -2.1480788090469527e-17 0.050719611272652503
15 4 1.1667981064060706 0.60103113803463426 0.067707927040941265 0.030645959669223854 -2.239401851659103e-17 0.060375396811397683
15 5 1.1807612126827294 0.57311360882813644 0.067206138252086031 0.011275198561823688 -7.6074801212040172e-18 0.066253565308969975
15 6 1.1940564650646122 0.5448719191125585 0.069189237367402442 -0.018435574813633261 -7.1122622710688576e-18 0.066687931057828526
15 7 1.2066763435840999 0.5163220427548173 0.083110813143261422 -0.052208008732462445 -2.0478076886106657e-18 0.064666305643087729
15 8 1.2186137102738113 0.48748012793620138 0.10621003619619025 -0.086635982196987094 5.2377647359437581e-18 0.061439225072907444
15 9 1.2298618132039312 0.45836248801874979 0.13401708694557479 -0.1208900921230215 -2.4370920041282807e-17 0.05784604757340929
15 10 1.2404142903011883 0.42898559231820294 0.15510296868262041 -0.14511012452401958 -7.3132478050607288e-17 0.054772097410866548
15 11 1.2502651729473273 0.39936605678874337 0.17114508968921716 -0.16263014749012758 -7.067304894303174e-17 0.053311132534110829
15 12 1.2594088893550375 0.36952063462479473 0.18005829160066758 -0.1726912914811356 -8.4717105835417802e-17 0.05097750700778237
15 13 1.2678402677194271 0.33946620678519934 0.17060087820669553 -0.16432196126757784 -7.086879847635988e-17 0.045857962122977346
15 14 1.2755545391432637 0.30921977244512711 0.14991761961237487 -0.14350512137450769 -4.6865866168424137e-17 0.043377100059000535
15 15 1.2825473403343253 0.27879843938112037 0.12530253807739511 -0.11672958645750205 2.762312110737313e-17 0.045551396181649703
15 16 1.2888147160733341 0.24821941429471472 0.091372997219019897 -0.076888224398826546 -6.0429854601853907e-18 0.049368264802226079
15 17 1.2943531214510802 0.21749999308010395 0.062126527190770976 -0.029405019466338441 -6.2976293404652896e-17 0.054727051911918873
15 18 1.2991594238734687 0.18665755104135673 0.061700338321390373 0.0089152628140001175 -3.8378923848557216e-17 0.061052844634229289
15 19 1.3032309048333557 0.15570953306472013 0.068123284400206638 0.027916922052115854 -8.3543934439456214e-17 0.062140384136304835
15 20 1.3065652614481702 0.12467344375156462 0.06350253225092653 0.033077142035105769 -1.4457693448299231e-16 0.054207695736577875
15 21 1.3091606077624562 0.093566837517552778 0.050774488569723532 0.030614032093248797 -2.9406301382683865e-17 0.040507156509813402
15 22 1.3110154758145922 0.06240730866363544 0.033216590341080578 0.020959528568249494 -1.6077232122140253e-16 0.02576897429242966
15 23 1.3121288164670899 0.031212481424485357 0.015536643550090929 0.0095405610097218287 -2.7874688647051825e-17 0.01226234025063559
15 24 1.3125 8.0367446194045052e-17 0.0044764614657549859 0.0044764614657549859 -3.6551950685925019e-17 5.394994667516073e-17
15 25 1.3121288164670899 -0.031212481424485197 0.015536643550090823 0.0095405610097216986 1.4226004619060362e-16 -0.012262340250635556
15 26 1.3110154758145922 -0.062407308663635287 0.033216590341080501 0.020959528568249404 -5.2809825681721616e-17 -0.02576897429242964
15 27 1.3091606077624562 -0.09356683751755264 0.050774488569723601 0.030614032093248988 -4.5841944769278028e-17 -0.040507156509813347
15 28 1.3065652614481702 -0.12467344375156446 0.063502532250926461 0.033077142035105693 4.5432800716149539e-18 -0.054207695736577841
15 29 1.3032309048333557 -0.15570953306471999 0.06812328440020643 0.027916922052115673 -1.2135139313095473e-16 -0.062140384136304683
15 30 1.2991594238734687 -0.18665755104135656 0.061700338321390311 0.0089152628140001765 -1.0320479942755408e-16 -0.06105284463422922
15 31 1.2943531214510802 -0.21749999308010382 0.062126527190770574 -0.029405019466337692 -2.765299792800709e-17 -0.054727051911918817
15 32 1.2888147160733341 -0.24821941429471486 0.091372997219019786 -0.076888224398826324 3.6020412949815154e-17 -0.049368264802226204
15 33 1.2825473403343253 -0.27879843938112026 0.12530253807739503 -0.11672958645750188 -3.8086265590423198e-17 -0.045551396181649835
15 34 1.2755545391432637 -0.30921977244512694 0.14991761961237476 -0.14350512137450755 -1.0516051606609388e-16 -0.043377100059000716
15 35 1.2678402677194269 -0.33946620678519951 0.17060087820669534 -0.16432196126757767 -6.4521725919415606e-17 -0.04585796212297711
15 36 1.2594088893550375 -0.36952063462479456 0.18005829160066747 -0.17269129148113549 -1.2449262948706033e-16 -0.050977507007782349
15 37 1.2502651729473273 -0.39936605678874321 0.1711450896892171 -0.16263014749012755 -2.9839365977767422e-17 -0.053311132534110718
15 38 1.2404142903011883 -0.4289855923182031 0.15510296868262027 -0.14511012452401947 -5.9952141783206668e-17 -0.054772097410866513
15 39 1.2298618132039312 -0.45836248801874963 0.13401708694557471 -0.12089009212302143 9.0012301987399622e-18 -0.057846047573409172
15 40 1.2186137102738113 -0.48748012793620127 0.10621003619619038 -0.086635982196987232 5.5272926073852103e-18 -0.061439225072907458
15 41 1.2066763435840997 -0.5163220427548173 0.083110813143261478 -0.05220800873246248 -3.3460799559933551e-18 -0.064666305643087771
15 42 1.1940564650646122 -0.54487191911255839 0.069189237367402415 -0.018435574813633466 -1.7431302234735142e-17 -0.066687931057828428
15 43 1.1807612126827296 -0.57311360882813633 0.067206138252086101 0.011275198561823581 -1.0533127461617579e-17 -0.066253565308970072
15 44 1.1667981064060706 -0.60103113803463448 0.067707927040941196 0.03064595966922375 -4.7691787566771174e-17 -0.060375396811397676
15 45 1.1521750439491016 -0.62860871621453496 0.065462795325522308 0.041387179224758097 -2.3156000568372981e-17 -0.050719611272652482
15 46 1.1369002963060852 -0.65583074513104056 0.059273174395615892 0.043570070486834422 -2.2265124593105627e-17 -0.040186542034683401
15 47 1.1209825030728977 -0.68268182765064189 0.052272500129722864 0.041856471772495601 -4.0429307148015545e-17 -0.031312138869297249
15 48 1.1044306675603643 -0.70914677645193325 0.050081070351052324 0.042141767588533552 -6.8224225713959271e-17 -0.027058917791018093
16 0 1.1219613130771953 0.72040307449085295 0.056815449402335183 0.047808552160886204 -1.6657454199074208e-17 0.030697518321016321
16 1 1.1387758761375468 0.69351804713716003 0.057554343052551339 0.047322397590655013 -4.4084553672827019e-17 0.032758099616472469
16 2 1.1549463327553877 0.66624075695851781 0.060814527702567636 0.04721390235719649 -4.732074842724567e-17 0.038330851854498117
16 3 1.1704635367101983 0.6385866323449243 0.062849057844417092 0.043404595237109163 -3.2636806699892127e-17 0.045453769747223462
16 4 1.185318711269659 0.61057131482883475 0.061487853700549315 0.032135726083465439 -4.8529644668868966e-17 0.052421858625850297
16 5 1.1995034541538838 0.58221065023810681 0.058563218684276275 0.013587727233357169 -5.3175364404706799e-17 0.056965114335830569
16 6 1.2130097422878601 0.5535206797333927 0.059727122867059994 -0.015432536533959238 2.3165798011821569e-17 0.057698925658151511
16 7 1.225829936339403 0.52451763073505242 0.076067052258103965 -0.049461049172201163 -7.1690632079734658e-17 0.057791011879203311
16 8 1.2379567850400623 0.49521790774471253 0.10191107240819081 -0.084113628374570898 -1.6944578494425419e-17 0.057539240532458291
16 9 1.2493834292865333 0.46563808306666643 0.13175015643984361 -0.11888363169641969 -1.9675302339639229e-17 0.056787197823041938
16 10 1.2601034060202547 0.4357948874343649 0.15384854889168686 -0.14321936726820494 -7.0836746636173842e-17 0.056192426850713489
16 11 1.270110651882999 0.40570520054729481 0.16911166287515214 -0.15968645896393072 -2.7110897930379381e-18 0.055668566929282272
16 12 1.2793995066463872 0.375386041523601 0.17830139460240116 -0.16979841704287579 -4.1395881339561468e-17 0.054404824114179462
16 13 1.2879647164133861 0.34485455927385328 0.16957128411471997 -0.16171928126856461 -1.2932388977894447e-17 0.051002886803532731
16 14 1.2958014365899821 0.31412802280139895 0.14677863652068474 -0.13827208167981331 -1.3303766240767353e-16 0.049242253876141111
16 15 1.3029052346253462 0.28322381143478892 0.12098342348175477 -0.10923251701665228 -2.9709427921260522e-17 0.052011979231446098
16 16 1.3092720925189425 0.25215940499780543 0.089101886293739357 -0.068803728252643193 -1.2352828206392724e-17 0.05661442501376205
16 17 1.3148984090931608 0.22095237392264527 0.065402657539173487 -0.019640853478740766 -6.6875731501765605e-17 0.062383847972155772
16 18 1.3197810020301906 0.18962036931185444 0.070473476728590043 0.018805744332615379 2.8810336243607639e-17 0.067918001312696388
16 19 1.3239171096719802 0.15818111295463633 0.075830826360249654 0.033649691503202649 -2.4190792216742671e-17 0.067955959916828679
16 20 1.3273043925822681 0.12665238730317674 0.066222140716184597 0.031757684370479919 -1.3411722250399792e-17 0.058110424232310762
16 21 1.3299409348697968 0.095052025414656793 0.047581047426987266 0.024755991814309149 -1.3202978770733854e-16 0.040633692221345941
16 22 1.3318252452719666 0.063397900864645529 0.027192153808897994 0.015746131341655565 -8.4167914458686498e-18 0.022169180781844374
16 23 1.3329562579983136 0.031707917637572428 0.011067769681657352 0.0068482124338946912 -1.7805025455245476e-16 0.0086946829836667336
16 24 1.3333333333333333 8.1643119943156876e-17 0.003193945697082911 0.003193945697082911 -2.5083942605769741e-17 -1.3524569112719646e-16
16 25 1.3329562579983136 -0.031707917637572261 0.01106776968165726 0.0068482124338948543 -1.8813508528285654e-16 -0.0086946829836664855
16 26 1.3318252452719666 -0.063397900864645362 0.027192153808898029 0.015746131341655673 -8.4516109443950315e-17 -0.022169180781844339
16 27 1.3299409348697968 -0.095052025414656641 0.047581047426987495 0.024755991814309278 -2.850480965862077e-16 -0.040633692221346135
16 28 1.3273043925822681 -0.12665238730317657 0.066222140716184291 0.031757684370479593 -7.7201714553790744e-18 -0.058110424232310581
16 29 1.3239171096719802 -0.15818111295463616 0.075830826360249598 0.033649691503202808 -2.0430392570790886e-16 -0.067955959916828526
16 30 1.3197810020301906 -0.18962036931185428 0.070473476728589779 0.018805744332615133 -1.163506627700942e-16 -0.067918001312696166
16 31 1.3148984090931608 -0.22095237392264513 0.065402657539173334 -0.019640853478740134 -2.1327567804409529e-16 -0.062383847972155806
16 32 1.3092720925189425 -0.25215940499780554 0.089101886293739399 -0.068803728252643082 -6.4497171773537454e-17 -0.056614425013762265
16 33 1.3029052346253462 -0.28322381143478881 0.1209834234817547 -0.10923251701665222 -1.1781665836471153e-16 -0.052011979231446057
16 34 1.2958014365899821 -0.31412802280139879 0.14677863652068462 -0.13827208167981311 -4.2343332792517591e-17 -0.049242253876141201
16 35 1.2879647164133861 -0.34485455927385344 0.16957128411471997 -0.16171928126856472 5.2246254452896053e-17 -0.051002886803532342
16 36 1.2793995066463872 -0.37538604152360083 0.17830139460240138 -0.16979841704287599 -1.4166370762110177e-17 -0.054404824114179524
16 37 1.270110651882999 -0.40570520054729464 0.1691116628751522 -0.1596864589639308 5.5353702748280499e-17 -0.055668566929282202
16 38 1.2601034060202547 -0.43579488743436501 0.15384854889168675 -0.14321936726820489 1.7792018795329022e-17 -0.056192426850713392
16 39 1.2493834292865333 -0.46563808306666626 0.1317501564398437 -0.11888363169641983 -2.6287203026844326e-17 -0.056787197823041854
16 40 1.2379567850400623 -0.49521790774471236 0.10191107240819085 -0.084113628374570967 8.1444687009577111e-18 -0.057539240532458263
16 41 1.225829936339403 -0.52451763073505253 0.076067052258103993 -0.049461049172201191 -5.031264000397659e-17 -0.057791011879203318
16 42 1.2130097422878601 -0.55352067973339258 0.05972712286705998 -0.015432536533959472 -4.393442418976638e-17 -0.057698925658151427
16 43 1.1995034541538838 -0.5822106502381067 0.058563218684276309 0.013587727233357065 4.6693369290411757e-18 -0.056965114335830631
16 44 1.185318711269659 -0.61057131482883498 0.061487853700549294 0.032135726083465342 -6.3916692529674867e-17 -0.052421858625850332
16 45 1.1704635367101983 -0.6385866323449243 0.062849057844417217 0.043404595237109198 -3.1107463335095706e-17 -0.045453769747223594
16 46 1.1549463327553879 -0.66624075695851737 0.060814527702567678 0.047213902357196476 -9.9215689821532494e-18 -0.038330851854498207
16 47 1.1387758761375468 -0.69351804713716003 0.057554343052551346 0.047322397590654972 -3.2187789973726213e-17 -0.032758099616472525
16 48 1.1219613130771955 -0.72040307449085283 0.056815449402335245 0.04780855216088626 -3.3968703473054558e-17 -0.030697518321016349
17 0 1.1394919585940266 0.73165937252977264 0.050265415553463477 0.042296888727551073 1.4653135402450306e-17 0.027158519928956574
17 1 1.1565692492021962 0.70435426662367817 0.052899848492020486 0.04512373956709461 -3.1128848335065984e-17 0.027608732277302081
17 2 1.1729923692046909 0.67665076878599473 0.060596779815355842 0.050594174286843471 -1.7287584188105965e-18 0.033349651455798213
17 3 1.1887520294712954 0.64856454847531375 0.066959595914454328 0.052587489487088045 -2.6446667625412215e-17 0.04145049377839078
17 4 1.2038393161332477 0.62011149162303536 0.066597243259197095 0.045371310759669402 -2.1676421798290502e-17 0.04875076378554679
17 5 1.2182456956250383 0.59130769164807728 0.059189816330250007 0.028124451363197835 -3.0822282435210783e-17 0.052081182712452392
17 6 1.231963019511108 0.56216944035422711 0.050023658582167341 -0.0020243704079517225 -1.6337802124659842e-17 0.049982680424289508
17 7 1.2449835290947064 0.53271321871528765 0.060510636127346182 -0.038637217148764905 1.8815464230496912e-17 0.046569330417510636
17 8 1.2572998598063134 0.50295568755322373 0.087531950206098705 -0.075695676763550226 9.1816637536431028e-18 0.043954599602215302
17 9 1.2689050453691355 0.47291367811458312 0.12037070733441615 -0.11273095819319411 -3.5787469948088826e-18 0.042199979253928425
17 10 1.2797925217393213 0.44260418255052686 0.14569739318167527 -0.13916428059775424 -5.7264098554100539e-17 0.043139696170061241
17 11 1.2899561308186711 0.41204434430584636 0.16263289440769518 -0.15613544167457072 -3.7761989903014416e-17 0.045510242764802498
17 12 1.299390123937737 0.38125144842240727 0.17295189120685436 -0.16635977382026904 -5.319434608162079e-17 0.047294633168008818
17 13 1.3080891651073454 0.35024291176250727 0.16484233101578186 -0.15751965491027867 -5.4521881710454459e-17 0.048585516480359893
17 14 1.3160483340367009 0.31903627315767086 0.14018803162634599 -0.1307981509450144 -5.9321433410259754e-17 0.05044331393390622
17 15 1.3232631289163674 0.28764918348845753 0.11320856963243545 -0.098483924809603954 -4.409355560180368e-17 0.055830966249190588
17 16 1.3297294689645511 0.25609939570089613 0.085043098533729433 -0.057637261203226188 -5.5723005030882028e-17 0.062532189544335398
17 17 1.3354436967352417 0.22440475476518665 0.069463952452023164 -0.0085813884082793848 -4.1545878319012692e-17 0.06893185376328699
17 18 1.3404025801869124 0.19258318758235218 0.079379917651052873 0.02961911613277584 -5.2506186674554017e-17 0.073646991016612984
17 19 1.3446033145106051 0.16065269284455252 0.081949789953503466 0.039573456795763171 7.2232158195432606e-17 0.071761477065743318
17 20 1.3480435237163662 0.12863133085478889 0.066984920239713253 0.030389486855181586 -3.0889286154448139e-17 0.059694711894769138
17 21 1.3507212619771374 0.096537213311760808 0.044231743136683661 0.019423589808686886 4.2053905508047808e-17 0.039738787850832055
17 22 1.3526350147293413 0.064388493065655625 0.023224698958243785 0.012003770222185021 -9.599927184538723e-18 0.019882055782892122
17 23 1.3537836995295374 0.032203353850659498 0.0099414470058814316 0.0071887204822647325 6.3283164459160143e-17 0.006866925541944984
17 24 1.3541666666666667 8.2918793692268713e-17 0.0058032169028330912 0.0058032169028330912 -5.6331110998212651e-17 1.6380168522589278e-17
17 25 1.3537836995295374 -0.032203353850659332 0.0099414470058816172 0.0071887204822649181 -1.1590930498426654e-16 -0.0068669255419450577
17 26 1.3526350147293413 -0.064388493065655458 0.023224698958243924 0.01200377022218516 -1.3592169152161433e-18 -0.019882055782892202
17 27 1.3507212619771374 -0.096537213311760656 0.044231743136683065 0.019423589808686432 -9.6743280569767912e-17 -0.039738787850831611
17 28 1.3480435237163662 -0.12863133085478873 0.066984920239713197 0.030389486855181534 8.0085355516026011e-17 -0.059694711894769104
17 29 1.3446033145106051 -0.16065269284455239 0.081949789953503507 0.039573456795763066 -9.600252727047967e-17 -0.071761477065743415
17 30 1.3404025801869124 -0.19258318758235202 0.079379917651052956 0.029619116132775604 4.7524339168387778e-18 -0.073646991016613164
17 31 1.3354436967352417 -0.22440475476518648 0.069463952452023345 -0.008581388408279109 -2.4976738337401523e-17 -0.068931853763287212
17 32 1.3297294689645511 -0.25609939570089629 0.085043098533728934 -0.057637261203225737 -5.0874349718236498e-18 -0.062532189544335148
17 33 1.3232631289163674 -0.28764918348845742 0.11320856963243502 -0.09848392480960351 -2.1434700767004168e-18 -0.05583096624919049
17 34 1.3160483340367009 -0.31903627315767069 0.14018803162634619 -0.13079815094501451 -3.7065575828886431e-17 -0.050443313933906435
17 35 1.3080891651073452 -0.35024291176250744 0.16484233101578188 -0.15751965491027869 -6.5405025338114506e-17 -0.048585516480359907
17 36 1.299390123937737 -0.38125144842240716 0.17295189120685431 -0.16635977382026898 -1.1234601438606276e-16 -0.047294633168008776
17 37 1.2899561308186711 -0.41204434430584619 0.16263289440769518 -0.15613544167457064 -4.1512526923274537e-17 -0.045510242764802637
17 38 1.2797925217393213 -0.44260418255052703 0.14569739318167518 -0.13916428059775418 -3.8119881011348314e-17 -0.043139696170061158
17 39 1.2689050453691355 -0.47291367811458296 0.12037070733441624 -0.1127309581931942 -1.3776539111670755e-17 -0.042199979253928412
17 40 1.2572998598063134 -0.50295568755322351 0.087531950206098885 -0.075695676763550421 2.2307382707785481e-17 -0.043954599602215316
17 41 1.2449835290947062 -0.53271321871528776 0.060510636127346154 -0.038637217148764988 1.1878460163217731e-17 -0.046569330417510511
17 42 1.231963019511108 -0.56216944035422689 0.050023658582167278 -0.0020243704079518973 4.2840016083593866e-18 -0.049982680424289432
17 43 1.2182456956250385 -0.59130769164807717 0.059189816330250028 0.028124451363197803 -2.0929316327069463e-17 -0.052081182712452434
17 44 1.2038393161332477 -0.62011149162303558 0.066597243259197123 0.045371310759669367 -2.5618388208391283e-17 -0.048750763785546866
17 45 1.1887520294712954 -0.64856454847531386 0.06695959591445437 0.052587489487088024 -3.3216031809854091e-17 -0.041450493778390884
17 46 1.1729923692046911 -0.67665076878599428 0.060596779815355911 0.050594174286843492 -3.2654652257103316e-17 -0.03334965145579831
17 47 1.1565692492021962 -0.70435426662367817 0.052899848492020507 0.045123739567094603 -3.9512532802459736e-17 -0.027608732277302157
17 48 1.1394919585940266 -0.73165937252977253 0.050265415553463588 0.04229688872755117 -4.8574348598027881e-17 -0.027158519928956629
18 0 1.1570226041108578 0.74291567056869212 0.051888174199769654 0.043662393043763861 -3.8898775223605538e-17 0.028035300167423262
18 1 1.1743626222668451 0.71519048611019631 0.053637677055550212 0.047783414550095833 -3.3513198951515755e-17 0.0243668975015119
18 2 1.1910384056539938 0.68706078061347153 0.058567670206431846 0.052256791883635023 -2.3270995422284764e-17 0.026446165987526846
18 3 1.2070405222323921 0.6585424646057032 0.061850625711737384 0.05233442357844869 -4.8176902126700927e-18 0.03296373779844973
18 4 1.2223599209968359 0.62965166841723597 0.060206282384795418 0.044138759480430459 8.5443183593222864e-18 0.040945895400228298
18 5 1.2369879370961927 0.60040473305804776 0.053969316076079653 0.027792699988438571 -2.4833777462626971e-17 0.046262867454065534
18 6 1.2509162967343557 0.57081820097506131 0.046251157284952271 0.00024758254994935877 1.3367185059238512e-17 0.046250494625229191
18 7 1.2641371218500095 0.54090880669552288 0.055338693910307102 -0.033451393236673239 -1.4153861699137039e-17 0.044083730947188579
18 8 1.2766429345725643 0.51069346736173482 0.080022899943738415 -0.068185999369792763 -4.648298172694688e-18 0.041884770565781902
18 9 1.2884266614517375 0.48018927316249976 0.11065226140859326 -0.10327776380499189 -4.6966671635411181e-17 0.039719346146128404
18 10 1.2994816374583877 0.44941347766668882 0.13498764826065701 -0.12911052393809472 -7.6937005776783798e-17 0.039397179992653408
18 11 1.3098016097543428 0.41838348806439779 0.15087715263706278 -0.14529969533841336 -8.4985375328801887e-18 0.040643741491548202
18 12 1.3193807412290868 0.38711685532121354 0.15993395180281814 -0.15473006006238166 -1.0278755514955675e-16 0.040465756540041559
18 13 1.3282136138013045 0.35563126425116121 0.15243413635687456 -0.14676164852220383 -1.7143353568270674e-17 0.04119689854723696
18 14 1.3362952314834191 0.32394452351394271 0.12712148865697856 -0.11925950134084497 -1.5038304074131548e-16 0.044011864517415379
18 15 1.3436210232073884 0.29207455554212614 0.098171184435318082 -0.085033986278665569 -1.2031685182952791e-16 0.049059174789155932
18 16 1.3501868454101595 0.26003938640398683 0.071956247231279663 -0.044764935694061078 -2.7067665758328731e-17 0.056336507239228256
18 17 1.3559889843773221 0.22785713560772797 0.063743465295265672 0.0029751836826998157 -1.3768375512966368e-16 0.063673995083573465
18 18 1.361024158343634 0.1955460058528499 0.07839446952117457 0.039835184547691818 -5.3076102058743957e-17 0.067519263351711004
18 19 1.3652895193492296 0.16312427273446872 0.078321181545791929 0.045836499696630499 -7.2828446723599227e-17 0.063507659178162826
18 20 1.368782654850464 0.13061027440640102 0.058681203255637873 0.029802620004296898 -1.1629970270816673e-17 0.050549851200660988
18 21 1.3715015890844779 0.098022401208864823 0.035335917039378842 0.014144560786546814 9.0263430682381771e-18 0.032381451992916352
18 22 1.3734447841867157 0.065379085266665707 0.017286940530780545 0.0079297677224343544 -4.0360360385754826e-17 0.015360895051492976
18 23 1.3746111410607609 0.032698790063746569 0.0094883716281723846 0.0083184162028604684 -1.1310511152530782e-16 0.0045643343469004422
18 24 1.375 8.4194467441380538e-17 0.0092954893454952094 0.0092954893454952094 -1.0768280430900221e-16 -2.8344056527167892e-17
18 25 1.3746111410607609 -0.032698790063746402 0.0094883716281720862 0.008318416202860078 -8.6057970784122324e-17 -0.0045643343469005341
18 26 1.3734447841867157 -0.06537908526666554 0.017286940530780705 0.0079297677224347846 -1.1819502095110456e-17 -0.015360895051492936
18 27 1.3715015890844779 -0.098022401208864671 0.035335917039378703 0.014144560786546837 -3.0699820948763276e-17 -0.032381451992916185
18 28 1.368782654850464 -0.13061027440640086 0.058681203255638033 0.029802620004297033 -1.1884765425463989e-16 -0.050549851200661099
18 29 1.3652895193492296 -0.16312427273446856 0.078321181545792026 0.045836499696630527 -5.5975558746354437e-17 -0.063507659178162937
18 30 1.361024158343634 -0.19554600585284973 0.07839446952117457 0.0398351845476917 -7.4423627912528472e-17 -0.067519263351711073
18 31 1.3559889843773221 -0.2278571356077278 0.063743465295265839 0.0029751836827000538 3.610813829503032e-17 -0.063673995083573603
18 32 1.3501868454101595 -0.26003938640398699 0.071956247231279816 -0.044764935694061092 -1.4910329675872488e-16 -0.05633650723922845
18 33 1.3436210232073884 -0.29207455554212597 0.098171184435317985 -0.08503398627866543 -6.5981371920886598e-17 -0.049059174789156001
18 34 1.3362952314834191 -0.32394452351394254 0.12712148865697825 -0.11925950134084459 -2.6650135718457355e-17 -0.044011864517415539
18 35 1.3282136138013043 -0.35563126425116137 0.15243413635687433 -0.14676164852220364 -4.1022019515990452e-17 -0.041196898547236807
18 36 1.3193807412290868 -0.38711685532121337 0.15993395180281797 -0.15473006006238146 -1.1191584032779935e-17 -0.040465756540041711
18 37 1.3098016097543428 -0.41838348806439762 0.15087715263706294 -0.14529969533841355 1.2825828998818337e-17 -0.040643741491548112
18 38 1.2994816374583877 -0.44941347766668893 0.1349876482606569 -0.12911052393809463 1.0208311560825322e-17 -0.039397179992653311
18 39 1.2884266614517375 -0.4801892731624996 0.11065226140859345 -0.10327776380499208 -3.0832941021429498e-18 -0.039719346146128424
18 40 1.2766429345725643 -0.5106934673617346 0.080022899943738637 -0.068185999369793054 1.0012065394309195e-17 -0.041884770565781861
18 41 1.2641371218500093 -0.54090880669552288 0.05533869391030715 -0.033451393236673371 -1.8589921185288642e-17 -0.044083730947188537
18 42 1.2509162967343557 -0.57081820097506109 0.04625115728495225 0.00024758254994916405 7.1376005310147061e-18 -0.046250494625229163
18 43 1.2369879370961929 -0.60040473305804754 0.053969316076079625 0.027792699988438484 -1.1001523748338531e-17 -0.046262867454065555
18 44 1.2223599209968359 -0.62965166841723608 0.060206282384795438 0.044138759480430424 3.8620130495027326e-18 -0.040945895400228367
18 45 1.2070405222323921 -0.6585424646057032 0.061850625711737411 0.052334423578448634 -4.5841330692408903e-18 -0.032963737798449869
18 46 1.191038405653994 -0.68706078061347098 0.058567670206431922 0.052256791883635072 -6.6032992066358146e-18 -0.026446165987526908
18 47 1.1743626222668453 -0.71519048611019631 0.053637677055550267 0.047783414550095861 -1.8679605951105909e-17 -0.024366897501511966
18 48 1.1570226041108578 -0.74291567056869201 0.051888174199769807 0.043662393043763993 -4.7916632481884777e-17 -0.028035300167423338
19 0 1.1745532496276887 0.75417196860761171 0.046731722774520812 0.039323388784845634 -1.54332037136703e-17 0.025249257572264257
19 1 1.1921559953314942 0.72602670559671434 0.048699224558423862 0.043065301019968846 -2.6216788261143981e-17 0.022737509112725235
19 2 1.2090844421032965 0.69747079244094834 0.054546299554804265 0.048350031354070559 -1.471263933952668e-17 0.025250213131433833
19 3 1.225329014993489 0.66852038073609255 0.059557942633720676 0.050746597307404842 -1.1884201133400107e-17 0.031175814223234871
19 4 1.2408805258604243 0.63919184521143646 0.059282331045818537 0.045891347767842386 -1.139393078756903e-17 0.037528375588039627
19 5 1.2557301785673471 0.60950177446801812 0.052230821630626575 0.032912627316556212 -2.4980337343111909e-17 0.040556352046649931
19 6 1.2698695739576034 0.5794669615958955 0.038740464344771686 0.0079375769879555247 4.7683414394529881e-18 0.037918576571501272
19 7 1.2832907146053125 0.549104394675758 0.041188510892936452 -0.024274632058460633 3.2351792156142682e-17 0.033275150908807311
19 8 1.2959860093388151 0.51843124717024591 0.064963381230550996 -0.057974517057152647 -1.6224162953230192e-17 0.029312049960653053
19 9 1.3079482775343396 0.4874648682104164 0.095306580533506588 -0.091546800106548629 1.7885185053350876e-17 0.026505238788613217
19 10 1.3191707531774541 0.45622277278285073 0.11914701212859062 -0.11608405300972101 -6.850235900189725e-17 0.02684218947863241
19 11 1.3296470886900147 0.42472263182294923 0.13422491289532831 -0.1309363882581222 -5.0516354599386452e-17 0.02952946785292189
19 12 1.3393713585204365 0.39298226222001975 0.14177679143564231 -0.1384727151853222 -8.3971527742200902e-17 0.030429685160879703
19 13 1.3483380624952637 0.36101961673981514 0.13456615247418297 -0.1306205723374228 -1.0276511264248106e-18 0.032346800057334341
19 14 1.3565421289301376 0.32885277387021455 0.10908635150071465 -0.10284260143798286 -2.0107895335063148e-18 0.036376247926437857
19 15 1.3639789174984094 0.29649992759579469 0.078448650943335529 -0.067022277016640083 -9.2895879969797073e-18 0.04077015107077795
19 16 1.370644221855768 0.26397937710707753 0.055041796232859826 -0.027626441029980575 6.821649190128596e-17 0.047606502586901592
19 17 1.3765342720194027 0.23130951645026929 0.058241011162652331 0.017974146325584441 1.6587361221189083e-16 0.055398063550224148
19 18 1.3816457365003556 0.19850882412334761 0.079475121448888603 0.053759251827133966 2.7092727352670635e-17 0.058534073600787315
19 19 1.3859757241878543 0.16559585262438489 0.078366634659116349 0.05782542938139032 1.0132008129528169e-16 0.052891862745163887
19 20 1.3895217859845619 0.13258921795801315 0.054276712928738945 0.03633419022384516 8.9417395058851644e-17 0.04032106381441556
19 21 1.3922819161918185 0.099507589105968824 0.029823219828248423 0.01576710215229337 -5.6413759656549007e-17 0.025314480651263134
19 22 1.39425455364409 0.066369677467675789 0.016079445041702643 0.010766156328304199 1.1629688772483535e-16 0.011943133205472134
19 23 1.3954385825919846 0.033194226276833633 0.015946252064228058 0.015494551686149221 8.8993390904118536e-17 0.0037685306076968451
19 24 1.3958333333333333 8.547014119049235e-17 0.019128508606405543 0.019128508606405543 3.1370887936471777e-17 1.7310215514033374e-16
19 25 1.3954385825919846 -0.033194226276833466 0.015946252064227791 0.01549455168614897 5.5021248032977818e-17 -0.0037685306076967484
19 26 1.39425455364409 -0.066369677467675622 0.016079445041702622 0.010766156328304171 -3.727464597491165e-17 -0.011943133205472132
19 27 1.3922819161918185 -0.099507589105968672 0.029823219828248381 0.015767102152293364 6.58604629551051e-17 -0.025314480651263089
19 28 1.3895217859845619 -0.13258921795801298 0.054276712928738785 0.03633419022384507 8.685830981593006e-17 -0.040321063814415435
19 29 1.3859757241878543 -0.16559585262438475 0.078366634659115933 0.057825429381390098 7.5917093883235429e-17 -0.052891862745163526
19 30 1.3816457365003556 -0.19850882412334744 0.079475121448888755 0.053759251827133897 1.0761585967656351e-16 -0.058534073600787592
19 31 1.3765342720194027 -0.23130951645026912 0.058241011162652449 0.017974146325584753 5.6681229166669333e-17 -0.055398063550224169
19 32 1.370644221855768 -0.2639793771070777 0.055041796232859617 -0.027626441029980159 2.6945512184401474e-17 -0.047606502586901592
19 33 1.3639789174984094 -0.29649992759579452 0.078448650943335169 -0.067022277016639598 -2.9464083877118187e-17 -0.040770151070778061
19 34 1.3565421289301376 -0.32885277387021433 0.10908635150071427 -0.1028426014379825 1.5913428144133804e-17 -0.03637624792643776
19 35 1.3483380624952634 -0.36101961673981531 0.13456615247418277 -0.13062057233742252 -7.5126775001403964e-17 -0.032346800057334507
19 36 1.3393713585204365 -0.39298226222001964 0.14177679143564248 -0.13847271518532234 -5.528590386940919e-17 -0.030429685160879662
19 37 1.3296470886900147 -0.42472263182294911 0.13422491289532831 -0.13093638825812223 -6.8670326812278056e-17 -0.029529467852921789
19 38 1.3191707531774541 -0.45622277278285089 0.11914701212859059 -0.11608405300972102 -8.4269222387005022e-17 -0.026842189478632265
19 39 1.3079482775343396 -0.48746486821041624 0.095306580533506574 -0.091546800106548615 4.4963258633759705e-18 -0.026505238788613193
19 40 1.2959860093388151 -0.51843124717024569 0.06496338123055119 -0.057974517057152897 9.9368557103187522e-19 -0.029312049960653005
19 41 1.2832907146053123 -0.54910439467575811 0.041188510892936521 -0.024274632058460633 3.3573190234010443e-17 -0.033275150908807401
19 42 1.2698695739576034 -0.57946696159589539 0.038740464344771713 0.0079375769879553425 -1.5135979219186182e-17 -0.037918576571501335
19 43 1.2557301785673471 -0.60950177446801801 0.05223082163062652 0.032912627316556142 -1.3515001623952427e-17 -0.040556352046649938
19 44 1.2408805258604243 -0.63919184521143657 0.059282331045818572 0.045891347767842358 -1.5895782768811954e-17 -0.037528375588039703
19 45 1.225329014993489 -0.66852038073609266 0.059557942633720731 0.050746597307404856 -1.6438361730006738e-17 -0.031175814223234958
19 46 1.2090844421032969 -0.69747079244094778 0.054546299554804327 0.048350031354070615 -2.6054175581394292e-17 -0.025250213131433875
19 47 1.1921559953314944 -0.72602670559671434 0.048699224558423848 0.043065301019968819 -2.1389763919377062e-17 -0.022737509112725287
19 48 1.1745532496276889 -0.7541719686076116 0.046731722774520909 0.039323388784845717 -5.7424860339659425e-17 -0.025249257572264303
20 0 1.1920838951445201 0.76542826664653141 0.039109699056362669 0.032909676980497952 -4.8692204668098526e-17 0.02113106058196176
20 1 1.2099493683961435 0.73686292508323259 0.041745990586845985 0.038387116502549987 -3.6735545211493369e-17 0.016406005507029666
20 2 1.2271304785525996 0.70788080426842526 0.048697978463692011 0.045319787405954402 -2.8675460431023715e-17 0.017821615413012019
20 3 1.2436175077545859 0.67849829686648211 0.054881641007801518 0.049110730124113426 -1.3593217549323839e-17 0.024497565315469597
20 4 1.2594011307240129 0.64873202200563707 0.05663474673215458 0.045843498969619763 -1.2319017140129601e-17 0.033254595767168257
20 5 1.2744724200385016 0.61859881587798859 0.05266088549668356 0.034940558896921298 1.6062981200500302e-17 0.039399571130477928
20 6 1.2888228511808515 0.58811572221672981 0.041235202837947946 0.012522674980533633 -2.5237533986295801e-17 0.039287715184502997
20 7 1.3024443073606158 0.55729998265599323 0.039416498028165201 -0.016947494844622636 -1.155981972164496e-17 0.035587114736879706
20 8 1.3153290841050662 0.52616902697875712 0.057334541074857429 -0.048387259052025719 -1.3603090160124932e-17 0.030755857355903256
20 9 1.3274698936169418 0.4947404632583331 0.084733751967916368 -0.080614493526206185 -2.4854030922239388e-17 0.026098125527969092
20 10 1.3388598688965208 0.46303206789901274 0.10760393905997781 -0.10482533216855972 -5.9197739732014206e-17 0.024295214281305183
20 11 1.3494925676256866 0.43106177558150077 0.12251954428430153 -0.11994964372270424 -1.1923372683202351e-17 0.024962405782080407
20 12 1.3593619758117865 0.39884766911882608 0.12989283794338119 -0.12756443163882378 -1.712773039385866e-17 0.024483976998219557
20 13 1.368462511189223 0.36640796922846913 0.12242285177319899 -0.11970233060196189 -7.5016764966518056e-17 0.025665281700017799
20 14 1.3767890263768561 0.33376102422648646 0.096575382015691505 -0.091940764513004591 -6.2935826587600216e-18 0.029558420665539421
20 15 1.3843368117894306 0.3009252996494633 0.064055680176476476 -0.054978915042508326 4.7971205074629605e-17 0.032870185025638259
20 16 1.3911015983013766 0.26791936781016829 0.041025455249940015 -0.015636588234093366 1.3381041539534672e-17 0.037928684222659818
20 17 1.3970795596614836 0.23476189729281063 0.052153791428292538 0.027327518970220465 -2.5211019002229004e-17 0.044420993542221461
20 18 1.4022673146570774 0.20147164239384535 0.076954935967778901 0.061078198228628748 9.2256779488928581e-17 0.046813629115347213
20 19 1.4066619290264792 0.16806743251430112 0.075555795185103816 0.063312905750350049 8.2182707321528372e-17 0.041232925575329357
20 20 1.41026091711866 0.13456816150962531 0.048861502680501455 0.038179773261439016 6.4538186415819083e-17 0.030491824443639924
20 21 1.4130622432991591 0.10099277700307285 0.023558986949280908 0.014055741384961273 4.2229210468199041e-17 0.018906665496471742
20 22 1.4150643231014648 0.067360269668685885 0.013276016195226703 0.0089956284372606048 -3.3369901098354784e-17 0.0097637736062789783
20 23 1.4162660241232083 0.033689662489920703 0.017650227118944754 0.017183635831723078 1.4612041433375411e-17 0.0040315229074204175
20 24 1.4166666666666667 8.6745814939604187e-17 0.022738680430162056 0.022738680430162056 -5.8747457304711278e-17 8.7209643663055159e-17
20 25 1.4162660241232083 -0.033689662489920537 0.017650227118944782 0.017183635831723103 7.0325200767030341e-17 -0.0040315229074204366
20 26 1.4150643231014648 -0.067360269668685704 0.013276016195226521 0.0089956284372605562 1.5555859330071479e-16 -0.0097637736062787753
20 27 1.4130622432991591 -0.10099277700307269 0.023558986949280769 0.014055741384961072 -2.3349901011276989e-17 -0.018906665496471721
20 28 1.41026091711866 -0.13456816150962514 0.048861502680501476 0.038179773261438725 5.3470467283655771e-17 -0.030491824443640309
20 29 1.4066619290264792 -0.16806743251430095 0.075555795185103858 0.063312905750350146 6.181287021228132e-18 -0.04123292557532926
20 30 1.4022673146570774 -0.20147164239384519 0.07695493596777904 0.061078198228628922 1.2549056546898768e-16 -0.046813629115347206
20 31 1.3970795596614836 -0.23476189729281047 0.052153791428292511 0.027327518970220403 3.6398476607006423e-17 -0.044420993542221468
20 32 1.3911015983013766 -0.26791936781016845 0.041025455249940009 -0.01563658823409313 5.246186364563204e-18 -0.037928684222659902
20 33 1.3843368117894306 -0.30092529964946313 0.064055680176476615 -0.054978915042508271 8.31252392607996e-18 -0.032870185025638612
20 34 1.3767890263768561 -0.33376102422648624 0.096575382015691283 -0.091940764513004342 -2.2652305800079771e-17 -0.029558420665539414
20 35 1.3684625111892228 -0.3664079692284693 0.12242285177319877 -0.11970233060196168 -2.9273318742058697e-17 -0.025665281700017736
20 36 1.3593619758117865 -0.39884766911882591 0.12989283794338119 -0.12756443163882381 -6.0463375539492725e-17 -0.024483976998219355
20 37 1.3494925676256866 -0.43106177558150061 0.12251954428430172 -0.11994964372270443 -3.0389313710276927e-17 -0.024962405782080376
20 38 1.3388598688965208 -0.46303206789901291 0.10760393905997789 -0.10482533216855981 -3.4392237579205093e-17 -0.024295214281305232
20 39 1.3274698936169418 -0.49474046325833293 0.084733751967916549 -0.080614493526206407 2.9097710406678304e-18 -0.026098125527968995
20 40 1.3153290841050662 -0.52616902697875689 0.057334541074857449 -0.048387259052025795 1.9802630360768033e-17 -0.030755857355903176
20 41 1.3024443073606158 -0.55729998265599334 0.039416498028165291 -0.01694749484462273 -3.3627420454813442e-18 -0.035587114736879748
20 42 1.2888228511808515 -0.5881157222167297 0.041235202837947793 0.012522674980533367 -1.0515497083947913e-17 -0.039287715184502914
20 43 1.2744724200385018 -0.61859881587798848 0.052660885496683449 0.034940558896921166 1.3425326576233556e-17 -0.039399571130477914
20 44 1.2594011307240129 -0.64873202200563718 0.056634746732154545 0.045843498969619707 3.8179765322878118e-18 -0.033254595767168285
20 45 1.2436175077545859 -0.67849829686648222 0.054881641007801511 0.049110730124113391 -8.355695950233668e-18 -0.024497565315469649
20 46 1.2271304785525998 -0.7078808042684247 0.048697978463692122 0.045319787405954486 -2.5143644740014794e-17 -0.017821615413012117
20 47 1.2099493683961438 -0.73686292508323259 0.041745990586846082 0.03838711650255007 -4.6370039290301818e-17 -0.016406005507029746
20 48 1.1920838951445203 -0.76542826664653119 0.039109699056362725 0.032909676980498008 -3.6739211720294005e-17 -0.021131060581961784
21 0 1.2096145406613512 0.77668456468545088 0.041113805808587749 0.034596074662952947 -3.9574324730680939e-17 0.02221388408139488
21 1 1.2277427414607927 0.74769914456975062 0.042219803194820597 0.038276824728388774 -3.2860757798067665e-17 0.017815624337125809
21 2 1.2451765150019025 0.71829081609590206 0.045793772343999992 0.042264481371795858 -2.3509394953072514e-17 0.0176290442130939
21 3 1.2619060005156828 0.68847621299687156 0.048644710206994173 0.043656992286838128 5.4545790538396694e-18 0.02145634767590697
21 4 1.2779217355876011 0.65827219879983756 0.048316153280206622 0.039974368058792925 -5.5224820760960066e-18 0.027138543919978036
21 5 1.293214661509656 0.62769585728795896 0.043733558507846944 0.030826181985919104 -2.2763212811389469e-17 0.031022099283096051
21 6 1.3077761284040992 0.59676448283756411 0.031878987497643764 0.011501791753042022 -5.0700853660100076e-18 0.02973177812281973
21 7 1.321597900115919 0.56549557063622846 0.029662858535342618 -0.014207936401446013 1.4144227255817025e-17 0.026038811795091838
21 8 1.3346721588713173 0.53390680678726821 0.047696929195539292 -0.042345655092714179 3.2357712595072422e-17 0.021950912269269759
21 9 1.3469915096995437 0.50201605830624974 0.074085888363324151 -0.071668562956204648 -4.0477016963813481e-17 0.018770613692030941
21 10 1.3585489846155872 0.46984136301517465 0.094906144642410012 -0.093019662314771656 -2.8269900070506003e-17 0.018828667338181511
21 11 1.3693380465613585 0.43740091934005221 0.10820876768139404 -0.10622744849111761 -9.8899012230925469e-17 0.020612292211029358
21 12 1.3793525931031363 0.40471307601763234 0.11428659639258792 -0.11241287523412609 -5.9802698363913416e-17 0.020609987787456142
21 13 1.3885869598831819 0.37179632171712307 0.1051850257840465 -0.10301652999736295 -5.9566613389493961e-17 0.021248157484660787
21 14 1.3970359238235746 0.33866927458275831 0.078413911386265467 -0.074544905464861505 6.8328067473562187e-18 0.024326910369546643
21 15 1.4046947060804515 0.30535067170313185 0.045140692013677562 -0.036499328519277181 -2.9159622027787957e-17 0.026560894057158026
21 16 1.411558974746985 0.27185935851325899 0.029643934099969804 0.0040759601305737159 7.081022306991634e-17 0.029362380317973644
21 17 1.417624847303564 0.23821427813535195 0.0568912453143538 0.045559288067187016 -4.9749529378595899e-17 0.034072937417091803
21 18 1.4228888928137993 0.20443446066434307 0.084026513492277299 0.075969323375588607 2.1673928983441578e-17 0.035904273777965574
21 19 1.4273481338651037 0.17053901240421729 0.081455450923258496 0.075482331146417156 2.5359769417309774e-17 0.030617122167408153
21 20 1.4310000482527578 0.13654710506123743 0.05263769039165446 0.048092103563993772 1.4189402598417583e-16 0.021398037867004758
21 21 1.4338425704064997 0.10247796490017685 0.025805381890570047 0.021803122647624566 4.6259134351582657e-18 0.013803679847446527
21 22 1.4358740925588391 0.068350861869695967 0.018207832971963482 0.015714542471627516 1.5252529389517855e-16 0.0091966481090849234
21 23 1.4370934656544319 0.034185098703007774 0.026197383281646627 0.025683072953348027 -5.0064482245652787e-17 0.0051655255762121039
21 24 1.4375 8.8021488688716011e-17 0.032187018891950074 0.032187018891950074 2.6115486371432566e-16 1.0275343474566416e-16
21 25 1.4370934656544319 -0.034185098703007601 0.026197383281646856 0.025683072953348249 -1.1022877705698118e-16 -0.0051655255762121498
21 26 1.4358740925588391 -0.068350861869695786 0.018207832971963774 0.01571454247162779 1.551227012115438e-16 -0.0091966481090850379
21 27 1.4338425704064997 -0.1024779649001767 0.025805381890569572 0.021803122647624091 4.0705808043210306e-17 -0.013803679847446383
21 28 1.4310000482527578 -0.13654710506123727 0.05263769039165421 0.048092103563993495 3.3616202175524744e-17 -0.021398037867004775
21 29 1.4273481338651037 -0.17053901240421712 0.08145545092325833 0.075482331146416851 1.3563547102870889e-17 -0.030617122167408452
21 30 1.4228888928137993 -0.2044344606643429 0.084026513492277091 0.075969323375588343 1.2364426664973637e-16 -0.03590427377796563
21 31 1.417624847303564 -0.23821427813535179 0.056891245314353661 0.045559288067187106 7.7884343740433893e-17 -0.034072937417091442
21 32 1.411558974746985 -0.27185935851325915 0.029643934099969672 0.0040759601305737636 6.6841725311030231e-17 -0.029362380317973506
21 33 1.4046947060804515 -0.30535067170313168 0.045140692013677833 -0.036499328519277556 -1.9040707114790702e-17 -0.026560894057157971
21 34 1.3970359238235746 -0.33866927458275808 0.078413911386265259 -0.074544905464861297 7.1628365087129937e-17 -0.024326910369546609
21 35 1.3885869598831819 -0.37179632171712323 0.10518502578404651 -0.10301652999736291 -5.2994893837980923e-17 -0.021248157484660968
21 36 1.3793525931031363 -0.40471307601763218 0.11428659639258791 -0.11241287523412608 -1.3666473099258631e-17 -0.020609987787456128
21 37 1.3693380465613585 -0.4374009193400521 0.10820876768139398 -0.10622744849111755 -5.2158744889642733e-17 -0.020612292211029355
21 38 1.3585489846155872 -0.46984136301517482 0.094906144642409943 -0.093019662314771559 -2.0721437393190477e-17 -0.018828667338181577
21 39 1.3469915096995437 -0.50201605830624962 0.074085888363324276 -0.071668562956204801 -1.8944559383393084e-17 -0.018770613692030869
21 40 1.3346721588713173 -0.53390680678726798 0.047696929195539348 -0.042345655092714242 -1.4875059533844875e-17 -0.021950912269269759
21 41 1.3215979001159188 -0.56549557063622846 0.029662858535342548 -0.014207936401446065 -1.5768802054545871e-17 -0.026038811795091727
21 42 1.3077761284040992 -0.59676448283756389 0.031878987497643688 0.011501791753041885 -2.6152447644553787e-18 -0.029731778122819699
21 43 1.2932146615096562 -0.62769585728795885 0.043733558507846909 0.030826181985919018 -4.4623581489969904e-17 -0.031022099283096089
21 44 1.2779217355876011 -0.65827219879983767 0.048316153280206602 0.039974368058792877 -3.5493933833654883e-18 -0.027138543919978067
21 45 1.2619060005156828 -0.68847621299687156 0.04864471020699427 0.043656992286838191 -6.08875910678375e-18 -0.021456347675907077
21 46 1.2451765150019027 -0.71829081609590151 0.045793772344000082 0.042264481371795906 -1.4335612090909243e-17 -0.017629044213094008
21 47 1.2277427414607929 -0.74769914456975062 0.042219803194820639 0.038276824728388788 -2.9275514990982782e-17 -0.017815624337125864
21 48 1.2096145406613514 -0.77668456468545077 0.041113805808587783 0.034596074662952982 -4.247882796227271e-17 -0.022213884081394894
22 0 1.2271451861781824 0.78794086272437047 0.028996330456121606 0.024399570744727851 -4.3792928899237792e-17 0.015666784207157072
22 1 1.2455361145254418 0.75853536405626876 0.031067132959216141 0.028307335439417203 -4.1249898314284153e-17 0.012800840231247662
22 2 1.2632225514512054 0.72870082792337887 0.037285173352500499 0.034379212267586001 -4.7700864488086639e-17 0.014431005362977216
22 3 1.2801944932767795 0.6984541291272609 0.044105014328979127 0.039295390818540506 -2.8325751657195926e-17 0.020028094002615841
22 4 1.2964423404511896 0.66781237559403805 0.048541953978667389 0.04012422585224544 -1.3596260744347769e-17 0.027319732718770522
22 5 1.3119569029808105 0.63679289869792932 0.04808888353178583 0.035336308889672936 -1.9866775202916042e-17 0.032617265265305173
22 6 1.3267294056273469 0.60541324345839831 0.037592187656937996 0.019618333876429268 -2.465448371849362e-17 0.032067016523951671
22 7 1.3407514928712221 0.57369115861646358 0.028296587852585705 -0.0036269218054471603 2.8879678330490645e-17 0.028063184464993861
22 8 1.3540152336375681 0.5416445865957793 0.038408936471680845 -0.031116151920534425 -1.8180123523199707e-17 0.02251735975961295
22 9 1.3665131257821457 0.50929165335416637 0.063487592062691819 -0.061083334896727577 2.9955426274948232e-18 0.017306084011497025
22 10 1.3782381003346535 0.47665065813133656 0.085358739494553068 -0.083844630352457705 -1.0216401739524187e-17 0.0160060104073033
22 11 1.3891835254970302 0.4437400630986037 0.10039712159029086 -0.098946738378695429 -1.7091229987582702e-17 0.017003675715375401
22 12 1.3993432103944861 0.41057848291643856 0.10762627683560244 -0.10633370034948367 3.781807642266792e-17 0.016630082245134944
22 13 1.4087114085771411 0.377184674205777 0.098445324461182551 -0.096945137959162875 -1.6117010190756701e-17 0.017120809979273347
22 14 1.417282821270293 0.34357752493903015 0.071266045049873161 -0.068499748253935178 1.4706353026884086e-16 0.019663002471597659
22 15 1.4250526003714725 0.3097760437568004 0.036983716583780545 -0.030553789304246615 7.7704531772040163e-17 0.020838935949349938
22 16 1.4320163511925934 0.27579934921634969 0.024199846276775253 0.010828677370196754 6.0724379551763611e-18 0.021641910872927599
22 17 1.4381701349456446 0.24166665897789327 0.057963490103304642 0.052145409136942267 7.8160891623324501e-17 0.025310521347787236
22 18 1.4435104709705209 0.20739727893484078 0.085258828871994707 0.08063723056648818 6.094026610775461e-17 0.027689437466136849
22 19 1.4480343387037284 0.17301059229413349 0.081578641232477669 0.078276841409381584 1.4417592620863376e-16 0.022974133374467694
22 20 1.4517391793868557 0.13852604861284956 0.051931677461372013 0.049760664321440502 6.6954464543557567e-17 0.01485851305618742
22 21 1.4546228975138402 0.10396315279728086 0.024470626237587681 0.022194644271565252 1.9064016962041273e-16 0.010305790319931332
22 22 1.4566838620162135 0.069341454070706049 0.017951365402579994 0.015373728087607775 1.5928727573874373e-16 0.0092682255316347256
22 23 1.4579209071856554 0.034680534916094838 0.025740271355447649 0.024786788751534748 8.4795774947446002e-17 0.0069409417832790865
22 24 1.4583333333333333 8.9297162437827835e-17 0.030843084400247613 0.030843084400247613 1.0410412019792512e-16 1.6333063341218128e-16
22 25 1.4579209071856554 -0.034680534916094664 0.025740271355447649 0.024786788751534734 1.3714616397436944e-16 -0.0069409417832791203
22 26 1.4566838620162135 -0.069341454070705869 0.017951365402580202 0.015373728087607959 5.5760499446025253e-17 -0.0092682255316348244
22 27 1.4546228975138402 -0.1039631527972807 0.024470626237587313 0.022194644271564846 1.5391312402154483e-16 -0.010305790319931335
22 28 1.4517391793868557 -0.1385260486128494 0.05193167746137152 0.049760664321440023 1.2735497810906031e-16 -0.014858513056187296
22 29 1.4480343387037284 -0.17301059229413332 0.081578641232477614 0.078276841409381487 1.2140307716163337e-16 -0.022974133374467787
22 30 1.4435104709705209 -0.20739727893484061 0.085258828871994194 0.080637230566487708 5.5817843899830528e-17 -0.027689437466136668
22 31 1.4381701349456446 -0.24166665897789311 0.057963490103305169 0.052145409136942836 1.044937236664938e-16 -0.025310521347787274
22 32 1.4320163511925934 -0.27579934921634985 0.024199846276775388 0.010828677370197031 2.1499322140627272e-17 -0.021641910872927612
22 33 1.4250526003714725 -0.30977604375680023 0.036983716583780427 -0.030553789304246404 9.7866102854151782e-17 -0.020838935949350035
22 34 1.417282821270293 -0.34357752493902993 0.071266045049873064 -0.068499748253935025 5.158295774818159e-17 -0.019663002471597819
22 35 1.4087114085771408 -0.37718467420577717 0.098445324461182468 -0.096945137959162805 2.8848327924635321e-18 -0.017120809979273292
22 36 1.3993432103944861 -0.41057848291643839 0.10762627683560211 -0.10633370034948333 -6.9048826316800628e-17 -0.016630082245134847
22 37 1.3891835254970302 -0.44374006309860353 0.10039712159029093 -0.098946738378695526 1.7328272092013678e-17 -0.017003675715375293
22 38 1.3782381003346535 -0.47665065813133672 0.085358739494552971 -0.083844630352457608 -5.0803938938915794e-17 -0.016006010407303223
22 39 1.3665131257821457 -0.50929165335416626 0.063487592062691847 -0.061083334896727612 1.549656732037474e-17 -0.017306084011497018
22 40 1.3540152336375681 -0.54164458659577919 0.038408936471680935 -0.031116151920534567 -6.4206240800872347e-18 -0.022517359759612911
22 41 1.3407514928712219 -0.57369115861646369 0.028296587852585712 -0.0036269218054472861 -1.1993582905831674e-18 -0.02806318446499385
22 42 1.3267294056273469 -0.6054132434583982 0.037592187656937913 0.019618333876429136 -1.17019716585855e-17 -0.03206701652395165
22 43 1.3119569029808105 -0.63679289869792921 0.048088883531785864 0.035336308889672978 -1.747503161686068e-18 -0.032617265265305187
22 44 1.2964423404511896 -0.66781237559403828 0.048541953978667424 0.040124225852245447 -1.4856843825721323e-17 -0.027319732718770594
22 45 1.2801944932767795 -0.69845412912726101 0.044105014328979134 0.039295390818540506 -1.1990920296305951e-17 -0.020028094002615852
22 46 1.2632225514512057 -0.72870082792337831 0.037285173352500534 0.034379212267586015 -2.4841115931498303e-17 -0.01443100536297727
22 47 1.245536114525442 -0.75853536405626876 0.031067132959216186 0.028307335439417242 -2.9699083228636582e-17 -0.012800840231247692
22 48 1.2271451861781826 -0.78794086272437025 0.028996330456121631 0.024399570744727875 -4.3163680480386282e-17 -0.015666784207157083
23 0 1.2446758316950137 0.79919716076329006 0.028858760395554673 0.024283809530382512 -4.5704815100569089e-17 0.015592454786214339
23 1 1.2633294875900911 0.7693715835427869 0.030190803802700738 0.027682096312548633 -2.85954084602099e-17 0.012049322719387615
23 2 1.2812685879005083 0.73911083975085579 0.034441777615877689 0.032358180216457713 -1.6153370842506659e-17 0.011797636136990246
23 3 1.2984829860378766 0.70843204525765047 0.038946390662557243 0.036013455848526991 -2.0289752136370989e-17 0.014827418638681618
23 4 1.3149629453147782 0.67735255238823866 0.041605676074031234 0.036643369638568124 -1.3658548866074817e-17 0.019705221214400988
23 5 1.3306991444519649 0.64588994010789991 0.040466068464047315 0.032821453169782869 -2.7749393324376335e-17 0.023669704450218956
23 6 1.3456826828505948 0.61406200407923262 0.030123963982204103 0.019197406275237354 -5.6396339077182472e-17 0.023214495435064007
23 7 1.3599050856265253 0.58188674659669881 0.020686530484066989 -0.0017063446165443011 -6.2750184776436753e-18 0.020616035785713582
23 8 1.3733583084038192 0.5493823664042905 0.032318032915847207 -0.027335458070945264 1.7514870031362242e-17 0.017240301145901631
23 9 1.3860347418647481 0.51656724840208312 0.057528913428042477 -0.055692663012890081 1.2056676543383421e-17 0.014418847621910398
23 10 1.3979272160537202 0.48345995324749858 0.079117547897607304 -0.077622031598649693 -1.9052736169520426e-17 0.015310342773054248
23 11 1.4090290044327023 0.45007920685715525 0.093433091943591062 -0.091798557051289226 -2.5203925473401029e-17 0.017400218200951899
23 12 1.4193338276858358 0.41644388981524488 0.099809863006889404 -0.098399821255280129 -3.1258659985523203e-17 0.01671777288944162
23 13 1.4288358572711004 0.382573026694431 0.090488969160697597 -0.088930687604499278 -7.7845309239551514e-17 0.016720835563949581
23 14 1.4375297187170115 0.348485775295302 0.062564184602927952 -0.05980931303730181 1.8173262364809558e-18 0.018360916889831165
23 15 1.4454104946624937 0.31420141581046901 0.028442676000901546 -0.022339707759266209 -8.0026274861016842e-18 0.017604637892408976
23 16 1.452473727638202 0.27973933991944039 0.02493918613952634 0.018955259452273849 1.1200730392166899e-16 0.016206824007155923
23 17 1.4587154225877255 0.24511903982043462 0.063347135549626676 0.06073291541555921 6.112294019309245e-17 0.018010346122973475
23 18 1.4641320491272427 0.21036009720533852 0.091720912404897728 0.089592493130759246 1.466875666423643e-16 0.01964461623452542
23 19 1.4687205435423532 0.17548217218404968 0.08864539415016856 0.087270959129961787 6.5601071484848921e-17 0.01554945647202109
23 20 1.4724783105209538 0.14050499216446172 0.059603401045573073 0.058947194917751876 8.6791689587603344e-17 0.00882006958747991
23 21 1.475403224621181 0.10544834069438488 0.031716562717572956 0.031116727645636437 1.5693744698945137e-16 0.0061391865295838434
23 22 1.477493631473588 0.070332046271716131 0.024107740313600537 0.022933315173113689 1.4328013251640844e-16 0.007432778632425017
23 23 1.4787483487168793 0.035175971129181915 0.03047575596514596 0.02971420508012278 3.4869777460134659e-17 0.0067703558328595292
23 24 1.4791666666666667 9.0572836186939672e-17 0.034402547516404661 0.034402547516404661 -1.7410123234662514e-17 2.3037782873211209e-16
23 25 1.4787483487168793 -0.035175971129181735 0.03047575596514596 0.029714205080122777 1.285770508536167e-16 -0.0067703558328595492
23 26 1.477493631473588 -0.070332046271715964 0.024107740313600599 0.022933315173113766 6.3714305844441782e-17 -0.0074327786324249936
23 27 1.475403224621181 -0.10544834069438472 0.03171656271757315 0.031116727645636631 1.1719141396577858e-16 -0.0061391865295838755
23 28 1.4724783105209538 -0.14050499216446155 0.05960340104557315 0.058947194917751973 3.9578999723807752e-18 -0.008820069587479773
23 29 1.4687205435423532 -0.17548217218404952 0.088645394150168408 0.087270959129961675 4.0492546624723675e-17 -0.015549456472020825
23 30 1.4641320491272427 -0.21036009720533838 0.09172091240489752 0.08959249313075901 3.4790542682834232e-17 -0.019644616234525545
23 31 1.4587154225877255 -0.24511903982043448 0.063347135549627065 0.060732915415559592 6.0530211187293711e-17 -0.018010346122973565
23 32 1.452473727638202 -0.27973933991944055 0.024939186139526375 0.018955259452273825 1.0327296957977468e-16 -0.01620682400715601
23 33 1.4454104946624937 -0.31420141581046884 0.028442676000901352 -0.022339707759266008 -8.5947051987540718e-17 -0.01760463789240892
23 34 1.4375297187170115 -0.34848577529530184 0.062564184602927772 -0.059809313037301602 3.0942780797266843e-17 -0.018360916889831224
23 35 1.4288358572711002 -0.38257302669443116 0.09048896916069761 -0.08893068760449932 -5.3481029624527694e-17 -0.016720835563949404
23 36 1.4193338276858358 -0.41644388981524472 0.099809863006889585 -0.098399821255280337 -7.7530340710001892e-18 -0.016717772889441571
23 37 1.4090290044327023 -0.45007920685715508 0.093433091943590979 -0.091798557051289142 2.3930459345534719e-17 -0.017400218200951913
23 38 1.3979272160537202 -0.48345995324749874 0.079117547897607277 -0.077622031598649707 4.7749132039816843e-18 -0.015310342773054011
23 39 1.3860347418647481 -0.5165672484020829 0.057528913428042561 -0.055692663012890151 -2.6775273670902424e-18 -0.014418847621910471
23 40 1.3733583084038192 -0.54938236640429028 0.032318032915847159 -0.027335458070945302 1.0305514400868632e-17 -0.017240301145901468
23 41 1.3599050856265251 -0.58188674659669892 0.020686530484066948 -0.0017063446165443892 -3.300154640177725e-17 -0.020616035785713534
23 42 1.3456826828505948 -0.6140620040792325 0.030123963982204054 0.019197406275237233 -1.5803628709099373e-17 -0.023214495435064042
23 43 1.3306991444519651 -0.64588994010789968 0.040466068464047336 0.03282145316978289 -5.0410212728471962e-19 -0.023669704450218963
23 44 1.3149629453147782 -0.67735255238823888 0.04160567607403122 0.036643369638568103 -1.3578886135190999e-17 -0.019705221214401016
23 45 1.2984829860378766 -0.70843204525765047 0.038946390662557298 0.036013455848527026 -1.346683948301826e-17 -0.014827418638681681
23 46 1.2812685879005088 -0.73911083975085523 0.034441777615877751 0.032358180216457776 -2.1577507411734871e-17 -0.01179763613699026
23 47 1.2633294875900913 -0.7693715835427869 0.030190803802700752 0.027682096312548646 -2.9231218850504416e-17 -0.012049322719387634
23 48 1.2446758316950137 -0.79919716076328995 0.028858760395554729 0.024283809530382561 -3.2380980585982444e-17 -0.015592454786214367
24 0 1.2622064772118446 0.81045345880220965 0.01958739051520338 0.01648222078664504 -3.9438613324814575e-17 0.010583112261304116
24 1 1.2811228606547402 0.78020780302930504 0.021327924698186344 0.018808875672020296 -2.8101007556594207e-17 0.010055176173791791
24 2 1.2993146243498113 0.74952085157833248 0.027165568675121567 0.024235190084039022 -3.0139958531567586e-17 0.012272884055235056
24 3 1.3167714787989733 0.71840996138803981 0.034933055330103199 0.030687919328299701 -2.1517849431097771e-17 0.016690415273318431
24 4 1.3334835501783666 0.68689272918243915 0.042045709589248241 0.035852548154801635 -3.6829274379843372e-17 0.021964436839378133
24 5 1.3494413859231194 0.65498698151787027 0.045046742381814039 0.037013772205268324 -2.2199793410092494e-17 0.025674689216230596
24 6 1.3646359600738425 0.62271076470006692 0.036935465447210949 0.027650689683681676 -2.831595910320824e-17 0.024488118911399737
24 7 1.3790586783818286 0.59008233457693404 0.022466252207400682 0.0090684017174283982 7.4012217124774768e-18 0.020554721563131862
24 8 1.3927013831700701 0.55712014621280159 0.0225665278834471 -0.016598368329050615 -4.1355217273971512e-17 0.015288634652171031
24 9 1.40555635794735 0.52384284344999976 0.048026498411193101 -0.046787402016457223 -1.4871381887874216e-17 0.010838983448218212
24 10 1.4176163317727866 0.49026924836366048 0.072058845788001077 -0.071178987156473569 -2.3611348124801658e-17 0.011226265793998024
24 11 1.428874483368374 0.45641835061570668 0.088317650596761291 -0.08728927852226892 9.3522612919014409e-18 0.013438350419354763
24 12 1.4393244449771856 0.42230929671405115 0.096368572930218513 -0.095449139551252449 4.4120311860384764e-17 0.013280196065283793
24 13 1.4489603059650595 0.38796137918308493 0.088701874907883241 -0.087623559171671028 3.1968020167528853e-17 0.013788926363659875
24 14 1.45777661616373 0.35339402565157385 0.061642520160538693 -0.059834634547674959 7.9354692091852258e-17 0.014819473684601715
24 15 1.4657683889535147 0.31862678786413756 0.027416950018552572 -0.024335840008867952 4.420498645033703e-17 0.012627590402867511
24 16 1.4729311040838104 0.28367933062253109 0.018725112622234596 0.015581720655976882 6.9684705630729419e-17 0.010384595520022565
24 17 1.4792607102298061 0.24857142066297594 0.058792015654077316 0.057808031300607715 6.6345123169988243e-17 0.010711331467993654
24 18 1.4847536272839643 0.21332291547583626 0.088309741975948305 0.087649596229663965 1.1024027651837447e-16 0.010777699598497009
24 19 1.4894067483809779 0.17795375207396585 0.085849769146424823 0.085582507192081131 1.6153571717888837e-16 0.006768849622485181
24 20 1.4932174416550517 0.14248393571607385 0.059165871354840437 0.059140129030723666 1.3569529189779108e-16 0.0017451279055941654
24 21 1.4961835517285214 0.10693352859148889 0.032699371028053231 0.032690231452967677 1.2816288901987974e-16 0.00077306738496061905
24 22 1.4983034009309626 0.071322638472726213 0.022872913533718012 0.022616575722780172 9.3389896706588754e-17 0.0034147732130686151
24 23 1.4995757902481028 0.035671407342268979 0.026071619385355519 0.025704554282587437 1.6383735639882472e-16 0.0043594984239429865
24 24 1.5 9.1848509936051484e-17 0.028962019519472939 0.028962019519472939 1.8632061826533074e-16 -9.7537027638612114e-17
24 25 1.4995757902481028 -0.035671407342268799 0.026071619385355509 0.025704554282587416 1.4822043038381588e-16 -0.004359498423943068
24 26 1.4983034009309626 -0.071322638472726047 0.022872913533718189 0.022616575722780332 1.2404387219722183e-16 -0.0034147732130687426
24 27 1.4961835517285214 -0.10693352859148872 0.032699371028052683 0.032690231452967129 1.0087801109003184e-16 -0.00077306738496046282
24 28 1.4932174416550517 -0.14248393571607365 0.059165871354840228 0.059140129030723465 8.3626893166386005e-17 -0.0017451279055941532
24 29 1.4894067483809779 -0.17795375207396569 0.085849769146424851 0.085582507192081173 8.968130529464217e-17 -0.0067688496224849832
24 30 1.4847536272839643 -0.21332291547583609 0.088309741975948347 0.08764959622966402 4.7487620772093561e-17 -0.010777699598496972
24 31 1.4792607102298061 -0.24857142066297577 0.058792015654077066 0.057808031300607507 7.1401768824768386e-17 -0.010711331467993404
24 32 1.4729311040838104 -0.28367933062253126 0.018725112622234828 0.015581720655977273 -6.5005845294664561e-17 -0.010384595520022402
24 33 1.4657683889535147 -0.3186267878641374 0.027416950018552468 -0.024335840008867814 1.1645815184344885e-16 -0.012627590402867551
24 34 1.45777661616373 -0.35339402565157363 0.061642520160538485 -0.059834634547674771 6.6624912733497357e-17 -0.014819473684601531
24 35 1.4489603059650593 -0.38796137918308515 0.088701874907883199 -0.087623559171670973 7.2296930537135067e-17 -0.01378892636365988
24 36 1.4393244449771856 -0.42230929671405093 0.096368572930218555 -0.095449139551252463 -1.3422696808563143e-17 -0.01328019606528397
24 37 1.428874483368374 -0.45641835061570651 0.088317650596761318 -0.087289278522268948 6.0819784742449767e-17 -0.013438350419354719
24 38 1.4176163317727866 -0.4902692483636607 0.072058845788001244 -0.07117898715647375 -4.1246297950369368e-17 -0.01122626579399805
24 39 1.40555635794735 -0.52384284344999954 0.048026498411193101 -0.046787402016457251 -5.1101548578933589e-18 -0.010838983448218075
24 40 1.3927013831700701 -0.55712014621280148 0.02256652788344703 -0.016598368329050699 -3.2897548764977861e-17 -0.015288634652170837
24 41 1.3790586783818284 -0.59008233457693415 0.022466252207400637 0.0090684017174283878 -3.3400530617694379e-17 -0.02055472156313181
24 42 1.3646359600738425 -0.6227107647000667 0.036935465447210845 0.027650689683681645 -2.8316935334145e-17 -0.024488118911399622
24 43 1.3494413859231194 -0.65498698151787005 0.045046742381814081 0.037013772205268324 -2.7010760069395739e-17 -0.025674689216230649
24 44 1.3334835501783666 -0.68689272918243938 0.04204570958924829 0.035852548154801635 -2.6081316821487491e-17 -0.021964436839378234
24 45 1.3167714787989733 -0.71840996138803992 0.034933055330103206 0.03068791932829967 -3.5257960428266561e-17 -0.016690415273318503
24 46 1.2993146243498117 -0.74952085157833204 0.027165568675121606 0.024235190084039043 -1.7882591526186316e-17 -0.012272884055235101
24 47 1.2811228606547402 -0.78020780302930504 0.021327924698186406 0.018808875672020334 -2.7673931650029472e-17 -0.010055176173791851
24 48 1.2622064772118449 -0.81045345880220943 0.019587390515203435 0.016482220786645088 -2.9184032920059565e-17 -0.010583112261304144
25 0 1.2797371227286758 0.82170975684112924 0.010901909256701958 0.0091736403185233191 -2.6132883345721491e-17 0.0058903267097612858
25 1 1.2989162337193894 0.79104402251582318 0.013268437423298498 0.012384079612878194 -2.8188299070725021e-17 0.0047629826577348256
25 2 1.3173606607991142 0.75993086340580929 0.020443556861302951 0.019477568032859806 -1.9247056569966693e-17 0.0062099404720693391
25 3 1.3350599715600699 0.72838787751842926 0.02991623084961666 0.028340566036609383 -2.1154782149550417e-17 0.0095808760023360154
25 4 1.3520041550419548 0.69643290597663965 0.03910177810648803 0.036497502355024976 -3.9165778865810438e-17 0.014031442296997583
25 5 1.3681836273942736 0.66408402292784063 0.044301579322986145 0.040549874583028778 -4.0660555469998646e-17 0.017842017873869277
25 6 1.3835892372970904 0.63135952532090112 0.038161863978260373 0.033578663613861991 -3.3197964559743605e-17 0.018132876556198881
25 7 1.3982122711371316 0.59827792255716916 0.023660493284363239 0.016688550653122504 -2.8806760915835283e-17 0.01677233494649932
25 8 1.4120444579363209 0.56485792602131268 0.016617679061311282 -0.0087751584220200716 3.8681764773941707e-18 0.014111833759408929
25 9 1.425077974029952 0.5311184384979164 0.041550088621338466 -0.03986972107013273 6.6115219218578268e-18 0.011696803248362123
25 10 1.437305447491853 0.49707854347982244 0.066493005294690946 -0.065188476527056879 6.292729415528444e-17 0.013106573968858186
25 11 1.4487199623040459 0.46275749437425812 0.084667326961424705 -0.083343651027029772 -8.2214656064611252e-18 0.014912816242329046
25 12 1.4593150622685354 0.42817470361285737 0.094262331926675449 -0.093174567895580165 2.5052130282739776e-17 0.014278904640295785
25 13 1.4690847546590187 0.39334973167173892 0.088023991800091558 -0.086805541334819214 4.3516603037584291e-19 0.014595243265926757
25 14 1.4780235136104485 0.3583022760078457 0.0632919584493567 -0.061508708993531044 1.2391842360487182e-17 0.014918134008789698
25 15 1.4861262832445357 0.32305215991780611 0.029899643929763031 -0.02772775588371202 -8.4110194980377395e-17 0.011187504671725888
25 16 1.4933884805294189 0.28761932132562179 0.013494920037943225 0.011455752324417869 -2.1647474338443538e-17 0.0071329240506314224
25 17 1.4998059978718865 0.25202380150551729 0.054201557905846354 0.053988724357551934 1.6178865187219039e-17 0.0047985958013875502
25 18 1.5053752054406859 0.21628573374633397 0.08466365425263303 0.084625760099431985 5.9125939304744001e-17 0.0025328006243626575
25 19 1.5100929532196026 0.18042533196388205 0.083673939572198569 0.083654250708801559 2.331928462188746e-17 -0.0018150762741306415
25 20 1.5139565727891495 0.14446287926768597 0.058965701180953768 0.058684683495351588 4.6496416478895623e-17 -0.005749942505098719
25 21 1.5169638788358619 0.1084187164885929 0.033585496267025117 0.033169830901246443 2.2749066662096115e-16 -0.0052676254123727069
25 22 1.5191131703883369 0.072313230673736309 0.022562074658591141 0.022522635559339876 5.9642960970167571e-17 -0.0013334542965544168
25 23 1.5204032317793263 0.03616684355535605 0.023111995875683009 0.023047965521273722 1.6706550826641544e-16 0.0017191971055600921
25 24 1.5208333333333333 9.3124183685163309e-17 0.024440009174406193 0.024440009174406193 -2.3073799476286349e-18 2.4858313094749567e-17
25 25 1.5204032317793263 -0.036166843555355863 0.023111995875682915 0.023047965521273615 1.3715189656177543e-16 -0.0017191971055602459
25 26 1.5191131703883369 -0.072313230673736129 0.02256207465859145 0.022522635559340202 9.366344792749505e-18 0.0013334542965541634
25 27 1.5169638788358619 -0.10841871648859273 0.03358549626702511 0.033169830901246429 8.0337191361213884e-17 0.0052676254123727277
25 28 1.5139565727891495 -0.14446287926768578 0.058965701180953747 0.058684683495351539 6.580577120240817e-17 0.0057499425050990339
25 29 1.5100929532196026 -0.18042533196388189 0.083673939572198527 0.083654250708801517 1.0830267706490458e-16 0.0018150762741303487
25 30 1.5053752054406859 -0.21628573374633378 0.08466365425263285 0.084625760099431804 -1.4339979184919204e-17 -0.0025328006243624853
25 31 1.4998059978718865 -0.25202380150551712 0.054201557905846229 0.053988724357551809 1.3218543545703614e-17 -0.0047985958013874548
25 32 1.4933884805294189 -0.28761932132562196 0.013494920037943199 0.011455752324417824 8.1927908831657262e-17 -0.0071329240506314466
25 33 1.4861262832445357 -0.32305215991780595 0.029899643929762753 -0.027727755883711704 9.530023917452883e-18 -0.011187504671725919
25 34 1.4780235136104485 -0.35830227600784548 0.063291958449356575 -0.061508708993530878 1.1505239594553801e-17 -0.014918134008789871
25 35 1.4690847546590184 -0.39334973167173909 0.088023991800091517 -0.086805541334819172 -4.8231959245586427e-17 -0.014595243265926677
25 36 1.4593150622685354 -0.4281747036128572 0.094262331926675491 -0.093174567895580193 -1.6977508246422327e-18 -0.01427890464029581
25 37 1.4487199623040459 -0.46275749437425795 0.084667326961424733 -0.083343651027029814 -2.2728688333925543e-17 -0.014912816242328999
25 38 1.437305447491853 -0.49707854347982261 0.06649300529469096 -0.065188476527056935 6.6546152025254602e-17 -0.013106573968858037
25 39 1.425077974029952 -0.53111843849791618 0.04155008862133848 -0.039869721070132744 1.9379362426281868e-17 -0.011696803248362121
25 40 1.4120444579363209 -0.56485792602131257 0.016617679061311286 -0.0087751584220201687 1.6801134459476701e-17 -0.014111833759408872
25 41 1.3982122711371314 -0.59827792255716927 0.023660493284363232 0.016688550653122511 -2.8090452557255989e-17 -0.016772334946499302
25 42 1.3835892372970904 -0.63135952532090089 0.038161863978260324 0.03357866361386197 -3.1750391424347802e-17 -0.018132876556198833
25 43 1.3681836273942738 -0.66408402292784041 0.044301579322986166 0.040549874583028771 -2.4129927785612592e-17 -0.017842017873869336
25 44 1.3520041550419548 -0.69643290597663987 0.039101778106488017 0.036497502355024962 -1.6104126169759536e-17 -0.014031442296997588
25 45 1.3350599715600699 -0.72838787751842937 0.029916230849616702 0.028340566036609414 -2.7632430524603662e-17 -0.0095808760023360449
25 46 1.3173606607991144 -0.75993086340580884 0.020443556861303037 0.019477568032859903 -1.7854524246398335e-17 -0.0062099404720693209
25 47 1.2989162337193894 -0.79104402251582318 0.013268437423298538 0.012384079612878228 -3.0185293415643456e-17 -0.0047629826577348568
25 48 1.279737122728676 -0.82170975684112901 0.010901909256701951 0.0091736403185233156 -1.7693069162021946e-17 -0.0058903267097612805
26 0 1.2972677682455072 0.83296605488004882 0.0072504978691343407 0.0061010835822880288 -2.2425079502199849e-17 0.003917460717385318
26 1 1.3167096067840385 0.80188024200234131 0.0096109205748003551 0.0083766346744826373 -2.040348694461165e-17 0.0047118771021086615
26 2 1.3354066972484171 0.7703408752332862 0.017077109316254016 0.015385174618009459 -2.640187644774803e-17 0.0074110771533325206
26 3 1.3533484643211671 0.73836579364881871 0.027803503843930766 0.025519155329913029 -3.2919532929241706e-17 0.01103664519893814
26 4 1.3705247599055435 0.70597308277084025 0.03940528761445955 0.036465083756436097 -2.0413112258952268e-17 0.014935674026115444
26 5 1.3869258688654282 0.67318106433781111 0.047258631405141825 0.043817676034809898 -3.0443169844788989e-17 0.01770281077104717
26 6 1.4025425145203383 0.64000828594173542 0.043354111965491396 0.039970681804654025 -2.3251591371210107e-17 0.016790581299867609
26 7 1.4173658638924349 0.60647351053740439 0.028645972213171798 0.024914227653495116 -2.7591935554003041e-17 0.014137644233309524
26 8 1.4313875327025722 0.57259570582982389 0.010199162016665941 -0.0010981192586158013 -1.1922072606715514e-17 0.010139873763319658
26 9 1.4445995901125543 0.53839403354583304 0.034458685403085727 -0.033749854077734523 3.9038824681760435e-18 0.006953297738516594
26 10 1.4569945632109196 0.50388783859598441 0.061308286172502426 -0.060698976266106798 2.8914820235326036e-18 0.0086220782677992117
26 11 1.4685654412397178 0.46909663813280966 0.081967688793034718 -0.081273454549298935 7.9261265571549299e-17 0.010645543278519385
26 12 1.4793056795598853 0.43404011051166369 0.09334550982543105 -0.092756681964225887 5.0187120857226601e-17 0.01046814957655358
26 13 1.4892092033529778 0.39873808416039291 0.089419550559788216 -0.08878404656871354 -4.0083199874559887e-17 0.010641855909522002
26 14 1.498270411057167 0.3632105263641176 0.06847407022045511 -0.067731873317076502 3.1967656208351967e-17 0.010054433326414647
26 15 1.5064841775355569 0.32747753197147472 0.036691195212213874 -0.036320931142669127 -7.729571314891766e-17 0.0051994006414464531
26 16 1.5138458569750275 0.29155931202871255 0.0027768714362652229 0.00273765529287079 -9.6013573573335604e-20 -0.0004650359888892817
26 17 1.5203512855139674 0.25547618234805863 0.046051116576961433 0.045820855498429895 -6.2126045406644098e-17 -0.0045994064157126981
26 18 1.525996783597408 0.21924855201683172 0.077568177964999832 0.077094506602771284 2.203194877132117e-17 -0.0085591637725387516
26 19 1.5307791580582273 0.18289691185379825 0.079822040594638474 0.078703167862799808 -5.4004353650305412e-17 -0.013318015357104388
26 20 1.5346957039232476 0.14644182281929813 0.057955591948119438 0.055719175928026693 -2.2257153623065034e-17 -0.015944405663383548
26 21 1.5377442059432027 0.10990390438569693 0.033380941589151981 0.030800968207615208 8.6480165919952945e-17 -0.012868085283050217
26 22 1.5399229398457115 0.073303822874746391 0.020534850462592499 0.019633863059473435 1.0951280539486763e-16 -0.0060159375730537605
26 23 1.5412306733105503 0.036662279768443121 0.018935914825864656 0.018933538614283929 1.9138669114796037e-16 -0.00029997638877162229
26 24 1.5416666666666667 9.4399857434275146e-17 0.020440048430256735 0.020440048430256735 7.0645488057803298e-17 2.669894051362694e-18
26 25 1.5412306733105503 -0.036662279768442933 0.018935914825864413 0.018933538614283686 3.5568056723989179e-17 0.00029997638877161888
26 26 1.5399229398457115 -0.073303822874746211 0.020534850462592576 0.019633863059473448 1.7159651918826869e-16 0.0060159375730539592
26 27 1.5377442059432027 -0.10990390438569675 0.033380941589151773 0.030800968207615048 8.2071224043818267e-17 0.012868085283050064
26 28 1.5346957039232476 -0.14644182281929793 0.057955591948119445 0.055719175928026755 4.0018012933218147e-17 0.015944405663383347
26 29 1.5307791580582273 -0.18289691185379808 0.079822040594638738 0.078703167862800044 6.5595719553817476e-17 0.013318015357104567
26 30 1.525996783597408 -0.21924855201683155 0.077568177964999957 0.077094506602771409 9.6052458106301116e-17 0.0085591637725388088
26 31 1.5203512855139674 -0.25547618234805847 0.046051116576961669 0.045820855498430138 1.8284947631861744e-17 0.0045994064157125723
26 32 1.5138458569750275 -0.29155931202871271 0.0027768714362651787 0.0027376552928707869 2.4903259441221677e-18 0.00046503598888903742
26 33 1.5064841775355569 -0.32747753197147456 0.036691195212213853 -0.036320931142669113 -5.3025345610303295e-17 -0.0051994006414464462
26 34 1.498270411057167 -0.36321052636411738 0.068474070220454944 -0.067731873317076308 2.3820958144723025e-17 -0.010054433326414791
26 35 1.4892092033529778 -0.39873808416039308 0.089419550559788313 -0.088784046568713637 3.9535211737575324e-17 -0.010641855909521939
26 36 1.4793056795598853 -0.43404011051166352 0.093345509825430967 -0.092756681964225762 1.9721986133932103e-17 -0.010468149576553702
26 37 1.4685654412397178 -0.4690966381328095 0.081967688793034857 -0.081273454549299087 5.6470298324355163e-17 -0.010645543278519267
26 38 1.4569945632109196 -0.50388783859598463 0.061308286172502446 -0.060698976266106826 2.7582963581547627e-17 -0.0086220782677991735
26 39 1.4445995901125543 -0.53839403354583293 0.034458685403085824 -0.033749854077734648 5.5790383882987763e-18 -0.0069532977385164604
26 40 1.4313875327025722 -0.57259570582982366 0.010199162016665837 -0.0010981192586159993 -1.4147790135236052e-17 -0.010139873763319531
26 41 1.4173658638924347 -0.6064735105374045 0.028645972213171698 0.024914227653495036 -3.7111427167377393e-17 -0.01413764423330946
26 42 1.4025425145203383 -0.6400082859417352 0.043354111965491257 0.039970681804653907 -3.2035247414120008e-17 -0.016790581299867532
26 43 1.3869258688654285 -0.673181064337811 0.047258631405141825 0.043817676034809884 -3.0847159279809404e-17 -0.017702810771047201
26 44 1.3705247599055435 -0.70597308277084048 0.039405287614459578 0.03646508375643611 -2.2458731848757454e-17 -0.014935674026115496
26 45 1.3533484643211671 -0.73836579364881882 0.027803503843930804 0.025519155329913053 -3.6761585899839019e-17 -0.011036645198938178
26 46 1.3354066972484175 -0.77034087523328576 0.017077109316254075 0.015385174618009504 -1.5159437367053012e-17 -0.0074110771533325587
26 47 1.3167096067840387 -0.80188024200234131 0.0096109205748004228 0.0083766346744826928 -2.0268689726266177e-17 -0.0047118771021087066
26 48 1.2972677682455074 -0.83296605488004871 0.0072504978691343615 0.006101083582288047 -7.2600023336591188e-18 -0.0039174607173853284
27 0 1.3147984137623383 0.84422235291896841 0.0049713249072208142 -0.0041832256654791228 -3.0186366410546893e-17 -0.0026860183105911219
27 1 1.3345029798486876 0.81271646148885945 0.0024211410119474742 -0.00085631003524094362 -1.3708774631962167e-18 -0.0022646538197436915
27 2 1.35345273369772 0.78075088706076301 0.0083958616573404921 0.0083951951715010176 -2.9122547013263802e-17 0.000105787530485494
27 3 1.3716369570822637 0.74834370977920817 0.022154886835947761 0.021924029790820108 -2.7098009761990095e-17 0.0031899731103700209
27 4 1.3890453647691319 0.71551325956504086 0.03762930915538356 0.036987408588712391 -3.8695334100960957e-17 0.0069207306986385107
27 5 1.4056681103365827 0.68227810574778147 0.049428531126616784 0.048295937662269001 -3.471936927407956e-17 0.0105205558150295
27 6 1.421495791743586 0.64865704656256962 0.049616241123577723 0.048131080450049241 -3.9676554162199455e-17 0.012048671210714183
27 7 1.4365194566477379 0.61466909851763962 0.037668080086171514 0.03546521573567589 -1.013736740372109e-17 0.012692625031891457
27 8 1.4507306074688231 0.58033348563833498 0.015213298838924534 0.010095416226475428 -1.0322100238673814e-17 0.01138099436677829
27 9 1.4641212061951563 0.54566962859374968 0.024959182908316106 -0.023105477858570225 5.2902316415738163e-17 0.0094391580333152598
27 10 1.476683678929986 0.51069713371214631 0.053341345870681199 -0.052251073616284505 8.6542333743678151e-17 0.010729607879193703
27 11 1.4884109201753897 0.47543578189136115 0.076693018121064355 -0.075833468343603869 -1.2720803708211036e-18 0.011450070196183748
27 12 1.4992962968512351 0.4399055174104699 0.09146968271983881 -0.090871431086959234 4.5882043180174215e-17 0.010444418082210118
27 13 1.5093336520469369 0.40412643664904685 0.091599147671931586 -0.091018427454565787 2.3123980376329468e-17 0.010298044373679658
27 14 1.5185173085038854 0.36811877672038945 0.075255353648625595 -0.07476512238020426 -7.3491792538512874e-18 0.0085758223076731876
27 15 1.5268420718265778 0.33190290402514333 0.047173672114691929 -0.047152753893102764 -4.5810807423690965e-17 0.0014046854028376785
27 16 1.5343032334206359 0.29549930273180325 0.011667348293322824 -0.0090671968540698769 -6.1202112710237622e-17 -0.0073425443415241522
27 17 1.540896573156048 0.25892856319059993 0.036682500495538728 0.034176701704321709 -2.2396575694117581e-17 -0.013325123009526516
27 18 1.5466183617541296 0.22221137028732943 0.068981867848659395 0.066431977573075882 -2.4620762832677131e-17 -0.018581992563238545
27 19 1.551465362896852 0.18536849174371445 0.075004704328217958 0.070912664439160458 5.8294491221195014e-17 -0.024435623452296534
27 20 1.5554348350573455 0.14842076637091026 0.058065386750967431 0.051776456163665226 4.516575738688846e-17 -0.026282840898036064
27 21 1.5585245330505431 0.11138909228280093 0.035011416707368757 0.028800282487772718 1.2386454135915513e-16 -0.019908365791332861
27 22 1.5607327093030861 0.074294415075756473 0.018791854143901533 0.016634936401073715 4.3730540985395793e-17 -0.008741434270067008
27 23 1.5620581148417738 0.037157715981530191 0.014307064485765851 0.014256089156221908 1.630834009327908e-16 -0.0012066549505614901
27 24 1.5625 9.567553118338697e-17 0.015758806745412118 0.015758806745412118 -6.2024331054986698e-17 -8.2417205073048706e-17
27 25 1.5620581148417738 -0.037157715981529997 0.014307064485765747 0.014256089156221801 1.9400490487766892e-16 0.0012066549505615413
27 26 1.5607327093030861 -0.074294415075756293 0.018791854143901512 0.016634936401073799 9.8252648246934314e-18 0.0087414342700668016
27 27 1.5585245330505431 -0.11138909228280075 0.035011416707368494 0.028800282487772624 2.8357420714410907e-16 0.019908365791332528
27 28 1.5554348350573455 -0.14842076637091006 0.058065386750967625 0.051776456163665441 1.1598392312456983e-17 0.026282840898036054
27 29 1.551465362896852 -0.18536849174371428 0.075004704328217889 0.070912664439160292 7.5440593445681945e-17 0.024435623452296842
27 30 1.5466183617541296 -0.22221137028732926 0.068981867848659645 0.066431977573076104 -5.2999627679966891e-17 0.018581992563238631
27 31 1.540896573156048 -0.25892856319059976 0.036682500495538929 0.034176701704321945 2.4498784034424379e-17 0.013325123009526447
27 32 1.5343032334206359 -0.29549930273180341 0.011667348293322721 -0.0090671968540697537 -5.7352473896905889e-17 0.0073425443415241426
27 33 1.5268420718265778 -0.33190290402514311 0.047173672114692027 -0.047152753893102861 -9.5582786725529922e-17 -0.0014046854028376969
27 34 1.5185173085038854 -0.36811877672038923 0.075255353648625498 -0.074765122380204191 -1.2679992539176791e-17 -0.0085758223076729916
27 35 1.5093336520469367 -0.40412643664904702 0.091599147671931599 -0.091018427454565787 -4.8524803007439747e-17 -0.010298044373679715
27 36 1.4992962968512351 -0.43990551741046974 0.091469682719838935 -0.090871431086959345 1.0303685912874221e-16 -0.010444418082210086
27 37 1.4884109201753897 -0.47543578189136093 0.076693018121064341 -0.075833468343603855 3.4509634860808891e-18 -0.011450070196183758
27 38 1.476683678929986 -0.51069713371214653 0.053341345870681366 -0.052251073616284671 9.8802154353649386e-17 -0.010729607879193723
27 39 1.4641212061951563 -0.54566962859374957 0.024959182908316158 -0.023105477858570266 7.7303682252568205e-18 -0.0094391580333152928
27 40 1.4507306074688231 -0.58033348563833487 0.015213298838924453 0.010095416226475373 1.7672392734781332e-18 -0.011380994366778231
27 41 1.4365194566477379 -0.61466909851763973 0.037668080086171465 0.035465215735675862 -1.2957055939224236e-17 -0.012692625031891417
27 42 1.421495791743586 -0.64865704656256951 0.04961624112357764 0.048131080450049178 -2.6982686958513986e-17 -0.012048671210714113
27 43 1.4056681103365827 -0.68227810574778136 0.049428531126616805 0.048295937662269015 -1.9020181339116936e-17 -0.010520555815029546
27 44 1.3890453647691319 -0.71551325956504097 0.037629309155383629 0.03698740858871246 -3.9577378862899293e-17 -0.0069207306986385437
27 45 1.3716369570822637 -0.74834370977920828 0.02215488683594781 0.021924029790820154 -2.7508529582183879e-17 -0.0031899731103700482
27 46 1.3534527336977205 -0.78075088706076257 0.0083958616573405372 0.0083951951715010645 -2.3512793781784585e-17 -0.00010578753048551231
27 47 1.3345029798486878 -0.81271646148885945 0.0024211410119474464 -0.00085631003524090209 -1.4947154440558664e-17 0.0022646538197436776
27 48 1.3147984137623385 -0.84422235291896819 0.0049713249072207743 -0.0041832256654790899 6.1440885703962305e-18 0.0026860183105910998
28 0 1.3323290592791694 0.85547865095788789 0.0043749890925080638 -0.0036814263801965659 -7.9915705415872752e-18 -0.0023638166948300671
28 1 1.3522963529133367 0.82355268097537748 0.0015216037633225181 -0.00060585232425552655 -1.1750868200766176e-17 -0.0013957868654459482
28 2 1.3714987701470229 0.79116089888823982 0.0087399815271597351 0.0086771164008026518 -1.8043814788630797e-17 0.0010463881029594319
28 3 1.3899254498433606 0.75832162590959762 0.023028787139424311 0.022773775496846449 -3.7784579377391718e-17 0.0034176288171992425
28 4 1.4075659696327201 0.72505343635924135 0.039400200832416514 0.038981577779989021 -2.9916745723537585e-17 0.0057282125848663523
28 5 1.4244103518077369 0.69137514715775195 0.052045048515964164 0.051519841716538381 -3.9866273835178008e-17 0.0073751599665291701
28 6 1.4404490689668337 0.65730580718340392 0.053207247020072866 0.052708697402542228 -2.2932480471349908e-17 0.0072666604146809696
28 7 1.4556730494030412 0.62286468649787474 0.041186659573764869 0.040631222796580241 -1.3885906843440303e-17 0.0067412655265799721
28 8 1.470073682235074 0.58807126544684607 0.01572332678316676 0.014938102865515708 -6.6502772011593001e-18 0.0049067390301014121
28 9 1.4836428222777582 0.55294522364166632 0.019187839411707489 -0.018892811659016597 4.8416657857648954e-18 0.0033518426136084989
28 10 1.4963727946490524 0.51750642882830833 0.04979868546946209 -0.049543032982585111 5.9241090137426586e-17 0.0050395394008677435
28 11 1.5082563991110614 0.48177492564991259 0.074968630059209299 -0.074753728430933183 4.209015599306616e-17 0.005672352124901317
28 12 1.5192869141425849 0.44577092430927617 0.093111401316889206 -0.093029902516579083 3.3990743404269574e-17 0.003894906025899729
28 13 1.5294581007408961 0.40951478913770079 0.097080193145198751 -0.097037000857275013 -1.159567913653147e-17 0.0028955769259858175
28 14 1.5387642059506039 0.3730270270766613 0.085015058184059897 -0.085014326387691255 -3.2778100222095981e-18 -0.00035274195411626977
28 15 1.5471999661175988 0.33632827607881188 0.061168044680640528 -0.060438851303552303 -5.3875670550476301e-17 -0.0094167373946569041
28 16 1.5547606098662443 0.29943929343489395 0.030344324671540461 -0.022842895077702357 -7.3646377179708949e-17 -0.019974488334897105
28 17 1.5614418607981284 0.26238094403314127 0.035206555132317546 0.022078764012765435 -7.4809511113628337e-17 -0.027423159992122147
28 18 1.5672399399108512 0.22517418855782714 0.06583049216023186 0.056454534443771333 -4.4746100821640405e-17 -0.033860585328599764
28 19 1.5721515677354765 0.18784007163363062 0.076778745305614002 0.065540610371785324 -8.8407231531914799e-17 -0.039992550841352573
28 20 1.5761739661914433 0.15039970992252238 0.066226699337928893 0.053127357971815552 1.4716886275040739e-17 -0.039540606218557109
28 21 1.5793048601578836 0.11287428017990493 0.044630089556539687 0.034453456014027863 -3.6490007988704231e-17 -0.028369072288571582
28 22 1.5815424787604604 0.075285007276766555 0.024610049687897522 0.02116120483135964 5.2265392281452222e-18 -0.012564153601656828
28 23 1.5828855563729973 0.037653152194617255 0.014950545541170134 0.014760952314535255 6.7807154159885612e-17 -0.0023734149967122257
28 24 1.5833333333333333 9.6951204932498795e-17 0.012931580053330199 0.012931580053330199 -5.1617378551760339e-18 1.1825328380522186e-16
28 25 1.5828855563729973 -0.037653152194617061 0.014950545541170087 0.014760952314535213 -1.0590254280764815e-17 0.0023734149967121901
28 26 1.5815424787604604 -0.075285007276766375 0.024610049687897324 0.021161204831359571 -6.2576871974365099e-17 0.012564153601656568
28 27 1.5793048601578836 -0.11287428017990477 0.044630089556539514 0.034453456014027745 -4.5451690957187899e-17 0.02836907228857145
28 28 1.5761739661914433 -0.15039970992252219 0.066226699337928824 0.053127357971815455 2.0225631692795929e-17 0.039540606218557123
28 29 1.5721515677354765 -0.18784007163363045 0.076778745305613794 0.065540610371785116 -5.3935351917075819e-17 0.039992550841352496
28 30 1.5672399399108512 -0.22517418855782698 0.065830492160231804 0.056454534443771291 2.9731671515764785e-17 0.033860585328599722
28 31 1.5614418607981284 -0.26238094403314111 0.035206555132317498 0.022078764012765432 -6.0272419918270373e-17 0.027423159992122085
28 32 1.5547606098662443 -0.29943929343489412 0.030344324671540444 -0.022842895077702218 -1.1096326158884444e-16 0.01997448833489724
28 33 1.5471999661175988 -0.33632827607881172 0.06116804468064016 -0.060438851303551942 -1.8292350310675648e-17 0.0094167373946568225
28 34 1.5387642059506039 -0.37302702707666108 0.085015058184059772 -0.085014326387691116 -6.1226902759635548e-17 0.00035274195411626186
28 35 1.5294581007408958 -0.40951478913770095 0.097080193145198668 -0.09703700085727493 -2.3761736102537206e-17 -0.002895576925985912
28 36 1.5192869141425849 -0.44577092430927601 0.093111401316889081 -0.093029902516578958 3.9796397669816253e-17 -0.0038949060258997342
28 37 1.5082563991110614 -0.48177492564991242 0.074968630059209312 -0.074753728430933183 5.3541440470831146e-18 -0.0056723521249013135
28 38 1.4963727946490524 -0.51750642882830844 0.049798685469462242 -0.049543032982585271 7.1145123074810658e-17 -0.0050395394008677557
28 39 1.4836428222777582 -0.55294522364166621 0.019187839411707611 -0.018892811659016729 1.8501100417411719e-17 -0.0033518426136084334
28 40 1.470073682235074 -0.58807126544684596 0.015723326783166611 0.014938102865515571 -8.3126260486433909e-18 -0.0049067390301013505
28 41 1.455673049403041 -0.62286468649787485 0.041186659573764786 0.040631222796580165 -1.9146884171689949e-17 -0.0067412655265799096
28 42 1.4404490689668337 -0.6573058071834037 0.053207247020072866 0.052708697402542228 -3.7873701839058282e-17 -0.0072666604146809739
28 43 1.4244103518077371 -0.69137514715775172 0.052045048515964192 0.051519841716538416 -6.2720845275382573e-17 -0.0073751599665291658
28 44 1.4075659696327201 -0.72505343635924147 0.039400200832416604 0.038981577779989111 -2.2864696116740204e-17 -0.00572821258486638
28 45 1.3899254498433606 -0.75832162590959762 0.023028787139424373 0.022773775496846511 -4.2746276796934038e-17 -0.0034176288171992629
28 46 1.3714987701470234 -0.79116089888823937 0.008739981527159775 0.0086771164008026917 -7.5090616274077206e-18 -0.001046388102959449
28 47 1.3522963529133369 -0.82355268097537748 0.0015216037633224559 -0.00060585232425546605 -1.000266465436681e-17 0.0013957868654459068
28 48 1.3323290592791697 -0.85547865095788778 0.0043749890925080205 -0.0036814263801965299 4.6163584870947608e-18 0.0023638166948300432
29 0 1.3498597047960008 0.86673494899680759 0.01237199542658954 -0.010410675175651092 -1.4396806322048419e-17 -0.0066846176571764082
29 1 1.3700897259779861 0.83438890046189573 0.0092415886747517148 -0.0067282983892717014 9.7175063850189994e-18 -0.0063353738657022434
29 2 1.3895448065963261 0.80157091071571673 0.005817160410395354 0.0035378924911015617 -2.9469628049422312e-17 -0.0046176478819500979
29 3 1.4082139426044575 0.76829954203998707 0.019477335304112969 0.019227308344747493 -2.4591834159811027e-17 -0.0031108205291930338
29 4 1.4260865744963087 0.73459361315344196 0.037686754115921421 0.037670846358047433 -3.2238054371249047e-17 -0.0010948837665728424
29 5 1.4431525932788916 0.70047218856772242 0.05294371319761057 0.052929287417229284 -2.2384036688468548e-17 0.0012358400605162504
29 6 1.4594023461900818 0.66595456780423823 0.057432060445174772 0.057339397089120232 -2.1910997841548518e-17 0.0032611513970374618
29 7 1.4748266421583445 0.63106027447810997 0.048523449774164305 0.048232327043899327 2.0249630886152533e-17 0.0053073351049452268
29 8 1.489416757001325 0.59580904525535727 0.024749836883011519 0.024269813428519912 9.3731303581647209e-18 0.0048508331120037376
29 9 1.5031644383603604 0.56022081868958307 0.0099654605414173682 -0.009387144257120613 4.6669588894035995e-17 0.0033454336786960916
29 10 1.516061910368119 0.52431572394447024 0.041634550618101937 -0.041481129405015617 6.4172220685637406e-17 0.0035709534378987628
29 11 1.5281018780467335 0.48811406940846414 0.069846146260366768 -0.069801224181672422 6.0774933488011749e-17 0.0025046457163549114
29 12 1.5392775314339346 0.4516363312080825 0.091808467964202153 -0.091808412948742174 1.1095772297005121e-17 -0.00010050754779697597
29 13 1.5495825494348554 0.41490314162635478 0.099977100344087091 -0.099961979500015175 -6.7618792165339847e-17 -0.0017387488749689691
29 14 1.5590111033973224 0.3779352774329332 0.093753901462803879 -0.093449173337706665 -4.5492709427493855e-17 -0.0075528830254675289
29 15 1.56755786040862 0.34075364813248049 0.0765084695876454 -0.073910448915695481 -4.5963465143682963e-17 -0.019768446062450897
29 16 1.5752179863118529 0.30337928413798465 0.050253559198001556 -0.038845334194410198 -1.1204284837568116e-16 -0.03188197332963618
29 17 1.5819871484402093 0.26583332487568262 0.0411558072315584 0.0068895487561445095 -1.1717320118758816e-16 -0.04057504882089364
29 18 1.587861518067573 0.22813700682832488 0.065619584963273594 0.043215999625331687 -8.419211812749044e-17 -0.049379219385644546
29 19 1.5928377725741014 0.19031165152354684 0.081297181647886907 0.0580706381449324 -7.3981555691621053e-17 -0.056894927096621202
29 20 1.5969130973255414 0.15237865347413454 0.076790141072166279 0.054289764027623491 -1.8935667845942313e-17 -0.054307893419908645
29 21 1.6000851872652244 0.11435946807700896 0.056906550998121211 0.042232204215232425 -2.2397500934362189e-18 -0.038141794315746019
29 22 1.602352248217835 0.076275599477776651 0.033538687627556414 0.028351246770382109 6.9438856133510965e-17 -0.01791787862286447
29 23 1.6037129979042211 0.038148588407704326 0.016731956744945386 0.015971149747441925 1.2143927679345649e-17 -0.0049880609719117446
29 24 1.6041666666666667 9.8226878681610631e-17 0.01014715786571993 0.01014715786571993 1.0510693294927642e-16 8.0414902966904005e-17
29 25 1.6037129979042211 -0.038148588407704132 0.016731956744945476 0.015971149747442067 -3.8041449965763506e-17 0.0049880609719115919
29 26 1.602352248217835 -0.076275599477776471 0.033538687627556761 0.028351246770382501 1.3038074772160984e-16 0.017917878622864505
29 27 1.6000851872652244 -0.11435946807700878 0.056906550998120878 0.042232204215232244 -9.2836188229518783e-18 0.038141794315745707
29 28 1.5969130973255414 -0.15237865347413435 0.076790141072166196 0.054289764027623616 -3.286431350403389e-17 0.054307893419908396
29 29 1.5928377725741014 -0.19031165152354665 0.081297181647887365 0.058070638144932844 4.4231385409611991e-17 0.056894927096621403
29 30 1.587861518067573 -0.22813700682832472 0.065619584963273553 0.043215999625331479 4.1570540234702942e-17 0.049379219385644678
29 31 1.5819871484402093 -0.26583332487568245 0.041155807231558483 0.0068895487561444783 -1.918733229641164e-17 0.04057504882089373
29 32 1.5752179863118529 -0.30337928413798482 0.050253559198001604 -0.038845334194410067 -6.9135286425170901e-17 0.031881973329636416
29 33 1.56755786040862 -0.34075364813248032 0.076508469587645053 -0.073910448915695107 -7.9907863682158828e-17 0.01976844606245096
29 34 1.5590111033973224 -0.37793527743293298 0.093753901462803629 -0.093449173337706415 -1.6747791304534495e-17 0.0075528830254674023
29 35 1.5495825494348552 -0.41490314162635494 0.099977100344086994 -0.099961979500015077 -4.1120565172076996e-17 0.0017387488749689478
29 36 1.5392775314339346 -0.45163633120808228 0.091808467964202334 -0.091808412948742354 9.2892001822425627e-17 0.00010050754779697433
29 37 1.5281018780467335 -0.48811406940846391 0.069846146260367017 -0.069801224181672672 4.3421602336318597e-17 -0.0025046457163548849
29 38 1.516061910368119 -0.52431572394447046 0.041634550618102027 -0.041481129405015714 7.1783142510350551e-17 -0.00357095343789867
29 39 1.5031644383603604 -0.56022081868958284 0.0099654605414174566 -0.0093871442571207032 4.4512684051407955e-17 -0.0033454336786960955
29 40 1.489416757001325 -0.59580904525535716 0.024749836883011394 0.024269813428519787 3.0922006916197756e-17 -0.0048508331120037289
29 41 1.4748266421583442 -0.63106027447811008 0.048523449774164243 0.048232327043899258 9.8888720869427743e-18 -0.0053073351049452025
29 42 1.4594023461900818 -0.66595456780423801 0.057432060445174786 0.057339397089120246 -2.3781033407096906e-17 -0.0032611513970373686
29 43 1.4431525932788918 -0.7004721885677222 0.052943713197610619 0.05292928741722934 -7.7654435969882187e-18 -0.0012358400605162973
29 44 1.4260865744963087 -0.73459361315344207 0.037686754115921511 0.037670846358047523 -4.5998989319526061e-17 0.0010948837665728285
29 45 1.4082139426044575 -0.76829954203998718 0.019477335304113049 0.019227308344747576 -1.9215791725640941e-17 0.0031108205291930035
29 46 1.3895448065963263 -0.80157091071571629 0.0058171604103953384 0.003537892491101583 -1.472413303092051e-17 0.0046176478819500632
29 47 1.3700897259779863 -0.83438890046189573 0.0092415886747516888 -0.0067282983892716728 -7.5654129350301273e-18 0.0063353738657022356
29 48 1.3498597047960008 -0.86673494899680736 0.012371995426589479 -0.010410675175651042 -1.6206045694189262e-19 0.0066846176571763736
30 0 1.3673903503128317 0.87799124703572717 0.0096598727334017125 -0.0081285026220944863 -3.9621770887613087e-18 -0.0052192515122497151
30 1 1.3878830990426352 0.84522511994841376 0.0064833134040704638 -0.004394422378971803 -5.7584927528399126e-19 -0.0047668023506950187
30 2 1.4075908430456288 0.81198092254319354 0.0069486122643339894 0.0061269140191117632 -2.119875646127735e-17 -0.0032778250414664408
30 3 1.4265024353655544 0.77827745817037652 0.022296500716612894 0.022112643321743571 -3.2399791893906254e-17 -0.0028574375813425466
30 4 1.4446071793598971 0.74413378994764245 0.040980204173686585 0.040877295373171474 -2.9487504973692122e-17 -0.0029023881703750926
30 5 1.461894834750046 0.70956922997769278 0.056290260105060261 0.056183454168694642 -4.5432576895743656e-17 -0.0034659573525256553
30 6 1.4783556234133295 0.67460332842507242 0.060938854494350186 0.060807138882018878 -9.0937296695299231e-18 -0.0040044785011848338
30 7 1.4939802349136475 0.6392558624583452 0.052321501254665677 0.0522042863232519 1.4547104145042058e-17 -0.003500283277381569
30 8 1.5087598317675759 0.60354682506386836 0.028318877470188502 0.027934513483933002 3.4938053626066346e-17 -0.0046499223205893727
30 9 1.5226860544429626 0.56749641373749971 0.0082325766222944349 -0.0057585022211675326 5.8261370820256259e-17 -0.0058834488194219403
30 10 1.5357510260871854 0.53112501906063225 0.039588755436659129 -0.039101793882545831 7.9354664054427817e-17 -0.0061902562297944507
30 11 1.5479473569824052 0.49445321316701557 0.071091670008661692 -0.070500125567359503 3.0228410642323783e-17 -0.0091519309223240808
30 12 1.5592681487252844 0.45750173810688871 0.096050636484663263 -0.095142368388990151 -5.6363095265484611e-18 -0.013177803551526149
30 13 1.5697069981288145 0.42029149411500871 0.10740566467189079 -0.10627814885059439 -4.4633417161215763e-17 -0.015521980559888396
30 14 1.5792580008440409 0.382843527789205 0.10633064849247338 -0.10399110349049745 -3.5837477818670881e-17 -0.02218236244538847
30 15 1.587915754699641 0.34517902018614904 0.093984827002281793 -0.087501852884913828 -1.033554636882536e-16 -0.034301216426764453
30 16 1.5956753627574614 0.30731927484107535 0.070145696316270156 -0.053759070338877175 -1.2793922595892981e-16 -0.045059749977047737
30 17 1.6025324360822899 0.26928570571822397 0.054237885284002807 -0.0090472627460121552 -1.6823341087300231e-16 -0.053477988339926071
30 18 1.6084830962242946 0.2310998250988226 0.069714752562625798 0.029141054097901541 -6.9146141026040655e-17 -0.063332027371080707
30 19 1.6135239774127261 0.19278323141346301 0.087347171254997039 0.051410478842639891 -5.6682661541784049e-17 -0.070615090394477706
30 20 1.6176522284596393 0.15435759702574667 0.08770700889036695 0.058119305280253733 4.7130273445172296e-17 -0.06568611544486079
30 21 1.6208655143725648 0.11584465597411296 0.070410626007021221 0.05259151380511428 2.7888254577734395e-17 -0.046816545476861988
30 22 1.6231620176752095 0.077266191678786733 0.045114308918849981 0.03826949641670576 4.2437387685237416e-17 -0.023890301656470814
30 23 1.6245404394354448 0.038644024620791396 0.022989440381461963 0.021288743240557094 9.4567214196094331e-17 -0.0086777750771974103
30 24 1.625 9.9502552430722443e-17 0.012118748385599228 0.012118748385599228 3.529198982268031e-17 -1.3934055601288383e-16
30 25 1.6245404394354448 -0.038644024620791195 0.022989440381462212 0.021288743240557361 -1.2190507226966553e-17 0.008677775077197419
30 26 1.6231620176752095 -0.077266191678786553 0.045114308918850057 0.038269496416705885 6.4757584013409859e-17 0.023890301656470752
30 27 1.6208655143725648 -0.11584465597411278 0.07041062600702104 0.052591513805114024 9.1246515039321514e-18 0.046816545476862002
30 28 1.6176522284596393 -0.15435759702574647 0.087707008890367227 0.058119305280254184 -3.5831611700803477e-17 0.065686115444860749
30 29 1.6135239774127261 -0.19278323141346285 0.087347171254996969 0.05141047884263996 3.2661450152684411e-17 0.070615090394477567
30 30 1.6084830962242946 -0.23109982509882243 0.069714752562625701 0.029141054097901183 3.0408084726271069e-17 0.063332027371080776
30 31 1.6025324360822899 -0.26928570571822374 0.054237885284002724 -0.0090472627460119835 -1.1564989732196179e-16 0.053477988339926015
30 32 1.5956753627574614 -0.30731927484107552 0.070145696316270198 -0.053759070338877141 -6.3760799587473945e-17 0.045059749977047849
30 33 1.587915754699641 -0.34517902018614888 0.093984827002281765 -0.087501852884913703 -6.4039780443984998e-17 0.034301216426764682
30 34 1.5792580008440409 -0.38284352778920477 0.1063306484924736 -0.10399110349049764 -1.0732724744286474e-18 0.022182362445388615
30 35 1.5697069981288143 -0.42029149411500888 0.10740566467189096 -0.10627814885059456 -9.7757768456469706e-17 0.015521980559888368
30 36 1.5592681487252844 -0.45750173810688854 0.096050636484663471 -0.095142368388990331 1.6950603411735525e-17 0.013177803551526207
30 37 1.5479473569824052 -0.4944532131670154 0.071091670008661817 -0.070500125567359614 3.920000696213858e-17 0.0091519309223241745
30 38 1.5357510260871854 -0.53112501906063236 0.039588755436659316 -0.039101793882546025 7.5076323772019093e-17 0.0061902562297944603
30 39 1.5226860544429626 -0.56749641373749948 0.008232576622294617 -0.0057585022211677616 5.1034083326525259e-17 0.0058834488194219707
30 40 1.5087598317675759 -0.60354682506386825 0.028318877470188377 0.02793451348393286 4.0117111396271577e-17 0.0046499223205894525
30 41 1.4939802349136473 -0.63925586245834531 0.052321501254665524 0.052204286323251733 7.5579733714066321e-18 0.0035002832773816514
30 42 1.4783556234133295 -0.67460332842507231 0.060938854494350207 0.060807138882018899 -7.3743054188017972e-18 0.0040044785011848971
30 43 1.461894834750046 -0.70956922997769256 0.05629026010506033 0.056183454168694712 -3.9498154524488501e-17 0.0034659573525256844
30 44 1.4446071793598971 -0.74413378994764268 0.040980204173686668 0.040877295373171564 -1.9683198256604781e-17 0.0029023881703750341
30 45 1.4265024353655544 -0.77827745817037663 0.022296500716612939 0.022112643321743619 -2.8205880529422675e-17 0.0028574375813425297
30 46 1.4075908430456292 -0.8119809225431931 0.0069486122643340007 0.0061269140191118013 -7.8022407797529488e-18 0.003277825041466394
30 47 1.3878830990426354 -0.84522511994841376 0.0064833134040704369 -0.0043944223789717882 -1.9045348565217876e-20 0.0047668023506949944
30 48 1.367390350312832 -0.87799124703572695 0.0096598727334016865 -0.0081285026220944655 1.5729947082105621e-17 0.0052192515122497004
31 0 1.3849209958296629 0.88924754507464665 0.011227434932166762 -0.0094475607292369441 8.5330388689238598e-18 -0.0060662089828342029
31 1 1.4056764721072843 0.8560613394349319 0.0085273817687839624 -0.005287510648574259 2.5979903303077508e-17 -0.0066901772003290687
31 2 1.4256368794949317 0.82239093437067035 0.0080838710091611712 0.0051053665980824352 -1.7749623111602916e-17 -0.0062677110967194888
31 3 1.4447909281266511 0.78825537430076587 0.021858448251955789 0.020806040350696251 -1.8203427070124438e-17 -0.0067007794254570433
31 4 1.4631277842234853 0.75367396674184295 0.040113423767966637 0.039507974654971856 -3.9933156294435963e-17 -0.006943104856659733
31 5 1.4806370762212002 0.71866627138766315 0.055740750092328817 0.055274808579284941 -2.0526376027089716e-17 -0.0071921316296952942
31 6 1.4973089006365772 0.68325208904590662 0.062172206366642446 0.061782231026390216 -8.29251072121531e-18 -0.0069526379093205739
31 7 1.5131338276689505 0.64745145043858032 0.055729994854635999 0.055399156102042088 4.1963641347683388e-17 -0.0060634832958727687
31 8 1.528102906533827 0.61128460487237946 0.033761306356144882 0.032710308631308582 5.3288318807042341e-17 -0.0083583201732171149
31 9 1.5422076705255645 0.57477200878541634 0.011344433812628351 4.6607098858804948e-05 5.952185847865988e-17 -0.011344338072688127
31 10 1.5554401418062518 0.53793431417679416 0.037709469364036831 -0.034883223412143602 7.2302475462877273e-17 -0.01432357511572124
31 11 1.5677928359180771 0.50079235692556701 0.071953586124431645 -0.06911881077091396 2.1938402268640818e-17 -0.019997713713837181
31 12 1.5792587660166342 0.46336714500569498 0.09954740112351966 -0.096245986044933257 8.6087744270076704e-18 -0.025424304133750346
31 13 1.5898314468227734 0.42567984660366265 0.1149895089349314 -0.11118681316642308 4.3780072652305738e-17 -0.029327116172436704
31 14 1.5995048982907591 0.38775177814547684 0.12032281075624957 -0.1142228295107757 -1.0441916978653023e-16 -0.037824912515913613
31 15 1.6082736489906619 0.3496043922398176 0.11199395258709967 -0.10074607563818951 -6.1368358711492604e-17 -0.048917007876460777
31 16 1.6161327392030698 0.31125926554416605 0.087694114715285959 -0.067287068478213849 -1.1968987542050788e-16 -0.056237960234221639
31 17 1.6230777237243703 0.27273808656076526 0.067430337914262631 -0.023303707368910544 -1.4504791046568408e-16 -0.063275490469026224
31 18 1.6291046743810165 0.23406264336932031 0.076144791482692459 0.016894850232733048 -6.5687111701084326e-17 -0.074246840374228962
31 19 1.6342101822513506 0.19525481130337921 0.093962946378531725 0.046787474043553053 -1.6848373588273057e-16 -0.081485996126688415
31 20 1.6383913595937372 0.1563365405773588 0.098341785617630351 0.064500894142686213 -3.4971263725703976e-17 -0.074234368410177484
31 21 1.6416458414799053 0.11732984387121698 0.085669589742811914 0.065867184937492981 7.4464166573965534e-17 -0.054779490277948019
31 22 1.6439717871325839 0.078256783879796815 0.061503646259487628 0.052217422050267213 -2.63560910379458e-17 -0.032496758878947506
31 23 1.6453678809666683 0.03913946083387846 0.03608284790967118 0.033126905160850241 -3.5989212241811749e-17 -0.014303148874863034
31 24 1.6458333333333333 1.0077822617983427e-16 0.022488218599812732 0.022488218599812732 2.5769112999922791e-17 -3.608915174607816e-17
31 25 1.6453678809666683 -0.039139460833878266 0.036082847909670999 0.033126905160850137 9.8418231921257586e-17 0.014303148874862823
31 26 1.6439717871325839 -0.078256783879796621 0.061503646259487392 0.052217422050266991 -2.1282495735328149e-17 0.032496758878947415
31 27 1.6416458414799053 -0.1173298438712168 0.085669589742811858 0.065867184937492829 3.2463276826031542e-17 0.054779490277948109
31 28 1.6383913595937372 -0.1563365405773586 0.098341785617630642 0.064500894142686629 4.3951057344051467e-17 0.074234368410177484
31 29 1.6342101822513506 -0.19525481130337902 0.093962946378532003 0.046787474043553268 -2.2878784230194463e-17 0.081485996126688595
31 30 1.6291046743810165 -0.23406264336932014 0.076144791482692223 0.01689485023273312 -9.68631992581972e-17 0.074246840374228698
31 31 1.6230777237243703 -0.27273808656076509 0.067430337914262437 -0.023303707368910472 -9.7860402114114184e-17 0.063275490469026058
31 32 1.6161327392030698 -0.31125926554416622 0.087694114715285904 -0.067287068478213904 -9.9141680727282436e-17 0.056237960234221493
31 33 1.6082736489906619 -0.34960439223981743 0.11199395258709965 -0.10074607563818949 -6.029768878085702e-17 0.048917007876460784
31 34 1.5995048982907591 -0.38775177814547662 0.12032281075624934 -0.11422282951077536 -4.5063802250227888e-17 0.037824912515913835
31 35 1.5898314468227734 -0.42567984660366281 0.11498950893493139 -0.11118681316642307 6.1793463814440748e-18 0.029327116172436583
31 36 1.5792587660166342 -0.46336714500569476 0.09954740112351966 -0.096245986044933257 7.0201555776645187e-17 0.025424304133750342
31 37 1.5677928359180771 -0.50079235692556689 0.071953586124431715 -0.069118810770914058 8.1510718817169434e-17 0.019997713713837077
31 38 1.5554401418062518 -0.53793431417679438 0.037709469364037067 -0.034883223412143838 5.08425212269895e-17 0.014323575115721287
31 39 1.5422076705255645 -0.57477200878541612 0.011344433812628296 4.660709885871441e-05 5.7285016589972032e-17 0.011344338072688072
31 40 1.528102906533827 -0.61128460487237934 0.033761306356144716 0.032710308631308388 2.3347530220635641e-17 0.0083583201732172017
31 41 1.5131338276689505 -0.64745145043858043 0.055729994854635936 0.055399156102042012 2.5130321507287488e-17 0.0060634832958728199
31 42 1.4973089006365772 -0.68325208904590651 0.062172206366642439 0.061782231026390216 -1.9311162303368491e-17 0.0069526379093205488
31 43 1.4806370762212004 -0.71866627138766292 0.055740750092328852 0.055274808579284969 -1.9759956075763403e-17 0.0071921316296953064
31 44 1.4631277842234853 -0.75367396674184317 0.040113423767966755 0.039507974654971981 -3.73261211457974e-17 0.0069431048566597252
31 45 1.4447909281266511 -0.78825537430076598 0.021858448251955844 0.020806040350696331 -1.5782049047376891e-17 0.0067007794254569861
31 46 1.4256368794949321 -0.82239093437066979 0.008083871009161232 0.0051053665980825202 -1.4130272845147814e-17 0.0062677110967194983
31 47 1.4056764721072845 -0.8560613394349319 0.0085273817687839398 -0.0052875106485742269 -1.09547458498339e-17 0.0066901772003290661
31 48 1.3849209958296631 -0.88924754507464643 0.011227434932166712 -0.0094475607292369024 6.3754503560118436e-18 0.0060662089828341743
32 0 1.402451641346494 0.90050384311356624 0.007638044927472506 -0.006427193187127248 1.0340671524883979e-17 -0.0041268532866378434
32 1 1.4234698451719334 0.86689755892144993 0.0051846023369590578 -0.0023527985711251542 8.9840143243146837e-18 -0.0046200043588846048
32 2 1.4436829159442346 0.83280094619814715 0.0091697642980442459 0.0080461576961031421 -1.1896063744273299e-17 -0.0043981727582175587
32 3 1.463079420887748 0.79823329043115532 0.024386981816914052 0.02364852791767531 -2.8135260015751583e-17 -0.0059558382672322396
32 4 1.4816483890870737 0.76321414353604344 0.042845278548840668 0.04198536314261235 -2.4519232689964336e-17 -0.0085409118781728643
32 5 1.4993793176923547 0.72776331279763351 0.058752047763986438 0.057470514319613565 -3.6751151112297274e-17 -0.012204224690689559
32 6 1.5162621778598249 0.69190084966674092 0.066087667580551013 0.064301749047170384 8.4994511124942623e-18 -0.015259910737358091
32 7 1.5322874204242538 0.65564703841881555 0.061170139231962919 0.058811526460496907 8.3086289477872339e-19 -0.016822315210576744
32 8 1.5474459813000778 0.61902238468089066 0.042589735509178051 0.037150262527657796 6.7334376275264345e-17 -0.020826511106468285
32 9 1.5617292866081665 0.58204760383333298 0.025175826764552864 0.0051702689647789108 6.5805587786985671e-17 -0.024639208025231254
32 10 1.5751292575253182 0.54474360929295607 0.043204497747310694 -0.03143662804755424 9.5257118564472939e-17 -0.029637257676733537
32 11 1.5876383148537487 0.5071315006841185 0.07797984336872904 -0.068283261968950501 6.4916680079079099e-17 -0.037659688085420917
32 12 1.5992493833079839 0.46923255190450119 0.10721498969875931 -0.098089962675644987 8.0650375275495985e-17 -0.043282943966366699
32 13 1.6099558955167326 0.43106819909231658 0.12601983779565562 -0.11719314886786812 2.497281890398779e-17 -0.046333199506153826
32 14 1.6197517957374776 0.39266002850174869 0.13567297897333527 -0.12515390913648874 1.9608194359573225e-17 -0.052379922216003696
32 15 1.6286315432816829 0.35402976429348615 0.12956627759365077 -0.11601769058769811 -1.8230689607311138e-17 -0.057682889665585546
32 16 1.6365901156486782 0.31519925624725675 0.10255540449002593 -0.084537913250667535 -1.1615438161874692e-16 -0.05805990194045664
32 17 1.6436230113664509 0.27619046740330661 0.072204192299511513 -0.040590175983862303 -6.0789150509160524e-17 -0.059715014855762416
32 18 1.6497262525377381 0.23702546163981802 0.066989169184872438 0.0046618852056721045 -6.8128703304175872e-17 -0.066826758221603111
32 19 1.6548963870899753 0.19772639119329538 0.084296188597993163 0.043620761723753294 -1.5986484027089675e-16 -0.072132354451993119
32 20 1.659130490727835 0.15831548412897092 0.0972398001709322 0.07166761576884427 -4.6522881937385075e-17 -0.065721621916171008
32 21 1.6624261685872459 0.11881503176832098 0.094349832927246025 0.079876503874836122 -2.2247846668062442e-17 -0.050215884958173626
32 22 1.6647815565899582 0.079247376080806897 0.077050771271138727 0.069414953694132128 1.4393769803166104e-16 -0.033442272008923538
32 23 1.6661953224978918 0.039634897046965531 0.053143242165425077 0.050257563595379147 5.1253685361647886e-17 -0.017273722508754013
32 24 1.6666666666666665 1.0205389992894609e-16 0.038305698859134735 0.038305698859134735 2.178330020259984e-17 1.7942376955090425e-16
32 25 1.6661953224978918 -0.03963489704696533 0.053143242165424834 0.050257563595378842 6.1069488634149221e-18 0.017273722508754152
32 26 1.6647815565899582 -0.079247376080806703 0.077050771271138407 0.069414953694131767 -4.426445759376018e-18 0.033442272008923517
32 27 1.6624261685872459 -0.1188150317683208 0.094349832927245844 0.079876503874836038 1.0408100246578476e-16 0.050215884958173404
32 28 1.659130490727835 -0.15831548412897073 0.097239800170932214 0.071667615768844312 -1.2741491306289775e-16 0.06572162191617098
32 29 1.6548963870899753 -0.19772639119329521 0.084296188597993371 0.043620761723753697 6.7003672637562682e-17 0.072132354451993119
32 30 1.6497262525377381 -0.23702546163981786 0.066989169184872049 0.0046618852056721696 -6.9049059833870101e-17 0.066826758221602708
32 31 1.6436230113664509 -0.27619046740330638 0.072204192299511388 -0.04059017598386213 -1.344456134852196e-16 0.059715014855762381
32 32 1.6365901156486782 -0.31519925624725692 0.1025554044900257 -0.084537913250667354 -6.738598925984077e-17 0.058059901940456501
32 33 1.6286315432816829 -0.35402976429348598 0.1295662775936505 -0.11601769058769779 -6.3476170497879796e-17 0.057682889665585609
32 34 1.6197517957374776 -0.39266002850174847 0.13567297897333538 -0.1251539091364888 -8.2421760469655059e-18 0.052379922216003773
32 35 1.6099558955167323 -0.43106819909231675 0.12601983779565559 -0.11719314886786805 -4.6857604299556545e-18 0.046333199506153909
32 36 1.5992493833079839 -0.46923255190450103 0.10721498969875945 -0.09808996267564514 4.8417241005659897e-17 0.043282943966366678
32 37 1.5876383148537487 -0.50713150068411827 0.077979843368729207 -0.06828326196895064 6.5572802173633291e-17 0.037659688085420986
32 38 1.5751292575253182 -0.54474360929295629 0.043204497747310902 -0.03143662804755442 1.0812395746826199e-16 0.029637257676733659
32 39 1.5617292866081665 -0.58204760383333276 0.025175826764552819 0.0051702689647786758 4.612395533046905e-17 0.024639208025231257
32 40 1.5474459813000778 -0.61902238468089044 0.042589735509177974 0.037150262527657671 6.4192855982372459e-17 0.020826511106468337
32 41 1.5322874204242536 -0.65564703841881555 0.061170139231962926 0.058811526460496921 7.3244726867886408e-18 0.016822315210576713
32 42 1.5162621778598249 -0.6919008496667407 0.066087667580551068 0.064301749047170426 3.9086049673634739e-18 0.01525991073735815
32 43 1.4993793176923549 -0.7277633127976334 0.05875204776398657 0.05747051431961369 -2.7286421981273183e-17 0.012204224690689609
32 44 1.4816483890870737 -0.76321414353604367 0.042845278548840807 0.041985363142612503 -2.0790854023369274e-17 0.0085409118781728296
32 45 1.463079420887748 -0.79823329043115543 0.024386981816914097 0.023648527917675355 -6.7381327835823112e-18 0.0059558382672322543
32 46 1.443682915944235 -0.8328009461981466 0.0091697642980442806 0.0080461576961032028 2.413578785147022e-18 0.0043981727582175232
32 47 1.4234698451719336 -0.86689755892144993 0.0051846023369590292 -0.0023527985711251169 9.5825379402489198e-18 0.0046200043588845927
32 48 1.4024516413464942 -0.90050384311356602 0.0076380449274724748 -0.0064271931871272229 2.2817658775952457e-17 0.0041268532866378252
33 0 1.4199822868633254 0.91176014115248583 0.0053688382118605325 -0.0045177215774085486 5.3053133253103411e-18 -0.0029007956657012262
33 1 1.4412632182365828 0.87773377840796818 0.0047863327043815174 6.5631261730617738e-05 1.1368516370221337e-17 -0.0047858827079772584
33 2 1.4617289523935377 0.84321095802562407 0.011524688754523487 0.010075240906284188 -1.0842003184452732e-18 -0.0055953526760140785
33 3 1.4813679136488449 0.80821120656154477 0.025721972322672954 0.024607254981103697 -1.4236940512172886e-17 -0.0074901844078300618
33 4 1.5001689939506624 0.77275432033024405 0.04282529945394431 0.041652566647084957 -2.7017982543294661e-17 -0.0099533896251552505
33 5 1.5181215591635091 0.73686035420760398 0.057992856705447057 0.056362452865684545 -1.0927367402766833e-17 -0.013654498739316732
33 6 1.535215455083073 0.70054961028757523 0.06617633987591004 0.063780062978170612 4.789033978350297e-19 -0.017646855976987844
33 7 1.5514410131795571 0.66384262639905078 0.063376282106543905 0.059575062835142113 4.2441321605274092e-17 -0.021618626733377524
33 8 1.5667890560663289 0.62676016448940175 0.049049709899866394 0.0394929752414655 5.6778838248784387e-17 -0.029089155158547379
33 9 1.5812509026907688 0.58932319888124973 0.037113241827870479 0.0083270955442474592 7.8580869365068676e-17 -0.036167004282508235
33 10 1.5948183732443848 0.55155290440911808 0.053215259643845464 -0.029412254129793661 8.442258689315285e-17 -0.044348429126253426
33 11 1.6074837937894209 0.51347064444266999 0.086658416198478375 -0.067763959171024291 7.4274164848893236e-17 -0.054015987776735615
33 12 1.6192400005993339 0.47509795880330752 0.11558305376125685 -0.099231280008781106 4.1418295956615112e-17 -0.059267152661457184
33 13 1.6300803442106919 0.43645655158097058 0.13617178022807791 -0.12137195737860373 4.5571664810635014e-17 -0.061738170466659907
33 14 1.6399986931841963 0.3975682788580206 0.14756027215049675 -0.1327191978309675 -4.985179676859612e-17 -0.064495336608418233
33 15 1.6489894375727041 0.35845513634715476 0.14139244808821014 -0.12661833209774559 -1.9594896919367285e-17 -0.062925530217569164
33 16 1.6570474920942866 0.31913924695034751 0.11354814698761859 -0.098029647543822984 -1.1213509185614381e-16 -0.057300697087868627
33 17 1.6641682990085318 0.27964284824584795 0.078279697708009258 -0.055352460247476483 -8.3804094394532939e-17 -0.055351749907377339
33 18 1.6703478306944599 0.23998827991031577 0.058357639826851 -0.0073401241039675585 -3.3950733575384313e-17 -0.057894185410098144
33 19 1.6755825919286 0.20019797108321161 0.071094373305870498 0.040032015494551751 -1.0702574752261706e-16 -0.05875242676858923
33 20 1.6798696218619331 0.16029442768058308 0.094416633401657485 0.078013628511920022 1.943785938555688e-17 -0.053182463550564531
33 21 1.6832064956945867 0.12030021966542501 0.10326000732162993 0.093444365376877031 -1.0271957357753618e-16 -0.043940638267733097
33 22 1.6855913260473327 0.080237968281816993 0.093226408133984057 0.086980527536396943 -6.2625686332685325e-17 -0.033549232525562495
33 23 1.6870227640291158 0.040130333260052602 0.071465619423493068 0.068938603024111561 5.1793939703793064e-17 -0.018836235628901722
33 24 1.6875 1.0332957367805793e-16 0.05731220448676131 0.05731220448676131 6.2659951080165902e-17 -1.3863187421552442e-18
33 25 1.6870227640291158 -0.0401303332600524 0.071465619423493124 0.06893860302411163 -1.8070105525584054e-17 0.018836235628901653
33 26 1.6855913260473327 -0.080237968281816799 0.093226408133984071 0.086980527536397054 -2.0590169145865079e-17 0.033549232525562252
33 27 1.6832064956945867 -0.12030021966542481 0.1032600073216302 0.093444365376877461 2.3509684546574381e-17 0.043940638267732798
33 28 1.6798696218619331 -0.16029442768058288 0.094416633401657762 0.078013628511920383 4.0425818682113791e-17 0.053182463550564475
33 29 1.6755825919286 -0.20019797108321141 0.071094373305870345 0.040032015494551883 1.6514259904633726e-18 0.058752426768588953
33 30 1.6703478306944599 -0.2399882799103156 0.058357639826850854 -0.007340124103967405 -3.4131325832355474e-17 0.057894185410098012
33 31 1.6641682990085318 -0.27964284824584779 0.07827969770800916 -0.055352460247476212 -8.5944987215287033e-17 0.055351749907377457
33 32 1.6570474920942866 -0.31913924695034768 0.11354814698761828 -0.098029647543822609 -3.004900677417264e-17 0.057300697087868668
33 33 1.6489894375727041 -0.35845513634715459 0.14139244808821 -0.12661833209774537 -3.7959447026499479e-17 0.062925530217569206
33 34 1.6399986931841963 -0.39756827885802037 0.14756027215049677 -0.13271919783096753 6.323535495062785e-17 0.064495336608418261
33 35 1.6300803442106917 -0.43645655158097074 0.13617178022807797 -0.12137195737860379 3.5186192536128036e-17 0.061738170466659859
33 36 1.6192400005993339 -0.47509795880330735 0.11558305376125703 -0.099231280008781231 1.1424205720256501e-16 0.05926715266145733
33 37 1.6074837937894209 -0.51347064444266988 0.086658416198478402 -0.067763959171024402 7.1995183175877205e-17 0.054015987776735525
33 38 1.5948183732443848 -0.55155290440911831 0.053215259643845672 -0.029412254129793876 9.0825038542372593e-17 0.044348429126253537
33 39 1.5812509026907688 -0.58932319888124951 0.037113241827870486 0.0083270955442472996 6.9966842038035629e-17 0.036167004282508276
33 40 1.5667890560663289 -0.62676016448940164 0.049049709899866283 0.039492975241465347 3.0366975089063256e-17 0.02908915515854741
33 41 1.5514410131795568 -0.66384262639905089 0.063376282106543849 0.059575062835142079 4.6182668149479241e-17 0.021618626733377479
33 42 1.535215455083073 -0.70054961028757501 0.066176339875910109 0.063780062978170668 -1.3550092148472481e-17 0.017646855976987896
33 43 1.5181215591635093 -0.73686035420760387 0.057992856705447134 0.056362452865684635 -3.5462182270012738e-18 0.013654498739316756
33 44 1.5001689939506624 -0.77275432033024427 0.042825299453944442 0.041652566647085096 -2.4520310065348663e-17 0.0099533896251552366
33 45 1.4813679136488449 -0.80821120656154488 0.025721972322673016 0.02460725498110377 -1.6120733781907462e-17 0.0074901844078300393
33 46 1.461728952393538 -0.84321095802562351 0.011524688754523553 0.010075240906284245 -7.2819494646148069e-18 0.0055953526760141106
33 47 1.441263218236583 -0.87773377840796818 0.0047863327043815287 6.5631261730663071e-05 -3.7447910523665144e-18 0.0047858827079772697
33 48 1.4199822868633256 -0.91176014115248571 0.0053688382118604891 -0.0045177215774085122 1.3144539787239274e-17 0.0029007956657012019
34 0 1.4375129323801565 0.92301643919140541 0.0015446299622434519 -0.0012997612954927815 -3.8497975412553682e-18 -0.00083456713031315472
34 1 1.4590565913012319 0.88856999789448621 0.0041165508355211558 0.0030039530624411349 2.3928582174864139e-18 -0.0028146503832768379
34 2 1.4797749888428406 0.85362096985310087 0.013149829522237142 0.01247548300414514 -1.5347331910436518e-17 -0.0041569628669480881
34 3 1.4996564064099418 0.81818912269193422 0.027213085150877826 0.026187196098740977 -5.0336714818257422e-18 -0.0074015379425503517
34 4 1.5186895988142506 0.78229449712444454 0.043917502612615844 0.042135833892955145 -1.1871822289019505e-17 -0.012382186312376827
34 5 1.5368638006346635 0.74595739561757446 0.059716760129224972 0.056481155828346223 -6.8357745269256419e-18 -0.019389958138827032
34 6 1.5541687323063207 0.70919837090840943 0.069763711418329197 0.064399863828479842 1.6797446955864745e-17 -0.026825975652959393
34 7 1.5705946059348601 0.6720382143792859 0.07053541963302358 0.061931922953389951 1.0270728499588615e-17 -0.033759181597042595
34 8 1.5861321308325798 0.63449794429791295 0.061753848787771327 0.04425794075919235 6.4719645828170581e-17 -0.043067070017111062
34 9 1.6007725187733708 0.59659879392916637 0.053116468518390393 0.014100347509435654 5.7329583303250937e-17 -0.051210735475858082
34 10 1.6145074889634512 0.55836219952527999 0.064754108240172206 -0.024217698915457237 6.8639518820324526e-17 -0.060054954776606058
34 11 1.6273292727250925 0.51980978820122148 0.09406263859918014 -0.064886478057268993 1.0667465792044206e-16 -0.068099375515224256
34 12 1.6392306178906835 0.48096336570211373 0.12045976029729383 -0.098920726810245357 7.6262473475074534e-17 -0.068740407754204438
34 13 1.6502047929046511 0.44184490406962451 0.1405119328931034 -0.12453530121132297 6.4214871369810503e-17 -0.065073512565106392
34 14 1.6602455906309146 0.40247652921429244 0.15099771142017429 -0.13914373004677374 5.567821277611654e-17 -0.058645811809546929
34 15 1.6693473318637251 0.36288050840082331 0.14282356239532312 -0.13504364619283918 -2.9341788213058242e-17 -0.046494984656778086
34 16 1.677504868539895 0.32307923765343821 0.11293182925010138 -0.10803022078169 -5.2237261381663239e-17 -0.032910020596064168
34 17 1.6847135866506122 0.28309522908838924 0.070546506507289719 -0.065566262846825221 -1.3503948762729182e-16 -0.026036028051223521
34 18 1.6909694088511815 0.24295109818081348 0.030386435440679739 -0.016703730561184911 -1.6386838199169016e-16 -0.025383475808681815
34 19 1.6962687967672248 0.20266955097312778 0.042462472042907727 0.033647796742835918 -1.0773206430933221e-16 -0.025901492357536474
34 20 1.700608752996031 0.16227337123219521 0.081389014816243138 0.077260935203148043 -8.2570930920499489e-17 -0.02559139746660203
34 21 1.703986822801927 0.12178540756252901 0.10344636629047603 0.10007094832882202 -5.9840392916498423e-17 -0.026209845464511373
34 22 1.7064010955047073 0.081228560482827075 0.10029213632436745 0.097112432631806717 -9.662365349264208e-17 -0.025053703056400801
34 23 1.7078502055603393 0.040625769473139672 0.08314512178843772 0.081602807279249609 1.2428914444966739e-18 -0.015940298659679757
34 24 1.7083333333333333 1.0460524742716975e-16 0.073618140171524696 0.073618140171524696 -2.9148160674951173e-17 -3.2544969304038357e-16
34 25 1.7078502055603393 -0.040625769473139464 0.08314512178843797 0.081602807279249887 -1.1159838696541751e-16 0.015940298659679553
34 26 1.7064010955047073 -0.081228560482826881 0.10029213632436751 0.097112432631806703 -9.5392037276012731e-18 0.025053703056401037
34 27 1.703986822801927 -0.12178540756252883 0.10344636629047632 0.10007094832882232 8.9171418659422007e-18 0.026209845464511338
34 28 1.700608752996031 -0.16227337123219501 0.081389014816243374 0.07726093520314832 -1.2097147321581049e-16 0.025591397466601922
34 29 1.6962687967672248 -0.20266955097312758 0.042462472042907658 0.033647796742835773 -5.8551375172077714e-17 0.025901492357536561
34 30 1.6909694088511815 -0.24295109818081331 0.030386435440679871 -0.016703730561184623 -1.5114251889947242e-16 0.025383475808682159
34 31 1.6847135866506122 -0.28309522908838908 0.070546506507289691 -0.06556626284682518 -7.615784516618645e-17 0.02603602805122357
34 32 1.677504868539895 -0.32307923765343838 0.11293182925010105 -0.10803022078168974 -1.1743926250471128e-16 0.032910020596063939
34 33 1.6693473318637251 -0.36288050840082314 0.14282356239532282 -0.13504364619283896 -4.1137263844806137e-17 0.046494984656777788
34 34 1.6602455906309146 -0.40247652921429222 0.15099771142017426 -0.13914373004677374 2.610847976902671e-17 0.058645811809546866
34 35 1.6502047929046508 -0.44184490406962473 0.14051193289310351 -0.12453530121132302 -3.2139466484691328e-17 0.065073512565106434
34 36 1.6392306178906835 -0.48096336570211357 0.1204597602972939 -0.098920726810245371 9.355900981566096e-17 0.068740407754204536
34 37 1.6273292727250925 -0.51980978820122126 0.094062638599180418 -0.064886478057269215 8.8196109421694347e-17 0.068099375515224395
34 38 1.6145074889634512 -0.55836219952528021 0.064754108240172387 -0.024217698915457515 1.4638085607307116e-16 0.060054954776606134
34 39 1.6007725187733708 -0.59659879392916615 0.053116468518390358 0.014100347509435486 6.3573357135534296e-17 0.051210735475858089
34 40 1.5861321308325798 -0.63449794429791273 0.061753848787771244 0.044257940759192239 6.7600873701385221e-17 0.043067070017111055
34 41 1.5705946059348599 -0.67203821437928601 0.070535419633023566 0.061931922953389874 3.8486226952441531e-17 0.033759181597042685
34 42 1.5541687323063207 -0.70919837090840931 0.069763711418329266 0.064399863828479897 8.7427972484240235e-18 0.026825975652959435
34 43 1.5368638006346638 -0.74595739561757424 0.059716760129225097 0.056481155828346348 -1.0468687536790535e-18 0.01938995813882707
34 44 1.5186895988142506 -0.78229449712444477 0.043917502612615976 0.042135833892955277 -1.8437572729165994e-18 0.012382186312376857
34 45 1.4996564064099418 -0.81818912269193433 0.027213085150877874 0.026187196098741022 -5.6223470506550574e-18 0.0074015379425503916
34 46 1.4797749888428409 -0.85362096985310032 0.013149829522237184 0.012475483004145181 -1.6728627899539824e-18 0.0041569628669480959
34 47 1.4590565913012321 -0.88856999789448621 0.0041165508355212078 0.0030039530624412073 -1.7222395903843832e-18 0.0028146503832768366
34 48 1.4375129323801568 -0.92301643919140519 0.0015446299622434477 -0.0012997612954927782 9.4389376388025053e-18 0.00083456713031315234
35 0 1.4550435778969877 0.93427273723032489 0.0013020757613163296 0.0010956589731693435 6.913585358395558e-18 0.00070351453625422649
35 1 1.476849964365881 0.89940621738100435 0.0066141502315700453 0.0060095374257011763 5.1992248657123423e-18 -0.0027626876795749009
35 2 1.4978210252921433 0.86403098168057768 0.01600955077792441 0.01519035845292876 1.5585728163595461e-18 -0.005055563883730063
35 3 1.5179448991710385 0.82816703882232368 0.028912363914851344 0.027683387789756334 3.1929718680878893e-19 -0.0083399536945218105
35 4 1.537210203677839 0.79183467391864515 0.044176459282106964 0.042140133255054994 -1.2015385639553563e-17 -0.01325777975189899
35 5 1.555606042105818 0.75505443702754482 0.059069934353153518 0.055277838638746607 4.701220531859398e-18 -0.020823489138820105
35 6 1.5731220095295684 0.71784713152924373 0.070131555717804911 0.063163817503783512 9.2293028715803094e-18 -0.030475683187556366
35 7 1.5897481986901634 0.68023380235952113 0.074404617195058559 0.061934789800019409 3.884379094503615e-17 -0.041232619033607566
35 8 1.6054752055988306 0.64223572410642404 0.070740222330940225 0.045896247226259894 6.3591000979038414e-17 -0.053830414692596272
35 9 1.6202941348559727 0.60387438897708301 0.066314957034840305 0.017420705258167777 9.4508849955155295e-17 -0.063985877776590372
35 10 1.6341966046825176 0.5651714946414419 0.075426183987280501 -0.020629089078844434 1.2972584392820474e-16 -0.072550326771560383
35 11 1.6471747516607644 0.52614893195977297 0.098766382965774696 -0.06191321163547963 1.2755750450394134e-16 -0.076951625253287415
35 12 1.6592212351820332 0.48682877260092 0.12109653438017247 -0.096812388573542102 9.4561006782187624e-17 -0.072744292268010879
35 13 1.6703292415986102 0.44723325655827845 0.13928653329085813 -0.12396652189369112 1.2883225192391737e-16 -0.06350621863854225
35 14 1.6804924880776331 0.40738477957056429 0.14878677181817127 -0.14047912578394087 6.2381462436084885e-17 -0.049021614488430461
35 15 1.6897052261547461 0.36730588045449192 0.14131591808214361 -0.1382818134733779 4.2464308511066498e-17 -0.02912608394400204
35 16 1.6979622449855034 0.32701922835652886 0.11430673561987857 -0.11381588748405277 -4.3444781889211334e-17 -0.01058175620066224
35 17 1.7052588742926929 0.28654760993093059 0.073935337741585061 -0.073932934377578682 -1.1025141440591602e-16 0.00059613864402372385
35 18 1.7115909870079031 0.24591391645131122 0.026855923204140444 -0.026209288624350863 -1.3302848643029553e-16 0.0058577983024479295
35 19 1.7169550016058492 0.20514113086304397 0.025624992735578722 0.024734706102191459 -2.2250911388677793e-16 0.0066958619114102684
35 20 1.7213478841301288 0.16425231478380733 0.070584324116423833 0.070554250992220041 -1.8348497003198103e-16 0.0020602130713080315
35 21 1.7247671499092676 0.12327059545963302 0.097858662826358467 0.097644661816013154 -2.0056308992628219e-16 -0.0064682230171302316
35 22 1.7272108649620816 0.082219152683837157 0.101174296837135 0.10036124938661149 -3.2260951935250879e-17 -0.012800701623234521
35 23 1.7286776470915628 0.041121205686226736 0.090883323705390553 0.090264879802705714 -1.969577813159681e-17 -0.010584422607865594
35 24 1.7291666666666665 1.0588092117628157e-16 0.084695790868026602 0.084695790868026602 -9.4084546310657056e-17 3.2990836598599093e-17
35 25 1.7286776470915628 -0.041121205686226528 0.090883323705390442 0.090264879802705603 -9.0241415814207615e-17 0.010584422607865693
35 26 1.7272108649620816 -0.082219152683836963 0.10117429683713472 0.10036124938661119 7.2144366718087011e-18 0.012800701623234644
35 27 1.7247671499092676 -0.12327059545963283 0.097858662826358161 0.097644661816012834 -1.0828911095395732e-16 0.0064682230171304467
35 28 1.7213478841301288 -0.16425231478380714 0.07058432411642393 0.070554250992220124 -1.546346201904176e-16 -0.0020602130713080744
35 29 1.7169550016058492 -0.20514113086304378 0.025624992735578802 0.024734706102191504 -1.3775254747499486e-16 -0.006695861911410422
35 30 1.7115909870079031 -0.24591391645131103 0.026855923204140122 -0.026209288624350489 -1.9761254512467715e-16 -0.0058577983024481082
35 31 1.7052588742926929 -0.28654760993093037 0.073935337741584811 -0.073932934377578419 -1.0925191120227604e-16 -0.00059613864402382718
35 32 1.6979622449855034 -0.32701922835652908 0.11430673561987859 -0.1138158874840528 -2.7444898213084857e-17 0.010581756200662096
35 33 1.6897052261547461 -0.3673058804544917 0.14131591808214342 -0.13828181347337765 3.2421129190968179e-17 0.029126083944002241
35 34 1.6804924880776331 -0.40738477957056402 0.14878677181817132 -0.14047912578394098 8.3695061909386951e-17 0.049021614488430287
35 35 1.67032924159861 -0.44723325655827867 0.13928653329085827 -0.12396652189369124 6.1271135873882448e-17 0.063506218638542361
35 36 1.6592212351820332 -0.48682877260091983 0.12109653438017251 -0.096812388573542185 1.5949149174779905e-16 0.072744292268010824
35 37 1.6471747516607644 -0.52614893195977275 0.098766382965774724 -0.061913211635479748 1.3333033497451918e-16 0.076951625253287331
35 38 1.6341966046825176 -0.56517149464144212 0.075426183987280626 -0.020629089078844635 9.8388300600733004e-17 0.072550326771560453
35 39 1.6202941348559727 -0.60387438897708279 0.066314957034840291 0.017420705258167607 1.0137855837187705e-16 0.0639858777765904
35 40 1.6054752055988306 -0.64223572410642382 0.07074022233094017 0.045896247226259707 2.5335261956510731e-17 0.053830414692596348
35 41 1.5897481986901632 -0.68023380235952124 0.074404617195058573 0.061934789800019367 2.9741605582080893e-17 0.041232619033607636
35 42 1.5731220095295684 -0.71784713152924351 0.070131555717804994 0.063163817503783595 3.7881124011103852e-18 0.030475683187556408
35 43 1.5556060421058182 -0.7550544370275446 0.059069934353153587 0.055277838638746649 4.9526476743880269e-18 0.020823489138820189
35 44 1.537210203677839 -0.79183467391864526 0.044176459282107124 0.042140133255055154 -1.1125839846194235e-17 0.01325777975189902
35 45 1.5179448991710385 -0.82816703882232368 0.02891236391485141 0.027683387789756399 -6.4927874876407236e-19 0.0083399536945218174
35 46 1.4978210252921438 -0.86403098168057713 0.016009550777924441 0.015190358452928789 -2.5964725644908716e-18 0.0050555638837300829
35 47 1.476849964365881 -0.89940621738100435 0.0066141502315700731 0.0060095374257012153 -4.7046392471043937e-18 0.002762687679574887
35 48 1.4550435778969877 -0.93427273723032478 0.0013020757613163797 0.0010956589731693858 3.2112410104120479e-18 -0.00070351453625425338
36 0 1.4725742234138188 0.94552903526924459 0.0046504276157324905 0.0039131999055882572 -4.982695457000868e-18 0.0025126367640531402
36 1 1.4946433374305301 0.9102424368675226 0.0087743904929904904 0.0086049124352527723 -7.0585149172977816e-19 -0.0017162198300666781
36 2 1.5158670617414465 0.8744409935080546 0.017552622727840715 0.016717157655482335 -1.2127242267599061e-17 -0.0053508134472861936
36 3 1.5362333919321354 0.83814495495271313 0.029655422497723231 0.027728285675034773 7.1563888524771026e-19 -0.010516000049549758
36 4 1.5557308085414276 0.80137485071284575 0.044174595546472149 0.040372394726757362 -1.1376311748122148e-18 -0.017929434896875342
36 5 1.5743482835769724 0.7641514784375153 0.059556564792047927 0.052604432919513597 1.1283175304768119e-17 -0.027924148098837271
36 6 1.5920752867528163 0.72649589215007804 0.072746963955499164 0.061008994508006398 2.8835642191112939e-17 -0.039623520210409616
36 7 1.6089017914454666 0.68842939033975636 0.08005099207051411 0.061274811772244385 3.4380843785771119e-17 -0.051512704974108432
36 8 1.6248182803650819 0.64997350391493525 0.079351800121741964 0.048182199976458874 7.9526736551501101e-17 -0.063049058581309644
36 9 1.6398157509385749 0.61114998402499965 0.074028799090568947 0.021641559091752437 9.0808232984760475e-17 -0.070794816299429797
36 10 1.6538857204015844 0.57198078975760391 0.076272258324945205 -0.016329988197065052 8.6841214874464854e-17 -0.07450361652611831
36 11 1.6670202305964363 0.53248807571832446 0.091527743608534162 -0.057765106071654984 1.3116793999668414e-16 -0.070996622247822563
36 12 1.6792118524733832 0.49269417949972633 0.1102918782809189 -0.093341846986742597 1.2409439086849995e-16 -0.058750302261661266
36 13 1.6904536902925693 0.45262160904693244 0.12746567410226833 -0.12048020375749424 1.3983858101705125e-16 -0.041617527279961611
36 14 1.7007393855243516 0.4122930299268362 0.13727665965038674 -0.13581046649376519 8.8286072052212258e-17 -0.020009959408104884
36 15 1.710063120445767 0.37173125250816053 0.1326187790714021 -0.13256785933427953 -7.9014281430885812e-17 0.0036746746680531347
36 16 1.718419621431112 0.33095921905961961 0.11179857288865797 -0.1095125711761028 -2.8277252877944575e-17 0.022492613328370454
36 17 1.7258041619347737 0.28999999077347194 0.080966425441616516 -0.073955472238941361 -1.1629684562252402e-16 0.032956792542782755
36 18 1.7322125651646252 0.24887673472180896 0.047890182535580361 -0.031203006727960607 -2.3462432633970652e-16 0.036329629153434143
36 19 1.7376412064444742 0.20761271075296017 0.036326553078387447 0.015858385392974024 -1.8060611090206311e-16 0.032682259274487264
36 20 1.7420870152642269 0.16623125833541949 0.061981583014952359 0.058048041806604292 -1.9967415623936462e-16 0.021728816706349911
36 21 1.7455474770166084 0.12475578335673704 0.083995190784364279 0.083655988628119848 -1.6754568928745265e-16 0.0075410636884750953
36 22 1.7480206344194562 0.083209744884847253 0.090590317264033798 0.090528949168406994 -2.4277167901365713e-16 -0.0033339082864236374
36 23 1.7495050886227865 0.041616641899313814 0.088565346016185972 0.088388690001736561 -2.5702028790506305e-16 -0.0055910638293319662
36 24 1.75 1.071565949253934e-16 0.086543838563473779 0.086543838563473779 -2.7213238918099012e-16 1.2931530167218811e-17
36 25 1.7495050886227865 -0.041616641899313599 0.088565346016186139 0.088388690001736742 -1.8305813887522127e-16 0.0055910638293318795
36 26 1.7480206344194562 -0.083209744884847045 0.090590317264033229 0.090528949168406425 -2.6074051586870051e-16 0.0033339082864234618
36 27 1.7455474770166084 -0.12475578335673684 0.083995190784363918 0.083655988628119501 -2.270619726561334e-16 -0.0075410636884748871
36 28 1.7420870152642269 -0.16623125833541927 0.061981583014952553 0.058048041806604542 -2.9250635365808914e-16 -0.021728816706349793
36 29 1.7376412064444742 -0.20761271075295998 0.036326553078387364 0.015858385392974097 -2.233932216278329e-16 -0.032682259274487133
36 30 1.7322125651646252 -0.24887673472180877 0.047890182535580347 -0.031203006727960496 -1.9008708842587303e-16 -0.036329629153434205
36 31 1.7258041619347737 -0.28999999077347177 0.080966425441616099 -0.073955472238940861 -1.8701908253467928e-16 -0.032956792542782859
36 32 1.718419621431112 -0.33095921905961984 0.11179857288865803 -0.10951257117610286 -6.1294907921646669e-17 -0.022492613328370509
36 33 1.710063120445767 -0.3717312525081603 0.13261877907140163 -0.13256785933427909 -5.4586716060826141e-17 -0.0036746746680534326
36 34 1.7007393855243516 -0.41229302992683592 0.13727665965038663 -0.1358104664937651 1.2016778445466719e-17 0.020009959408104717
36 35 1.6904536902925691 -0.45262160904693266 0.12746567410226858 -0.12048020375749448 8.0463540139745054e-17 0.041617527279961652
36 36 1.6792118524733832 -0.4926941794997261 0.11029187828091885 -0.093341846986742569 1.0943184079765993e-16 0.058750302261661211
36 37 1.6670202305964363 -0.53248807571832424 0.091527743608534481 -0.057765106071655373 8.8144011255434752e-17 0.070996622247822661
36 38 1.6538857204015844 -0.57198078975760414 0.076272258324945275 -0.016329988197065329 1.3913561134275595e-16 0.074503616526118324
36 39 1.6398157509385749 -0.61114998402499954 0.074028799090569003 0.021641559091752239 1.1237837206811799e-16 0.070794816299429908
36 40 1.6248182803650819 -0.64997350391493502 0.079351800121741867 0.048182199976458777 8.2823207763717492e-17 0.063049058581309589
36 41 1.6089017914454664 -0.68842939033975648 0.080050992070514151 0.061274811772244385 4.6966641867214463e-17 0.051512704974108481
36 42 1.5920752867528163 -0.72649589215007782 0.072746963955499303 0.061008994508006502 3.6393157240579705e-17 0.03962352021040972
36 43 1.5743482835769727 -0.76415147843751507 0.059556564792048045 0.05260443291951368 1.526645354369811e-17 0.027924148098837361
36 44 1.5557308085414276 -0.80137485071284587 0.044174595546472226 0.040372394726757438 9.599149076837891e-18 0.017929434896875367
36 45 1.5362333919321354 -0.83814495495271324 0.029655422497723283 0.027728285675034822 2.1119417998983188e-18 0.010516000049549791
36 46 1.5158670617414469 -0.87444099350805404 0.017552622727840746 0.016717157655482366 -4.7535909234307559e-18 0.0053508134472862083
36 47 1.4946433374305303 -0.9102424368675226 0.0087743904929905477 0.0086049124352528331 -2.1832908787909645e-18 0.0017162198300666686
36 48 1.4725742234138191 -0.94552903526924437 0.0046504276157325105 0.0039131999055882745 -6.2254632983866005e-18 -0.0025126367640531501
37 0 1.49010486893065 0.95678533330816418 0.0062385836764539942 0.0052495871500322097 1.3295537324419353e-17 0.0033707211457394298
37 1 1.5124367104951792 0.92107865635404063 0.010799476104661246 0.010535740866815514 9.9714484044609577e-19 -0.0023720979158674497
37 2 1.5339130981907494 0.8848510053355314 0.019746300888350273 0.018423291702522999 9.9828392498693036e-18 -0.0071062452544933931
37 3 1.5545218846932323 0.84812287108310258 0.030906841968631249 0.028263307401662881 4.5750036662293144e-18 -0.012506731595147232
37 4 1.5742514134050158 0.81091502750704625 0.044203938573593421 0.039354434127847747 1.6875619520639922e-17 -0.020129995029679288
37 5 1.5930905250481269 0.77324851984748566 0.058985596373592561 0.050394140070870605 2.3571246081406426e-17 -0.030655035900580017
37 6 1.6110285639760642 0.73514465277091223 0.072911958885743047 0.058450278153778151 2.2898896321733253e-17 -0.043585762954229106
37 7 1.6280553842007697 0.69662497831999148 0.082644197367659045 0.059889880261929929 4.4633316805391183e-17 -0.056949676037325071
37 8 1.6441613551313328 0.65771128372344634 0.083575609915336663 0.049347404414473293 7.008047312570365e-17 -0.067451584490469479
37 9 1.6593373670211771 0.61842557907291629 0.07608836260054995 0.025392014250370073 9.3352235206851379e-17 -0.071726456315238177
37 10 1.6735748361206508 0.57879008487376582 0.070125790115468115 -0.010856508249244662 1.2276626418150458e-16 -0.069280319485065647
37 11 1.6868657095321082 0.53882721947687595 0.077467724092076765 -0.051452814148052368 1.4715542388403449e-16 -0.057912487360258599
37 12 1.699202469764733 0.49855958639853254 0.096513595954595924 -0.087869630009324337 1.2502750146955783e-16 -0.039922453908940045
37 13 1.7105781389865284 0.45800996153558637 0.11773477154326079 -0.11619307698281416 1.1330711020216973e-16 -0.01899066327461026
37 14 1.72098628297107 0.41720128028310804 0.13204322451719108 -0.13195493192628605 6.3977377309309304e-17 0.0048279479312178216
37 15 1.730421014736788 0.37615662456182908 0.13331828609948373 -0.1302424719788397 9.8900823011523057e-18 0.028472160110271847
37 16 1.7388769978767205 0.33489920976271031 0.11979498158211216 -0.11032455714803882 -4.9697253849218864e-17 0.046683291468658322
37 17 1.7463494495768541 0.29345237161601329 0.096298485481848967 -0.076951688954556063 -1.7478890127119063e-16 0.057895041870087025
37 18 1.7528341433213468 0.25183955299230665 0.071528853504334772 -0.035627178486235048 -2.8078957849035373e-16 0.062024842093749311
37 19 1.7583274112830989 0.21008429064287637 0.05737938646504756 0.0088869899418922652 -3.7277278283160541e-16 0.056686994988956588
37 20 1.7628261463983248 0.16821020188703162 0.063343807565237525 0.047904365286524739 -3.2177285832381354e-16 0.041444055585295292
37 21 1.7663278041239487 0.12624097125384104 0.076186125689823053 0.072661595815278257 -3.5385048616314038e-16 0.022904546299864874
37 22 1.7688304038768308 0.084200337085857335 0.083111714633373732 0.082744307888070287 -4.0693029345932451e-16 0.0078061912238671805
37 23 1.7703325301540103 0.042112078112400878 0.086505407260533448 0.08650435099099929 -3.604673062456348e-16 -0.00042748676792643233
37 24 1.7708333333333333 1.0843226867450523e-16 0.087179621069954374 0.087179621069954374 -3.3215797253221592e-16 -2.0351532164287948e-17
37 25 1.7703325301540103 -0.042112078112400662 0.086505407260533546 0.086504350990999401 -3.2011655923883555e-16 0.00042748676792657718
37 26 1.7688304038768308 -0.084200337085857127 0.083111714633373773 0.082744307888070329 -4.2301705887645397e-16 -0.0078061912238671033
37 27 1.7663278041239487 -0.12624097125384084 0.076186125689823275 0.072661595815278493 -2.9188886155629068e-16 -0.022904546299864818
37 28 1.7628261463983248 -0.1682102018870314 0.063343807565237442 0.047904365286524746 -4.3011305099440137e-16 -0.041444055585295146
37 29 1.7583274112830989 -0.21008429064287618 0.057379386465047484 0.0088869899418924439 -2.5859954234818523e-16 -0.056686994988956477
37 30 1.7528341433213468 -0.25183955299230648 0.071528853504334633 -0.035627178486235082 -3.1110804879663593e-16 -0.062024842093749123
37 31 1.7463494495768541 -0.29345237161601306 0.096298485481848731 -0.076951688954555938 -2.2635423913630922e-16 -0.05789504187008683
37 32 1.7388769978767205 -0.33489920976271054 0.11979498158211165 -0.11032455714803838 -1.8531942758793018e-16 -0.046683291468658072
37 33 1.730421014736788 -0.37615662456182886 0.13331828609948365 -0.13024247197883954 -3.5577963646861552e-17 -0.028472160110272114
37 34 1.72098628297107 -0.41720128028310777 0.132043224517191 -0.13195493192628593 3.500101751852753e-17 -0.0048279479312180931
37 35 1.7105781389865282 -0.4580099615355866 0.11773477154326097 -0.11619307698281436 6.3466119728509003e-17 0.018990663274610194
37 36 1.699202469764733 -0.49855958639853237 0.096513595954595979 -0.087869630009324504 1.1305543471255017e-16 0.039922453908939837
37 37 1.6868657095321082 -0.53882721947687573 0.077467724092076709 -0.051452814148052445 1.328124228251796e-16 0.057912487360258467
37 38 1.6735748361206508 -0.57879008487376604 0.070125790115468115 -0.010856508249244896 8.7120980040854398e-17 0.069280319485065633
37 39 1.6593373670211771 -0.61842557907291618 0.076088362600549977 0.025392014250369941 9.8336944077915606e-17 0.07172645631523826
37 40 1.6441613551313328 -0.65771128372344612 0.083575609915336621 0.049347404414473203 6.0289292185248018e-17 0.067451584490469479
37 41 1.6280553842007695 -0.69662497831999159 0.082644197367659086 0.059889880261929915 5.0942878773580798e-17 0.056949676037325141
37 42 1.6110285639760642 -0.73514465277091201 0.072911958885743117 0.058450278153778158 1.8432288791373436e-17 0.043585762954229189
37 43 1.5930905250481271 -0.77324851984748544 0.058985596373592665 0.050394140070870674 2.1180791355534005e-17 0.030655035900580097
37 44 1.5742514134050158 -0.81091502750704647 0.044203938573593546 0.039354434127847865 -1.6553195122177705e-18 0.02012999502967934
37 45 1.5545218846932323 -0.84812287108310269 0.030906841968631325 0.028263307401662958 1.2517946979384668e-17 0.012506731595147254
37 46 1.5339130981907498 -0.88485100533553085 0.019746300888350311 0.018423291702523045 2.1574958127979838e-18 0.0071062452544933914
37 47 1.5124367104951795 -0.92107865635404063 0.01079947610466127 0.010535740866815543 -1.2857115846875028e-18 0.0023720979158674349
37 48 1.4901048689306502 -0.95678533330816395 0.0062385836764540358 0.0052495871500322462 -3.2455459933775617e-18 -0.0033707211457394515
38 0 1.5076355144474811 0.96804163134708365 0.0080897645416348318 0.0068073021357134634 -9.5036656500637177e-18 0.0043709184357756141
38 1 1.5302300835598284 0.93191487584055877 0.012475923593265896 0.012143919738015246 2.4224029863390241e-18 -0.0028590003325729674
38 2 1.5519591346400523 0.89526101716300821 0.021047298676412921 0.018726918474337266 7.4853725372302432e-18 -0.0096068364215103914
38 3 1.5728103774543289 0.85810078721349192 0.031572723089720062 0.026653131350563162 9.8469111792480321e-18 -0.016924757974924473
38 4 1.5927720182686043 0.82045520430124674 0.043856847895733443 0.035401244454484712 6.6296022375937338e-18 -0.025887738379845277
38 5 1.6118327665192813 0.78234556125745602 0.057527852643845419 0.04471935472456718 2.3851726954540274e-17 -0.036188853847978153
38 6 1.6299818411993119 0.74379341339174643 0.070640729697667187 0.052577413914419814 6.0494264484521695e-17 -0.047177624339199753
38 7 1.6472089769560727 0.70482056630022671 0.079012208566772102 0.054730664641287646 5.9823874004849092e-17 -0.056986695381659042
38 8 1.6635044298975836 0.66544906353195743 0.077814205683446505 0.047224754653424864 9.5675142591456067e-17 -0.061845558887195319
38 9 1.678858983103779 0.62570117412083293 0.065659589573967322 0.026486291477833303 9.8460852826958485e-17 -0.06008042998159295
38 10 1.6932639518397172 0.58559937998992784 0.051670260776577145 -0.0069056962334799084 9.1188371752651796e-17 -0.05120671057830592
38 11 1.7067111884677799 0.54516636323542733 0.055735590471386577 -0.04393061123764342 1.2978166566263106e-16 -0.034300983097881557
38 12 1.7191930870560828 0.50442499329733881 0.078687686519972183 -0.077318729290721283 8.198568218061978e-17 -0.014613901283831466
38 13 1.7307025876804876 0.46339831402424031 0.10273098330262374 -0.10262915575772953 6.0585394142835122e-17 0.0045728895437840414
38 14 1.7412331804177885 0.42210953063937984 0.1177470581522147 -0.11531859382258561 1.2029615418501153e-17 0.023790578435224131
38 15 1.750778909027809 0.38058199661549763 0.12148573607398575 -0.11435639935692306 -1.3045928311790226e-16 0.04100485331711419
38 16 1.7593343743223289 0.33883920046580102 0.11363882274054501 -0.1004268523222215 -1.4435788452127949e-16 0.053181099711342252
38 17 1.7668947372189348 0.29690475245855458 0.095546623680988402 -0.07434081071860324 -2.018021941552512e-16 0.06002167240703328
38 18 1.7734557214780684 0.25480237126280436 0.073601015304363457 -0.039754279425017143 -3.0257799591018268e-16 0.061941155310752831
38 19 1.7790136161217234 0.21255587053279254 0.056352102864413653 -0.0024566811044898591 -3.1942304060636944e-16 0.056298527646753783
38 20 1.7835652775324227 0.17018914543864375 0.051911454389817258 0.030139070048590417 -3.7904888444314478e-16 0.042266246030044322
38 21 1.7871081312312893 0.12772615915094507 0.058290132676985892 0.052802009857834939 -2.9851036762900215e-16 0.024691847287591103
38 22 1.7896401733342051 0.085190929286867417 0.067103351627222585 0.066233798343336633 -3.9615359684956168e-16 0.010767718264372197
38 23 1.7911599716852338 0.042607514325487948 0.074350589095481284 0.074313373978081382 -2.6532419856466973e-16 0.0023521366539637012
38 24 1.7916666666666665 1.0970794242361705e-16 0.076873151831968314 0.076873151831968314 -4.5959499887550425e-16 1.0177774789738243e-16
38 25 1.7911599716852338 -0.042607514325487726 0.074350589095481062 0.07431337397808116 -3.3752321622466388e-16 -0.0023521366539635759
38 26 1.7896401733342051 -0.085190929286867209 0.067103351627222974 0.066233798343336994 -4.186587107187552e-16 -0.010767718264372337
38 27 1.7871081312312893 -0.12772615915094485 0.058290132676986142 0.052802009857835279 -3.627784967456718e-16 -0.024691847287590971
38 28 1.7835652775324227 -0.17018914543864352 0.051911454389817299 0.030139070048590618 -4.0674633858390097e-16 -0.042266246030044231
38 29 1.7790136161217234 -0.21255587053279235 0.056352102864413653 -0.0024566811044896527 -3.6235565890024717e-16 -0.05629852764675379
38 30 1.7734557214780684 -0.25480237126280419 0.073601015304363457 -0.03975427942501697 -2.455883259110996e-16 -0.061941155310752942
38 31 1.7668947372189348 -0.29690475245855441 0.095546623680988457 -0.074340810718603267 -2.7031259866094877e-16 -0.060021672407033336
38 32 1.7593343743223289 -0.33883920046580124 0.11363882274054482 -0.1004268523222214 -1.6185261788227428e-16 -0.053181099711342002
38 33 1.750778909027809 -0.38058199661549741 0.12148573607398568 -0.114356399356923 -1.5543065412995981e-16 -0.041004853317114114
38 34 1.7412331804177885 -0.42210953063937962 0.11774705815221494 -0.11531859382258579 6.166019240756418e-18 -0.02379057843522444
38 35 1.7307025876804873 -0.46339831402424053 0.10273098330262379 -0.10262915575772957 4.2379080712795871e-17 -0.0045728895437841515
38 36 1.7191930870560828 -0.50442499329733859 0.078687686519972377 -0.077318729290721477 8.9096721742306305e-17 0.014613901283831438
38 37 1.7067111884677799 -0.54516636323542722 0.05573559047138666 -0.043930611237643691 8.7209322778255156e-17 0.034300983097881335
38 38 1.6932639518397172 -0.58559937998992795 0.051670260776577173 -0.0069056962334801244 8.8642840419356735e-17 0.051206710578305926
38 39 1.678858983103779 -0.62570117412083281 0.065659589573967336 0.026486291477833258 1.0934498772739528e-16 0.060080429981592985
38 40 1.6635044298975836 -0.66544906353195721 0.077814205683446575 0.047224754653424891 8.3149684146513933e-17 0.061845558887195382
38 41 1.6472089769560725 -0.70482056630022683 0.079012208566772157 0.054730664641287723 5.1741829564778808e-17 0.056986695381659049
38 42 1.6299818411993119 -0.74379341339174632 0.070640729697667215 0.052577413914419835 4.6814989891770359e-17 0.04717762433919976
38 43 1.6118327665192815 -0.78234556125745591 0.057527852643845481 0.044719354724567208 2.6488390899165166e-17 0.036188853847978222
38 44 1.5927720182686043 -0.82045520430124697 0.043856847895733513 0.035401244454484775 1.9909925634046762e-17 0.025887738379845315
38 45 1.5728103774543289 -0.85810078721349203 0.031572723089720138 0.026653131350563224 1.0846330086947252e-17 0.016924757974924522
38 46 1.5519591346400525 -0.89526101716300766 0.021047298676412942 0.018726918474337294 4.4343977216596938e-19 0.0096068364215103914
38 47 1.5302300835598286 -0.93191487584055877 0.012475923593265922 0.012143919738015277 1.1031196476872564e-17 0.0028590003325729492
38 48 1.5076355144474813 -0.96804163134708343 0.0080897645416348578 0.0068073021357134859 -6.4149545491332046e-18 -0.0043709184357756279
39 0 1.5251661599643125 0.97929792938600335 0.0078242023705578697 0.0065838392740896088 6.8460429803524703e-18 0.004227434582391382
39 1 1.5480234566244777 0.9427510953270769 0.01314428035680479 0.012408019056145842 1.1638667877649864e-18 -0.0043374150367016806
39 2 1.5700051710893552 0.90567102899048513 0.022302516491635286 0.018758035868478285 1.5615195931091267e-17 -0.012063926898673831
39 3 1.5910988702154261 0.86807870334388149 0.032081537805201087 0.025560585892726723 7.8873205089178488e-18 -0.019387664035852438
39 4 1.6112926231321929 0.82999538109544735 0.04277354872007743 0.032715560921854403 2.8146608851038364e-17 -0.027554827955864114
39 5 1.6305750079904358 0.7914426026674265 0.054540062725211447 0.040799908335350528 2.8861640577930521e-17 -0.036193727659595845
39 6 1.6489351184225598 0.75244217401258084 0.065198816946686194 0.047760790036583227 3.6496918523953894e-17 -0.044382346336453493
39 7 1.6663625697113762 0.71301615428046194 0.071520146176616783 0.050767360366786314 2.9083628163977589e-17 -0.050376645685411489
39 8 1.6828475046638347 0.67318684334046863 0.067712017788825379 0.04593549892115939 6.3445071380444511e-17 -0.04974783705748792
39 9 1.6983805991863812 0.63297676916874968 0.050420392774001822 0.027718911496740897 7.305187591991679e-17 -0.042117430511849373
39 10 1.7129530675587838 0.59240867510608974 0.029065466568935307 -0.0025896488465157208 7.5172494583836297e-17 -0.028949871601125207
39 11 1.726556667403452 0.55150550699397893 0.0396452053343717 -0.038061951106770672 9.4574062472049065e-17 -0.011091897220507102
39 12 1.7391837043474327 0.51029040019614513 0.071997533474260911 -0.071785441675494222 4.3690712664946429e-17 0.0055222449992315351
39 13 1.7508270363744469 0.4687866665128943 0.097912785561325405 -0.096074706604240181 2.3783716652176066e-17 0.018882910985525022
39 14 1.761480077864507 0.42701778099565174 0.11121090280736584 -0.10665168186424973 -6.5784085105720264e-17 0.031516403011070927
39 15 1.7711368033188302 0.38500736866916624 0.11390006216350151 -0.10523739469932672 -8.0607426916515333e-17 0.043569655928726719
39 16 1.7797917507679375 0.34277919116889177 0.10665746920918664 -0.092408614584024398 -1.6263108568136272e-16 0.053258461194159834
39 17 1.7874400248610156 0.30035713330109592 0.09020959387821785 -0.068387670839847967 -2.2069473137108115e-16 0.058829391504362914
39 18 1.7940772996347902 0.25776518953330213 0.07044371419125188 -0.03723087609975733 -4.1116860535307214e-16 0.059801159971218792
39 19 1.7996998209603483 0.21502745042270877 0.0554330911132506 -0.0064908559566702528 -3.3744650133454536e-16 0.055051760910253371
39 20 1.8043044086665208 0.1721680889902559 0.04828956349521165 0.019932700616315243 -3.6527638526939368e-16 0.043983740049004745
39 21 1.8078884583386301 0.12921134704804907 0.04890271410188219 0.040495118048334659 -3.5366397360947477e-16 0.027415704637704784
39 22 1.8104499427915797 0.086181521487877513 0.057056301157628012 0.055611750640781478 -3.6275332794572566e-16 0.012757534732756362
39 23 1.8119874132164575 0.043102950538575019 0.065422187567327234 0.065320738807805853 -4.4230207531885662e-16 0.0036419373548910736
39 24 1.8125 1.1098361617272889e-16 0.069043831402866379 0.069043831402866379 -4.4175282633593803e-16 1.8566551521658424e-16
39 25 1.8119874132164575 -0.043102950538574797 0.065422187567327081 0.065320738807805701 -3.2418222580212207e-16 -0.0036419373548910641
39 26 1.8104499427915797 -0.086181521487877305 0.057056301157628005 0.055611750640781443 -4.2854416131605941e-16 -0.012757534732756433
39 27 1.8078884583386301 -0.12921134704804887 0.048902714101882211 0.040495118048334673 -3.2624058926342548e-16 -0.027415704637704801
39 28 1.8043044086665208 -0.17216808899025568 0.048289563495211602 0.019932700616315628 -4.3234688433671587e-16 -0.043983740049004509
39 29 1.7996998209603483 -0.21502745042270854 0.05543309111325033 -0.0064908559566701982 -3.4825409306116882e-16 -0.0550517609102531
39 30 1.7940772996347902 -0.25776518953330191 0.070443714191251686 -0.037230876099756866 -4.3950919895050785e-16 -0.059801159971218848
39 31 1.7874400248610156 -0.30035713330109576 0.090209593878217725 -0.068387670839847689 -3.0294342539735399e-16 -0.058829391504363067
39 32 1.7797917507679375 -0.34277919116889194 0.10665746920918669 -0.092408614584024384 -2.2298536415848869e-16 -0.053258461194159945
39 33 1.7711368033188302 -0.38500736866916602 0.11390006216350138 -0.10523739469932648 -1.1984758504187789e-16 -0.043569655928726886
39 34 1.761480077864507 -0.42701778099565152 0.11121090280736566 -0.10665168186424953 -3.8692841298762136e-17 -0.031516403011070927
39 35 1.7508270363744467 -0.46878666651289452 0.097912785561325502 -0.096074706604240251 2.5178562797224069e-17 -0.018882910985525182
39 36 1.7391837043474327 -0.51029040019614491 0.071997533474261036 -0.071785441675494333 5.3589823183118612e-17 -0.005522244999231601
39 37 1.726556667403452 -0.55150550699397871 0.039645205334371908 -0.038061951106770929 6.8789415290226462e-17 0.011091897220506958
39 38 1.7129530675587838 -0.59240867510608997 0.029065466568935317 -0.0025896488465158595 5.6246500913751937e-17 0.028949871601125204
39 39 1.6983805991863812 -0.63297676916874945 0.050420392774001704 0.027718911496740765 8.9814203214794429e-17 0.042117430511849317
39 40 1.6828475046638347 -0.67318684334046841 0.067712017788825393 0.045935498921159411 5.6692823759240729e-17 0.049747837057487913
39 41 1.666362569711376 -0.71301615428046206 0.071520146176616881 0.05076736036678639 5.4715732074128876e-17 0.050376645685411531
39 42 1.6489351184225598 -0.75244217401258062 0.065198816946686264 0.047760790036583282 4.0084404449336894e-17 0.044382346336453535
39 43 1.630575007990436 -0.79144260266742639 0.054540062725211488 0.040799908335350576 3.7669954219178579e-17 0.036193727659595852
39 44 1.6112926231321929 -0.82999538109544757 0.042773548720077471 0.032715560921854431 1.5907852811968826e-17 0.027554827955864145
39 45 1.5910988702154261 -0.8680787033438816 0.032081537805201128 0.025560585892726789 1.1906653614474974e-17 0.019387664035852431
39 46 1.5700051710893557 -0.90567102899048457 0.022302516491635303 0.018758035868478292 7.9629453752117893e-18 0.012063926898673851
39 47 1.5480234566244779 -0.9427510953270769 0.013144280356804811 0.012408019056145875 2.7086007375001107e-18 0.0043374150367016563
39 48 1.5251661599643127 -0.97929792938600313 0.0078242023705578714 0.0065838392740896114 5.6349531837860491e-18 -0.004227434582391382
40 0 1.5426968054811436 0.99055422742492283 0.0072707628176129991 0.0061181359484414471 -1.2126880775122305e-19 0.0039284099157766367
40 1 1.5658168296891268 0.95358731481359504 0.013470643880999285 0.012105257283232878 7.0725580769623478e-18 -0.0059093986729142605
40 2 1.5880512075386581 0.91608104081796193 0.022785715844199757 0.017161138266315334 6.8872516885435481e-18 -0.014989468967812815
40 3 1.6093873629765227 0.87805661947427083 0.031481955949647873 0.021924898586984466 1.8374503905070332e-17 -0.022592307814077242
40 4 1.6298132279957813 0.83953555788964784 0.039710628229318749 0.026948923038090086 2.8718711588383702e-17 -0.029166582615285336
40 5 1.6493172494615902 0.80053964407739697 0.047031638902911635 0.032760595407400735 3.2037494544439261e-17 -0.033744902525366174
40 6 1.6678883956458075 0.76109093463341504 0.053379585243964654 0.03922745782433916 4.7471171065855758e-17 -0.036202025819798839
40 7 1.6855161624666792 0.72121174226069706 0.056440307150483177 0.043110646682499164 4.5563324068022205e-17 -0.036427742365642238
40 8 1.7021905794300856 0.68092462314897972 0.05173769759838634 0.041063900948414354 9.2108465705597474e-17 -0.031472931094527666
40 9 1.7179022152689833 0.64025236421666631 0.036217389244205006 0.028143830091743819 6.1462841472697539e-17 -0.02279526510995895
40 10 1.7326421832778502 0.59921797022225176 0.012381428985716009 0.0038120158273247883 3.7904038767172205e-17 -0.011779996564539137
40 11 1.7464021463391237 0.55784465075253031 0.026415236236649927 -0.026384090040725287 8.0696259947235232e-17 0.0012823798816747115
40 12 1.7591743216387823 0.51615580709495135 0.056652571304750127 -0.055529882850175752 -4.2343474334740204e-17 0.011222564149317897
40 13 1.7709514850684061 0.47417501900154824 0.078201476685437629 -0.07617982441659836 -3.6679837746679114e-17 0.017666502416700671
40 14 1.7817269753112255 0.43192603135192359 0.090131700716944887 -0.08683820697208959 -9.1766296483956829e-17 0.024142271724124382
40 15 1.7914946976098511 0.38943274072283479 0.094177929483425848 -0.088629726693305752 -1.9611251108362875e-16 0.031847353862684696
40 16 1.8002491272135459 0.34671918187198242 0.090774563094809121 -0.082119262971794477 -1.9569539514881165e-16 0.038683949565973048
40 17 1.8079853125030962 0.30380951414363727 0.078981620594508056 -0.066570662658151605 -2.353028049467857e-16 0.042502273644940448
40 18 1.8146988777915118 0.26072800780379984 0.06268535012855693 -0.045033147947013873 -2.3312992197813081e-16 0.043605833402448953
40 19 1.8203860257989728 0.21749903031262494 0.047694358383205772 -0.021984145916003645 -2.0764311543927245e-16 0.042325514172063289
40 20 1.8250435398006186 0.17414703254186803 0.037733493911991496 0.00087658205868990872 -2.9917516399138709e-16 0.037723310654033032
40 21 1.8286687854459704 0.1306965349451531 0.035783232559822707 0.022741678984916011 -3.2091803429837449e-16 0.027627083982523119
40 22 1.8312597122489542 0.087172113688887595 0.044105456417188001 0.041078411538924567 -3.785729436659921e-16 0.016057876298166563
40 23 1.8328148547476812 0.043598386751662083 0.052667950287394447 0.052215031048413976 -2.9992449474687572e-16 0.0068922797453830299
40 24 1.8333333333333333 1.122592899218407e-16 0.056047097557205022 0.056047097557205022 -3.4844443482804774e-16 -1.4371611222992465e-16
40 25 1.8328148547476812 -0.043598386751661861 0.052667950287394724 0.052215031048414268 -2.4633609190237203e-16 -0.0068922797453829085
40 26 1.8312597122489542 -0.087172113688887387 0.04410545641718773 0.041078411538924275 -3.335151011705509e-16 -0.016057876298166567
40 27 1.8286687854459704 -0.13069653494515288 0.035783232559822339 0.02274167898491556 -3.4381223498520373e-16 -0.027627083982523008
40 28 1.8250435398006186 -0.17414703254186781 0.037733493911991475 0.00087658205869014356 -2.6452599820891376e-16 -0.037723310654033004
40 29 1.8203860257989728 -0.21749903031262474 0.04769435838320589 -0.02198414591600353 -2.3269824183709058e-16 -0.04232551417206349
40 30 1.8146988777915118 -0.26072800780379962 0.062685350128556735 -0.04503314794701363 -2.5755885256346021e-16 -0.043605833402448925
40 31 1.8079853125030962 -0.30380951414363705 0.078981620594507917 -0.066570662658151425 -2.2350727823355022e-16 -0.042502273644940448
40 32 1.8002491272135459 -0.34671918187198264 0.090774563094809219 -0.082119262971794574 -1.6439588009906305e-16 -0.038683949565973083
40 33 1.7914946976098511 -0.38943274072283457 0.094177929483425932 -0.08862972669330578 -1.4139039019031468e-16 -0.031847353862684856
40 34 1.7817269753112255 -0.43192603135192337 0.090131700716944887 -0.086838206972089646 -6.0618476904805053e-17 -0.024142271724124142
40 35 1.7709514850684058 -0.47417501900154846 0.078201476685437699 -0.076179824416598388 -1.1737264107966419e-17 -0.017666502416700813
40 36 1.7591743216387823 -0.51615580709495112 0.056652571304750286 -0.055529882850175891 -1.6133557992886281e-17 -0.011222564149317936
40 37 1.7464021463391237 -0.5578446507525302 0.026415236236649972 -0.026384090040725332 3.6031893326588309e-17 -0.0012823798816747234
40 38 1.7326421832778502 -0.59921797022225187 0.012381428985715906 0.0038120158273246846 1.5349639545458987e-17 0.011779996564539064
40 39 1.7179022152689833 -0.64025236421666609 0.036217389244204944 0.028143830091743722 7.0248149233600068e-17 0.022795265109958968
40 40 1.7021905794300856 -0.6809246231489795 0.05173769759838636 0.041063900948414368 5.1726934748741739e-17 0.03147293109452768
40 41 1.685516162466679 -0.72121174226069718 0.056440307150483163 0.043110646682499199 7.0477993354491906e-17 0.036427742365642168
40 42 1.6678883956458075 -0.76109093463341482 0.053379585243964731 0.039227457824339222 3.9811135600067477e-17 0.036202025819798873
40 43 1.6493172494615904 -0.80053964407739675 0.047031638902911663 0.032760595407400776 3.6885975933171955e-17 0.033744902525366188
40 44 1.6298132279957813 -0.83953555788964807 0.039710628229318812 0.026948923038090142 2.9953763754322482e-17 0.029166582615285371
40 45 1.6093873629765227 -0.87805661947427094 0.03148195594964795 0.021924898586984532 1.9643487029763054e-17 0.022592307814077284
40 46 1.5880512075386586 -0.91608104081796138 0.022785715844199764 0.01716113826631533 8.3383800782471787e-18 0.014989468967812827
40 47 1.5658168296891271 -0.95358731481359504 0.013470643880999292 0.012105257283232871 1.3809725037096119e-17 0.0059093986729142935
40 48 1.5426968054811436 -0.99055422742492261 0.0072707628176130017 0.0061181359484414497 -6.5674529243138696e-18 -0.0039284099157766367
41 0 1.5602274509979746 1.0018105254638423 0.0056567774582122355 0.0047600140986009598 1.3756081373061558e-17 0.0030563699044549855
41 1 1.583610202753776 0.96442353430011307 0.012749219484166917 0.01072073551414111 7.9608018002843965e-18 -0.0068998860491529049
41 2 1.6060972439879611 0.92649105264543874 0.021753969663502213 0.015282919855813648 2.0169254900064754e-17 -0.015481200108562373
41 3 1.6276758557376196 0.88803453560466028 0.028572860052832147 0.018977143259725882 9.0305122033292128e-18 -0.021360626519336259
41 4 1.6483338328593695 0.84907573468384834 0.033315581869516706 0.022417248231793564 3.9896809776042019e-17 -0.024645384497276934
41 5 1.6680594909327446 0.80963668548736734 0.036442803446417191 0.026707673294219702 2.502405285201006e-17 -0.024794719402393334
41 6 1.6868416728690552 0.76973969525424923 0.038921651297335866 0.032061944478530481 2.5724255146650919e-17 -0.022066414660452567
41 7 1.7046697552219823 0.72940733024093229 0.040040423128232125 0.035886128881831146 1.4558607586503104e-17 -0.017760102425506182
41 8 1.7215336541963366 0.68866240295749082 0.037353775887155445 0.03566426524724587 1.686926069301014e-17 -0.011106968866523665
41 9 1.7374238313515853 0.64752795926458295 0.026050007729495301 0.025689617996334672 7.1154646646938408e-18 -0.0043181512142539246
41 10 1.7523312989969166 0.60602726533841367 0.0047525522558082792 0.0047137974772715613 -2.9272059657795817e-17 0.00060569487983359231
41 11 1.7662476252747956 0.5641837945110818 0.022799090272565038 -0.022361718326867661 -2.1464903950784387e-17 0.0044443301774734056
41 12 1.7791649389301321 0.52202121399375756 0.048921906134028859 -0.048555023681457692 -4.2604208971291975e-17 0.0059801818600952808
41 13 1.791075933762365 0.47956337149020223 0.06574877028412443 -0.065366840111326333 -4.9018542895861129e-17 0.0070765109859917867
41 14 1.801973872757944 0.43683428170819544 0.072046100246514949 -0.071261136142721129 -6.9656818351636164e-17 0.010606179160255844
41 15 1.8118525919008721 0.39385811277650334 0.071588072442832149 -0.069355826592931866 -9.5216700587993746e-17 0.017737571245560919
41 16 1.8207065036591543 0.35065917257507312 0.069446707985768963 -0.064436286324725672 -7.7100007255499351e-17 0.025900004917733851
41 17 1.8285306001451767 0.30726189498617856 0.063462401482956815 -0.054940938990489886 -1.1385933322694601e-16 0.031764282218039605
41 18 1.8353204559482337 0.26369082607429756 0.053913691070846093 -0.041642802311552631 -1.5162491714635461e-16 0.034242708720595941
41 19 1.8410722306375975 0.21997061020254113 0.042852874028316716 -0.025184025034057859 -1.2216923858790381e-16 0.034671799716350586
41 20 1.8457826709347165 0.17612597609348016 0.033459659135238094 -0.0084447724240361496 -1.1514761352089391e-16 0.032376451444723842
41 21 1.849449112553311 0.1321817228422571 0.027270424127059385 0.0097599606810618977 -1.7110819878694799e-16 0.025464076648758115
41 22 1.8520694817063286 0.088162705889897677 0.03177822705193286 0.027058983230767698 -1.2563935920493552e-16 0.016663347235211474
41 23 1.8536422962789048 0.044093822964749153 0.040639111712441923 0.039779826755334188 -1.8367700268751476e-16 0.0083128084358977568
41 24 1.8541666666666665 1.1353496367095252e-16 0.045299201453160895 0.045299201453160895 -1.272773876993502e-16 -3.7724035563042033e-17
41 25 1.8536422962789048 -0.044093822964748931 0.040639111712441681 0.039779826755333925 -1.48592641481666e-16 -0.0083128084358978453
41 26 1.8520694817063286 -0.088162705889897469 0.031778227051933283 0.027058983230768236 -1.1859641021353794e-16 -0.016663347235211415
41 27 1.849449112553311 -0.13218172284225688 0.02727042412705942 0.0097599606810623973 -1.233848847675453e-16 -0.025464076648757966
41 28 1.8457826709347165 -0.17612597609347994 0.033459659135238011 -0.0084447724240359328 -7.358555439002943e-17 -0.032376451444723814
41 29 1.8410722306375975 -0.21997061020254091 0.042852874028316751 -0.025184025034057693 -1.1656874698742199e-16 -0.034671799716350746
41 30 1.8353204559482337 -0.26369082607429734 0.053913691070846016 -0.041642802311552533 -1.2242631499495205e-16 -0.034242708720595934
41 31 1.8285306001451767 -0.3072618949861784 0.063462401482956718 -0.05494093899048972 -1.4751282160249253e-16 -0.031764282218039709
41 32 1.8207065036591543 -0.35065917257507334 0.069446707985768949 -0.064436286324725645 -9.9577542533601931e-17 -0.025900004917733865
41 33 1.8118525919008721 -0.39385811277650318 0.071588072442832107 -0.069355826592931838 -9.9834087292638571e-17 -0.017737571245560881
41 34 1.801973872757944 -0.43683428170819516 0.072046100246514921 -0.071261136142721074 -7.3826651990519997e-17 -0.010606179160255975
41 35 1.7910759337623647 -0.47956337149020239 0.065748770284124666 -0.065366840111326568 -5.3210976930523213e-17 -0.0070765109859917815
41 36 1.7791649389301321 -0.52202121399375734 0.048921906134029074 -0.048555023681457921 -1.963903768783801e-17 -0.0059801818600952704
41 37 1.7662476252747956 -0.56418379451108158 0.02279909027256527 -0.022361718326867876 -2.6303615035748988e-17 -0.0044443301774735105
41 38 1.7523312989969166 -0.60602726533841389 0.0047525522558081457 0.0047137974772714164 -2.4075396779265546e-18 -0.00060569487983367038
41 39 1.7374238313515853 -0.64752795926458273 0.026050007729495346 0.025689617996334721 1.2816765350998583e-17 0.004318151214253889
41 40 1.7215336541963366 -0.68866240295749059 0.037353775887155528 0.03566426524724594 -5.6642570534387583e-18 0.011106968866523698
41 41 1.7046697552219821 -0.72940733024093241 0.04004042312823218 0.035886128881831181 2.5355988849356312e-17 0.017760102425506227
41 42 1.6868416728690552 -0.76973969525424901 0.038921651297335907 0.032061944478530502 2.8172052906121554e-17 0.022066414660452595
41 43 1.6680594909327449 -0.80963668548736711 0.036442803446417191 0.026707673294219688 2.9193329694269232e-17 0.024794719402393351
41 44 1.6483338328593695 -0.84907573468384856 0.033315581869516726 0.022417248231793571 2.3724597788630626e-17 0.024645384497276962
41 45 1.6276758557376196 -0.88803453560466039 0.028572860052832189 0.01897714325972593 1.5035344633406581e-17 0.021360626519336276
41 46 1.6060972439879615 -0.92649105264543818 0.02175396966350223 0.015282919855813646 1.3243425726867257e-17 0.015481200108562396
41 47 1.5836102027537762 -0.96442353430011307 0.012749219484166937 0.010720735514141143 7.1812141869455031e-18 0.006899886049152891
41 48 1.5602274509979748 -1.0018105254638423 0.0056567774582122294 0.0047600140986009546 6.672420123300623e-18 -0.0030563699044549816
42 0 1.5777580965148059 1.013066823502762 0.0031770797440604853 0.0026734204210477962 2.7884298773723516e-18 0.0017165835116428395
42 1 1.6014035758184253 0.97525975378663132 0.011194654801936911 0.0081993328156882098 1.3186051225351177e-17 -0.00762176078817143
42 2 1.6241432804372642 0.93690106447291566 0.019261091931120501 0.011713608462419114 1.4780092128885566e-17 -0.015289899907069983
42 3 1.6459643484987165 0.89801245173504984 0.02352855104896915 0.013889759580826456 1.8127367799385962e-17 -0.018991242540992073
42 4 1.6668544377229582 0.85861591147804894 0.02491233572047279 0.016406893245383677 2.6349222652445522e-17 -0.018746688376460735
42 5 1.6868017324038991 0.81873372689733781 0.024293870246451438 0.01935731048325446 2.6347671804499762e-17 -0.014679463968629966
42 6 1.7057949500923033 0.77838845587508354 0.025961830378663637 0.02455009031617475 1.7198701858593623e-17 -0.0084445072134592195
42 7 1.7238233479772855 0.73760291822116753 0.029935321397136692 0.029739761280074106 8.0393482270584627e-18 -0.0034161478530758574
42 8 1.7408767289625877 0.69640018276600202 0.031225489881870169 0.031221890349620595 2.743695640504411e-17 0.00047411112520645478
42 9 1.7569454474341875 0.6548035543124997 0.026247943478420362 0.026185325856326939 -1.3152056048765438e-17 0.0018119731356523964
42 10 1.7720204147159833 0.61283656045457569 0.010829184579115303 0.010824741805029403 -2.4900350819391261e-17 0.00031016689539254918
42 11 1.7860931042104675 0.5705229382696333 0.011917766207173955 -0.011816608967962012 -5.8654982600147166e-17 -0.0015494850328858366
42 12 1.799155556221482 0.52788662089256388 0.034565406699893324 -0.034384934414097575 -6.4926468625219815e-17 -0.0035275523620831471
42 13 1.8112003824563243 0.48495172397885622 0.049737064849541289 -0.049503893282035118 -4.8333839215496355e-17 -0.0048104230342407702
42 14 1.8222207702046624 0.44174253206446734 0.056393517330196506 -0.056281342472932011 -1.6611600081616528e-17 -0.0035551773958149764
42 15 1.8322104861918933 0.39828348483017195 0.056997183046862784 -0.056948194978145621 -3.4442085535127319e-17 0.0023626180412188208
42 16 1.841163880104763 0.35459916327816388 0.057823875657783012 -0.056873400227370849 -1.6526924052543959e-17 0.010441117883830491
42 17 1.8490758877872575 0.31071427582871997 0.056943524633031387 -0.054210897968187385 -2.6858672048678439e-17 0.01742823970214518
42 18 1.8559420341049555 0.26665364434479533 0.05291660977517941 -0.047206160791908466 -3.1128826275005148e-17 0.02391121020331461
42 19 1.8617584354762222 0.22244219009245733 0.046513451952477879 -0.03314470073703172 -1.0241577701022157e-17 0.032633265628620088
42 20 1.8665218020688146 0.17810491964509231 0.040366865184075069 -0.014894747348924627 3.9520869213432421e-17 0.037518399568758194
42 21 1.8702294396606518 0.13366691073936113 0.033206278579753182 0.0057228235806539851 -4.6811069229063131e-17 0.032709421079879807
42 22 1.8728792511637031 0.089153298090907773 0.031251863624328358 0.021826637736350435 -5.446380269703769e-17 0.02236686981049742
42 23 1.8744697378101285 0.044589259177836224 0.03467211938223283 0.032803642720011982 -9.2415776305878262e-17 0.011228396446225567
42 24 1.875 1.1481063742006437e-16 0.03822789179418954 0.03822789179418954 -6.0524944673443675e-17 1.8041809634489622e-16
42 25 1.8744697378101285 -0.044589259177836002 0.034672119382232913 0.032803642720011968 -2.8391147293322671e-17 -0.011228396446225846
42 26 1.8728792511637031 -0.089153298090907551 0.03125186362432858 0.021826637736350574 -5.0708739859830025e-17 -0.022366869810497594
42 27 1.8702294396606518 -0.13366691073936091 0.033206278579753098 0.005722823580654038 -1.0768989033299294e-16 -0.032709421079879716
42 28 1.8665218020688146 -0.17810491964509209 0.040366865184075153 -0.014894747348924492 2.502651091752586e-17 -0.037518399568758333
42 29 1.8617584354762222 -0.22244219009245714 0.046513451952477448 -0.033144700737031151 3.2521214955122436e-17 -0.032633265628620046
42 30 1.8559420341049555 -0.2666536443447951 0.052916609775179285 -0.047206160791908258 1.3635465406143509e-18 -0.023911210203314749
42 31 1.8490758877872575 -0.31071427582871974 0.056943524633031255 -0.054210897968187184 7.3452118920539196e-17 -0.017428239702145364
42 32 1.841163880104763 -0.3545991632781641 0.057823875657782901 -0.056873400227370731 -4.3841895702897298e-18 -0.010441117883830493
42 33 1.8322104861918933 -0.39828348483017179 0.056997183046862791 -0.056948194978145621 -6.2816612220554571e-18 -0.0023626180412189214
42 34 1.8222207702046624 -0.44174253206446706 0.056393517330196388 -0.0562813424729319 -1.4593766351656237e-17 0.0035551773958147495
42 35 1.8112003824563241 -0.48495172397885639 0.049737064849541338 -0.049503893282035159 -2.4260838507483064e-17 0.0048104230342407529
42 36 1.799155556221482 -0.52788662089256366 0.03456540669989358 -0.034384934414097838 -3.8793965928323445e-17 0.003527552362083092
42 37 1.7860931042104675 -0.57052293826963318 0.011917766207174215 -0.011816608967962288 -4.4848676344928503e-17 0.0015494850328857325
42 38 1.7720204147159833 -0.6128365604545758 0.010829184579115206 0.010824741805029306 -4.5661921209154284e-17 -0.00031016689539258626
42 39 1.7569454474341875 -0.65480355431249948 0.026247943478420355 0.026185325856326921 -1.6997049780516142e-17 -0.0018119731356524582
42 40 1.7408767289625877 -0.6964001827660018 0.031225489881870131 0.031221890349620557 -2.68936867049509e-17 -0.00047411112520640323
42 41 1.7238233479772853 -0.73760291822116764 0.029935321397136727 0.029739761280074137 3.0166398092150698e-17 0.0034161478530758691
42 42 1.7057949500923033 -0.77838845587508332 0.025961830378663724 0.02455009031617484 1.6374329302970995e-17 0.0084445072134592368
42 43 1.6868017324038993 -0.81873372689733759 0.024293870246451466 0.019357310483254495 2.5862406478912185e-17 0.014679463968629965
42 44 1.6668544377229582 -0.85861591147804917 0.02491233572047279 0.016406893245383712 3.3626569882599445e-17 0.018746688376460707
42 45 1.6459643484987165 -0.89801245173504984 0.023528551048969164 0.013889759580826454 2.782864368404274e-17 0.01899124254099209
42 46 1.6241432804372644 -0.93690106447291499 0.019261091931120501 0.011713608462419126 1.6043825997886439e-17 0.015289899907069974
42 47 1.6014035758184255 -0.97525975378663132 0.01119465480193692 0.0081993328156882081 1.4117575567363081e-17 0.0076217607881714465
42 48 1.5777580965148061 -1.0130668235027618 0.0031770797440604927 0.0026734204210478031 3.8403215761776812e-18 -0.0017165835116428432
43 0 1.5952887420316371 1.0243231215416817 0.0019757929398656715 0.0016625724308852556 2.2590070482778043e-17 0.0010675254813274132
43 1 1.6191969488830744 0.98609597327314935 0.0082907096103429171 0.0058526131347471991 1.7990006571172813e-17 -0.0058722044700450417
43 2 1.6421893168865669 0.94731107630039246 0.013474321298660035 0.0082014563658812083 2.0037784998574555e-17 -0.010690811378846326
43 3 1.6642528412598134 0.90799036786543919 0.014631096259273616 0.0093449814932787326 1.3888289892562339e-17 -0.011257899388358753
43 4 1.6853750425865466 0.86815608827224944 0.012970235521209565 0.010474652469141641 1.423939162481281e-17 -0.0076490957064447333
43 5 1.7055439738750535 0.82783076830730817 0.01239785277560441 0.012344235877342477 -1.0513752032037197e-17 -0.0011517786463087127
43 6 1.724748227315551 0.78703721649591785 0.017759376833712752 0.016771016773908104 -2.0969895152022268e-17 0.0058419570257839332
43 7 1.7429769407325888 0.74579850620140264 0.023494320752428539 0.021526927458209135 -2.3666153821031674e-17 0.0094114027555405252
43 8 1.7602198037288386 0.70413796257451311 0.025753921708850394 0.024365223488671175 -5.22936106995184e-17 0.0083426834851084968
43 9 1.7764670635167896 0.66207914936041634 0.022269647421918851 0.022120207777531084 -5.753237681979974e-17 0.0025755784157020425
43 10 1.7917095304350497 0.61964585557073759 0.011783515518195368 0.010128931721070447 -3.7251344015047415e-17 -0.0060212938939603264
43 11 1.8059385831461394 0.57686208202818479 0.016223655550440984 -0.0078405941455048818 -4.9486163187422149e-17 -0.014203241984308695
43 12 1.8191461735128318 0.5337520277913701 0.031958271404239472 -0.025849126635743975 2.9615496711157459e-17 -0.018792385780318097
43 13 1.8313248311502834 0.49034007646751016 0.041759633517581461 -0.037111828958492708 6.9800442801543772e-17 -0.019146256628341091
43 14 1.8424676676513809 0.44665078242073919 0.042641517824777084 -0.039552257350336933 6.1279494109774399e-17 -0.015934804074525057
43 15 1.8525683804829143 0.4027088568838405 0.038125205111216191 -0.037344902585101668 9.8673152342983445e-17 -0.0076739504612404232
43 16 1.8616212565503714 0.35853915398125458 0.038679434721527149 -0.038444467751587677 1.5166200619859833e-16 0.0042569437010624885
43 17 1.8696211754293381 0.31416665667126126 0.043324638637436172 -0.040381702804807483 1.2881085001966175e-16 0.015695298393105853
43 18 1.8765636122616771 0.26961646261529304 0.043943887467238346 -0.036859434397950211 1.0882745993231403e-16 0.023925871804314935
43 19 1.8824446403148469 0.22491376998237353 0.041922162583526476 -0.027063527304889878 6.2985839553704049e-17 0.032016139765704221
43 20 1.8872609332029124 0.18008386319670444 0.040654018196553288 -0.015446987777885189 6.7380076499051765e-17 0.037605049715637273
43 21 1.8910097667679924 0.13515209863646513 0.034410140639111006 -0.00082577206880290804 -1.1365260842217601e-16 0.034400230802914447
43 22 1.8936890206210775 0.090143890291917855 0.027721589245059065 0.012659468392292138 -2.05313256427645e-17 0.024662205300749779
43 23 1.8952971793413522 0.045084695390923295 0.026041912081366185 0.022597916205039616 -1.3790113575762554e-16 0.012942772811249295
43 24 1.8958333333333333 1.1608631116917617e-16 0.027500509707956863 0.027500509707956863 8.9241540470108717e-17 3.3042006429181274e-17
43 25 1.8952971793413522 -0.045084695390923066 0.026041912081366209 0.022597916205039745 -3.1344729781790726e-17 -0.012942772811249116
43 26 1.8936890206210775 -0.090143890291917633 0.027721589245059058 0.012659468392292181 -4.6343559649893717e-17 -0.024662205300749755
43 27 1.8910097667679924 -0.13515209863646491 0.034410140639110985 -0.0008257720688027595 -2.8448010318869521e-17 -0.034400230802914426
43 28 1.8872609332029124 -0.18008386319670422 0.040654018196553385 -0.015446987777885357 1.0354821759753728e-16 -0.037605049715637315
43 29 1.8824446403148469 -0.22491376998237331 0.041922162583526414 -0.027063527304889867 -2.0583959484317171e-18 -0.032016139765704152
43 30 1.8765636122616771 -0.26961646261529282 0.043943887467238249 -0.036859434397950086 1.214971297271284e-16 -0.023925871804314946
43 31 1.8696211754293381 -0.31416665667126104 0.043324638637436318 -0.040381702804807657 1.1005105804715406e-16 -0.015695298393105798
43 32 1.8616212565503714 -0.3585391539812548 0.038679434721526934 -0.038444467751587441 8.9717318255957439e-17 -0.0042569437010625709
43 33 1.8525683804829143 -0.40270885688384034 0.038125205111216143 -0.037344902585101633 5.8212683754907181e-17 0.0076739504612403338
43 34 1.8424676676513809 -0.44665078242073891 0.042641517824777 -0.03955225735033692 1.0588669261564259e-16 0.015934804074524848
43 35 1.8313248311502832 -0.49034007646751032 0.0417596335175816 -0.03711182895849291 6.6132428938590335e-17 0.019146256628340994
43 36 1.8191461735128318 -0.53375202779136999 0.031958271404239687 -0.025849126635744155 3.3584573022760143e-17 0.018792385780318208
43 37 1.8059385831461394 -0.57686208202818456 0.016223655550441092 -0.0078405941455049824 -3.1942362148234135e-17 0.014203241984308758
43 38 1.7917095304350497 -0.61964585557073781 0.011783515518195318 0.010128931721070307 -6.6817334102127423e-17 0.0060212938939604643
43 39 1.7764670635167896 -0.66207914936041612 0.022269647421918837 0.022120207777531077 -4.0744774989970072e-17 -0.0025755784157019423
43 40 1.7602198037288386 -0.70413796257451289 0.025753921708850394 0.024365223488671178 -5.8759745006482515e-17 -0.0083426834851084795
43 41 1.7429769407325886 -0.74579850620140276 0.023494320752428528 0.021526927458209121 -2.2714858432001581e-17 -0.0094114027555405304
43 42 1.724748227315551 -0.78703721649591762 0.017759376833712787 0.016771016773908135 1.7306633126832619e-18 -0.0058419570257839471
43 43 1.7055439738750537 -0.82783076830730795 0.012397852775604413 0.012344235877342484 1.1997215592463837e-17 0.0011517786463086958
43 44 1.6853750425865466 -0.86815608827224966 0.012970235521209563 0.010474652469141655 1.1063724392248474e-17 0.0076490957064447142
43 45 1.6642528412598134 -0.9079903678654393 0.01463109625927364 0.0093449814932787725 1.604057487401246e-17 0.011257899388358751
43 46 1.6421893168865673 -0.9473110763003918 0.013474321298660035 0.0082014563658812205 1.4503884192268933e-17 0.010690811378846315
43 47 1.6191969488830746 -0.98609597327314935 0.0082907096103429119 0.0058526131347472034 1.2107913039679257e-17 0.0058722044700450305
43 48 1.5952887420316373 -1.0243231215416815 0.001975792939865681 0.0016625724308852638 1.5777751979827977e-17 -0.001067525481327418
44 0 1.6128193875484682 1.0355794195806012 0.00010581757135701062 -8.9042415979763594e-05 9.5414451044366515e-18 -5.7173477805559254e-05
44 1 1.6369903219477235 0.99693219275966749 0.005574966115093026 0.0029588077742418663 1.2136836122528712e-17 -0.0047250083322171307
44 2 1.6602353533358698 0.95772108812786927 0.0087594012297847901 0.0048153546486103434 1.3582862737384071e-17 -0.0073170670020481594
44 3 1.6825413340209101 0.91796828399582864 0.0082252052956346706 0.0055765877171917687 1.7653205325438169e-17 -0.0060461286446620126
44 4 1.7038956474501348 0.87769626506645004 0.0068630937462701982 0.0067736598298907226 9.0329620834874835e-18 -0.0011043497086602049
44 5 1.724286215346208 0.83692780971727854 0.010079538583283813 0.0086390850504668316 -1.2669681123886687e-17 0.0051926204889927718
44 6 1.7437015045387987 0.79568597711675204 0.016045490824431144 0.011850948623006523 -7.7849331799611929e-18 0.010817245145218989
44 7 1.7621305334878918 0.75399409418163787 0.020679661682908568 0.016712392579009944 -2.5483625830995529e-17 0.012179669191099168
44 8 1.7795628784950894 0.7118757423830242 0.021423448601161608 0.019823387011581546 -2.7617371785762268e-17 0.0081238831451266712
44 9 1.7959886795993916 0.66935474440833298 0.019309666922167977 0.019306961469324896 -2.0517772102384866e-17 0.0003232266496932852
44 10 1.8113986461541161 0.6264551506868995 0.016505277124447323 0.012908236794014981 -2.8113437379615838e-17 -0.010285990269509394
44 11 1.8257840620818111 0.58320122578673628 0.021146183435208472 -0.00026483602800496907 -1.8455416494993476e-17 -0.021144524959283331
44 12 1.8391367908041816 0.53961743469017642 0.032129993714263977 -0.01649591918298603 -7.7557805352994773e-18 -0.027572108123736859
44 13 1.8514492798442426 0.49572842895616409 0.039749425600183547 -0.027746217646531322 5.6960541911760678e-17 -0.028463384230548568
44 14 1.8627145650980994 0.45155903277701104 0.040137878976620155 -0.032010161020763442 1.253495104433666e-16 -0.024215675092109298
44 15 1.8729262747739353 0.40713422893750911 0.036684174051821845 -0.034464653886224203 1.0632558929822481e-16 -0.012566473585184128
44 16 1.8820786329959798 0.36247914468434528 0.038279699976847423 -0.037949945002045515 1.5856803956768111e-16 0.0050136917195987823
44 17 1.8901664630714186 0.3176190375138026 0.043921911036409723 -0.037878982929741831 1.7788695121198141e-16 0.022233239109464405
44 18 1.8971851904183987 0.27257928088579075 0.04563963972244324 -0.028732685241877089 8.0565662004342596e-17 0.035459970569441217
44 19 1.9031308451534716 0.2273853498722897 0.047854433312189214 -0.014750115957212878 1.0433144039162594e-16 0.045524508419965817
44 20 1.9080000643370103 0.18206280674831657 0.04948357294232681 -0.0020694568607445476 9.5965206239003597e-17 0.049440280535612814
44 21 1.9117900938753327 0.13663728653356913 0.042066187531972617 0.010205793187248511 -2.3042047359760655e-17 0.040809385181526568
44 22 1.914498790078452 0.091134482492927937 0.032615397971579446 0.020939374843641032 2.0010672306492632e-17 0.025006134567381693
44 23 1.9161246208725757 0.045580131604010359 0.027207138591644094 0.02481682361207915 -1.0695039027561008e-17 0.011151397049333329
44 24 1.9166666666666665 1.17361984918288e-16 0.024732033212746075 0.024732033212746075 -3.6850556199695095e-18 7.9205873723345364e-17
44 25 1.9161246208725757 -0.04558013160401013 0.027207138591643521 0.024816823612078601 3.2756371688303548e-18 -0.011151397049333158
44 26 1.914498790078452 -0.091134482492927715 0.032615397971579613 0.020939374843641275 3.798003244084961e-17 -0.025006134567381714
44 27 1.9117900938753327 -0.13663728653356891 0.042066187531972693 0.010205793187248792 -2.9662829135594033e-17 -0.040809385181526575
44 28 1.9080000643370103 -0.18206280674831635 0.049483572942326567 -0.0020694568607448559 9.7609802042224296e-17 -0.04944028053561255
44 29 1.9031308451534716 -0.22738534987228948 0.047854433312189373 -0.014750115957213086 2.3874848511307847e-17 -0.045524508419965921
44 30 1.8971851904183987 -0.27257928088579053 0.045639639722443073 -0.028732685241876933 1.3150273080299383e-16 -0.035459970569441134
44 31 1.8901664630714186 -0.31761903751380238 0.043921911036409918 -0.037878982929742101 1.4477972407589718e-16 -0.022233239109464325
44 32 1.8820786329959798 -0.3624791446843455 0.038279699976847284 -0.037949945002045356 1.5014263195382708e-16 -0.0050136917195988525
44 33 1.8729262747739353 -0.40713422893750889 0.036684174051821936 -0.034464653886224259 1.6837855206360698e-16 0.012566473585184219
44 34 1.8627145650980994 -0.45155903277701076 0.040137878976620134 -0.032010161020763442 1.050746046866644e-16 0.024215675092109278
44 35 1.8514492798442423 -0.49572842895616431 0.039749425600183561 -0.027746217646531315 6.4763604822650567e-17 0.028463384230548588
44 36 1.8391367908041816 -0.5396174346901762 0.03212999371426397 -0.016495919182986169 2.6725656818060711e-17 0.027572108123736772
44 37 1.8257840620818111 -0.58320122578673605 0.021146183435208601 -0.00026483602800499005 -2.9577135372061065e-17 0.02114452495928346
44 38 1.8113986461541161 -0.62645515068689972 0.016505277124447215 0.012908236794014866 -1.7106033794283395e-17 0.010285990269509363
44 39 1.7959886795993916 -0.66935474440833276 0.019309666922167974 0.019306961469324896 -4.1707202626731265e-17 -0.00032322664969323354
44 40 1.7795628784950894 -0.71187574238302398 0.021423448601161538 0.019823387011581518 -5.230809238246498e-17 -0.0081238831451265568
44 41 1.7621305334878916 -0.75399409418163799 0.020679661682908627 0.016712392579010003 -2.8558854365417064e-17 -0.012179669191099186
44 42 1.7437015045387987 -0.79568597711675182 0.016045490824431165 0.011850948623006535 -2.9653809718654665e-17 -0.01081724514521901
44 43 1.724286215346208 -0.83692780971727831 0.010079538583283846 0.0086390850504668402 -7.8002079097419372e-19 -0.0051926204889928222
44 44 1.7038956474501348 -0.87769626506645027 0.006863093746270206 0.0067736598298907356 2.01104062445836e-17 0.0011043497086601773
44 45 1.6825413340209101 -0.91796828399582875 0.0082252052956346394 0.0055765877171917713 1.8149151112016843e-17 0.0060461286446619675
44 46 1.6602353533358702 -0.9577210881278686 0.0087594012297847693 0.0048153546486103399 1.5139595660919521e-17 0.0073170670020481386
44 47 1.6369903219477238 -0.99693219275966749 0.0055749661150930017 0.0029588077742418628 1.94296375472724e-17 0.0047250083322171047
44 48 1.6128193875484684 -1.035579419580601 0.00010581757135703488 -8.9042415979784017e-05 1.1398002234076379e-17 5.7173477805572353e-05
45 0 1.6303500330652996 1.0468357176195209 0.00026026307373180912 0.0002190038249622356 1.9072379695995826e-17 0.00014062073886962615
45 1 1.6547836950123727 1.0077684122461856 0.0016285714613445462 0.0012229737583404352 1.4217539923516594e-17 -0.0010754441831711122
45 2 1.6782813897851729 0.96813109995534619 0.0016209555150085229 0.0014337028830885645 6.2993458845751511e-18 -0.00075630207236267958
45 3 1.7008298267820072 0.92794620012621809 0.0022827565345285819 0.0016277126355156585 -4.7980422500526803e-18 0.0016004777324647814
45 4 1.7224162523137234 0.88723644186065065 0.0066735102847572079 0.0021833118933582323 -1.3351124100864156e-17 0.0063062578996644844
45 5 1.7430284568173624 0.84602485112724901 0.011243273428470157 0.0036673931806267229 -2.6906890648109555e-17 0.010628331225833888
45 6 1.7626547817620466 0.80433473773758635 0.014854499409740516 0.0067893721355826052 -3.7212575289294218e-17 0.013212137552968326
45 7 1.7812841262431951 0.76218968216187311 0.016156574481038553 0.010659618492147156 -2.8786073831684907e-17 0.012141146262327155
45 8 1.7989059532613405 0.7196135221915354 0.014450732540352562 0.013397124560022889 -3.1911412036828555e-17 0.0054167079001950962
45 9 1.8155102956819937 0.67663033945624962 0.014752144693932863 0.013772612258424292 -4.0285713510086369e-17 -0.0052859175787967425
45 10 1.8310877618731827 0.63326444580306152 0.02063387947893161 0.010135072829803244 3.0512275141262228e-18 -0.017973237913232527
45 11 1.8456295410174832 0.58954036954528777 0.030129197938524057 0.0014918509598439425 1.4441875234844522e-17 -0.03009224067982268
45 12 1.8591274080955316 0.54548284158898275 0.03665244168729978 -0.0079498184420357769 1.0363692482794602e-16 -0.035779908725143202
45 13 1.8715737285382019 0.50111678144481808 0.034403724737122013 -0.012745884385690073 1.2967711095184183e-16 -0.031955573958454934
45 14 1.8829614625448179 0.45646728313328289 0.024356807729443469 -0.013953376489154656 1.3735573156452541e-16 -0.019963901605672758
45 15 1.8932841690649564 0.41155960099117772 0.017144916855967297 -0.016957790898542682 1.6286962624390525e-16 -0.0025261634625127847
45 16 1.9025360094415884 0.36641913538743603 0.028964786062044771 -0.023637558168828073 1.1815588969384698e-16 0.016739912647182251
45 17 1.9107117507134994 0.32107141835634395 0.043597840848075962 -0.029193957261078401 1.1283787531296687e-16 0.032380311704066238
45 18 1.9178067685751206 0.27554209915628847 0.049102015242055798 -0.026812303970304416 -2.7787808936476294e-17 0.041135243485788169
45 19 1.9238170499920964 0.22985692976220592 0.046800781994499663 -0.016876382180055962 7.8043589693783611e-17 0.043652043707132125
45 20 1.9287391954711084 0.18404175029992872 0.043309018238162696 -0.0062392128768408795 -7.9345194478309532e-17 0.042857243068482279
45 21 1.9325704209826735 0.13812247443067316 0.036505968583356266 0.0045497429707581369 -9.7453364317459188e-17 0.036221341514486069
45 22 1.9353085595358266 0.092125074693938033 0.027850716721863209 0.013221945170180875 -3.3552229288575755e-17 0.024512090646009808
45 23 1.9369520624037995 0.046075567817097436 0.018750923877156229 0.013307485214399003 -1.7249153033694561e-16 0.013210146990683321
45 24 1.9375 1.1863765866739985e-16 0.011156218994409894 0.011156218994409894 -1.4268172445542135e-17 2.2796085442527091e-17
45 25 1.9369520624037995 -0.0460755678170972 0.018750923877156073 0.013307485214398805 -8.1253537690557443e-17 -0.013210146990683295
45 26 1.9353085595358266 -0.092125074693937811 0.027850716721863247 0.013221945170180957 -4.0860877698872132e-17 -0.024512090646009808
45 27 1.9325704209826735 -0.13812247443067294 0.03650596858335621 0.0045497429707580242 -3.9321629311374953e-17 -0.03622134151448602
45 28 1.9287391954711084 -0.18404175029992847 0.043309018238162522 -0.0062392128768407017 -1.7496822725861681e-17 -0.042857243068482126
45 29 1.9238170499920964 -0.2298569297622057 0.046800781994499566 -0.016876382180055882 -2.2279369932976647e-17 -0.043652043707132056
45 30 1.9178067685751206 -0.27554209915628824 0.049102015242055819 -0.026812303970304759 1.0498793511607299e-16 -0.041135243485787974
45 31 1.9107117507134994 -0.32107141835634373 0.043597840848075831 -0.029193957261078245 9.4378411533456577e-17 -0.032380311704066189
45 32 1.9025360094415884 -0.3664191353874362 0.028964786062044921 -0.023637558168828236 1.2271057976368695e-16 -0.016739912647182286
45 33 1.8932841690649564 -0.4115596009911775 0.017144916855967328 -0.016957790898542737 1.0505435718468904e-16 0.0025261634625126216
45 34 1.8829614625448179 -0.45646728313328266 0.024356807729443406 -0.013953376489154561 1.616407281090651e-16 0.019963901605672747
45 35 1.8715737285382017 -0.5011167814448183 0.034403724737122034 -0.012745884385690224 1.2812449463541413e-16 0.031955573958454893
45 36 1.8591274080955316 -0.54548284158898253 0.03665244168729978 -0.0079498184420358654 9.850537198153726e-17 0.035779908725143181
45 37 1.8456295410174832 -0.58954036954528755 0.030129197938524116 0.0014918509598438685 5.5414160535364373e-17 0.030092240679822743
45 38 1.8310877618731827 -0.63326444580306174 0.020633879478931579 0.010135072829803249 2.0712895449895575e-17 0.017973237913232486
45 39 1.8155102956819937 -0.6766303394562494 0.014752144693932842 0.013772612258424242 -3.347426855282675e-17 0.0052859175787968119
45 40 1.7989059532613405 -0.71961352219153518 0.014450732540352569 0.013397124560022905 -4.3002172732526883e-17 -0.0054167079001950719
45 41 1.7812841262431949 -0.76218968216187322 0.016156574481038528 0.01065961849214718 -3.446366756682701e-17 -0.012141146262327098
45 42 1.7626547817620466 -0.80433473773758613 0.014854499409740497 0.0067893721355826277 -1.5771657416972919e-17 -0.01321213755296829
45 43 1.7430284568173626 -0.8460248511272489 0.01124327342847019 0.0036673931806267528 -1.4047376852460206e-17 -0.010628331225833914
45 44 1.7224162523137234 -0.88723644186065087 0.0066735102847572227 0.0021833118933582592 -1.9941010604495015e-17 -0.0063062578996644914
45 45 1.7008298267820072 -0.9279462001262182 0.0022827565345286092 0.0016277126355156526 9.3496014579624913e-18 -0.0016004777324648265
45 46 1.6782813897851734 -0.96813109995534552 0.0016209555150085229 0.0014337028830885834 3.1873631855821719e-18 0.00075630207236264391
45 47 1.6547836950123729 -1.0077684122461856 0.0016285714613445287 0.0012229737583404133 1.1334823752965944e-17 0.0010754441831711109
45 48 1.6303500330652998 -1.0468357176195207 0.00026026307373181487 0.00021900382496224048 2.0779169930199135e-17 -0.00014062073886962921
46 0 1.6478806785821305 1.0580920156584404 5.3828289201792804e-05 -4.5294943525156853e-05 3.9745211568543788e-18 -2.9083548776665741e-05
46 1 1.6725770680770218 1.0186046317327038 0.00069082262213966748 0.00048206367570497946 5.2177543929557844e-18 -0.00049482371388781499
46 2 1.6963274262344759 0.97854111178282299 0.00075646675718559332 0.00067521757178892229 -3.3087319728531185e-18 0.00034106184992514039
46 3 1.7191183195431039 0.93792411625660754 0.0023610807362148194 0.00095369111196521921 -9.920378279425384e-19 0.0021599017352377991
46 4 1.7409368571773118 0.89677661865485114 0.0057164692599018458 0.0011079018475644942 -4.2838784417145187e-18 0.0056080811598590418
46 5 1.7617706982885168 0.85512189253721949 0.0090163970270238179 0.002000094680483476 -2.8366960629714748e-17 0.0087917595860001578
46 6 1.7816080589852945 0.81298349835842065 0.010554523221653679 0.0035476499869386701 -2.6700042450237028e-18 0.0099404295685146735
46 7 1.8004377189984981 0.77038527014210822 0.011015814490169046 0.0062509427949821736 1.0471838932731477e-18 0.0090704951935205152
46 8 1.8182490280275916 0.7273513020000465 0.0098223293272101213 0.0092177316104171333 -1.7138982405670707e-17 0.0033928715523121166
46 9 1.8350319117645957 0.68390593450416626 0.012104405719848088 0.010130039338807092 -1.1003285813265658e-17 -0.0066256275797023081
46 10 1.8507768775922491 0.64007374091922342 0.019691081076875512 0.0093387241462225858 -2.3554423204300817e-18 -0.017335711848575588
46 11 1.8654750199531549 0.59587951330383926 0.027021075237217671 0.0030080235231909505 5.2459514069758193e-17 -0.026853124612590394
46 12 1.8791180253868811 0.55134824848778896 0.029743262588140935 -0.0060524350275539636 4.2840084626592925e-17 -0.029120949497300774
46 13 1.8916981772321608 0.50650513393347196 0.023518728398365444 -0.011341963966442319 9.2245684290013299e-17 -0.020603165748496157
46 14 1.9032083599915364 0.46137553348955473 0.013328655115818513 -0.01235508366455078 7.9367114471945654e-17 -0.0050004954592905593
46 15 1.9136420633559774 0.41598497304484627 0.016070430597277939 -0.012437492757048032 7.4265384419787247e-17 0.01017681254127758
46 16 1.9229933858871968 0.37035912609052668 0.026218449717479247 -0.014600837085628354 8.3862511880530679e-17 0.021776654058576754
46 17 1.93125703835558 0.32452379919888524 0.033115989621875321 -0.015852675429160305 5.791718311596413e-17 0.029075100178225552
46 18 1.9384283467318424 0.27850491742678618 0.033206860621000416 -0.013225364366040129 -2.5834472281349107e-17 0.030459568770552614
46 19 1.9445032548307211 0.23232850965212209 0.02604406090016766 -0.0057123591944580289 2.6801559256715446e-17 0.025409881160783354
46 20 1.9494783266052063 0.18602069385154085 0.020295814269650169 0.00071228909974521096 -6.7198590417967e-17 0.020283311394013539
46 21 1.9533507480900141 0.13960766232777716 0.019764218714796444 0.0062112593731014501 -5.8879039223979231e-17 0.018762851553172012
46 22 1.9561183289932009 0.093115666894948115 0.018052836218796001 0.0092728206061386022 -2.4968972369930974e-17 0.015489341288416496
46 23 1.957779503935023 0.0465710040301845 0.01227468186627872 0.0071152738843703323 -4.2591377430282461e-17 0.010002034416494936
46 24 1.9583333333333333 1.1991333241651167e-16 0.0059069828507660313 0.0059069828507660313 -1.0706335811869115e-16 -3.5063000270172182e-17
46 25 1.957779503935023 -0.046571004030184264 0.012274681866278555 0.0071152738843702802 -6.7958512746258347e-17 -0.010002034416494769
46 26 1.9561183289932009 -0.093115666894947879 0.018052836218795592 0.0092728206061383194 -5.2486968008480222e-17 -0.015489341288416189
46 27 1.9533507480900141 -0.13960766232777694 0.019764218714796545 0.0062112593731012558 -1.957425492085481e-17 -0.018762851553172179
46 28 1.9494783266052063 -0.1860206938515406 0.02029581426965019 0.00071228909974524219 1.5991962793537343e-18 -0.02028331139401356
46 29 1.9445032548307211 -0.23232850965212187 0.026044060900167795 -0.0057123591944581885 1.8949433599033869e-17 -0.025409881160783455
46 30 1.9384283467318424 -0.27850491742678596 0.033206860621000298 -0.01322536436604012 7.0350475499521045e-18 -0.030459568770552489
46 31 1.93125703835558 -0.32452379919888502 0.033115989621875529 -0.015852675429160374 4.2799900558834914e-17 -0.029075100178225743
46 32 1.9229933858871968 -0.3703591260905269 0.026218449717479452 -0.014600837085628383 4.7732131834602402e-17 -0.02177665405857698
46 33 1.9136420633559774 -0.41598497304484605 0.016070430597278001 -0.01243749275704791 8.532139216757751e-17 -0.01017681254127783
46 34 1.9032083599915364 -0.46137553348955446 0.013328655115818424 -0.012355083664550749 9.9700308201878727e-17 0.0050004954592904032
46 35 1.8916981772321606 -0.50650513393347218 0.023518728398365402 -0.011341963966442199 5.8997880516864731e-17 0.020603165748496174
46 36 1.8791180253868811 -0.55134824848778874 0.029743262588140897 -0.0060524350275539774 3.4957174977791367e-17 0.029120949497300725
46 37 1.8654750199531549 -0.59587951330383904 0.027021075237217782 0.0030080235231908902 1.1969797845294439e-17 0.026853124612590509
46 38 1.8507768775922491 -0.64007374091922364 0.019691081076875453 0.0093387241462225424 1.9691667885058503e-17 0.01733571184857555
46 39 1.8350319117645957 -0.68390593450416604 0.012104405719848088 0.010130039338807078 5.07751517794573e-18 0.0066256275797023289
46 40 1.8182490280275916 -0.72735130200004627 0.0098223293272100901 0.009217731610417116 -6.7400388274796605e-18 -0.0033928715523120654
46 41 1.8004377189984981 -0.77038527014210834 0.011015814490169046 0.0062509427949822092 -2.9332458311801068e-17 -0.0090704951935204909
46 42 1.7816080589852945 -0.81298349835842043 0.010554523221653673 0.0035476499869386306 -3.61400549193217e-17 -0.0099404295685146804
46 43 1.7617706982885171 -0.85512189253721926 0.0090163970270237814 0.0020000946804834552 -1.9118891677834884e-17 -0.0087917595860001248
46 44 1.7409368571773118 -0.89677661865485137 0.0057164692599018536 0.0011079018475644989 -3.4199238202828041e-18 -0.0056080811598590487
46 45 1.7191183195431039 -0.93792411625660765 0.0023610807362148428 0.00095369111196521618 -1.402983502235057e-18 -0.0021599017352378264
46 46 1.6963274262344763 -0.97854111178282233 0.00075646675718560959 0.00067521757178894181 3.1888824739938923e-18 -0.00034106184992513784
46 47 1.672577068077022 -1.0186046317327038 0.00069082262213965198 0.00048206367570498439 9.6763150037590719e-18 0.00049482371388778854
46 48 1.6478806785821307 -1.0580920156584401 5.3828289201782544e-05 -4.5294943525148227e-05 4.8174983581888516e-18 2.9083548776660191e-05
47 0 1.6654113240989616 1.0693483136973598 0.00023179341602678458 0.00019504743405604488 2.4307855457362751e-18 0.00012523851716432472
47 1 1.6903704411416709 1.0294408512192219 0.00059943543272141138 0.00021213452693490014 -1.2756148033479849e-18 0.00056064407647277593
47 2 1.7143734626837785 0.9889511236102998 0.0017188329660409061 -0.00022035732057351399 -4.1587621319691054e-18 0.0017046493529223657
47 3 1.7374068123042008 0.94790203238699688 0.0025611539541105619 -9.7296817132317497e-05 1.3493072421740077e-18 0.0025593051607872177
47 4 1.7594574620409 0.90631679544905164 0.0042956237423752526 0.00027882252569505028 -4.3734858373078851e-18 0.0042865652141572518
47 5 1.7805129397596711 0.86421893394718985 0.006281338706912872 5.2885867597286527e-05 5.3895785130906135e-18 0.0062811160661120054
47 6 1.8005613362085422 0.82163225897925485 0.0059788188834284332 0.0010176174808725199 6.6002058589904814e-18 0.0058915812736024514
47 7 1.8195913117538014 0.77858085812234346 0.0051149145429096286 0.00243996590111105 5.0707569367515164e-18 0.0044954329249454672
47 8 1.8375921027938424 0.73508908180855759 0.0029609931378309002 0.0029453187492674243 1.905170866195682e-18 -0.00030426604722750975
47 9 1.8545535278471978 0.6911815295520829 0.010548468798446379 0.0045573163400257919 2.8319322161022729e-18 -0.0095132046003820765
47 10 1.8704659933113155 0.64688303603538533 0.017872009707977084 0.0062831070850957928 1.5651578630025135e-17 -0.016731147490810252
47 11 1.8853204988888268 0.60221865706239075 0.019147144771994012 0.0037126584285109726 5.4564160904021212e-18 -0.018783751497315544
47 12 1.8991086426782309 0.55721365538659517 0.013745506199658395 0.0007762028385032237 2.235665547840048e-17 -0.013723572779649871
47 13 1.91182262592612 0.51189348642212595 0.00080367474718852849 -0.00051485429643640789 4.9903856690711089e-17 -0.00061710465296375516
47 14 1.9234552574382546 0.46628378384582658 0.015916643995252805 -0.0039038532269910493 3.1569883062453613e-17 0.015430472645182608
47 15 1.9339999576469984 0.42041034509851483 0.024787394822776521 -0.008216982911905462 1.2487293934221409e-17 0.023385810525309188
47 16 1.9434507623328052 0.37429911679361738 0.022394628740339869 -0.011157237741849421 -6.6605172279222644e-18 0.019417400505461778
47 17 1.9518023259976605 0.32797618004142659 0.016427228546256663 -0.01240444540999398 -4.6528531131553707e-17 0.010769566926363803
47 18 1.959049924888564 0.28146773569728389 0.014001756038237089 -0.013436622472347679 -1.1319340608047647e-17 0.0039378101388855896
47 19 1.9651894596693456 0.23480008954203829 0.0099765380871646506 -0.0098636078049166593 -2.5791015277408424e-17 -0.0014968477796469804
47 20 1.9702174577393041 0.18799963740315298 0.0033114447424666777 -0.0013401990414204173 1.6476285904212349e-17 -0.0030281236453926375
47 21 1.9741310751973544 0.14109285022488116 0.0080340899116390346 0.0073621509161614666 7.9241722662975241e-18 0.0032164164214173196
47 22 1.9769280984505755 0.094106259095958197 0.011866085473857767 0.0075141174239681252 -8.4694017181503088e-18 0.0091837913636861855
47 23 1.9786069454662467 0.047066440243271571 0.008450531486978205 0.00044633321560531559 -1.4698236406509335e-17 0.0084387362248773655
47 24 1.9791666666666665 1.211890061656235e-16 0.0029488738525940035 -0.0029488738525940035 3.3228999397690038e-17 9.8211083956407723e-17
47 25 1.9786069454662467 -0.047066440243271328 0.0084505314869780818 0.00044633321560519747 -4.3105949968770151e-17 -0.0084387362248772475
47 26 1.9769280984505755 -0.094106259095957961 0.01186608547385761 0.0075141174239680784 -2.6899854734722322e-17 -0.009183791363686019
47 27 1.9741310751973544 -0.14109285022488094 0.0080340899116392497 0.0073621509161616739 1.6154782163975832e-17 -0.0032164164214173812
47 28 1.9702174577393041 -0.18799963740315273 0.0033114447424665507 -0.0013401990414205057 5.0453076785638052e-17 0.0030281236453924593
47 29 1.9651894596693456 -0.23480008954203807 0.0099765380871642603 -0.0098636078049162759 -1.0357238967475843e-17 0.0014968477796468932
47 30 1.959049924888564 -0.28146773569728367 0.014001756038237272 -0.01343662247234788 3.7739617895493557e-18 -0.0039378101388855532
47 31 1.9518023259976605 -0.32797618004142637 0.01642722854625657 -0.012404445409993888 3.1134253652424449e-17 -0.010769566926363766
47 32 1.9434507623328052 -0.3742991167936176 0.022394628740340001 -0.011157237741849447 3.9829494098676899e-17 -0.01941740050546192
47 33 1.9339999576469984 -0.4204103450985146 0.024787394822776497 -0.0082169829119054481 4.1348478870702725e-17 -0.023385810525309164
47 34 1.9234552574382546 -0.46628378384582631 0.015916643995252815 -0.0039038532269911499 1.794505966902325e-17 -0.015430472645182594
47 35 1.9118226259261197 -0.51189348642212618 0.00080367474718834612 -0.00051485429643623052 -1.2950893194754794e-17 0.0006171046529636655
47 36 1.8991086426782309 -0.55721365538659495 0.013745506199658404 0.0007762028385033086 3.8298379775197997e-17 0.013723572779649876
47 37 1.8853204988888268 -0.60221865706239053 0.019147144771994012 0.0037126584285109747 -2.1952366910039778e-17 0.018783751497315544
47 38 1.8704659933113155 -0.64688303603538555 0.017872009707977123 0.006283107085095844 5.085884698843214e-17 0.016731147490810273
47 39 1.8545535278471978 -0.69118152955208267 0.010548468798446385 0.0045573163400257936 3.9124896062988678e-18 0.0095132046003820834
47 40 1.8375921027938424 -0.73508908180855737 0.0029609931378308495 0.002945318749267374 1.1284322428210282e-17 0.00030426604722750308
47 41 1.8195913117538012 -0.77858085812234357 0.0051149145429096286 0.0024399659011110422 4.0388184195285601e-18 -0.0044954329249454706
47 42 1.8005613362085422 -0.82163225897925463 0.0059788188834284531 0.0010176174808725377 5.7524306921717389e-18 -0.0058915812736024687
47 43 1.7805129397596713 -0.86421893394718963 0.0062813387069128711 5.2885867597302268e-05 4.701430066570591e-19 -0.0062811160661120045
47 44 1.7594574620409 -0.90631679544905186 0.0042956237423752638 0.00027882252569506091 9.8628550483458673e-20 -0.0042865652141572622
47 45 1.7374068123042008 -0.947902032386997 0.0025611539541105519 -9.7296817132312008e-05 -3.4006415363990001e-18 -0.0025593051607872082
47 46 1.714373462683779 -0.98895112361029913 0.0017188329660409089 -0.00022035732057351236 -2.0370770124737119e-18 -0.001704649352922369
47 47 1.6903704411416711 -1.0294408512192219 0.00059943543272140173 0.00021213452693488375 2.0877165137434932e-18 -0.00056064407647277181
47 48 1.6654113240989619 -1.0693483136973596 0.00023179341602678886 0.00019504743405604851 1.0455415266180568e-18 -0.00012523851716432702
48 0 1.682941969615793 1.0806046117362795 0 0 0 0
48 1 1.7081638142063202 1.04027707070574 0 0 0 0
48 2 1.7324194991330817 0.99936113543777672 0 0 0 0
48 3 1.7556953050652977 0.95787994851738645 0 0 0 0
48 4 1.7779780669044887 0.91585697224325224 0 0 0 0
48 5 1.7992551812308257 0.87331597535716032 0 0 0 0
48 6 1.8195146134317901 0.83028101960008915 0 0 0 0
48 7 1.8387449045091047 0.78677644610257869 0 0 0 0
48 8 1.8569351775600935 0.74282686161706879 0 0 0 0
48 9 1.8740751439298 0.69845712459999965 0 0 0 0
48 10 1.8901551090303821 0.65369233115154735 0 0 0 0
48 11 1.9051659778244987 0.60855780082094224 0 0 0 0
48 12 1.9190992599695809 0.5630790622854015 0 0 0 0
48 13 1.9319470746200793 0.51728183891077995 0 0 0 0
48 14 1.9437021548849733 0.47119203420209849 0 0 0 0
48 15 1.9543578519380196 0.42483571715218343 0 0 0 0
48 16 1.9639081387784139 0.37823910749670814 0 0 0 0
48 17 1.9723476136397413 0.33142856088396794 0 0 0 0
48 18 1.9796715030452858 0.28443055396778166 0 0 0 0
48 19 1.9858756645079705 0.23727166943195449 0 0 0 0
48 20 1.9909565888734022 0.18997858095476514 0 0 0 0
48 21 1.9949114023046952 0.14257803812198519 0 0 0 0
48 22 1.99773786790795 0.095096851296968293 0 0 0 0
48 23 1.9994343869974704 0.047561876456358641 0 0 0 0
48 24 2 1.2246467991473532e-16 0 0 0 0
48 25 1.9994343869974704 -0.047561876456358398 0 0 0 0
48 26 1.99773786790795 -0.095096851296968057 0 0 0 0
48 27 1.9949114023046952 -0.14257803812198497 0 0 0 0
48 28 1.9909565888734022 -0.18997858095476489 0 0 0 0
48 29 1.9858756645079705 -0.23727166943195427 0 0 0 0
48 30 1.9796715030452858 -0.28443055396778144 0 0 0 0
48 31 1.9723476136397413 -0.33142856088396772 0 0 0 0
48 32 1.9639081387784139 -0.37823910749670836 0 0 0 0
48 33 1.9543578519380196 -0.42483571715218321 0 0 0 0
48 34 1.9437021548849733 -0.47119203420209821 0 0 0 0
48 35 1.9319470746200791 -0.51728183891078017 0 0 0 0
48 36 1.9190992599695809 -0.56307906228540128 0 0 0 0
48 37 1.9051659778244987 -0.60855780082094202 0 0 0 0
48 38 1.8901551090303821 -0.65369233115154757 0 0 0 0
48 39 1.8740751439298 -0.69845712459999942 0 0 0 0
48 40 1.8569351775600935 -0.74282686161706857 0 0 0 0
48 41 1.8387449045091044 -0.7867764461025788 0 0 0 0
48 42 1.8195146134317901 -0.83028101960008893 0 0 0 0
48 43 1.799255181230826 -0.8733159753571601 0 0 0 0
48 44 1.7779780669044887 -0.91585697224325247 0 0 0 0
48 45 1.7556953050652977 -0.95787994851738656 0 0 0 0
48 46 1.7324194991330821 -0.99936113543777605 0 0 0 0
48 47 1.7081638142063205 -1.04027707070574 0 0 0 0
48 48 1.6829419696157932 -1.0806046117362793 0 0 0 0
