radial transverse x z speed vx vy vz
0 0 0.8414709848078965 0.54030230586813977 0 0 0 0
0 1 0.85408190710316012 0.52013853535287002 0 0 0 0
0 2 0.86620974956654084 0.49968056771888836 0 0 0 0
0 3 0.87784765253264885 0.47893997425869322 0 0 0 0
0 4 0.88898903345224434 0.45792848612162612 0 0 0 0
0 5 0.89962759061541286 0.43665798767858016 0 0 0 0
0 6 0.90975730671589505 0.41514050980004458 0 0 0 0
0 7 0.91937245225455233 0.39338822305128934 0 0 0 0
0 8 0.92846758878004676 0.37141343080853439 0 0 0 0
0 9 0.93703757196490001 0.34922856229999982 0 0 0 0
0 10 0.94507755451519104 0.32684616557577367 0 0 0 0
0 11 0.95258298891224935 0.30427890041047112 0 0 0 0
0 12 0.95954962998479043 0.28153953114270075 0 0 0 0
0 13 0.96597353731003965 0.25864091945538997 0 0 0 0
0 14 0.97185107744248667 0.23559601710104924 0 0 0 0
0 15 0.97717892596900979 0.21241785857609172 0 0 0 0
0 16 0.98195406938920693 0.18911955374835407 0 0 0 0
0 17 0.98617380681987066 0.16571428044198397 0 0 0 0
0 18 0.98983575152264291 0.14221527698389083 0 0 0 0
0 19 0.99293783225398524 0.11863583471597725 0 0 0 0
0 20 0.99547829443670111 0.094989290477382568 0 0 0 0
0 21 0.99745570115234761 0.071289019060992595 0 0 0 0
0 22 0.99886893395397502 0.047548425648484147 0 0 0 0
0 23 0.99971719349873522 0.023780938228179321 0 0 0 0
0 24 1 6.123233995736766e-17 0 0 0 0
0 25 0.99971719349873522 -0.023780938228179199 0 0 0 0
0 26 0.99886893395397502 -0.047548425648484029 0 0 0 0
0 27 0.99745570115234761 -0.071289019060992484 0 0 0 0
0 28 0.99547829443670111 -0.094989290477382443 0 0 0 0
0 29 0.99293783225398524 -0.11863583471597713 0 0 0 0
0 30 0.98983575152264291 -0.14221527698389072 0 0 0 0
0 31 0.98617380681987066 -0.16571428044198386 0 0 0 0
0 32 0.98195406938920693 -0.18911955374835418 0 0 0 0
0 33 0.97717892596900979 -0.21241785857609161 0 0 0 0
0 34 0.97185107744248667 -0.2355960171010491 0 0 0 0
0 35 0.96597353731003954 -0.25864091945539008 0 0 0 0
0 36 0.95954962998479043 -0.28153953114270064 0 0 0 0
0 37 0.95258298891224935 -0.30427890041047101 0 0 0 0
0 38 0.94507755451519104 -0.32684616557577378 0 0 0 0
0 39 0.93703757196490001 -0.34922856229999971 0 0 0 0
0 40 0.92846758878004676 -0.37141343080853428 0 0 0 0
0 41 0.91937245225455222 -0.3933882230512894 0 0 0 0
0 42 0.90975730671589505 -0.41514050980004447 0 0 0 0
0 43 0.89962759061541298 -0.43665798767858005 0 0 0 0
0 44 0.88898903345224434 -0.45792848612162623 0 0 0 0
0 45 0.87784765253264885 -0.47893997425869328 0 0 0 0
0 46 0.86620974956654107 -0.49968056771888802 0 0 0 0
0 47 0.85408190710316023 -0.52013853535287002 0 0 0 0
0 48 0.84147098480789662 -0.54030230586813965 0 0 0 0
1 0 0.85900163032472765 0.55155860390705935 0.01936967563278302 -0.016299020030127443 -2.3714021005114992e-17 -0.010465480408310584
1 1 0.87187528016780924 0.53097475483938816 0.022875736828342205 -0.022748264598015905 -3.7685465628004012e-17 0.0024115955751800649
1 2 0.88425578601584376 0.51009057954636516 0.027681737448226558 -0.024759171242090896 -2.9814093319471735e-17 0.012379904182075388
1 3 0.89613614529374563 0.48891789038908262 0.028977431578189754 -0.022601281015496442 -6.3173606934130699e-17 0.018134873512854418
1 4 0.90750963831583265 0.46746866291582662 0.026728853631367053 -0.01792656514387048 -3.9702673292445516e-17 0.0198259899775424
1 5 0.91836983208656719 0.44575502908855053 0.023712259558376091 -0.01398392137385728 1.8045469482800278e-17 0.019149965962726299
1 6 0.92871058393914285 0.42378927042087883 0.023194643681344107 -0.012297743440722885 3.7173420160081851e-17 0.019666138456002825
1 7 0.93852604500985548 0.40158381103152452 0.024118826713375511 -0.012896795945759491 2.6687837020481697e-17 0.020381129908895575
1 8 0.94781066354629762 0.37915121061704549 0.025964611231015514 -0.013372426312685466 9.5779272213824481e-17 0.02225621825220031
1 9 0.95655918804750206 0.35650415734791646 0.025964698376809533 -0.011784354218650884 1.1878626103771476e-17 0.023136433550745471
1 10 0.96476667023425744 0.33365546069193558 0.024171697103865773 -0.0077686171026948494 -3.1474011670880301e-17 0.022889288525263299
1 11 0.97242846784792114 0.31061804416902256 0.022547166296519372 -0.0020857097409735063 9.8078630552373775e-17 0.022450490481931731
1 12 0.9795402472761402 0.28740493804150702 0.022030532829575133 0.0028354932773375879 -2.8007303609990467e-17 0.02184729627732368
1 13 0.98609798600399878 0.26402927194404391 0.022346859001716384 0.0074273741836187865 1.3696685250523999e-16 0.021076437554271497
1 14 0.99209797488920504 0.24050426745732109 0.021405627452465117 0.011335364274140227 -2.1606121069881189e-17 0.018157929491169244
1 15 0.99753682026003077 0.21684323062976027 0.021254644162221281 0.015687170612987418 3.862186977860254e-17 0.014341289224531772
1 16 1.0024114458348152 0.19305954445144477 0.021343313241279187 0.019273587761214173 -4.7007807255014926e-18 0.0091687422761324664
1 17 1.0067190944619513 0.16916666128452529 0.021583253162356916 0.020959082012679372 4.5694951052519302e-17 0.0051530280666972766
1 18 1.0104573296793646 0.14517809525438855 0.020718632523440604 0.020328607667604276 1.1562064851183669e-17 0.0040011803181050822
1 19 1.01362403709261 0.12110741460589343 0.018216221492170927 0.018097018744902615 1.0225744604580259e-16 0.0020805379108474287
1 20 1.016217425570799 0.096968234028994696 0.01652401534188017 0.016462534411572832 9.3130199401864323e-17 0.0014240940160226297
1 21 1.0182360282596881 0.072774206958096596 0.015310642881279526 0.015267218407555731 -4.8361437958763592e-17 0.0011523139910922105
1 22 1.0196787034113495 0.048539017849494229 0.012811608111198249 0.012790868819968005 3.9315587932799269e-17 0.0007286818409230801
1 23 1.0205446350299587 0.024276374441266388 0.012232002869302459 0.012202640358490575 -7.7404133479114058e-17 0.00084703156727517902
1 24 1.0208333333333333 6.2508013706479485e-17 0.012648040331346628 0.012648040331346628 6.6299297334148555e-17 -2.1920776218402292e-18
1 25 1.0205446350299587 -0.024276374441266263 0.012232002869302349 0.012202640358490469 -1.9420453554248479e-17 -0.00084703156727510345
1 26 1.0196787034113495 -0.048539017849494111 0.01281160811119827 0.012790868819968023 5.3051818499141788e-18 -0.00072868184092316195
1 27 1.0182360282596881 -0.072774206958096485 0.0153106428812797 0.015267218407555896 3.9560219626080454e-17 -0.0011523139910923283
1 28 1.016217425570799 -0.096968234028994571 0.01652401534188019 0.016462534411572874 -3.6905834971882307e-18 -0.0014240940160224411
1 29 1.01362403709261 -0.12110741460589332 0.018216221492171007 0.018097018744902691 1.8538778710499894e-17 -0.0020805379108474612
1 30 1.0104573296793646 -0.14517809525438843 0.020718632523440687 0.020328607667604345 5.2064904912076738e-17 -0.0040011803181051742
1 31 1.0067190944619513 -0.16916666128452518 0.021583253162356868 0.020959082012679348 2.3511322307617633e-17 -0.00515302806669717
1 32 1.0024114458348152 -0.19305954445144488 0.021343313241279055 0.019273587761214094 -1.6258961305920726e-17 -0.0091687422761323294
1 33 0.99753682026003077 -0.21684323062976016 0.021254644162221208 0.015687170612987345 3.9597438243899116e-17 -0.014341289224531746
1 34 0.99209797488920504 -0.24050426745732095 0.021405627452465135 0.01133536427414023 3.9545649649529416e-17 -0.018157929491169261
1 35 0.98609798600399867 -0.26402927194404402 0.022346859001716499 0.00742737418361875 5.5194378392874851e-17 -0.021076437554271625
1 36 0.9795402472761402 -0.28740493804150691 0.022030532829575102 0.0028354932773374487 8.1789836782147052e-17 -0.021847296277323666
1 37 0.97242846784792114 -0.31061804416902244 0.022547166296519396 -0.0020857097409735107 6.3912497219956591e-17 -0.022450490481931755
1 38 0.96476667023425744 -0.33365546069193569 0.024171697103865766 -0.0077686171026947644 4.4875812152938152e-17 -0.02288928852526332
1 39 0.95655918804750206 -0.35650415734791635 0.025964698376809574 -0.011784354218650891 6.3346772851473905e-17 -0.023136433550745513
1 40 0.94781066354629762 -0.37915121061704538 0.025964611231015459 -0.013372426312685327 6.7382125875229462e-17 -0.022256218252200331
1 41 0.93852604500985537 -0.40158381103152457 0.024118826713375417 -0.012896795945759392 6.2154966597924307e-17 -0.020381129908895526
1 42 0.92871058393914285 -0.42378927042087872 0.023194643681344142 -0.012297743440722864 3.5191694519898589e-17 -0.019666138456002884
1 43 0.91836983208656731 -0.44575502908855041 0.023712259558376081 -0.013983921373857264 2.0344449277228436e-17 -0.019149965962726296
1 44 0.90750963831583265 -0.46746866291582673 0.02672885363136699 -0.017926565143870449 -2.1835051927976806e-17 -0.019825989977542344
1 45 0.89613614529374563 -0.48891789038908268 0.028977431578189779 -0.022601281015496463 -2.311127744772537e-17 -0.018134873512854432
1 46 0.88425578601584398 -0.51009057954636483 0.02768173744822653 -0.024759171242090896 -6.1612415417344496e-17 -0.012379904182075329
1 47 0.87187528016780935 -0.53097475483938816 0.022875736828342225 -0.022748264598015933 -3.4195529208332824e-17 -0.0024115955751800107
1 48 0.85900163032472776 -0.55155860390705924 0.019369675632783058 -0.016299020030127478 -5.0599963096464996e-17 0.010465480408310603
2 0 0.87653227584155891 0.56281490194597894 0.011451280885651952 -0.0096359206041613903 3.0549773521546671e-18 -0.0061871534676615032
2 1 0.88966865323245847 0.5418109743259063 0.031656309850764244 -0.025940341341355384 -6.3885020656668041e-18 0.018144438389257517
2 2 0.90230182246514679 0.52050059137384208 0.054175311924814881 -0.039839477118914994 -2.0967804847231446e-17 0.036712129944235575
2 3 0.91442463805484264 0.49889580651947213 0.068803839197524891 -0.048957141705204439 -5.2243180282769798e-17 0.048344250582415635
2 4 0.92603024317942129 0.47700883971002722 0.073457293047504993 -0.051729109174489467 -7.2714510895062787e-17 0.05215432068276582
2 5 0.93711207355772175 0.45485207049852105 0.069866668836324086 -0.048791711124074898 -1.0374413758653917e-16 0.050007202879879267
2 6 0.94766386116239076 0.43243803104171313 0.062424597808540302 -0.041934988847305538 -8.8939685958570257e-17 0.046241616774658469
2 7 0.95767963776515874 0.40977939901175975 0.053694622310853334 -0.033739939735864935 -3.7888996197744227e-17 0.04176995249848138
2 8 0.96715373831254881 0.38688899042555669 0.047666979551257198 -0.02517136590406556 -2.429185088384034e-17 0.040478923874821784
2 9 0.97608080413010423 0.36377975239583316 0.043984064887201753 -0.016962400166334917 2.1103570879774208e-17 0.04058170701928019
2 10 0.98445578595332406 0.3404647558080976 0.042742176957796023 -0.0087002210187510382 2.1141384938913169e-17 0.041847339763913687
2 11 0.99227394678359315 0.3169571879275741 0.043160302179535072 -0.00050590899075213854 7.2172173869528045e-17 0.043157337039278224
2 12 0.99953086456749007 0.29327034494031329 0.043964257446888554 0.0068370579367705436 9.4655277479813265e-17 0.043429374524917332
2 13 1.006222434697958 0.2694176244326979 0.043698719287538434 0.013359988197047697 1.1452065660163282e-16 0.041606355076428285
2 14 1.0123448723359236 0.24541251781359297 0.041656586873986136 0.019123023335252839 1.3065743398385905e-16 0.037007853335600666
2 15 1.017894714551052 0.22126860268342888 0.039793815732667923 0.025217822203558182 1.5991965418370072e-16 0.030783261910903092
2 16 1.0228688222804239 0.1969995351545355 0.038872548718066259 0.030670645060135237 1.5724738634570881e-16 0.023882767331983048
2 17 1.0272643821040319 0.17261904212706664 0.03923521124026709 0.034487783158795936 1.6834819639549831e-16 0.018708142982676094
2 18 1.0310789078360865 0.14814091352488629 0.038587403078610576 0.035562938821128362 1.3126763112147791e-16 0.014975481920654388
2 19 1.0343102419312347 0.12357899449580964 0.036692050692194521 0.034890874658676151 1.2295409563768294e-16 0.011354886593494568
2 20 1.0369565567048971 0.098947177580606852 0.033525348401177407 0.032424133245382535 1.723790164870851e-16 0.0085220049698417517
2 21 1.0390163553670289 0.074259394855200625 0.030211089701025054 0.029514375283969035 5.4957084977686291e-17 0.006450704808036071
2 22 1.040488472868724 0.049529610050504325 0.027395387396876827 0.026995868379965864 1.0271693176654429e-16 0.0046615813879537461
2 23 1.0413720765611827 0.024771810654353462 0.025567603613280449 0.025506113118572198 1.2353748442099159e-16 0.0017721591656594637
2 24 1.0416666666666667 6.3783687455591322e-17 0.025867264894270426 0.025867264894270426 1.3852727739998228e-16 1.1549679739694197e-16
2 25 1.0413720765611827 -0.024771810654353334 0.025567603613280449 0.025506113118572201 1.6555368241028709e-16 -0.0017721591656593835
2 26 1.040488472868724 -0.0495296100505042 0.027395387396876851 0.026995868379965846 1.8257185361908389e-16 -0.0046615813879539976
2 27 1.0390163553670289 -0.074259394855200514 0.030211089701024853 0.029514375283968837 1.0611064713337186e-16 -0.0064507048080360329
2 28 1.0369565567048971 -0.098947177580606713 0.033525348401177421 0.032424133245382548 1.9507791570352754e-16 -0.00852200496984175
2 29 1.0343102419312347 -0.12357899449580953 0.036692050692194417 0.034890874658675984 5.8127151069001316e-17 -0.011354886593494739
2 30 1.0310789078360865 -0.14814091352488618 0.038587403078610416 0.035562938821128168 1.4159203488357927e-16 -0.014975481920654432
2 31 1.0272643821040319 -0.17261904212706652 0.039235211240266944 0.034487783158795832 6.0714384959737085e-17 -0.018708142982675969
2 32 1.0228688222804239 -0.19699953515453561 0.038872548718066099 0.030670645060135036 1.1529627409419022e-16 -0.023882767331983044
2 33 1.017894714551052 -0.22126860268342877 0.039793815732667853 0.025217822203558185 8.2585467614363179e-17 -0.030783261910903002
2 34 1.0123448723359236 -0.24541251781359283 0.041656586873986289 0.019123023335252703 1.001535793461664e-16 -0.037007853335600908
2 35 1.006222434697958 -0.26941762443269801 0.043698719287538434 0.013359988197047725 5.0535297943454244e-17 -0.041606355076428278
2 36 0.99953086456749007 -0.29327034494031318 0.043964257446888602 0.0068370579367705644 1.603440804389234e-16 -0.043429374524917373
2 37 0.99227394678359315 -0.31695718792757399 0.043160302179535093 -0.0005059089907520698 5.159053761173268e-17 -0.043157337039278244
2 38 0.98445578595332406 -0.34046475580809771 0.042742176957796162 -0.0087002210187510729 1.8229435019799163e-17 -0.041847339763913818
2 39 0.97608080413010423 -0.36377975239583304 0.043984064887201753 -0.01696240016633482 1.0166782255323181e-17 -0.040581707019280232
2 40 0.96715373831254881 -0.38688899042555658 0.047666979551257163 -0.025171365904065428 -2.9875386692727485e-17 -0.040478923874821833
2 41 0.95767963776515863 -0.4097793990117598 0.053694622310853327 -0.033739939735864893 -4.2615000100323136e-17 -0.041769952498481408
2 42 0.94766386116239076 -0.43243803104171302 0.062424597808540268 -0.041934988847305482 -9.0519857798901446e-17 -0.046241616774658462
2 43 0.93711207355772197 -0.45485207049852094 0.069866668836324045 -0.048791711124074856 -9.4594229671854068e-17 -0.050007202879879246
2 44 0.92603024317942129 -0.47700883971002733 0.073457293047505048 -0.051729109174489495 -6.981454738185981e-17 -0.052154320682765876
2 45 0.91442463805484264 -0.49889580651947218 0.068803839197524946 -0.048957141705204536 -5.3747193942296695e-17 -0.048344250582415614
2 46 0.90230182246514701 -0.52050059137384175 0.054175311924814999 -0.039839477118915091 -1.8713266480262382e-17 -0.036712129944235644
2 47 0.88966865323245858 -0.5418109743259063 0.031656309850764258 -0.025940341341355398 1.9050040463334844e-17 -0.018144438389257531
2 48 0.87653227584155902 -0.56281490194597883 0.011451280885651947 -0.0096359206041613868 3.1748029090506937e-17 0.0061871534676614997
3 0 0.89406292135839005 0.57407119998489853 0.012907478001161623 -0.010861268225023731 -7.4894395207702357e-18 -0.0069739401269699125
3 1 0.90746202629710759 0.55264719381242444 0.03630638694564764 -0.029345754965864532 -8.9389774443400431e-18 0.021377099862482055
3 2 0.92034785891444959 0.53091060320131889 0.062748786773518972 -0.045038007072464886 -1.9967433051134957e-17 0.04369196906170688
3 3 0.93271313081593943 0.50887372264986153 0.08116672488930643 -0.056028331911004946 -6.6668449471695848e-17 0.058727023188023246
3 4 0.94455084804300959 0.48654901650422777 0.090573417411766555 -0.061646094286783276 -5.8577742555737689e-17 0.066357388441914467
3 5 0.95585431502887619 0.46394911190849142 0.092873355843511196 -0.062996392158024536 -4.0288590983131503e-17 0.068241591428599035
3 6 0.96661713838563845 0.44108679166254738 0.092025107027003658 -0.060755406992204324 -5.9835260168062889e-17 0.069118744523776546
3 7 0.97683323052046189 0.41797498699199492 0.088661240133705951 -0.056291643049810387 -3.9510226973280781e-17 0.068498660021926019
3 8 0.98649681307879966 0.39462677023406778 0.084139335707909255 -0.048520496046486665 -1.7427313807699151e-17 0.068740012196472036
3 9 0.99560242021270628 0.37105534744374979 0.078164604722301467 -0.037551918045452985 -3.5325394975922772e-17 0.068553328748509473
3 10 1.0041449016723905 0.3472740509242595 0.0718912032495857 -0.024585335063962113 -5.3289512678289868e-17 0.067556690301301445
3 11 1.0121194257192649 0.32329633168612559 0.067047089788254549 -0.010150138807855235 -3.9680767358768837e-18 0.0662743308623749
3 12 1.0195214818588398 0.29913575183911956 0.06411491559572588 0.0025619567038603843 3.17630976407035e-18 0.064063708756944421
3 13 1.0263468833919172 0.27480597692135184 0.06158213119682867 0.013622323079028779 1.1695830240394153e-16 0.060056566640742784
3 14 1.0325917697826421 0.25032076816986482 0.057790507264951774 0.022808652886800437 1.2357756673268136e-16 0.053099040324942733
3 15 1.0382526088420729 0.22569397473709746 0.055548920666437081 0.031812042366442916 1.4180114081631962e-16 0.04553763880222339
3 16 1.0433261987260323 0.2009395258576262 0.054445522195540594 0.038941540324431125 1.1344492542045589e-16 0.038050904382232596
3 17 1.0478096697461126 0.17607142296960795 0.05422170309128016 0.043519294917957765 1.6614648715255355e-16 0.032342913535467949
3 18 1.0517004859928081 0.151103731795384 0.052199193063246635 0.044186346993720878 1.297326660148895e-16 0.027790690811935373
3 19 1.0549964467698594 0.12605057438572581 0.047813328875748962 0.041914619782499024 1.8974981393970834e-16 0.023006065866833261
3 20 1.0576956878389949 0.10092612113221898 0.042587036977191073 0.038101175987877517 1.9474820574184449e-17 0.019025144068769238
3 21 1.0597966824743694 0.075744582752304626 0.036659428400934176 0.033723340109984366 5.9219379253698355e-17 0.014375326866180772
3 22 1.0612982423260984 0.050520202251514407 0.031478011260019742 0.030115308659608535 1.1818073227251196e-16 0.0091615160984651681
3 23 1.0621995180924062 0.025267246867440529 0.029188660948884247 0.028900063478895854 9.5086137807632692e-17 0.0040944180178274746
3 24 1.0625 6.5059361204703134e-17 0.028191442179209335 0.028191442179209335 7.119065386066811e-17 -4.8941736715553716e-17
3 25 1.0621995180924062 -0.025267246867440397 0.029188660948884268 0.028900063478895861 3.9788681312626421e-17 -0.0040944180178275787
3 26 1.0612982423260984 -0.050520202251514282 0.031478011260019804 0.030115308659608615 6.5219059623530332e-17 -0.0091615160984651282
3 27 1.0597966824743694 -0.075744582752304515 0.036659428400934072 0.03372334010998429 1.1164324783711969e-16 -0.014375326866180694
3 28 1.0576956878389949 -0.10092612113221884 0.042587036977190844 0.038101175987877191 1.0637013772967474e-16 -0.019025144068769366
3 29 1.0549964467698594 -0.1260505743857257 0.047813328875748892 0.041914619782499052 1.212315415394748e-16 -0.02300606586683307
3 30 1.0517004859928081 -0.15110373179538389 0.052199193063246635 0.044186346993720878 1.7572074190924903e-16 -0.027790690811935373
3 31 1.0478096697461126 -0.17607142296960784 0.05422170309128016 0.043519294917957738 1.4994912350030382e-16 -0.032342913535467983
3 32 1.0433261987260323 -0.20093952585762631 0.054445522195540462 0.038941540324431215 1.1700495908752589e-16 -0.038050904382232319
3 33 1.0382526088420729 -0.22569397473709732 0.055548920666437157 0.031812042366443 1.2976641325270097e-16 -0.045537638802223425
3 34 1.0325917697826421 -0.25032076816986465 0.05779050726495151 0.022808652886800194 1.3530106837027643e-16 -0.053099040324942545
3 35 1.0263468833919169 -0.27480597692135195 0.061582131196828663 0.013622323079028865 9.9648794792285747e-17 -0.060056566640742756
3 36 1.0195214818588398 -0.29913575183911945 0.064114915595725908 0.0025619567038603899 4.7492512681167065e-17 -0.064063708756944462
3 37 1.0121194257192649 -0.32329633168612543 0.067047089788254535 -0.010150138807855164 4.9143363360135308e-17 -0.0662743308623749
3 38 1.0041449016723905 -0.34727405092425967 0.071891203249585631 -0.024585335063962075 -3.7609347765301956e-17 -0.067556690301301389
3 39 0.99560242021270628 -0.37105534744374968 0.078164604722301495 -0.037551918045452867 1.6393980497296677e-17 -0.068553328748509557
3 40 0.98649681307879966 -0.39462677023406767 0.084139335707909435 -0.048520496046486637 -6.1489461211891178e-17 -0.068740012196472272
3 41 0.97683323052046178 -0.41797498699199498 0.088661240133706049 -0.056291643049810373 -5.0339569784253253e-17 -0.068498660021926144
3 42 0.96661713838563845 -0.44108679166254727 0.0920251070270037 -0.06075540699220424 -7.4231608147039646e-17 -0.069118744523776643
3 43 0.9558543150288763 -0.46394911190849131 0.092873355843511141 -0.062996392158024495 -6.7354712386263503e-17 -0.068241591428598994
3 44 0.94455084804300959 -0.48654901650422788 0.090573417411766596 -0.061646094286783332 -6.1572962264810209e-17 -0.06635738844191448
3 45 0.93271313081593943 -0.50887372264986164 0.081166724889306513 -0.056028331911005043 -6.7265629735188298e-17 -0.058727023188023267
3 46 0.92034785891444992 -0.53091060320131855 0.062748786773518958 -0.045038007072464935 -3.9090271920867872e-17 -0.043691969061706831
3 47 0.9074620262971077 -0.55264719381242444 0.036306386945647688 -0.029345754965864605 -1.2323642256877691e-18 -0.021377099862482041
3 48 0.89406292135839016 -0.57407119998489842 0.012907478001161741 -0.010861268225023831 -1.6715542386992605e-17 0.006973940126969975
4 0 0.9115935668752212 0.585327498023818 0.00067928039543672502 0.00057159474330883834 4.6730231753942156e-17 0.00036701676398548432
4 1 0.92525539936175671 0.56348341329894247 0.027844442885346682 -0.015853715382290762 2.3811523396009351e-17 0.022890450152250188
4 2 0.93839389536375251 0.54132061502879569 0.052782155761361575 -0.033240773444823138 -4.3837307281994576e-18 0.041000084726821921
4 3 0.95100162357703621 0.51885163878025098 0.073718175596474145 -0.049671882681405426 -2.054533547555592e-17 0.054470849857123499
4 4 0.96307145290659801 0.49608919329842827 0.090238333659960576 -0.063492437536740762 -4.1860948186981688e-17 0.064122283469706901
4 5 0.97459655650003052 0.47304615331846184 0.10123226596362153 -0.073115337418870344 -6.7466550485585285e-17 0.070015134837077511
4 6 0.98557041560888625 0.44973555228338158 0.10807665222159735 -0.077133309725708088 -8.4334322995196234e-17 0.075703469446162713
4 7 0.99598682327576493 0.4261705749722301 0.10990325814888427 -0.075245578450581566 -6.3411164915386845e-17 0.080105112666905787
4 8 1.0058398878450505 0.40236455004257893 0.1077527712286574 -0.067051700146438908 -1.0631430377935991e-16 0.084348854259719622
4 9 1.0151240362953082 0.37833094249166643 0.10354067558659802 -0.053322543799055565 -1.4927787460619025e-16 0.088754593254247602
4 10 1.0238340173914569 0.35408334604042146 0.098695724796609638 -0.037196844567033163 -8.7738866357091471e-17 0.091417945980994786
4 11 1.0319649046549366 0.32963547544467703 0.09479386604740922 -0.019488018315082147 -4.8558474865781237e-17 0.092769036765319404
4 12 1.0395120991501896 0.30500115873792577 0.091690948651767523 -0.0040964006538202055 -3.4365554496427896e-17 0.091599397194219834
4 13 1.0464713320858763 0.28019432941000577 0.087188124732642508 0.0088351338324968338 -2.987803105307026e-18 0.08673931925347754
4 14 1.0528386672293606 0.25522901852613666 0.080617051416145655 0.019569622935716711 4.8612717852643159e-17 0.078205746829675779
4 15 1.0586105031330939 0.23011934679076601 0.074916271654828878 0.028827700291992744 6.5256033920432855e-17 0.069147750900048502
4 16 1.0637835751716407 0.2048795165607169 0.070372559774867352 0.035523858193404333 8.5376136873084103e-17 0.060748272965757452
4 17 1.0683549573881932 0.17952380381214927 0.065574393482624824 0.038192538463002412 9.9056620672820076e-17 0.053304137610191121
4 18 1.0723220641495297 0.15406655006588171 0.059385108812149874 0.036841351197466621 5.9142134429875983e-17 0.046575809070544399
4 19 1.0756826516084839 0.12852215427564201 0.051485155983557677 0.033000813404606706 4.7004952461962885e-18 0.03951794024598948
4 20 1.0784348189730928 0.10290506468383111 0.043018255895519643 0.028361438876146582 1.6986063389092669e-16 0.032345001548415665
4 21 1.0805770095817098 0.077229770649408641 0.034479095079593708 0.023830308083371256 8.7932372412311757e-18 0.024918354964950509
4 22 1.0821080117834729 0.051510794452524489 0.025876059996751584 0.020248316843460675 -6.7677221288714648e-17 0.016111366979940416
4 23 1.0830269596236297 0.025762683080527597 0.020258526884828008 0.018883448501471268 6.0299460840990276e-17 0.0073364353902683459
4 24 1.0833333333333333 6.6335034953814958e-17 0.017919578358619997 0.017919578358619997 1.4606013788473188e-16 2.5300778217532334e-17
4 25 1.0830269596236297 -0.025762683080527465 0.020258526884828189 0.018883448501471434 7.4912591023683185e-17 -0.0073364353902684084
4 26 1.0821080117834729 -0.051510794452524364 0.025876059996751632 0.020248316843460758 1.3893346206646546e-16 -0.016111366979940381
4 27 1.0805770095817098 -0.077229770649408516 0.034479095079593611 0.02383030808337111 5.3323831076154535e-17 -0.024918354964950516
4 28 1.0784348189730928 -0.10290506468383097 0.04301825589551958 0.028361438876146439 8.2715150006181072e-17 -0.032345001548415707
4 29 1.0756826516084839 -0.1285221542756419 0.051485155983557712 0.033000813404606963 7.7707713901058447e-17 -0.039517940245989314
4 30 1.0723220641495297 -0.1540665500658816 0.059385108812149909 0.036841351197466649 2.6103020531411283e-17 -0.04657580907054442
4 31 1.0683549573881932 -0.17952380381214916 0.065574393482624949 0.038192538463002475 -1.8610918110860269e-17 -0.053304137610191225
4 32 1.0637835751716407 -0.20487951656071701 0.070372559774867297 0.035523858193404395 3.7119581688446563e-17 -0.060748272965757348
4 33 1.0586105031330939 -0.2301193467907659 0.074916271654828809 0.028827700291992851 8.592637319785357e-17 -0.069147750900048391
4 34 1.0528386672293606 -0.2552290185261365 0.080617051416145641 0.019569622935716936 1.0976011730856287e-16 -0.07820574682967571
4 35 1.0464713320858761 -0.28019432941000588 0.087188124732642508 0.0088351338324969466 -3.540927919199943e-17 -0.086739319253477512
4 36 1.0395120991501896 -0.30500115873792566 0.091690948651767537 -0.0040964006538202315 -1.255697568138826e-17 -0.091599397194219861
4 37 1.0319649046549366 -0.32963547544467692 0.094793866047409067 -0.019488018315082185 -6.703617599874377e-17 -0.092769036765319252
4 38 1.0238340173914569 -0.35408334604042158 0.098695724796609638 -0.037196844567033177 -7.7699317281877159e-17 -0.091417945980994786
4 39 1.0151240362953082 -0.37833094249166632 0.10354067558659809 -0.053322543799055551 -8.7004656466126055e-17 -0.088754593254247699
4 40 1.0058398878450505 -0.40236455004257876 0.10775277122865735 -0.067051700146438825 -7.8008994134888015e-17 -0.084348854259719636
4 41 0.99598682327576482 -0.42617057497223015 0.10990325814888428 -0.075245578450581552 -5.597376043173115e-17 -0.080105112666905828
4 42 0.98557041560888625 -0.44973555228338147 0.10807665222159732 -0.077133309725707991 -9.9341164036028111e-17 -0.075703469446162741
4 43 0.97459655650003063 -0.47304615331846167 0.10123226596362156 -0.073115337418870302 -7.0608595500385661e-17 -0.070015134837077594
4 44 0.96307145290659801 -0.49608919329842838 0.090238333659960701 -0.063492437536740887 -6.5982005383294447e-17 -0.064122283469706956
4 45 0.95100162357703621 -0.51885163878025098 0.073718175596474256 -0.049671882681405488 -3.4836780601537899e-17 -0.054470849857123589
4 46 0.93839389536375273 -0.54132061502879536 0.052782155761361672 -0.033240773444823207 -1.7516569065036804e-18 -0.041000084726821991
4 47 0.92525539936175683 -0.56348341329894247 0.027844442885346776 -0.015853715382290839 1.6862987774252827e-17 -0.02289045015225025
4 48 0.91159356687522131 -0.58532749802381789 0.00067928039543666821 0.00057159474330879063 6.8999031885880341e-17 -0.00036701676398545358
5 0 0.92912421239205245 0.5965837960627377 0.0077294887308510633 -0.0065041404944107825 3.4533826817261204e-17 -0.0041762605844606303
5 1 0.94304877242640606 0.57431963278546072 0.027982923795932858 -0.02137263328873645 -1.2020436026865182e-19 0.018062518386819149
5 2 0.95643993181305553 0.55173062685627261 0.050259425911278528 -0.03514427728707873 2.4305868903542881e-17 0.035928953044866437
5 3 0.96929011633813322 0.52882955491064043 0.066930661245711981 -0.046355415934024737 -3.5383622090644801e-17 0.048279279493089133
5 4 0.98159205777018654 0.50562937009262887 0.079382293090066613 -0.055115316587052175 -3.9822649240926787e-17 0.057130117571612328
5 5 0.99333879797118507 0.48214319472843231 0.088352403072779237 -0.061886444452865758 -2.4854928934407043e-17 0.063057236870300695
5 6 1.0045236928321342 0.45838431290421594 0.097844436764388837 -0.066740774259824151 -5.2202526051494614e-17 0.071548604856696396
5 7 1.0151404160310682 0.43436616295246533 0.10710895978792483 -0.069091893062073945 -8.71886363442163e-17 0.081845217208766918
5 8 1.0251829626113016 0.41010232985109007 0.11495456176678892 -0.067253205320371962 -5.3640817688422911e-17 0.093228523774274055
5 9 1.0346456523779104 0.38560653753958318 0.12096507947540629 -0.059376840830082371 -6.8006990709563085e-17 0.10538947397881072
5 10 1.0435231331105235 0.36089264115658343 0.12323776666690769 -0.047556931099206341 -1.3002465421132193e-16 0.11369206409188165
5 11 1.0518103835906087 0.33597461920322857 0.1223963891330317 -0.032768501823473378 2.1109318393117536e-18 0.11792837385909101
5 12 1.0595027164415396 0.3108665656367321 0.11898364036855259 -0.018561070699310848 -1.0481390634944587e-16 0.11752698979318853
5 13 1.0665957807798354 0.28558268189865976 0.11220806509388309 -0.0064728104210548818 -4.5399458515682951e-17 0.11202121494326953
5 14 1.0730855646760791 0.26013726888240857 0.10244882880827977 0.0039495906916508514 -2.9781979839767727e-18 0.10237266850852643
5 15 1.0789683974241151 0.23454471884443462 0.093703120197314263 0.013058421892432181 -1.3817887144971191e-16 0.092788751216898974
5 16 1.0842409516172493 0.20881950726380763 0.0861803537204444 0.018832828674635545 -2.5035774522767205e-17 0.084097431182484639
5 17 1.0889002450302738 0.18297618465469065 0.078440987549741895 0.019441613337441502 -2.9791107166653195e-17 0.07599350102881286
5 18 1.0929436423062515 0.15702936833637948 0.069276418242774598 0.015565692456504812 -3.5157170755110453e-18 0.067505046795757001
5 19 1.0963688564471088 0.13099373416555821 0.059094033777149078 0.010069302588279507 -4.1148019738555762e-17 0.058229837484235727
5 20 1.0991739501071909 0.10488400823544326 0.048737108651565816 0.004729631515190051 -2.4268178823465764e-16 0.048507075210169621
5 21 1.1013573366890506 0.078714958546512656 0.036541490048031887 -0.00071761955129937666 -6.8982827704197962e-17 0.036534442887636957
5 22 1.1029177812408475 0.052501386653534585 0.023550599600379734 -0.0037557257438853354 -1.9487832254606687e-16 0.02324919924801977
5 23 1.1038544011548534 0.026258119293614667 0.011892407476339514 -0.0044939318257522544 -1.2072758645507885e-16 0.011010628153233901
5 24 1.1041666666666667 6.7610708702926795e-17 0.0056769135035851601 -0.0056769135035851601 -1.6534696659049916e-16 5.5611799088454882e-17
5 25 1.1038544011548534 -0.026258119293614535 0.011892407476339286 -0.0044939318257522266 -1.1165524093048007e-16 -0.011010628153233667
5 26 1.1029177812408475 -0.052501386653534453 0.023550599600379668 -0.0037557257438854113 -1.3251364850456798e-16 -0.02324919924801969
5 27 1.1013573366890506 -0.078714958546512545 0.036541490048031942 -0.00071761955129949365 -8.1497378153224996e-17 -0.036534442887636999
5 28 1.0991739501071909 -0.10488400823544312 0.048737108651565837 0.0047296315151903164 -1.1966602849183401e-16 -0.048507075210169621
5 29 1.0963688564471088 -0.1309937341655581 0.059094033777149023 0.010069302588279582 -6.7924988375399887e-17 -0.058229837484235658
5 30 1.0929436423062515 -0.15702936833637934 0.069276418242774473 0.015565692456504751 -1.2630289559208438e-16 -0.06750504679575689
5 31 1.0889002450302738 -0.18297618465469051 0.078440987549741742 0.019441613337441307 -3.703457398514882e-17 -0.075993501028812735
5 32 1.0842409516172493 -0.20881950726380774 0.086180353720444594 0.018832828674635482 -9.9050546087079555e-17 -0.084097431182484861
5 33 1.0789683974241151 -0.23454471884443451 0.09370312019731418 0.013058421892432283 -1.2624341584345169e-16 -0.092788751216898877
5 34 1.0730855646760791 -0.2601372688824084 0.10244882880827975 0.0039495906916510205 -8.6098375257612752e-17 -0.10237266850852642
5 35 1.0665957807798354 -0.28558268189865993 0.11220806509388319 -0.0064728104210548115 -1.1050212423941887e-16 -0.11202121494326961
5 36 1.0595027164415396 -0.31086656563673198 0.11898364036855272 -0.018561070699310848 -7.9097915959166964e-17 -0.11752698979318865
5 37 1.0518103835906087 -0.33597461920322841 0.12239638913303166 -0.032768501823473316 -6.0657637979155337e-17 -0.117928373859091
5 38 1.0435231331105235 -0.36089264115658359 0.12323776666690771 -0.047556931099206397 -1.3852741139790563e-16 -0.11369206409188165
5 39 1.0346456523779104 -0.38560653753958302 0.12096507947540636 -0.05937684083008226 -5.9347958156182183e-17 -0.10538947397881085
5 40 1.0251829626113016 -0.41010232985108996 0.11495456176678898 -0.067253205320371934 -4.0605662896644385e-17 -0.093228523774274125
5 41 1.0151404160310682 -0.43436616295246538 0.10710895978792477 -0.069091893062073917 -6.3416849110346303e-17 -0.081845217208766863
5 42 1.0045236928321342 -0.45838431290421577 0.097844436764388962 -0.06674077425982422 -6.6757447315536688e-17 -0.071548604856696507
5 43 0.99333879797118518 -0.48214319472843215 0.088352403072779237 -0.061886444452865778 -4.5714829639521061e-17 -0.063057236870300681
5 44 0.98159205777018654 -0.50562937009262898 0.0793822930900666 -0.055115316587052147 -5.7023733446730332e-17 -0.057130117571612342
5 45 0.96929011633813322 -0.52882955491064054 0.066930661245712092 -0.046355415934024834 -2.1825870144894248e-17 -0.048279279493089189
5 46 0.95643993181305587 -0.55173062685627228 0.050259425911278577 -0.035144277287078779 -1.7636322489230589e-18 -0.035928953044866464
5 47 0.94304877242640617 -0.57431963278546072 0.027982923795932882 -0.021372633288736488 3.9127018200730999e-17 -0.018062518386819146
5 48 0.92912421239205256 -0.59658379606273759 0.007729488730851111 -0.0065041404944108233 1.8789040684009609e-17 0.0041762605844606554
6 0 0.9466548579088836 0.60784009410165729 0.0032558775433820034 -0.002739726482843569 5.5534806275092257e-17 -0.0017591581443135906
6 1 0.96084214549105518 0.58515585227197875 0.018058570781593997 -0.012818292973085213 -4.6416226649982244e-19 0.012720194335386336
6 2 0.97448596826235845 0.56214063868374942 0.033735805464102327 -0.023168111692131434 5.4893014529588019e-18 0.024522299462584645
6 3 0.98757860909923001 0.53880747104102988 0.046417707775512913 -0.032941410208712642 -1.2107760139852697e-19 0.032702707664568606
6 4 1.0001126626337749 0.51516954688682937 0.058525989419788996 -0.042554880544625896 -1.6548752568609302e-17 0.040179268029642771
6 5 1.0120810394423394 0.49124023613840267 0.069452590616624288 -0.051506240898231151 -2.0286329271739032e-17 0.046591517381319399
6 6 1.0234769700553819 0.46703307352505014 0.081662616178648895 -0.058944844802163388 -4.4763708227398857e-17 0.056518033868759102
6 7 1.0342940087863715 0.4425617509327005 0.093776445270795469 -0.062936201001547509 -4.7907565927779014e-17 0.069520186213209378
6 8 1.0445260373775527 0.41784010965960117 0.1037685853375639 -0.062282212271906182 -8.6014410213168113e-17 0.082999068292821832
6 9 1.0541672684605126 0.39288213258749982 0.11255293622242128 -0.055255345560052974 -9.3664918659597099e-17 0.098056158599690052
6 10 1.0632122488295899 0.36770193627274539 0.11867640383571215 -0.045139562637480916 -9.6013631479771891e-17 0.10975658846863805
6 11 1.0716558625262804 0.34231376296178001 0.12148207087730707 -0.033624682832841202 -1.2588606725755689e-16 0.1167359167053135
6 12 1.0794933337328891 0.31673197253553836 0.12157214878422054 -0.022846449550116704 -6.3836975646637267e-17 0.11940614348921343
6 13 1.0867202294737945 0.2909710343873137 0.11822806851634042 -0.015340135143805332 -7.9939414470201576e-17 0.11722865024760062
6 14 1.0933324621227976 0.26504551923868042 0.11109661542635972 -0.0090478763892431115 -9.3452276650767303e-17 0.11072756608919682
6 15 1.0993262917151361 0.23897009089810317 0.10446442914447983 -0.0046935383195976952 -1.0043687084097692e-16 0.10435893662990495
6 16 1.1046983280628577 0.21275949796689833 0.098920275551638431 -0.00404667297031452 -1.731196273078276e-16 0.098837469378183704
6 17 1.1094455326723545 0.18642856549723197 0.09273998740021544 -0.0094769732440140742 -2.1197001595182751e-16 0.092254497132250188
6 18 1.1135652204629733 0.1599921866068772 0.086280453594610437 -0.017589122233781493 -1.4013051642827443e-16 0.084468570791370795
6 19 1.1170550612857335 0.1334653140554744 0.079013670450163359 -0.025504713865730035 -2.2122819122831986e-16 0.074784153994240363
6 20 1.1199130812412887 0.10686295178705539 0.070288958787697822 -0.031561787459420815 -2.0592124084242895e-16 0.062804389176434397
6 21 1.1221376637963911 0.080200146443616671 0.05991120644697169 -0.036809706974748675 -1.8015569245719689e-16 0.047269420668808716
6 22 1.1237275506982218 0.053491978854544667 0.049035167458966487 -0.039046826794758016 -2.4012103192922537e-16 0.029661304168715395
6 23 1.1246818426860772 0.026753555506701734 0.041654654880979233 -0.039223274967601716 -2.0623650808899039e-16 0.014023015869255652
6 24 1.125 6.8886382452038619e-17 0.039583651803019114 -0.039583651803019114 -1.8161335927565894e-16 -1.3033654988416898e-16
6 25 1.1246818426860772 -0.026753555506701599 0.041654654880979095 -0.039223274967601564 -2.2265330602375127e-16 -0.014023015869255665
6 26 1.1237275506982218 -0.053491978854544535 0.049035167458966314 -0.039046826794757968 -2.8514298184305334e-16 -0.029661304168715173
6 27 1.1221376637963911 -0.080200146443616546 0.059911206446971482 -0.036809706974748349 -2.683059781686457e-16 -0.047269420668808702
6 28 1.1199130812412887 -0.10686295178705525 0.070288958787697781 -0.0315617874594206 -2.8378758373523776e-16 -0.062804389176434453
6 29 1.1170550612857335 -0.13346531405547427 0.07901367045016322 -0.025504713865730028 -1.8990033404175264e-16 -0.074784153994240224
6 30 1.1135652204629733 -0.15999218660687706 0.086280453594610632 -0.017589122233781427 -1.7274823373783061e-16 -0.084468570791371003
6 31 1.1094455326723545 -0.18642856549723183 0.092739987400215565 -0.009476973244013925 -1.2068276437580818e-16 -0.09225449713225034
6 32 1.1046983280628577 -0.21275949796689844 0.098920275551638584 -0.0040466729703146917 -1.5869168946253037e-16 -0.098837469378183856
6 33 1.0993262917151361 -0.23897009089810306 0.10446442914447994 -0.004693538319597749 -3.366366808952964e-17 -0.10435893662990506
6 34 1.0933324621227976 -0.26504551923868025 0.11109661542635949 -0.0090478763892429918 -7.2317766874385827e-17 -0.11072756608919658
6 35 1.0867202294737945 -0.29097103438731386 0.11822806851634056 -0.01534013514380545 -1.0414259418222637e-16 -0.11722865024760074
6 36 1.0794933337328891 -0.3167319725355382 0.12157214878422057 -0.022846449550116516 -6.0155684406293953e-17 -0.1194061434892135
6 37 1.0716558625262804 -0.3423137629617799 0.12148207087730695 -0.033624682832840987 -1.4222046667736149e-16 -0.11673591670531343
6 38 1.0632122488295899 -0.3677019362727455 0.11867640383571225 -0.04513956263748093 -9.7974432231391169e-17 -0.10975658846863816
6 39 1.0541672684605126 -0.39288213258749966 0.11255293622242131 -0.055255345560052967 -9.4689450814977543e-17 -0.09805615859969008
6 40 1.0445260373775527 -0.41784010965960106 0.10376858533756403 -0.062282212271906279 -7.4056718936200301e-17 -0.082999068292821915
6 41 1.0342940087863712 -0.44256175093270056 0.093776445270795483 -0.062936201001547482 -2.3136074546918253e-17 -0.069520186213209406
6 42 1.0234769700553819 -0.46703307352505002 0.081662616178649047 -0.058944844802163457 -6.053711526102989e-17 -0.056518033868759247
6 43 1.0120810394423396 -0.49124023613840256 0.069452590616624371 -0.051506240898231206 -2.4223066166443981e-17 -0.046591517381319475
6 44 1.0001126626337749 -0.51516954688682948 0.058525989419789141 -0.042554880544626 -2.4290096500118239e-17 -0.040179268029642876
6 45 0.98757860909923001 -0.53880747104103 0.04641770777551301 -0.032941410208712683 -1.4920222397503408e-17 -0.032702707664568703
6 46 0.97448596826235867 -0.56214063868374908 0.033735805464102403 -0.023168111692131465 1.8543419697491486e-17 -0.024522299462584718
6 47 0.96084214549105529 -0.58515585227197875 0.018058570781594067 -0.012818292973085265 2.4580617238510717e-17 -0.012720194335386384
6 48 0.94665485790888371 -0.60784009410165707 0.0032558775433820489 -0.002739726482843608 5.2740271498927575e-17 0.0017591581443136149
7 0 0.96418550342571463 0.61909639214057677 0.014522104107906079 -0.012219929245162528 4.9947484569111422e-17 -0.0078463263355588401
7 1 0.97863551855570419 0.59599207175849689 0.024172272406377947 -0.022736061236901479 1.5271829272369732e-17 0.0082079396147880304
7 2 0.99253200471166136 0.57255065051122622 0.038011185468537489 -0.031793923118651819 3.8452055654051258e-17 0.020832586816063266
7 3 1.0058671018603267 0.54878538717141934 0.047082892450145457 -0.037823558047361233 -3.1067402193191423e-18 0.028038851939939675
7 4 1.0186332674973633 0.52470972368102986 0.052906662312257546 -0.0413930228365849 -2.9001278001610546e-18 0.032950456407661692
7 5 1.0308232809134938 0.50033727754837309 0.055794333043824848 -0.0427599183470583 -2.2443109418930747e-17 0.035841274848394437
7 6 1.0424302472786298 0.47568183414588439 0.060235408739661309 -0.04313341682755565 -3.5005300622100927e-17 0.042045366199076027
7 7 1.0534476015416745 0.45075733891293568 0.067753220956582955 -0.042069897793304264 -1.7135790146584808e-17 0.053109534451475697
7 8 1.0638691121438035 0.42557788946811231 0.076995734141612648 -0.039530453651998247 -9.1177668267198336e-18 0.066073340388337523
7 9 1.0736888845431145 0.40015772763541646 0.088902478385693776 -0.034283658450103241 -3.2845951137371545e-17 0.082026102104119356
7 10 1.0829013645486563 0.3745112313889073 0.10034200061052265 -0.028015713299970366 -7.2976990909894051e-17 0.096351631510919369
7 11 1.0915013414619523 0.34865290672033145 0.10790424243036738 -0.023017358921371148 2.8582135655431195e-17 0.1054207129683549
7 12 1.0994839510242389 0.32259737943434458 0.11284493812706987 -0.019313216296047223 -5.8613237840738966e-17 0.11117994305271219
7 13 1.1068446781677537 0.29635938687596763 0.11462224428971403 -0.019244410911052827 -1.4805169480935393e-17 0.11299518367920569
7 14 1.1135793595695158 0.26995376959495226 0.11272781547046579 -0.020329232961562676 -1.0516653422949534e-17 0.11087958634454721
7 15 1.119684186006157 0.24339546295177175 0.1113752651644033 -0.023665858039310712 2.6690735913367742e-17 0.10883187425430263
7 16 1.1251557045084661 0.21669948866998903 0.1117393979936576 -0.030945680650318157 -1.1281087567125032e-16 0.10736879394439307
7 17 1.1299908203144351 0.18988094633977329 0.11275182790909108 -0.043531436540438014 -1.1292991041076602e-16 0.10400956076037968
7 18 1.134186798619695 0.16295500487737491 0.11313140981016498 -0.056928340661904747 -1.9884732091265481e-16 0.097764410268346716
7 19 1.137741266124358 0.13593689394539057 0.11033256319512591 -0.066905017109082726 -2.4638799240227075e-16 0.087732509292962779
7 20 1.1406522123753866 0.10884189533866752 0.10378768518437537 -0.073207799690001685 -3.4496259543696649e-16 0.073569706132888671
7 21 1.1429179909037315 0.081685334340720672 0.094930659467233613 -0.077175389691785362 -3.2444537665420042e-16 0.055279194393595674
7 22 1.1445373201555964 0.054482571055554749 0.085387144754050945 -0.07776293590167925 -3.4022404624449335e-16 0.035268828860632345
7 23 1.1455092842173007 0.027248991719788802 0.079950744921808023 -0.078227693537836013 -3.5217396165988216e-16 0.016509075604116116
7 24 1.1458333333333333 7.0162056201150444e-17 0.078139744071262202 -0.078139744071262202 -4.0608373505151119e-16 -1.5885715200595831e-16
7 25 1.1455092842173007 -0.027248991719788663 0.079950744921808176 -0.078227693537836165 -3.4869089493161911e-16 -0.01650907560411613
7 26 1.1445373201555964 -0.05448257105555461 0.085387144754050875 -0.077762935901679264 -3.9294497978457005e-16 -0.035268828860632151
7 27 1.1429179909037315 -0.081685334340720547 0.094930659467233391 -0.077175389691785348 -2.2631205867061042e-16 -0.05527919439359532
7 28 1.1406522123753866 -0.10884189533866738 0.10378768518437521 -0.07320779969000174 -3.9908796128436615e-16 -0.073569706132888407
7 29 1.137741266124358 -0.13593689394539046 0.11033256319512587 -0.066905017109082532 -2.4735438770549443e-16 -0.087732509292962876
7 30 1.134186798619695 -0.16295500487737477 0.11313140981016483 -0.056928340661904712 -2.2132312634535923e-16 -0.097764410268346549
7 31 1.1299908203144351 -0.18988094633977315 0.11275182790909122 -0.043531436540437819 -7.9603511755919189e-17 -0.10400956076037988
7 32 1.1251557045084661 -0.21669948866998914 0.11173939799365772 -0.030945680650318361 -2.0354055943508228e-16 -0.10736879394439312
7 33 1.119684186006157 -0.24339546295177161 0.11137526516440326 -0.023665858039310882 -6.6637002492523935e-17 -0.10883187425430255
7 34 1.1135793595695158 -0.2699537695949521 0.11272781547046574 -0.02032923296156245 -9.0664714594502967e-17 -0.11087958634454721
7 35 1.1068446781677537 -0.2963593868759678 0.1146222442897141 -0.01924441091105299 -3.3173412940874694e-17 -0.11299518367920572
7 36 1.0994839510242389 -0.32259737943434447 0.11284493812706993 -0.019313216296047406 -7.6133863831001839e-17 -0.11117994305271221
7 37 1.0915013414619523 -0.34865290672033133 0.10790424243036729 -0.023017358921371047 3.3749482469202131e-17 -0.10542071296835483
7 38 1.0829013645486563 -0.37451123138890746 0.10034200061052274 -0.028015713299970484 -2.0520906382750769e-17 -0.096351631510919453
7 39 1.0736888845431145 -0.40015772763541629 0.08890247838569397 -0.034283658450103262 -7.3897501830339265e-17 -0.08202610210411955
7 40 1.0638691121438035 -0.42557788946811215 0.076995734141612926 -0.039530453651998324 -5.1680814128044047e-18 -0.066073340388337787
7 41 1.0534476015416743 -0.45075733891293573 0.067753220956583024 -0.042069897793304258 -1.5435584228564574e-17 -0.053109534451475787
7 42 1.0424302472786298 -0.47568183414588427 0.060235408739661468 -0.043133416827555761 -1.8301377265771036e-17 -0.042045366199076145
7 43 1.0308232809134941 -0.50033727754837298 0.055794333043824862 -0.042759918347058279 -3.1065649378182086e-17 -0.035841274848394493
7 44 1.0186332674973633 -0.52470972368102997 0.052906662312257581 -0.041393022836584907 -4.8358155159367521e-17 -0.032950456407661755
7 45 1.0058671018603267 -0.54878538717141934 0.047082892450145498 -0.037823558047361268 -1.8367624732102398e-17 -0.028038851939939709
7 46 0.99253200471166159 -0.57255065051122578 0.038011185468537545 -0.031793923118651854 3.1065807213550364e-17 -0.020832586816063307
7 47 0.97863551855570441 -0.59599207175849689 0.024172272406378023 -0.02273606123690157 4.1057859166766487e-17 -0.0082079396147880165
7 48 0.96418550342571485 -0.61909639214057666 0.014522104107906081 -0.01221992924516253 4.7429139666290688e-17 0.0078463263355588383
8 0 0.981716148942546 0.63035269017949647 0.01700448732237872 -0.014308782693315413 3.2654556627253158e-17 -0.0091875637103867713
8 1 0.99642889162035353 0.60682829124501503 0.02167750029141827 -0.02153329918790637 1.6914741638672428e-17 0.0024962061149973124
8 2 1.0105780411609644 0.58296066233870314 0.029609673875114043 -0.027144114401635999 3.8234078049211238e-18 0.011829194407968289
8 3 1.0241555946214238 0.55876330330180879 0.03447991130215166 -0.030195548408364112 8.3562042478523479e-18 0.01664611485369439
8 4 1.0371538723609517 0.53424990047523047 0.037846646120135607 -0.031938382656553528 -1.4333804094198523e-17 0.020305377017586654
8 5 1.0495655223846485 0.50943431895834357 0.039717753067359043 -0.032409124016302929 -1.987528622452114e-17 0.022959716662354648
8 6 1.0613835245018777 0.48433059476671869 0.043490578410346974 -0.032490402849601967 -1.9311205206412455e-17 0.028910277292636177
8 7 1.0726011942969778 0.45895292689317091 0.050511224960387242 -0.030690534303498725 1.5697245458897227e-17 0.040118262065605675
8 8 1.0832121869100546 0.43331566927662346 0.058864159870576513 -0.026905166730125885 -2.2165238119814866e-18 0.052355528079591727
8 9 1.0932105006257167 0.40743332268333315 0.069514484733721016 -0.02088157036855133 -6.2230961450131217e-18 0.066304024061424591
8 10 1.1025904802677229 0.38132052650506931 0.08037189343548283 -0.014413312666330435 3.0973976295529526e-17 0.079068942527310976
8 11 1.1113468203976242 0.35499205047888299 0.086960734090651748 -0.0123764626829026 -4.5097920390819171e-17 0.086075504326398003
8 12 1.1194745683155889 0.3284627863331509 0.091517634696167388 -0.013207185652232811 9.1745758686887589e-18 0.090559636193663001
8 13 1.126969126861713 0.30174773936462168 0.095391427893169817 -0.019001962828793312 -4.8117534105776034e-17 0.093479676529986844
8 14 1.1338262570162345 0.27486201995122411 0.097884854751824402 -0.028065288672149431 -3.6926273315119388e-17 0.093775179880044385
8 15 1.1400420802971782 0.24782083500544036 0.10295453490069807 -0.040219834370117231 -9.1621603522135326e-17 0.094773420218220439
8 16 1.1456130809540748 0.22063947937307976 0.11271595047409361 -0.05674578432576978 -1.7547369561826204e-16 0.097389945335910028
8 17 1.1505361079565157 0.19333332718231463 0.12492696067717511 -0.0772092284666068 -2.5166916311233573e-16 0.098211407400707634
8 18 1.1548083767764168 0.16591782314787265 0.13478881672802548 -0.09635614162523598 -3.0529312484863273e-16 0.094252422175977568
8 19 1.1584274709629829 0.1384084738353068 0.13770655183457353 -0.10904794548956381 -2.205757291417505e-16 0.084093043723444824
8 20 1.1613913435094847 0.11082083889027967 0.13512300752716297 -0.11608848830025939 -4.1253947119287359e-16 0.069149765345561942
8 21 1.1636983180110723 0.083170522237824701 0.12964507770530456 -0.11914398841347676 -2.7853269206505175e-16 0.051113170495908127
8 22 1.165347089612971 0.055473163256564845 0.12321210995815175 -0.11892338755496061 -3.6780572791889405e-16 0.032225020291573384
8 23 1.1663367257485244 0.027744427932875876 0.12035189834513255 -0.11944815846220053 -3.6082188673926555e-16 0.014721306846409793
8 24 1.1666666666666667 7.1437729950262281e-17 0.119524373309796 -0.119524373309796 -4.0873338548349952e-16 1.2264896660363485e-16
8 25 1.1663367257485244 -0.027744427932875734 0.12035189834513235 -0.11944815846220032 -3.4071243805963678e-16 -0.014721306846409833
8 26 1.165347089612971 -0.055473163256564706 0.12321210995815156 -0.11892338755496043 -4.2339632321251865e-16 -0.032225020291573279
8 27 1.1636983180110723 -0.083170522237824576 0.12964507770530451 -0.11914398841347683 -3.3481607378946415e-16 -0.051113170495907849
8 28 1.1613913435094847 -0.11082083889027952 0.13512300752716283 -0.11608848830025938 -3.3479116757232952e-16 -0.069149765345561678
8 29 1.1584274709629829 -0.13840847383530666 0.13770655183457345 -0.10904794548956384 -2.4999517075741696e-16 -0.084093043723444685
8 30 1.1548083767764168 -0.16591782314787251 0.13478881672802553 -0.096356141625235994 -1.6468469712618725e-16 -0.094252422175977665
8 31 1.1505361079565157 -0.19333332718231452 0.12492696067717522 -0.077209228466607008 -1.5081706909626235e-16 -0.098211407400707607
8 32 1.1456130809540748 -0.2206394793730799 0.11271595047409366 -0.056745784325769877 -1.2862476429561857e-16 -0.097389945335910041
8 33 1.1400420802971782 -0.24782083500544022 0.10295453490069829 -0.04021983437011712 -6.1410083256363305e-17 -0.094773420218220716
8 34 1.1338262570162345 -0.27486201995122395 0.097884854751824582 -0.028065288672149597 -4.7490277541162406e-17 -0.093775179880044524
8 35 1.1269691268617128 -0.30174773936462179 0.095391427893169844 -0.019001962828793326 5.3642871372035508e-17 -0.093479676529986871
8 36 1.1194745683155889 -0.32846278633315079 0.091517634696167527 -0.013207185652232733 -1.5691429788110907e-17 -0.09055963619366314
8 37 1.1113468203976242 -0.35499205047888288 0.086960734090651678 -0.012376462682902661 -3.3006236181116942e-17 -0.08607550432639792
8 38 1.1025904802677229 -0.38132052650506942 0.080371893435482886 -0.014413312666330383 -1.6638740986177571e-17 -0.079068942527311045
8 39 1.0932105006257167 -0.40743332268333304 0.069514484733721099 -0.020881570368551275 -3.7604091357882343e-17 -0.066304024061424688
8 40 1.0832121869100546 -0.43331566927662335 0.058864159870576666 -0.026905166730125864 -1.8269338232941722e-17 -0.052355528079591908
8 41 1.0726011942969778 -0.45895292689317102 0.050511224960387333 -0.030690534303498742 1.1675865430252127e-17 -0.040118262065605766
8 42 1.0613835245018777 -0.48433059476671858 0.043490578410347057 -0.032490402849602008 -8.4328323743247117e-18 -0.028910277292636257
8 43 1.0495655223846485 -0.50943431895834346 0.039717753067359134 -0.03240912401630297 8.0185059935638359e-18 -0.022959716662354739
8 44 1.0371538723609517 -0.53424990047523069 0.037846646120135677 -0.03193838265655357 -9.7796761119756853e-18 -0.02030537701758672
8 45 1.0241555946214238 -0.5587633033018089 0.034479911302151708 -0.030195548408364126 -1.4888944538389804e-17 -0.01664611485369448
8 46 1.0105780411609646 -0.5829606623387027 0.029609673875114113 -0.027144114401636062 1.498352963852759e-17 -0.011829194407968317
8 47 0.99642889162035364 -0.60682829124501503 0.021677500291418277 -0.02153329918790638 2.7805263303343952e-17 -0.0024962061149973146
8 48 0.98171614894254611 -0.63035269017949636 0.017004487322378747 -0.014308782693315437 4.5801150576822677e-17 0.0091875637103867851
9 0 0.99924679445937714 0.64160898821841594 0.022691842932464547 -0.019094527419487049 3.290858553931734e-17 -0.012260455060808246
9 1 1.0142222646850025 0.61766451073153317 0.027943193650366988 -0.027915977204121145 1.4153554270972321e-17 0.0012329996435110522
9 2 1.0286240776102673 0.59337067416617995 0.036938621685090774 -0.035057287867659291 1.3313295953337819e-17 0.011638227500711905
9 3 1.0424440873825205 0.56874121943219824 0.042024301002719783 -0.038674739261363174 3.9602924681360062e-18 0.016440998078972216
9 4 1.0556744772245401 0.54379007726943107 0.043433803769483172 -0.039141620393764648 -2.5513111597444666e-17 0.018826281173837753
9 5 1.0683077638558027 0.51853136036831393 0.040748835885087889 -0.035790097254103238 -1.2886179633924135e-17 0.01948169819424524
9 6 1.0803368017251254 0.49297935538755294 0.037189973071009623 -0.029890262783122169 -3.5958867228525793e-18 0.022128404546607573
9 7 1.0917547870522808 0.46714851487340608 0.036653915114746187 -0.021095828907950958 -6.3890047377678404e-18 0.029974580829854481
9 8 1.1025552616763055 0.44105344908513461 0.040401677837428811 -0.010755393782296516 1.0857954912570902e-17 0.038943768136469839
9 9 1.1127321167083188 0.41470891773124979 0.048635001292520678 -0.00068900236351641627 1.0244221499112161e-17 0.048630120568085751
9 10 1.1222795959867893 0.38812982162123122 0.058745451442403951 0.0071465420170703144 -4.0697069331846121e-17 0.05830913309568312
9 11 1.1311922993332961 0.36133119423743443 0.062465043773187873 0.0071314835403071004 4.772102059648254e-17 0.06205661637650417
9 12 1.1394651856069387 0.33432819323195712 0.063690578810659051 0.0016625138318155613 3.4067906430035998e-17 0.063668876831586979
9 13 1.1470935755556722 0.30713609185327562 0.067464081763259298 -0.010327775422911634 1.719814903227491e-17 0.066668878668938475
9 14 1.154073154462953 0.27977027030749596 0.074079498605235466 -0.027642993593642407 5.3000224955458203e-17 0.068728720479759614
9 15 1.1603999745881992 0.25224620705910894 0.087051266174977715 -0.048803554096822195 3.2423509457102075e-17 0.07208422885892149
9 16 1.1660704573996832 0.22457947007617046 0.10768841602978457 -0.073818720409846314 -9.2401416499904515e-17 0.078406577938696598
9 17 1.1710813955985964 0.19678570802485595 0.13051282462581301 -0.10050697003053072 -1.4813199771052951e-16 0.083258311099194349
9 18 1.1754299549331384 0.16888064141837036 0.14761795959394347 -0.12311137670414751 -1.8922158040071813e-16 0.081453366539932626
9 19 1.1791136758016074 0.14088005372522297 0.15444798600581855 -0.13696817251802335 -2.7819254656364989e-16 0.071371563653366291
9 20 1.1821304746435826 0.1127997824418918 0.15447245179858687 -0.14370920120036315 -1.8647808597655251e-16 0.056651600639525464
9 21 1.1844786451184128 0.084655710134928702 0.15075793969669588 -0.14520410335074257 -3.1494248360861482e-16 0.040542875473989964
9 22 1.1861568590703453 0.056463755457574927 0.14645903102906266 -0.14435657003321606 -2.1758199758877011e-16 0.024727079451830263
9 23 1.1871641672797482 0.028239864145962943 0.14562947956407218 -0.14523462960285471 -3.1535762215674877e-16 0.010716701088679963
9 24 1.1875 7.2713403699374093e-17 0.14537523054512105 -0.14537523054512105 -3.2165365018955686e-16 -6.295002835857528e-17
9 25 1.1871641672797482 -0.028239864145962801 0.14562947956407238 -0.14523462960285494 -3.6708947721845708e-16 -0.010716701088679679
9 26 1.1861568590703453 -0.056463755457574781 0.14645903102906246 -0.14435657003321589 -2.5680178253696127e-16 -0.024727079451830079
9 27 1.1844786451184128 -0.084655710134928577 0.15075793969669593 -0.14520410335074263 -2.6175183968767555e-16 -0.040542875473989957
9 28 1.1821304746435826 -0.11279978244189165 0.15447245179858704 -0.14370920120036326 -2.1289755693742139e-16 -0.05665160063952563
9 29 1.1791136758016074 -0.14088005372522286 0.15444798600581877 -0.13696817251802365 -3.1666525264646957e-16 -0.07137156365336618
9 30 1.1754299549331384 -0.16888064141837023 0.14761795959394355 -0.12311137670414771 -1.6145640260121334e-16 -0.081453366539932515
9 31 1.1710813955985964 -0.19678570802485584 0.13051282462581276 -0.10050697003053034 -1.3871030838086204e-16 -0.083258311099194404
9 32 1.1660704573996832 -0.2245794700761706 0.10768841602978452 -0.07381872040984637 -5.3096559368004202e-17 -0.078406577938696459
9 33 1.1603999745881992 -0.25224620705910877 0.087051266174977826 -0.048803554096822306 1.9263347037376146e-18 -0.072084228858921545
9 34 1.154073154462953 -0.27977027030749579 0.074079498605235383 -0.027642993593642397 5.069013714088095e-17 -0.068728720479759531
9 35 1.1470935755556719 -0.30713609185327573 0.067464081763259215 -0.01032777542291175 4.2715764679890721e-17 -0.066668878668938364
9 36 1.1394651856069387 -0.334328193231957 0.063690578810659107 0.001662513831815547 2.2410869863876027e-17 -0.063668876831587035
9 37 1.1311922993332961 -0.36133119423743432 0.0624650437731879 0.00713148354030707 4.2385535520299773e-17 -0.062056616376504205
9 38 1.1222795959867893 -0.38812982162123139 0.058745451442403902 0.0071465420170703405 5.8783941530619218e-19 -0.058309133095683079
9 39 1.1127321167083188 -0.41470891773124968 0.04863500129252072 -0.00068900236351636293 -1.3651723491434457e-17 -0.048630120568085793
9 40 1.1025552616763055 -0.44105344908513444 0.04040167783742895 -0.01075539378229648 1.3653451072845594e-17 -0.038943768136469999
9 41 1.0917547870522808 -0.46714851487340614 0.036653915114746208 -0.021095828907950902 7.5460893373731134e-18 -0.029974580829854547
9 42 1.0803368017251254 -0.49297935538755278 0.037189973071009699 -0.029890262783122165 -7.439225151784782e-18 -0.022128404546607711
9 43 1.0683077638558029 -0.51853136036831382 0.040748835885087903 -0.035790097254103238 -1.4352426437412587e-17 -0.019481698194245275
9 44 1.0556744772245401 -0.54379007726943118 0.043433803769483227 -0.039141620393764683 -3.0658804543528498e-17 -0.018826281173837816
9 45 1.0424440873825205 -0.56874121943219824 0.042024301002719783 -0.03867473926136316 5.1396384706005034e-19 -0.016440998078972265
9 46 1.0286240776102675 -0.5933706741661795 0.036938621685090788 -0.035057287867659305 2.654796372800806e-17 -0.011638227500711912
9 47 1.0142222646850028 -0.61766451073153317 0.027943193650367067 -0.027915977204121225 4.619643717859472e-17 -0.0012329996435110533
9 48 0.99924679445937725 -0.64160898821841583 0.022691842932464554 -0.019094527419487056 3.9255076117682642e-17 0.012260455060808246
10 0 1.0167774399762082 0.65286528625733553 0.027902628259584165 -0.02347925208032093 3.7909392672687089e-17 -0.015075854388434845
10 1 1.0320156377496517 0.6285007302180512 0.030844684266812 -0.030698710547734862 1.6006619497706413e-17 -0.0029972851425434468
10 2 1.0466701140595702 0.60378068599365675 0.035985078078152988 -0.035391733355999544 1.6696639497086332e-17 0.0065077687688328278
10 3 1.0607325801436174 0.57871913556258758 0.037636256668886515 -0.036089884889643153 -1.2546244630082153e-17 0.010677454036361443
10 4 1.0741950820881285 0.55333025406363157 0.036094274955438904 -0.033879611819635384 -1.7093376678391506e-17 0.01244863797809408
10 5 1.0870500053269572 0.52762840177828429 0.031254281235391271 -0.028460070181486278 -1.5415046384737693e-17 0.012917217223760163
10 6 1.0992900789483731 0.50162811600838719 0.026116505839485549 -0.021176497303551037 -7.1133111266026671e-18 0.015284889244498256
10 7 1.1109083798075841 0.47534410285364126 0.025739444878078745 -0.011745408826644597 3.6808290932439753e-17 0.022903370802714464
10 8 1.1218983364425565 0.4487912288936457 0.031758615388743944 -0.00052641547861145626 5.2035456702874971e-17 0.031754252284600278
10 9 1.1322537327909208 0.42198451277916643 0.04074211664391298 0.0096166736743602578 5.596314486495218e-17 0.039590903703591779
10 10 1.1419687117058557 0.39493911673739318 0.050117457746460141 0.01710964994755796 7.0348022434551228e-17 0.047106469297117218
10 11 1.1510377782689678 0.36767033799598592 0.050974232436028673 0.015656114098249956 3.6884959917540284e-19 0.048510395419794877
10 12 1.1594558028982884 0.34019360013076339 0.047454048894280135 0.0062159772484625571 1.3833351339415442e-16 0.047045173857764896
10 13 1.1672180242496313 0.31252444434192955 0.050165845237609731 -0.010145355625595726 1.6325841581486839e-17 0.049129255923879046
10 14 1.1743200519096713 0.28467852066376781 0.061759974471596597 -0.033660690446450668 2.8589847002335301e-18 0.051780810783537259
10 15 1.1807578688792202 0.25667157911277749 0.083157492357799706 -0.061804111214079721 -8.3778468804234151e-18 0.055636502157083725
10 16 1.1865278338452916 0.22851946077926116 0.11241746808948758 -0.093463717971619731 -9.3680008713996585e-17 0.062467756119237099
10 17 1.191626683240677 0.20023808886739727 0.14148897832279125 -0.12401582561822228 -1.2104826571737562e-16 0.068111716929306537
10 18 1.19605153308986 0.17184345968886808 0.16254849709780159 -0.14864855575640462 -1.5022112066580947e-16 0.065769451725623207
10 19 1.1997998806402321 0.14335163361513917 0.17186337807500721 -0.16321200721368276 -1.3101775886388856e-16 0.053841075626640519
10 20 1.2028696057776804 0.11477872599350393 0.17352318135422551 -0.16909922529003008 -2.8952980038296937e-16 0.03893258883767016
10 21 1.2052589722257532 0.086140898032032717 0.17073462074022927 -0.1687732313895132 -1.9603589930437987e-16 0.025805175559405757
10 22 1.2069666285277199 0.057454347658585009 0.1689818407280648 -0.16829804419111447 -3.0135173325778559e-16 0.015186534077620937
10 23 1.2079916088109717 0.02873530035905001 0.1707290212059685 -0.17060416870354905 -2.8288565680926702e-16 0.0065281163377365996
10 24 1.2083333333333333 7.3989077448485917e-17 0.17181690286763759 -0.17181690286763759 -3.5695428827009921e-16 -1.1232065780447575e-16
10 25 1.2079916088109717 -0.028735300359049865 0.17072902120596881 -0.17060416870354936 -1.8694201709899991e-16 -0.0065281163377365241
10 26 1.2069666285277199 -0.057454347658584863 0.16898184072806474 -0.16829804419111441 -3.1918419954828885e-16 -0.015186534077620949
10 27 1.2052589722257532 -0.086140898032032578 0.17073462074022905 -0.168773231389513 -1.4395052650207526e-16 -0.025805175559405674
10 28 1.2028696057776804 -0.11477872599350378 0.17352318135422531 -0.16909922529002996 -3.84853186281192e-16 -0.03893258883766982
10 29 1.1997998806402321 -0.14335163361513903 0.17186337807500721 -0.16321200721368279 -1.0873819708648034e-16 -0.053841075626640492
10 30 1.19605153308986 -0.17184345968886794 0.16254849709780145 -0.14864855575640448 -1.684881818865617e-16 -0.065769451725623165
10 31 1.191626683240677 -0.20023808886739716 0.14148897832279128 -0.12401582561822232 -5.1857519705848408e-17 -0.068111716929306523
10 32 1.1865278338452916 -0.22851946077926127 0.11241746808948767 -0.09346371797161987 -6.9092777324564025e-17 -0.062467756119237078
10 33 1.1807578688792202 -0.25667157911277733 0.083157492357799845 -0.061804111214079853 -5.4631767124868501e-17 -0.055636502157083788
10 34 1.1743200519096713 -0.28467852066376764 0.06175997447159641 -0.03366069044645062 5.4778928960000864e-17 -0.051780810783537058
10 35 1.1672180242496311 -0.31252444434192966 0.050165845237609828 -0.010145355625595785 6.1354629812728753e-17 -0.04912925592387913
10 36 1.1594558028982884 -0.34019360013076327 0.047454048894280107 0.0062159772484623645 4.7628852062725569e-17 -0.04704517385776489
10 37 1.1510377782689678 -0.36767033799598581 0.05097423243602861 0.01565611409824991 1.8884316731961381e-17 -0.048510395419794829
10 38 1.1419687117058557 -0.39493911673739329 0.05011745774646021 0.01710964994755804 2.036366186657703e-17 -0.047106469297117266
10 39 1.1322537327909208 -0.42198451277916627 0.040742116643913022 0.0096166736743602578 1.0383232969237228e-17 -0.03959090370359182
10 40 1.1218983364425565 -0.44879122889364559 0.031758615388743958 -0.00052641547861150104 3.5593137794462842e-17 -0.031754252284600291
10 41 1.1109083798075838 -0.47534410285364131 0.025739444878078725 -0.011745408826644535 2.678582960557896e-17 -0.022903370802714471
10 42 1.0992900789483731 -0.50162811600838708 0.026116505839485649 -0.021176497303551055 -2.7914643119777078e-17 -0.015284889244498402
10 43 1.0870500053269572 -0.52762840177828418 0.03125428123539125 -0.028460070181486247 -1.5386787832590307e-18 -0.012917217223760191
10 44 1.0741950820881285 -0.55333025406363168 0.036094274955438911 -0.033879611819635398 -2.1658662003092761e-18 -0.012448637978094064
10 45 1.0607325801436174 -0.57871913556258769 0.037636256668886515 -0.036089884889643153 -1.5071705833539172e-17 -0.01067745403636146
10 46 1.0466701140595704 -0.60378068599365631 0.035985078078153043 -0.035391733355999593 1.2828715564920567e-17 -0.0065077687688328504
10 47 1.0320156377496519 -0.6285007302180512 0.030844684266812035 -0.03069871054773491 2.6103599847191822e-17 0.0029972851425433961
10 48 1.0167774399762084 -0.65286528625733542 0.027902628259584176 -0.023479252080320943 3.0119405769057611e-17 0.015075854388434846
11 0 1.0343080854930395 0.66412158429625512 0.027321750358860947 -0.02299046018114622 3.2876183761253576e-17 -0.014762004719246245
11 1 1.049809010814301 0.63933694970456945 0.031331522487340516 -0.031272114236984894 6.8411347357465639e-18 -0.001928515627028028
11 2 1.0647161505088731 0.61419069782113367 0.038533666504069211 -0.037697277648681839 2.2832661131896362e-17 0.0079849052671286183
11 3 1.0790210729047143 0.58869705169297715 0.042258833812149774 -0.040421520032643932 -2.2820712105036373e-19 0.012325167480138288
11 4 1.0927156869517172 0.56287043085783217 0.042149055772759791 -0.039850662493863875 -2.4849151038496991e-17 0.013728350277268066
11 5 1.1057922467981116 0.53672544318825477 0.037378142368395442 -0.034806207566443537 -1.80767540037647e-17 0.013625470331466993
11 6 1.118243356171621 0.5102768766292215 0.0298452748555014 -0.025973774391534657 -8.6088174831329335e-18 0.014700458328163881
11 7 1.1300619725628873 0.48353969083387649 0.024318645010531093 -0.013328806664974123 -1.1967146110656119e-17 0.020340585243202081
11 8 1.1412414112088076 0.4565290087021569 0.027512331630925743 0.0024102246748768158 2.0737691138917823e-17 0.027406554120988143
11 9 1.151775348873523 0.42926010782708313 0.036154784149223941 0.016420142055399337 4.9938028994326932e-17 0.032210981850255366
11 10 1.1616578274249223 0.40174841185355514 0.04495126128349252 0.026363409720872439 1.8717063507040271e-17 0.036408605011263785
11 11 1.1708832572046399 0.37400948175453747 0.043586312318987096 0.025499510406677951 9.473876809489973e-17 0.035348855576779421
11 12 1.1794464201896384 0.34605900702956971 0.033307801488822994 0.013767163662727873 8.3316638500084938e-17 0.03032943858205266
11 13 1.1873424729435904 0.31791279683058354 0.030889596388001025 -0.0052738537251393151 6.6782687695511663e-17 0.030436058087397591
11 14 1.19456694935639 0.28958677102003971 0.046596849801854884 -0.032762429205327959 1.2121320305984178e-17 0.033134417816260135
11 15 1.2011157631702414 0.2610969511664461 0.074908587845648397 -0.065567590065078327 -3.1799640709200416e-17 0.03622413099146847
11 16 1.2069852102909002 0.23245945148235189 0.10886831641926828 -0.10060329141872314 -2.8566117830654639e-17 0.04160874998946
11 17 1.2121719708827579 0.20369046970993865 0.14019397286856897 -0.13231583882258624 -1.0730462147574847e-16 0.046334315850656872
11 18 1.2166731112465821 0.17480627795936582 0.16280948566265008 -0.1571354291153497 -1.2055321163092816e-16 0.042607341368261532
11 19 1.2204860854788568 0.14582321350505537 0.17352615021088982 -0.17118031026546954 -2.4563187773395393e-16 0.028436353219600512
11 20 1.2236087369117785 0.11675766954511609 0.17625090892019063 -0.17572554826799267 -6.3732310478027071e-17 0.013598330085224358
11 21 1.226039299333094 0.087626085929136732 0.17407152085807651 -0.1739897571061271 -2.3440138076995533e-16 0.0053346786214972458
11 22 1.2277763979850944 0.058444939859595098 0.1738880407255913 -0.17386893375628268 -6.9776753806976824e-17 0.0025777086410779856
11 23 1.2288190503421954 0.029230736572137084 0.17740318238311861 -0.17739766593355505 -2.4263033147669708e-16 0.0013990142904387263
11 24 1.2291666666666667 7.5264751197597754e-17 0.17893857091110871 -0.17893857091110871 -1.5954098683425412e-16 1.9250761532409409e-16
11 25 1.2288190503421954 -0.029230736572136935 0.17740318238311883 -0.17739766593355527 -2.0841668200134325e-16 -0.0013990142904386777
11 26 1.2277763979850944 -0.058444939859594952 0.17388804072559136 -0.17386893375628273 -9.2951666396704396e-17 -0.0025777086410780584
11 27 1.226039299333094 -0.087626085929136593 0.17407152085807653 -0.17398975710612713 -2.6340270907481245e-16 -0.0053346786214974193
11 28 1.2236087369117785 -0.11675766954511593 0.1762509089201903 -0.17572554826799233 -9.274412569463618e-17 -0.013598330085224132
11 29 1.2204860854788568 -0.14582321350505523 0.17352615021089041 -0.17118031026547012 -2.042765044482502e-16 -0.028436353219600474
11 30 1.2166731112465821 -0.17480627795936568 0.16280948566265013 -0.15713542911534975 -1.2390795890434172e-16 -0.042607341368261567
11 31 1.2121719708827579 -0.20369046970993851 0.14019397286856913 -0.13231583882258646 -1.1003609446120884e-16 -0.04633431585065672
11 32 1.2069852102909002 -0.23245945148235203 0.10886831641926863 -0.10060329141872351 -6.0714925274285968e-17 -0.04160874998946
11 33 1.2011157631702414 -0.26109695116644593 0.074908587845648605 -0.06556759006507841 9.9159916182530775e-18 -0.036224130991468727
11 34 1.19456694935639 -0.28958677102003955 0.046596849801854939 -0.03276242920532809 5.1361873194612149e-17 -0.033134417816260087
11 35 1.1873424729435904 -0.31791279683058365 0.030889596388001088 -0.0052738537251393307 5.9628687610760838e-17 -0.030436058087397647
11 36 1.1794464201896384 -0.34605900702956954 0.033307801488823022 0.013767163662727802 8.8200020749328329e-17 -0.030329438582052726
11 37 1.1708832572046399 -0.3740094817545373 0.043586312318987006 0.025499510406677871 3.9944486160301777e-17 -0.035348855576779359
11 38 1.1616578274249223 -0.40174841185355531 0.044951261283492479 0.026363409720872491 6.0153426189674575e-17 -0.036408605011263695
11 39 1.151775348873523 -0.42926010782708302 0.036154784149223976 0.016420142055399364 1.129517743965416e-17 -0.032210981850255387
11 40 1.1412414112088076 -0.45652900870215674 0.027512331630925747 0.0024102246748768995 7.973100215779602e-18 -0.027406554120988139
11 41 1.1300619725628871 -0.4835396908338766 0.024318645010531072 -0.013328806664974071 2.798886782551692e-17 -0.020340585243202088
11 42 1.118243356171621 -0.51027687662922139 0.029845274855501466 -0.025973774391534685 -9.7440956987613693e-18 -0.014700458328163964
11 43 1.1057922467981118 -0.53672544318825466 0.037378142368395484 -0.034806207566443551 -1.0597513618185968e-17 -0.01362547033146707
11 44 1.0927156869517172 -0.56287043085783228 0.042149055772759868 -0.039850662493863931 -3.6472492189311821e-17 -0.01372835027726816
11 45 1.0790210729047143 -0.58869705169297715 0.042258833812149794 -0.040421520032643959 3.8960974388210782e-18 -0.012325167480138252
11 46 1.0647161505088734 -0.61419069782113322 0.038533666504069218 -0.037697277648681839 1.4373160457382121e-17 -0.0079849052671286218
11 47 1.0498090108143012 -0.63933694970456945 0.03133152248734055 -0.031272114236984928 3.2335998459122811e-17 0.0019285156270280072
11 48 1.0343080854930395 -0.66412158429625501 0.027321750358860933 -0.022990460181146213 3.6368361934217273e-17 0.014762004719246234
12 0 1.0518387310098707 0.67537788233517471 0.032378502303244773 -0.027245570219716124 2.8405287877267964e-17 -0.017494179455000026
12 1 1.0676023838789501 0.65017316919108747 0.035354183238765789 -0.035075303086482927 1.6120647293373923e-17 -0.0044318603172470881
12 2 1.0827621869581761 0.62460070964861047 0.040599687878208376 -0.040166485243147219 1.4699221980215277e-17 0.005915075571789173
12 3 1.0973095656658112 0.59867496782336649 0.042140215641285866 -0.040759936076107256 -8.927676921235372e-18 0.010696980198435613
12 4 1.1112362918153054 0.57241060765203267 0.039461184659462759 -0.037571753269054257 -2.7927115055998413e-17 0.012064346273939996
12 5 1.1245344882692661 0.54582248459822524 0.032139002729115615 -0.029937006248476519 -2.6912010268957329e-17 0.011691499189615453
12 6 1.1371966333948689 0.51892563725005569 0.022395520672774685 -0.018743359010206587 -2.8927808701216635e-17 0.012257480949166752
12 7 1.1492155653181904 0.49173527881411166 0.017652413681442072 -0.0047918328889372599 2.0944495547939813e-17 0.016989586408893607
12 8 1.1605844859750585 0.46426678851066799 0.026379556089480467 0.011498282045267118 4.5556210238580059e-17 0.023741745712679466
12 9 1.1712969649561251 0.43653570287499976 0.037216615248081335 0.024803791674552923 7.8938861694579378e-17 0.02774614151713891
12 10 1.1813469431439887 0.4085577069697171 0.044698935784463281 0.032709555639923872 8.4459706584438751e-17 0.030464402671024036
12 11 1.1907287361403116 0.3803486255130889 0.041343259161978382 0.029316465856723373 5.9337560609868959e-17 0.029151499237707868
12 12 1.199437037480988 0.35192441392837592 0.026720570252961311 0.013779387877593283 1.2144357888182662e-16 0.02289360924717368
12 13 1.2074669216375495 0.32330114931923748 0.023765770066204735 -0.0086931388877704574 -6.451160834713166e-18 0.022118796601932167
12 14 1.2148138468031084 0.29449502137631156 0.047242057061708177 -0.039608296158415435 2.0449827083655933e-17 0.025748686002375818
12 15 1.2214736574612624 0.26552232322011465 0.080399659308880531 -0.075309049767870187 -6.2834319360345639e-18 0.028154080344499097
12 16 1.2274425867365086 0.23639944218544259 0.11638626928431942 -0.1121230289763667 -6.6456828438244158e-17 0.03121201773495182
12 17 1.2327172585248383 0.20714285055247997 0.14776238011948903 -0.14386154438818111 -6.5194429416136529e-17 0.033727985780709888
12 18 1.2372946894033037 0.17776909622986353 0.16993945918909675 -0.16767101089291792 -1.4342001439924918e-16 0.027674029262644291
12 19 1.2411722903174816 0.14829479339497156 0.18152993793983566 -0.18121272075310688 -5.1754953867730876e-17 0.010726984930403031
12 20 1.2443478680458764 0.11873661309672821 0.18665120688499359 -0.18657261817579671 -2.2792686569904821e-16 -0.0054158266823312196
12 21 1.2468196264404345 0.089111273826240747 0.18602229053824929 -0.18570692842402048 -1.1957081571506749e-16 -0.010827248607682459
12 22 1.2485861674424688 0.059435532060605187 0.18618696147820468 -0.18604820928367963 -1.5646120139724472e-16 -0.0071866853849757561
12 23 1.2496464918734191 0.029726172785224152 0.18922480900585967 -0.18920612520409713 -4.7955223961110238e-17 -0.0026590465500972663
12 24 1.25 7.6540424946709579e-17 0.19045770772862045 -0.19045770772862045 -1.2936577618006557e-16 4.1872941729392711e-17
12 25 1.2496464918734191 -0.029726172785223999 0.18922480900585947 -0.18920612520409694 5.8286756941410464e-17 0.0026590465500971588
12 26 1.2485861674424688 -0.059435532060605034 0.18618696147820496 -0.18604820928367991 -3.6156828414280418e-17 0.0071866853849759079
12 27 1.2468196264404345 -0.089111273826240608 0.18602229053824931 -0.18570692842402053 -1.1232276559651277e-16 0.010827248607682406
12 28 1.2443478680458764 -0.11873661309672806 0.1866512068849937 -0.18657261817579684 -1.6171339562169309e-16 0.0054158266823308519
12 29 1.2411722903174816 -0.14829479339497142 0.18152993793983546 -0.18121272075310668 -9.2566134975055946e-17 -0.010726984930402852
12 30 1.2372946894033037 -0.17776909622986339 0.16993945918909684 -0.167671010892918 -8.106883238319501e-17 -0.027674029262644104
12 31 1.2327172585248383 -0.20714285055247983 0.14776238011948931 -0.14386154438818141 -3.5723200512711426e-17 -0.033727985780709874
12 32 1.2274425867365086 -0.23639944218544273 0.11638626928431965 -0.11212302897636693 -2.0286534856367177e-17 -0.031212017734951893
12 33 1.2214736574612624 -0.26552232322011449 0.080399659308880836 -0.07530904976787052 -4.5168720760673703e-18 -0.028154080344499101
12 34 1.2148138468031084 -0.29449502137631139 0.047242057061708233 -0.039608296158415636 5.4731606457228865e-17 -0.025748686002375617
12 35 1.2074669216375495 -0.32330114931923759 0.023765770066204759 -0.0086931388877704036 1.0327146923365976e-16 -0.022118796601932215
12 36 1.199437037480988 -0.35192441392837581 0.026720570252961102 0.013779387877593056 9.1975878505002478e-17 -0.022893609247173572
12 37 1.1907287361403116 -0.38034862551308879 0.041343259161978396 0.029316465856723359 9.2788011924428879e-17 -0.029151499237707899
12 38 1.1813469431439887 -0.40855770696971722 0.044698935784463247 0.032709555639923941 7.3870582422314764e-17 -0.030464402671023915
12 39 1.1712969649561251 -0.43653570287499965 0.037216615248081363 0.024803791674552905 5.4263251216127822e-17 -0.027746141517138959
12 40 1.1605844859750585 -0.46426678851066783 0.026379556089480664 0.011498282045267231 2.8855519052953459e-17 -0.023741745712679629
12 41 1.1492155653181904 -0.49173527881411172 0.017652413681442054 -0.0047918328889372339 1.0194582641479558e-17 -0.016989586408893597
12 42 1.1371966333948689 -0.51892563725005558 0.022395520672774748 -0.018743359010206621 -2.6635983451515737e-17 -0.012257480949166814
12 43 1.1245344882692663 -0.54582248459822502 0.032139002729115573 -0.029937006248476478 -2.7681048829554554e-17 -0.011691499189615451
12 44 1.1112362918153054 -0.57241060765203278 0.039461184659462842 -0.03757175326905432 -1.0135722641661956e-17 -0.012064346273940072
12 45 1.0973095656658112 -0.5986749678233666 0.042140215641285846 -0.040759936076107242 -1.4209942559495571e-18 -0.010696980198435596
12 46 1.0827621869581763 -0.62460070964861003 0.040599687878208446 -0.040166485243147282 8.8959350248013574e-18 -0.0059150755717892285
12 47 1.0676023838789503 -0.65017316919108747 0.035354183238765803 -0.035075303086482941 2.7770812907402458e-17 0.0044318603172470604
12 48 1.0518387310098707 -0.6753778823351746 0.032378502303244794 -0.027245570219716145 4.6844012209447626e-17 0.017494179455000033
13 0 1.0693693765267018 0.68663418037409429 0.029183063499418634 -0.024556701182567177 3.7287445466892197e-17 -0.015767676501032231
13 1 1.0853957569435992 0.66100938867760561 0.032621484706965187 -0.032502791846296585 2.5928218971995095e-17 -0.0027802493922451954
13 2 1.100808223407479 0.63501072147608728 0.0388788419321748 -0.038130313995320096 1.7144908041354878e-17 0.0075923319609544418
13 3 1.1155980584269078 0.60865288395375594 0.041723946033889701 -0.039754440461793314 -1.2329509655072034e-18 0.012667759715461571
13 4 1.1297568966788938 0.58195078444623316 0.040523090208078379 -0.037933030712493022 -4.1341934127255546e-17 0.014255034934265109
13 5 1.1432767297404205 0.55491952600819561 0.034637001433344715 -0.031702443879960587 -2.7586031582307763e-17 0.013952667140424209
13 6 1.1561499106181166 0.52757439787089 0.025612749534272634 -0.021254460368242169 -1.4330008719610861e-17 0.014291985626924136
13 7 1.1683691580734936 0.49993086679434684 0.019477578802022003 -0.0074124967950125508 9.4900170128305843e-18 0.018011967334328187
13 8 1.1799275607413093 0.47200456831917909 0.025559328400269216 0.0095972083143974329 3.1069845417007247e-17 0.023689087378851666
13 9 1.1908185810387271 0.4438112979229164 0.035671285327253527 0.02392198245631369 5.6260024128213528e-17 0.026460902332652095
13 10 1.2010360588630553 0.41536700208587901 0.041810413851954588 0.031944561990886973 4.3688942892374225e-17 0.026975093432314461
13 11 1.2105742150759835 0.38668776927164034 0.037669769546347952 0.028407548812222894 8.9969102857160324e-17 0.024739092710852135
13 12 1.2194276547723377 0.35778982082718219 0.020979318604307299 0.01167138359486712 1.1237175975070057e-16 0.017433032268727694
13 13 1.2275913703315087 0.32868950180789142 0.019310158320347857 -0.012429392178269364 8.5877322142244915e-17 0.014778106253362639
13 14 1.2350607442498267 0.29940327173258341 0.047848755844645256 -0.044261501341086931 3.0609304824050364e-17 0.018177539297535125
13 15 1.2418315517522831 0.26994769527378321 0.082976741725509826 -0.080679669201000989 -3.4768383418786516e-17 0.019388930991651288
13 16 1.247899963182117 0.24033943288853329 0.11914124801104711 -0.11758730432208914 -6.7968442495362245e-17 0.019179750777688263
13 17 1.2532625461669189 0.21059523139502129 0.14873811882792051 -0.14762970669126599 -5.0993434414500326e-17 0.018124505364819785
13 18 1.2579162675600253 0.18073191450036125 0.16940654423074483 -0.16911085509641519 -1.6814401692340554e-16 0.010004794688676794
13 19 1.2618584951561063 0.15076637328488773 0.18249272765715385 -0.18229844541064694 -1.5877749445778621e-16 -0.0084185775882571652
13 20 1.2650869991799742 0.12071555664834034 0.19078859136623455 -0.18914298123957859 -1.1998831470276486e-16 -0.025004384481855255
13 21 1.2675999535477751 0.090596461723344748 0.19095389312384115 -0.18898274949900787 -1.7536518846032658e-16 -0.027366214406574076
13 22 1.2693959368998431 0.060426124261615269 0.18853293722138023 -0.18769396900842361 -1.0090619092562115e-16 -0.017766328128958314
13 23 1.2704739334046427 0.030221608998311219 0.18847827462174896 -0.18833682556688713 1.6986622289420451e-18 -0.0073006944724013593
13 24 1.2708333333333333 7.7816098695821403e-17 0.18887198707159678 -0.18887198707159678 -2.2425223604859703e-17 2.7139157967306998e-16
13 25 1.2704739334046427 -0.030221608998311063 0.18847827462174882 -0.18833682556688697 -8.720626596165058e-17 0.0073006944724014677
13 26 1.2693959368998431 -0.060426124261615116 0.18853293722138023 -0.18769396900842364 -3.1859103465077489e-17 0.017766328128957995
13 27 1.2675999535477751 -0.09059646172334461 0.19095389312384112 -0.18898274949900787 -1.0765828022300793e-16 0.027366214406573879
13 28 1.2650869991799742 -0.12071555664834017 0.19078859136623455 -0.18914298123957859 -1.6696369505738301e-16 0.025004384481855216
13 29 1.2618584951561063 -0.15076637328488759 0.18249272765715405 -0.18229844541064708 -9.8490658574550177e-17 0.0084185775882575399
13 30 1.2579162675600253 -0.18073191450036111 0.16940654423074472 -0.16911085509641507 -1.4766230727450501e-17 -0.010004794688676582
13 31 1.2532625461669189 -0.21059523139502115 0.14873811882792068 -0.1476297066912661 -1.1135243441702356e-16 -0.018124505364819937
13 32 1.247899963182117 -0.24033943288853343 0.11914124801104733 -0.11758730432208937 3.9395789317466682e-17 -0.019179750777688308
13 33 1.2418315517522831 -0.26994769527378304 0.082976741725510117 -0.080679669201001267 2.2142898820598567e-17 -0.019388930991651364
13 34 1.2350607442498267 -0.29940327173258324 0.047848755844645513 -0.044261501341087146 8.3305268962224901e-17 -0.018177539297535256
13 35 1.2275913703315084 -0.32868950180789153 0.019310158320348065 -0.012429392178269549 1.2653025721326076e-16 -0.014778106253362754
13 36 1.2194276547723377 -0.35778982082718203 0.020979318604307216 0.011671383594867064 9.8837037613686638e-17 -0.017433032268727628
13 37 1.2105742150759835 -0.38668776927164022 0.037669769546347924 0.028407548812222867 5.9280964693486109e-17 -0.024739092710852121
13 38 1.2010360588630553 -0.41536700208587918 0.041810413851954553 0.031944561990886952 1.0592946740241892e-16 -0.026975093432314436
13 39 1.1908185810387271 -0.44381129792291629 0.035671285327253568 0.023921982456313731 2.3530191128513174e-17 -0.026460902332652105
13 40 1.1799275607413093 -0.47200456831917897 0.0255593284002693 0.0095972083143975612 4.4584433688599034e-17 -0.023689087378851705
13 41 1.1683691580734934 -0.4999308667943469 0.019477578802022031 -0.0074124967950124744 1.6881951744977169e-17 -0.018011967334328242
13 42 1.1561499106181166 -0.52757439787088978 0.025612749534272672 -0.021254460368242158 -2.5578034965279921e-17 -0.014291985626924216
13 43 1.1432767297404205 -0.5549195260081955 0.034637001433344687 -0.03170244387996056 -1.5328489584476921e-17 -0.0139526671404242
13 44 1.1297568966788938 -0.58195078444623327 0.040523090208078393 -0.037933030712493029 -3.0218780397611385e-17 -0.014255034934265137
13 45 1.1155980584269078 -0.60865288395375605 0.041723946033889708 -0.039754440461793321 4.2179041931908471e-18 -0.012667759715461557
13 46 1.1008082234074792 -0.63501072147608684 0.038878841932174897 -0.038130313995320166 2.0375143890088141e-17 -0.0075923319609545303
13 47 1.0853957569435995 -0.66100938867760561 0.032621484706965173 -0.032502791846296571 2.2871395570605185e-17 0.0027802493922451589
13 48 1.0693693765267018 -0.68663418037409407 0.029183063499418651 -0.024556701182567194 2.1143567307967977e-17 0.015767676501032238
14 0 1.086900022043533 0.69789047841301388 0.032822461289245292 -0.027619148824880296 2.8367030155650242e-17 -0.017734051518846987
14 1 1.1031891300082486 0.67184560816412386 0.035771868747058816 -0.035526414591843712 2.2760804052658556e-17 -0.0041833551014989721
14 2 1.1188542598567819 0.6454207333035642 0.041141470086441208 -0.040549767261103938 1.0995516284090929e-17 0.0069524769646392712
14 3 1.1338865511880047 0.6186308000841455 0.042952118671781087 -0.040965049099712283 -7.1041359635797002e-18 0.012913142555277831
14 4 1.1482775015424824 0.59149096124043377 0.040242030060240054 -0.037312667871922341 -3.1025718491557959e-17 0.015072683890033609
14 5 1.1620189712115749 0.56401656741816608 0.032445390093821365 -0.028837965241935902 -3.2318030905399121e-17 0.014868594387000349
14 6 1.1751031878413645 0.53622315849172431 0.021748414875112781 -0.015870721621461015 -2.9359251766122025e-17 0.014869893906619401
14 7 1.1875227508287969 0.50812645477458207 0.017641659549529863 -2.6021950425229197e-05 1.8321672035685308e-17 0.017641640357960318
14 8 1.1992706355075604 0.47974234812769029 0.028732601479931643 0.018206349799357147 3.9057149123157884e-17 0.022228162649846211
14 9 1.2103401971213292 0.45108689297083315 0.040471842589493004 0.032297558100585634 5.2617357925829489e-17 0.024389296491042853
14 10 1.2207251745821219 0.42217629720204103 0.045117990167159845 0.038411490524591411 3.8775538089523317e-17 0.023668342409284952
14 11 1.2304196940116554 0.39302691303019188 0.038476134051964442 0.032230832832061768 8.5283733648697116e-17 0.021013955042695487
14 12 1.2394182720636877 0.36365522772598852 0.018590190651667265 0.011788563078678886 1.052018331879754e-16 0.014374455433349325
14 13 1.247715819025468 0.33407785429654541 0.018857923198008771 -0.015581572896850691 8.8300286760721761e-17 0.010622422200332901
14 14 1.2553076416965454 0.30431152208885531 0.05169958610269406 -0.049720489792273968 7.0031562919289238e-17 0.014167572057563631
14 15 1.2621894460433043 0.27437306732745181 0.089696162701849283 -0.088403510354637546 4.5200078538304453e-17 0.015173033988431997
14 16 1.2683573396277257 0.24427942359162402 0.12662546355661181 -0.12608342223335131 1.8561270590156396e-18 0.011703788226607201
14 17 1.2738078338089998 0.21404761223756263 0.15612868549821504 -0.15597892901222929 2.298729457945177e-17 0.0068366760635913551
14 18 1.2785378457167471 0.18369473277085901 0.17730540993987265 -0.1772822351160904 -6.624308040159933e-17 -0.0028666192962315908
14 19 1.282544699994731 0.15323795317480396 0.19336654528480968 -0.1921543493744392 5.8263277033199804e-17 -0.021617743912543303
14 20 1.2858261303140723 0.1226945001999525 0.20417863801791139 -0.20062409439375259 -9.2911687167265047e-17 -0.037932690011860982
14 21 1.2883802806551157 0.092081649620448777 0.20322934446644811 -0.19955734583535628 -4.233242227295007e-17 -0.038458187365114173
14 22 1.2902057063572179 0.061416716462625358 0.19596533028196059 -0.19437869619802767 1.3431201697506841e-17 -0.024886404659427142
14 23 1.2913013749358664 0.03071704521139829 0.19087754350457184 -0.19061839140593367 -8.0369837305651437e-17 -0.0099431117943018597
14 24 1.2916666666666667 7.9091772444933227e-17 0.1888354421491544 -0.1888354421491544 -4.5508007777549703e-17 -2.427563866699061e-17
14 25 1.2913013749358664 -0.030717045211398133 0.19087754350457148 -0.19061839140593331 -4.270112600900248e-18 0.0099431117943016723
14 26 1.2902057063572179 -0.061416716462625205 0.19596533028196064 -0.19437869619802772 6.0714269694273246e-17 0.024886404659427146
14 27 1.2883802806551157 -0.092081649620448625 0.20322934446644803 -0.19955734583535623 -5.3418392929802095e-17 0.038458187365114138
14 28 1.2858261303140723 -0.12269450019995233 0.20417863801791103 -0.2006240943937522 -1.0482148886829683e-16 0.037932690011861059
14 29 1.282544699994731 -0.15323795317480382 0.1933665452848097 -0.19215434937443926 -1.0449390098153343e-16 0.021617743912543324
14 30 1.2785378457167471 -0.18369473277085885 0.17730540993987279 -0.17728223511609056 -8.516256506299103e-17 0.0028666192962320479
14 31 1.2738078338089998 -0.2140476122375625 0.15612868549821493 -0.15597892901222915 -2.9047477170478455e-17 -0.0068366760635910993
14 32 1.2683573396277257 -0.24427942359162416 0.12662546355661186 -0.12608342223335139 -4.7396501625437066e-17 -0.011703788226607283
14 33 1.2621894460433043 -0.27437306732745165 0.089696162701849463 -0.088403510354637727 -4.5471618814960229e-18 -0.015173033988431901
14 34 1.2553076416965454 -0.30431152208885509 0.051699586102694303 -0.049720489792274183 6.0361617859458746e-17 -0.014167572057563744
14 35 1.2477158190254678 -0.33407785429654552 0.018857923198008848 -0.015581572896850778 1.1152533095167239e-16 -0.010622422200332909
14 36 1.2394182720636877 -0.36365522772598835 0.018590190651666914 0.011788563078678557 4.2841141647422646e-17 -0.014374455433349141
14 37 1.2304196940116554 -0.39302691303019172 0.038476134051964456 0.032230832832061747 7.7766622054220282e-17 -0.021013955042695532
14 38 1.2207251745821219 -0.42217629720204114 0.04511799016715979 0.03841149052459137 3.8686625089791443e-17 -0.023668342409284917
14 39 1.2103401971213292 -0.45108689297083299 0.040471842589493073 0.032297558100585683 5.0188604538703436e-17 -0.024389296491042906
14 40 1.1992706355075604 -0.47974234812769012 0.02873260147993174 0.01820634979935724 2.1440560810845141e-17 -0.022228162649846256
14 41 1.1875227508287967 -0.50812645477458218 0.01764165954952987 -2.6021950425139381e-05 1.0561228661748884e-17 -0.017641640357960328
14 42 1.1751031878413645 -0.53622315849172408 0.021748414875112754 -0.015870721621460956 -3.9106371421197166e-17 -0.014869893906619421
14 43 1.1620189712115752 -0.56401656741816597 0.032445390093821337 -0.028837965241935864 -3.3535625562743767e-17 -0.014868594387000368
14 44 1.1482775015424824 -0.59149096124043388 0.040242030060240068 -0.037312667871922341 -2.243114088898013e-17 -0.015072683890033647
14 45 1.1338865511880047 -0.6186308000841455 0.042952118671781135 -0.040965049099712325 -1.2735858098949157e-17 -0.012913142555277859
14 46 1.1188542598567823 -0.64542073330356375 0.041141470086441256 -0.040549767261103972 1.4313963008254573e-17 -0.0069524769646393597
14 47 1.1031891300082486 -0.67184560816412386 0.03577186874705883 -0.035526414591843733 2.1565221503551622e-17 0.0041833551014989132
14 48 1.0869000220435332 -0.69789047841301377 0.032822461289245326 -0.02761914882488033 2.5775794517654456e-17 0.017734051518847001
15 0 1.1044306675603641 0.70914677645193347 0.030087135197961117 -0.025317451285076668 3.2676595767096804e-17 -0.016256148524424863
15 1 1.1209825030728977 0.68268182765064189 0.032884404706816334 -0.032728354923520046 1.4539142015199557e-17 -0.0031998213890443174
15 2 1.1369002963060848 0.655830745131041 0.038063473589912987 -0.037246625062866093 2.5966813843833741e-17 0.0078432737524759787
15 3 1.1521750439491016 0.62860871621453485 0.039990063477622934 -0.037373819733592543 -1.160265061045337e-17 0.014226832938684557
15 4 1.1667981064060706 0.60103113803463426 0.037793964539743388 -0.033749715450608932 -4.0887668719559526e-17 0.017010010659441386
15 5 1.1807612126827294 0.57311360882813644 0.030952371417196728 -0.02562055448047856 -4.556751929406452e-17 0.01736768506338501
15 6 1.1940564650646122 0.5448719191125585 0.022066188471935158 -0.013201943738902169 -2.9886476771311386e-17 0.017681214754473911
15 7 1.2066763435840999 0.5163220427548173 0.020322303256252925 0.0019856740376924297 -7.042043880869018e-18 0.020225061390639645
15 8 1.2186137102738113 0.48748012793620138 0.031027696945831622 0.019511775759360795 2.3917115486526174e-17 0.024124854082020673
15 9 1.2298618132039312 0.45836248801874979 0.041370177119860144 0.032417666971423328 4.1435577006264066e-17 0.025701875866529444
15 10 1.2404142903011883 0.42898559231820294 0.044251413259633048 0.037243287233045291 3.7854898683579854e-17 0.023898224443496065
15 11 1.2502651729473273 0.39936605678874337 0.03541649346499888 0.029098827437698691 7.1701632597932842e-17 0.020188765467639227
15 12 1.2594088893550375 0.36952063462479473 0.015186907681854604 0.0063665161438645097 1.3262928389185396e-16 0.013788025135133998
15 13 1.2678402677194271 0.33946620678519934 0.02377714133736444 -0.022093482493672569 9.732142466081583e-17 0.0087880874755994869
15 14 1.2755545391432637 0.30921977244512711 0.058474373463555926 -0.057350523703396314 7.4824924122574225e-17 0.011409197294358249
15 15 1.2825473403343253 0.27879843938112037 0.097181713518507185 -0.096465012044050488 5.1418709638334562e-17 0.011780784937108182
15 16 1.2888147160733341 0.24821941429471472 0.13387039365583983 -0.13376898428795742 -2.2449475996585477e-17 0.0052097159363753663
15 17 1.2943531214510802 0.21749999308010395 0.16361750790118398 -0.16357989496110137 -1.8993113718799098e-17 -0.0035081129270666989
15 18 1.2991594238734687 0.18665755104135673 0.18682680342829605 -0.18621883255345648 -9.7749694389188456e-17 -0.015059909749494591
15 19 1.3032309048333557 0.15570953306472013 0.205693417152782 -0.20296328407878675 -5.665021006191416e-17 -0.033401903777211632
15 20 1.3065652614481702 0.12467344375156462 0.21729957572083103 -0.21166463711551628 -3.9661142200251688e-17 -0.049164896045959236
15 21 1.3091606077624562 0.093566837517552778 0.21313446876122746 -0.20746697429455013 -1.1478742939054569e-16 -0.048823727338202283
15 22 1.3110154758145922 0.06240730866363544 0.19836780129655041 -0.19561124969542584 -1.3898683402190387e-17 -0.032954871928463948
15 23 1.3121288164670899 0.031212481424485357 0.18440927147961597 -0.18386627533121366 1.795990506825123e-16 -0.014141152833805218
15 24 1.3125 8.0367446194045052e-17 0.17844846997480812 -0.17844846997480812 -1.0333523879447158e-16 -1.7883689623781242e-16
15 25 1.3121288164670899 -0.031212481424485197 0.18440927147961619 -0.18386627533121391 5.9147492814456244e-17 0.014141152833805031
15 26 1.3110154758145922 -0.062407308663635287 0.19836780129655018 -0.19561124969542554 2.3770195824844815e-17 0.032954871928464274
15 27 1.3091606077624562 -0.09356683751755264 0.21313446876122721 -0.20746697429454986 2.6919113917924865e-17 0.048823727338202345
15 28 1.3065652614481702 -0.12467344375156446 0.21729957572083147 -0.21166463711551672 -3.2474414001534494e-17 0.049164896045959312
15 29 1.3032309048333557 -0.15570953306471999 0.20569341715278239 -0.20296328407878714 1.9834822905659846e-18 0.033401903777211625
15 30 1.2991594238734687 -0.18665755104135656 0.18682680342829602 -0.18621883255345642 -2.3622523564373363e-17 0.015059909749494721
15 31 1.2943531214510802 -0.21749999308010382 0.16361750790118407 -0.16357989496110142 2.2970128051554343e-17 0.0035081129270667704
15 32 1.2888147160733341 -0.24821941429471486 0.13387039365584 -0.13376898428795758 1.5960345956217377e-17 -0.0052097159363753308
15 33 1.2825473403343253 -0.27879843938112026 0.09718171351850724 -0.096465012044050558 5.8090932076066387e-17 -0.011780784937108151
15 34 1.2755545391432637 -0.30921977244512694 0.058474373463556127 -0.057350523703396508 7.2843660534351387e-17 -0.011409197294358261
15 35 1.2678402677194269 -0.33946620678519951 0.023777141337364596 -0.022093482493672705 1.2086683723725684e-16 -0.0087880874755995597
15 36 1.2594088893550375 -0.36952063462479456 0.015186907681854576 0.0063665161438643189 5.8314275958832967e-17 -0.013788025135134057
15 37 1.2502651729473273 -0.39936605678874321 0.035416493464998852 0.029098827437698621 2.854530199217174e-17 -0.020188765467639272
15 38 1.2404142903011883 -0.4289855923182031 0.044251413259633068 0.037243287233045333 9.2406166730046396e-17 -0.023898224443496041
15 39 1.2298618132039312 -0.45836248801874963 0.041370177119860206 0.032417666971423342 9.134308713578755e-18 -0.025701875866529531
15 40 1.2186137102738113 -0.48748012793620127 0.03102769694583174 0.01951177575936091 4.5105192612542506e-17 -0.024124854082020732
15 41 1.2066763435840997 -0.5163220427548173 0.020322303256252949 0.0019856740376924644 2.6397276705184491e-18 -0.020225061390639665
15 42 1.1940564650646122 -0.54487191911255839 0.02206618847193521 -0.013201943738902145 -3.0499415693544823e-17 -0.017681214754473987
15 43 1.1807612126827296 -0.57311360882813633 0.030952371417196711 -0.025620554480478556 -3.4092571155495686e-17 -0.017367685063384992
15 44 1.1667981064060706 -0.60103113803463448 0.037793964539743395 -0.033749715450608946 -4.5982355565152548e-17 -0.017010010659441372
15 45 1.1521750439491016 -0.62860871621453496 0.039990063477623003 -0.037373819733592613 -5.57542592007986e-18 -0.014226832938684588
15 46 1.1369002963060852 -0.65583074513104056 0.038063473589913015 -0.037246625062866127 1.9037598541281815e-17 -0.0078432737524759735
15 47 1.1209825030728977 -0.68268182765064189 0.032884404706816334 -0.032728354923520046 2.5375552110411355e-17 0.0031998213890442836
15 48 1.1044306675603643 -0.70914677645193325 0.030087135197961166 -0.02531745128507671 3.8869652204973311e-17 0.016256148524424884
16 0 1.1219613130771953 0.72040307449085295 0.032304620350289678 -0.027183400700003472 1.4147560005535352e-17 -0.017454260865456345
16 1 1.1387758761375468 0.69351804713716003 0.034710485529429715 -0.034448439649046918 2.0293186011648123e-17 -0.0042570895497653534
16 2 1.1549463327553877 0.66624075695851781 0.039259813872105379 -0.038590389814716942 7.4891062611724892e-18 0.0072190580563220733
16 3 1.1704635367101983 0.6385866323449243 0.040723235597153018 -0.038094880613187027 -2.3907444644555424e-17 0.014393122960923311
16 4 1.185318711269659 0.61057131482883475 0.037983165391154899 -0.033457892500531744 -2.702393319503215e-17 0.017980274818664162
16 5 1.1995034541538838 0.58221065023810681 0.030470530253249178 -0.023882832811116628 -3.9331192302538622e-17 0.018922566179839995
16 6 1.2130097422878601 0.5535206797333927 0.021577098423190659 -0.0095227984418550793 -4.3874827850333422e-17 0.019362011419267869
16 7 1.225829936339403 0.52451763073505242 0.022845565899657937 0.0076841650457309917 -1.1326359613263622e-18 0.021514494854064772
16 8 1.2379567850400623 0.49521790774471253 0.036531163952022355 0.026980337363030269 1.8743695870384587e-17 0.02462899379728312
16 9 1.2493834292865333 0.46563808306666643 0.047880716187644702 0.040589206576505686 4.0789440942310321e-17 0.025398411212741823
16 10 1.2601034060202547 0.4357948874343649 0.050427725039970589 0.044860647251437118 4.0286058020184457e-17 0.023032103266723263
16 11 1.270110651882999 0.40570520054729481 0.039496571055302979 0.034975837395400347 7.2777756326252743e-17 0.01834856734508479
16 12 1.2793995066463872 0.375386041523601 0.015283244456219161 0.0093985743582615071 6.5170323225215458e-17 0.012051736851623628
16 13 1.2879647164133861 0.34485455927385328 0.022431568073191445 -0.021423761584233154 7.6235561314084082e-17 0.0066481340091906612
16 14 1.2958014365899821 0.31412802280139895 0.059368237068057994 -0.058869414877346517 2.4551817728218439e-17 0.0076798153993431944
16 15 1.3029052346253462 0.28322381143478892 0.10062094382734708 -0.10034310026632948 4.8243178018949685e-17 0.0074723868775303046
16 16 1.3092720925189425 0.25215940499780543 0.13956546452418125 -0.13956423573690063 3.9401275954209992e-17 -0.00058565435653339863
16 17 1.3148984090931608 0.22095237392264527 0.17147930026779942 -0.17108116752698097 -4.0802982230087671e-17 -0.011678379080128609
16 18 1.3197810020301906 0.18962036931185444 0.1976060639600935 -0.19612451339254472 1.4286067152052738e-17 -0.024152262012865685
16 19 1.3239171096719802 0.15818111295463633 0.2184204192553251 -0.21452223840678231 4.7391800856622579e-17 -0.041081489464424782
16 20 1.3273043925822681 0.12665238730317674 0.23030574670311937 -0.22334416535159507 -4.4057125047296748e-17 -0.056197159784821329
16 21 1.3299409348697968 0.095052025414656793 0.22220001517714658 -0.21471702985380467 -4.7005861794503362e-17 -0.057179050669668614
16 22 1.3318252452719666 0.063397900864645529 0.19814743321888367 -0.19363708943953381 5.8711890257866219e-17 -0.042036684986068218
16 23 1.3329562579983136 0.031707917637572428 0.17316698042353584 -0.17197500514281266 3.675151387155518e-17 -0.020283015434959594
16 24 1.3333333333333333 8.1643119943156876e-17 0.1620365346749216 -0.1620365346749216 5.3426939257301438e-17 -2.2544182809556305e-16
16 25 1.3329562579983136 -0.031707917637572261 0.17316698042353576 -0.17197500514281258 8.8334218402069843e-17 0.02028301543495966
16 26 1.3318252452719666 -0.063397900864645362 0.19814743321888378 -0.19363708943953392 4.4893512973776551e-17 0.042036684986068315
16 27 1.3299409348697968 -0.095052025414656641 0.22220001517714644 -0.21471702985380459 -3.1915393492562471e-18 0.05717905066966842
16 28 1.3273043925822681 -0.12665238730317657 0.23030574670311924 -0.22334416535159493 5.7066078040610643e-17 0.056197159784821211
16 29 1.3239171096719802 -0.15818111295463616 0.21842041925532513 -0.21452223840678233 -4.2049027672646335e-17 0.041081489464424872
16 30 1.3197810020301906 -0.18962036931185428 0.19760606396009381 -0.19612451339254505 3.4173717475334013e-17 0.024152262012865539
16 31 1.3148984090931608 -0.22095237392264513 0.17147930026779956 -0.17108116752698113 -4.7762634698372308e-17 0.011678379080128729
16 32 1.3092720925189425 -0.25215940499780554 0.13956546452418137 -0.13956423573690077 -3.0412407890922901e-17 0.00058565435653352548
16 33 1.3029052346253462 -0.28322381143478881 0.10062094382734726 -0.10034310026632967 -1.0631665421445935e-17 -0.0074723868775301442
16 34 1.2958014365899821 -0.31412802280139879 0.059368237068058251 -0.058869414877346767 3.8788019395943243e-17 -0.0076798153993432247
16 35 1.2879647164133861 -0.34485455927385344 0.022431568073191521 -0.02142376158423322 9.0159383359011527e-17 -0.0066481340091906916
16 36 1.2793995066463872 -0.37538604152360083 0.015283244456219109 0.0093985743582614134 7.070482534493986e-17 -0.012051736851623635
16 37 1.270110651882999 -0.40570520054729464 0.039496571055302895 0.03497583739540025 1.1029625444656451e-16 -0.018348567345084773
16 38 1.2601034060202547 -0.43579488743436501 0.050427725039970693 0.04486064725143725 5.9540119178694594e-17 -0.023032103266723235
16 39 1.2493834292865333 -0.46563808306666626 0.047880716187644709 0.040589206576505693 6.1128504435234231e-17 -0.025398411212741816
16 40 1.2379567850400623 -0.49521790774471236 0.036531163952022522 0.026980337363030332 1.3222278871347587e-17 -0.02462899379728329
16 41 1.225829936339403 -0.52451763073505253 0.022845565899657999 0.0076841650457310662 -1.3848597824016096e-17 -0.021514494854064811
16 42 1.2130097422878601 -0.55352067973339258 0.021577098423190683 -0.0095227984418550342 -3.8625738021218188e-17 -0.019362011419267917
16 43 1.1995034541538838 -0.5822106502381067 0.030470530253249171 -0.023882832811116608 -2.7399166386000925e-17 -0.018922566179840009
16 44 1.185318711269659 -0.61057131482883498 0.037983165391154913 -0.033457892500531772 -2.8401049768914635e-17 -0.017980274818664144
16 45 1.1704635367101983 -0.6385866323449243 0.040723235597153067 -0.038094880613187054 -1.0843840219820849e-17 -0.014393122960923387
16 46 1.1549463327553879 -0.66624075695851737 0.039259813872105427 -0.038590389814716991 4.75060345999985e-18 -0.0072190580563221097
16 47 1.1387758761375468 -0.69351804713716003 0.03471048552942968 -0.034448439649046904 2.1055290905982259e-17 0.0042570895497653135
16 48 1.1219613130771955 -0.72040307449085283 0.032304620350289678 -0.027183400700003475 2.6389497146035163e-17 0.017454260865456341
17 0 1.1394919585940266 0.73165937252977264 0.030947360238633367 -0.02604130569720756 3.8863858365522796e-17 -0.016720930097465593
17 1 1.1565692492021962 0.70435426662367817 0.032852856846385399 -0.032575877597300296 2.4645791922679317e-17 -0.0042570414297726485
17 2 1.1729923692046909 0.67665076878599473 0.036513074457592366 -0.035842599182498991 2.0047470558632793e-17 0.0069651051814316918
17 3 1.1887520294712954 0.64856454847531375 0.037418100825220083 -0.034498896419569519 -2.4075200673406747e-18 0.014489320729356128
17 4 1.2038393161332477 0.62011149162303536 0.034641272749660959 -0.029124914492180517 -2.8710596809510844e-17 0.01875518950956178
17 5 1.2182456956250383 0.59130769164807728 0.027885680501765323 -0.018960999588863197 -4.4363152262082596e-17 0.020447290080537917
17 6 1.231963019511108 0.56216944035422711 0.021861553058014026 -0.0041216044415366476 -4.6066091394298471e-17 0.021469510449376058
17 7 1.2449835290947064 0.53271321871528765 0.02721973187368357 0.013172697227626253 -2.3933107162799212e-17 0.023820030458093729
17 8 1.2572998598063134 0.50295568755322373 0.042134145573154091 0.032436194695718228 1.2852892535435027e-17 0.026891996892034649
17 9 1.2689050453691355 0.47291367811458312 0.052911409620594915 0.045255483645240152 3.0944528146968736e-17 0.027414566713223554
17 10 1.2797925217393213 0.44260418255052686 0.053908693959504164 0.047778335495982885 1.7321002585550879e-17 0.024967537757111389
17 11 1.2899561308186711 0.41204434430584636 0.041532117513423408 0.036581652474087782 6.0802674195278069e-17 0.019664676132951656
17 12 1.299390123937737 0.38125144842240727 0.015327660578376418 0.007945627650386743 1.0464008708937092e-16 0.013107409356822735
17 13 1.3080891651073454 0.35024291176250727 0.026013482025423237 -0.024912133238579721 1.1706074532690126e-16 0.0074891164091813543
17 14 1.3160483340367009 0.31903627315767086 0.063584072565100319 -0.063240550896918338 9.2137538770423255e-17 0.0066005307527670304
17 15 1.3232631289163674 0.28764918348845753 0.10764770110450171 -0.10750573917447097 6.1917871199423864e-17 0.0055266262434471164
17 16 1.3297294689645511 0.25609939570089613 0.14898052791654784 -0.14893948018531808 -2.8854172636643272e-17 -0.0034969901945143106
17 17 1.3354436967352417 0.22440475476518665 0.1821664333680163 -0.18139008124860465 -3.7385594633043903e-17 -0.016800234243858788
17 18 1.3404025801869124 0.19258318758235218 0.20916170947601978 -0.20696986965713177 -6.0231265000860192e-17 -0.030200890136563744
17 19 1.3446033145106051 0.16065269284455252 0.23048011287735118 -0.22596875641724692 -1.496995435374913e-17 -0.04537844813564549
17 20 1.3480435237163662 0.12863133085478889 0.23979450484731318 -0.23227626351660344 -4.1202177863697934e-17 -0.059574675506741115
17 21 1.3507212619771374 0.096537213311760808 0.2250347209694 -0.2159919189082033 3.6956834082889149e-17 -0.063151536862754556
17 22 1.3526350147293413 0.064388493065655625 0.19061010924363198 -0.18379861058908717 8.0738819655980554e-17 -0.050500341497760282
17 23 1.3537836995295374 0.032203353850659498 0.15426743514692018 -0.15189857851198679 1.0422941904245124e-16 -0.026930714673899896
17 24 1.3541666666666667 8.2918793692268713e-17 0.13764334996848332 -0.13764334996848332 3.9455137769435249e-17 -1.6821110180080647e-16
17 25 1.3537836995295374 -0.032203353850659332 0.1542674351469201 -0.15189857851198671 2.0530166925978842e-16 0.026930714673899958
17 26 1.3526350147293413 -0.064388493065655458 0.19061010924363192 -0.18379861058908706 -1.4976408597996646e-17 0.050500341497760413
17 27 1.3507212619771374 -0.096537213311760656 0.2250347209694003 -0.21599191890820363 1.1815115332992511e-16 0.063151536862754501
17 28 1.3480435237163662 -0.12863133085478873 0.23979450484731338 -0.23227626351660363 -1.9344986919987497e-16 0.059574675506741254
17 29 1.3446033145106051 -0.16065269284455239 0.23048011287735165 -0.22596875641724742 2.1919177791134667e-17 0.045378448135645441
17 30 1.3404025801869124 -0.19258318758235202 0.20916170947601975 -0.20696986965713177 -1.1060827578280295e-16 0.030200890136563532
17 31 1.3354436967352417 -0.22440475476518648 0.18216643336801638 -0.1813900812486047 7.5414815694788254e-17 0.016800234243858923
17 32 1.3297294689645511 -0.25609939570089629 0.14898052791654801 -0.14893948018531825 -1.2760398235776235e-18 0.0034969901945144681
17 33 1.3232631289163674 -0.28764918348845742 0.10764770110450199 -0.10750573917447123 7.3288812910361963e-17 -0.0055266262434471632
17 34 1.3160483340367009 -0.31903627315767069 0.063584072565100597 -0.063240550896918629 8.6953800066079606e-17 -0.0066005307527669515
17 35 1.3080891651073452 -0.35024291176250744 0.026013482025423383 -0.024912133238579846 9.5507175226435511e-17 -0.0074891164091814306
17 36 1.299390123937737 -0.38125144842240716 0.015327660578376267 0.0079456276503864515 8.2590673378915594e-17 -0.013107409356822733
17 37 1.2899561308186711 -0.41204434430584619 0.041532117513423283 0.036581652474087629 6.3450528013635475e-17 -0.019664676132951673
17 38 1.2797925217393213 -0.44260418255052703 0.053908693959504143 0.047778335495982829 3.5549766633060691e-17 -0.024967537757111451
17 39 1.2689050453691355 -0.47291367811458296 0.052911409620594888 0.045255483645240138 3.3400971237960887e-17 -0.027414566713223516
17 40 1.2572998598063134 -0.50295568755322351 0.042134145573154175 0.032436194695718311 1.8443971892252487e-17 -0.026891996892034673
17 41 1.2449835290947062 -0.53271321871528776 0.027219731873683647 0.013172697227626309 -1.0926832801168196e-17 -0.023820030458093781
17 42 1.231963019511108 -0.56216944035422689 0.021861553058014075 -0.0041216044415366016 -3.6493579685858804e-17 -0.021469510449376117
17 43 1.2182456956250385 -0.59130769164807717 0.027885680501765389 -0.018960999588863232 -3.3419452899529399e-17 -0.020447290080537979
17 44 1.2038393161332477 -0.62011149162303558 0.034641272749660994 -0.029124914492180552 -2.3446881735703855e-17 -0.018755189509561787
17 45 1.1887520294712954 -0.64856454847531386 0.037418100825220069 -0.034498896419569498 -5.4568001558746754e-19 -0.014489320729356138
17 46 1.1729923692046911 -0.67665076878599428 0.03651307445759238 -0.035842599182498998 1.5898291444798187e-17 -0.0069651051814317256
17 47 1.1565692492021962 -0.70435426662367817 0.03285285684638542 -0.032575877597300316 2.163196404124969e-17 0.0042570414297726112
17 48 1.1394919585940266 -0.73165937252977253 0.030947360238633388 -0.026041305697207581 2.022292795413566e-17 0.0167209300974656
18 0 1.1570226041108578 0.74291567056869212 0.032185175809518227 -0.02708289158465059 3.0058002323859986e-17 -0.017389724704654171
18 1 1.1743626222668451 0.71519048611019631 0.033653352264000021 -0.033226683559002657 1.1051163456294354e-17 -0.0053418740414556531
18 2 1.1910384056539938 0.68706078061347153 0.036558444945248791 -0.036096196944987669 5.5565938960745669e-18 0.0057952103433309499
18 3 1.2070405222323921 0.6585424646057032 0.037034830717740268 -0.034393250052065102 -2.287782341970236e-17 0.013736194420136955
18 4 1.2223599209968359 0.62965166841723597 0.034108896749087805 -0.028562351702535547 -2.9382697913326189e-17 0.018644272650350222
18 5 1.2369879370961927 0.60040473305804776 0.027443098410467721 -0.017685270245899505 -4.0238551033959049e-17 0.020984634061525058
18 6 1.2509162967343557 0.57081820097506131 0.022492221026203536 -0.001674526385492357 -4.7671907172330046e-17 0.022429800892470767
18 7 1.2641371218500095 0.54090880669552288 0.030038400822293858 0.017037173155386907 -2.3765300898416476e-17 0.024739447342940951
18 8 1.2766429345725643 0.51069346736173482 0.047110508809097111 0.038152941029603572 -4.2424131402589294e-18 0.027636083858673041
18 9 1.2884266614517375 0.48018927316249976 0.059283843117156981 0.052352789802083396 4.5452284891319723e-17 0.027816532039033073
18 10 1.2994816374583877 0.44941347766668882 0.060698437021687715 0.055249352067599698 4.9370465725302343e-17 0.025135818128443854
18 11 1.3098016097543428 0.41838348806439779 0.048753388696476378 0.044660857982890573 4.8319561156550928e-17 0.019552510673102572
18 12 1.3193807412290868 0.38711685532121354 0.018778166577056648 0.014010504654134882 7.3744542234545827e-17 0.012503011610494177
18 13 1.3282136138013045 0.35563126425116121 0.021713985621788497 -0.020676821490488717 5.7691760063019729e-17 0.0066307031779217476
18 14 1.3362952314834191 0.32394452351394271 0.059752693390900558 -0.059586431039457585 6.7035905603950613e-17 0.0044543914788596787
18 15 1.3436210232073884 0.29207455554212614 0.10752966549420812 -0.10749681116199764 3.2449772915511626e-17 0.0026579223649525522
18 16 1.3501868454101595 0.26003938640398683 0.15247249625730239 -0.15231757841975249 1.2544839841536044e-17 -0.0068714932347810802
18 17 1.3559889843773221 0.22785713560772797 0.18684392486131313 -0.18563462176619244 2.4907799558816355e-17 -0.021223559063048313
18 18 1.361024158343634 0.1955460058528499 0.21452302264502732 -0.21168688651768083 4.7877967341177534e-17 -0.034767647622601934
18 19 1.3652895193492296 0.16312427273446872 0.23671782002694089 -0.23166867408212019 3.2559617573710227e-17 -0.048630769758862984
18 20 1.368782654850464 0.13061027440640102 0.24265024574328251 -0.23469365573074041 1.1137194001622974e-17 -0.06162815686856199
18 21 1.3715015890844779 0.098022401208864823 0.21981272466487384 -0.20962827398934403 2.1082302977328989e-17 -0.066133355191190291
18 22 1.3734447841867157 0.065379085266665707 0.17488306623152056 -0.1659466624612177 1.8661620302292151e-17 -0.055188695151462727
18 23 1.3746111410607609 0.032698790063746569 0.12828359705421105 -0.12453131647992324 -2.3427018420237209e-17 -0.030799878067037649
18 24 1.375 8.4194467441380538e-17 0.1072680741171423 -0.1072680741171423 -5.3950421197915679e-17 8.9395455933617569e-18
18 25 1.3746111410607609 -0.032698790063746402 0.12828359705421072 -0.12453131647992295 6.7280879857308678e-17 0.030799878067037514
18 26 1.3734447841867157 -0.06537908526666554 0.17488306623152025 -0.16594666246121742 3.9527699101846952e-17 0.055188695151462602
18 27 1.3715015890844779 -0.098022401208864671 0.21981272466487395 -0.20962827398934417 -4.2031260452844339e-18 0.066133355191190277
18 28 1.368782654850464 -0.13061027440640086 0.24265024574328237 -0.23469365573074025 4.4017353965708376e-17 0.06162815686856201
18 29 1.3652895193492296 -0.16312427273446856 0.23671782002694106 -0.23166867408212033 4.934046378608648e-17 0.048630769758863157
18 30 1.361024158343634 -0.19554600585284973 0.21452302264502721 -0.21168688651768072 9.8213708702924955e-17 0.034767647622601872
18 31 1.3559889843773221 -0.2278571356077278 0.18684392486131363 -0.18563462176619291 -2.0691503425991894e-17 0.021223559063048417
18 32 1.3501868454101595 -0.26003938640398699 0.15247249625730266 -0.15231757841975277 2.3496464258980694e-17 0.0068714932347810741
18 33 1.3436210232073884 -0.29207455554212597 0.10752966549420846 -0.10749681116199797 6.8009243768977428e-18 -0.0026579223649526832
18 34 1.3362952314834191 -0.32394452351394254 0.05975269339090071 -0.059586431039457731 1.6177754721804451e-17 -0.0044543914788596779
18 35 1.3282136138013043 -0.35563126425116137 0.021713985621788594 -0.02067682149048879 6.065550778598809e-17 -0.0066307031779218378
18 36 1.3193807412290868 -0.38711685532121337 0.018778166577056395 0.014010504654134585 6.5621868969162634e-17 -0.012503011610494129
18 37 1.3098016097543428 -0.41838348806439762 0.048753388696476309 0.044660857982890496 5.8210885121994937e-17 -0.019552510673102572
18 38 1.2994816374583877 -0.44941347766668893 0.060698437021687757 0.055249352067599719 4.5807925120936238e-17 -0.025135818128443916
18 39 1.2884266614517375 -0.4801892731624996 0.059283843117156919 0.052352789802083355 3.9246652943601498e-17 -0.027816532039033039
18 40 1.2766429345725643 -0.5106934673617346 0.047110508809097305 0.038152941029603746 -6.4455815055560926e-18 -0.027636083858673128
18 41 1.2641371218500093 -0.54090880669552288 0.030038400822293938 0.017037173155386956 -1.5219937062202002e-17 -0.024739447342941014
18 42 1.2509162967343557 -0.57081820097506109 0.022492221026203567 -0.0016745263854923101 -4.7689182341277522e-17 -0.022429800892470802
18 43 1.2369879370961929 -0.60040473305804754 0.027443098410467687 -0.017685270245899446 -2.4444258524274324e-17 -0.020984634061525065
18 44 1.2223599209968359 -0.62965166841723608 0.034108896749087833 -0.028562351702535561 -3.5479199183158311e-17 -0.018644272650350256
18 45 1.2070405222323921 -0.6585424646057032 0.037034830717740344 -0.034393250052065165 -7.8251560595242935e-18 -0.01373619442013701
18 46 1.191038405653994 -0.68706078061347098 0.036558444945248875 -0.036096196944987738 1.1497227178794495e-17 -0.0057952103433310453
18 47 1.1743626222668453 -0.71519048611019631 0.033653352264000048 -0.033226683559002691 1.5914239253447391e-17 0.0053418740414556505
18 48 1.1570226041108578 -0.74291567056869201 0.032185175809518268 -0.027082891584650628 2.2048085261456714e-17 0.017389724704654188
19 0 1.1745532496276887 0.75417196860761171 0.031786536181195743 -0.026747447904022614 2.4703215160695382e-17 -0.017174338794261113
19 1 1.1921559953314942 0.72602670559671434 0.032698566374678328 -0.032137186873535402 1.8995214179380478e-17 -0.0060330309807515442
19 2 1.2090844421032965 0.69747079244094834 0.034505023469382549 -0.03419399522232644 1.7905421483925608e-17 0.004622481515177454
19 3 1.225329014993489 0.66852038073609255 0.034192038831156422 -0.031758695831216203 8.0749872760494299e-18 0.012668100036374799
19 4 1.2408805258604243 0.63919184521143646 0.031016303410498176 -0.025227213056032847 -4.191330374895295e-17 0.018044356421818061
19 5 1.2557301785673471 0.60950177446801812 0.025020221880487161 -0.013648165690577306 -3.9866558474257755e-17 0.020969956514770294
19 6 1.2698695739576034 0.5794669615958955 0.023153837407304364 0.0031189709747030726 -5.532897328495015e-17 0.022942802939982
19 7 1.2832907146053125 0.549104394675758 0.034042991610688203 0.022629012933674707 -1.9474763955305954e-17 0.025433305948165102
19 8 1.2959860093388151 0.51843124717024591 0.052853127448265723 0.044492111414707554 1.708475674880534e-17 0.028529022116502149
19 9 1.3079482775343396 0.4874648682104164 0.065884461983704248 0.059217271244805782 1.1213714743594201e-17 0.028880393300667988
19 10 1.3191707531774541 0.45622277278285073 0.067101449375476269 0.06169402508139072 2.2535370356649759e-17 0.026390372819388819
19 11 1.3296470886900147 0.42472263182294923 0.054921630057186567 0.050639393030822814 4.7870418026343657e-17 0.02126116933774605
19 12 1.3393713585204365 0.39298226222001975 0.023108638014555438 0.018351947485759641 5.4213973764528485e-17 0.014043332025117006
19 13 1.3483380624952637 0.36101961673981514 0.020772755828534023 -0.019099357787039882 1.2496007575452936e-16 0.008168348476560814
19 14 1.3565421289301376 0.32885277387021455 0.058763419335690383 -0.058505784533333716 8.0578221479060254e-17 0.0054966015101442995
19 15 1.3639789174984094 0.29649992759579469 0.10921637405781674 -0.10918471207537572 5.1435881434034888e-17 0.0026296409173594891
19 16 1.370644221855768 0.26397937710707753 0.15805221599493796 -0.15788036693488955 6.0441271959784016e-17 -0.0073683592077990762
19 17 1.3765342720194027 0.23130951645026929 0.19316509263623718 -0.19193467661299715 2.689715060302997e-17 -0.021767703751895847
19 18 1.3816457365003556 0.19850882412334761 0.22030261681668314 -0.21744251521083027 -4.6268528999307327e-17 -0.035383549215223895
19 19 1.3859757241878543 0.16559585262438489 0.2424208660385018 -0.23746085803121061 -9.8103536581596299e-17 -0.048787469640661517
19 20 1.3895217859845619 0.13258921795801315 0.24604031717135527 -0.23845520076264645 6.2104159249941897e-17 -0.060621406310205919
19 21 1.3922819161918185 0.099507589105968824 0.21590893867517372 -0.20601713736482732 -1.3491682051146925e-17 -0.064603474456423685
19 22 1.39425455364409 0.066369677467675789 0.16070826612238465 -0.15129366217971063 3.8083209688067021e-17 -0.054197551460511681
19 23 1.3954385825919846 0.033194226276833633 0.10498197893277313 -0.10053632361824154 -6.0351122950438107e-18 -0.030226867749891508
19 24 1.3958333333333333 8.547014119049235e-17 0.079436933946209209 -0.079436933946209209 1.0914637628550942e-16 8.3088315609413913e-17
19 25 1.3954385825919846 -0.033194226276833466 0.10498197893277272 -0.10053632361824118 3.874896007811412e-17 0.030226867749891285
19 26 1.39425455364409 -0.066369677467675622 0.16070826612238406 -0.1512936621797101 6.3262785608681717e-17 0.054197551460511341
19 27 1.3922819161918185 -0.099507589105968672 0.21590893867517308 -0.2060171373648266 -4.0863841391506163e-17 0.064603474456423865
19 28 1.3895217859845619 -0.13258921795801298 0.24604031717135535 -0.23845520076264656 -1.9884405878784171e-17 0.060621406310205836
19 29 1.3859757241878543 -0.16559585262438475 0.24242086603850194 -0.23746085803121078 -4.6660861301315065e-17 0.048787469640661461
19 30 1.3816457365003556 -0.19850882412334744 0.22030261681668331 -0.21744251521083044 -1.3722679620901646e-16 0.035383549215223978
19 31 1.3765342720194027 -0.23130951645026912 0.19316509263623713 -0.1919346766129971 1.5762158204070979e-17 0.021767703751895816
19 32 1.370644221855768 -0.2639793771070777 0.15805221599493802 -0.15788036693488963 3.5434318345102191e-18 0.0073683592077990424
19 33 1.3639789174984094 -0.29649992759579452 0.10921637405781701 -0.10918471207537597 5.547826779964216e-17 -0.0026296409173594474
19 34 1.3565421289301376 -0.32885277387021433 0.058763419335690625 -0.058505784533333945 6.6329144747854876e-17 -0.0054966015101443671
19 35 1.3483380624952634 -0.36101961673981531 0.020772755828534072 -0.01909935778703991 7.1411899421803871e-17 -0.0081683484765608608
19 36 1.3393713585204365 -0.39298226222001964 0.023108638014555271 0.018351947485759405 6.012109079184914e-17 -0.014043332025117043
19 37 1.3296470886900147 -0.42472263182294911 0.054921630057186588 0.050639393030822849 7.8533486522587525e-17 -0.021261169337746022
19 38 1.3191707531774541 -0.45622277278285089 0.067101449375476241 0.061694025081390692 3.6523308495380711e-17 -0.026390372819388861
19 39 1.3079482775343396 -0.48746486821041624 0.065884461983704248 0.059217271244805768 2.4336817090898542e-17 -0.028880393300668005
19 40 1.2959860093388151 -0.51843124717024569 0.05285312744826591 0.044492111414707707 -2.2349350120784899e-18 -0.028529022116502264
19 41 1.2832907146053123 -0.54910439467575811 0.034042991610688224 0.022629012933674732 -2.5941468642660189e-17 -0.025433305948165105
19 42 1.2698695739576034 -0.57946696159589539 0.023153837407304409 0.0031189709747031363 -5.3314124565029555e-17 -0.022942802939982035
19 43 1.2557301785673471 -0.60950177446801801 0.025020221880487144 -0.013648165690577271 -3.0513201293708051e-17 -0.020969956514770297
19 44 1.2408805258604243 -0.63919184521143657 0.03101630341049821 -0.025227213056032871 -2.1429671893261367e-17 -0.018044356421818088
19 45 1.225329014993489 -0.66852038073609266 0.034192038831156457 -0.031758695831216217 -9.2521918658370377e-18 -0.012668100036374854
19 46 1.2090844421032969 -0.69747079244094778 0.034505023469382577 -0.034193995222326461 1.7264746233145954e-17 -0.0046224815151774913
19 47 1.1921559953314944 -0.72602670559671434 0.032698566374678321 -0.032137186873535409 1.8329981583901335e-17 0.0060330309807514765
19 48 1.1745532496276889 -0.7541719686076116 0.031786536181195771 -0.026747447904022642 2.5553909192320768e-17 0.017174338794261126
20 0 1.1920838951445201 0.76542826664653141 0.032385339782644046 -0.027251323760239834 3.6697492009907306e-17 -0.017497873760885779
20 1 1.2099493683961435 0.73686292508323259 0.032876589831585167 -0.032087348871609793 1.5764243584598893e-17 -0.0071604609730024351
20 2 1.2271304785525996 0.70788080426842526 0.033854031088641941 -0.033720543192749725 1.3295492723818198e-17 0.0030033960339314763
20 3 1.2436175077545859 0.67849829686648211 0.033003505788227278 -0.031089584636517516 -3.0931245436164728e-18 0.01107560930343632
20 4 1.2594011307240129 0.64873202200563707 0.029648686967444819 -0.024439777078836843 -1.7449150339122981e-17 0.016785170098342565
20 5 1.2744724200385016 0.61859881587798859 0.023821192171560118 -0.012710533323919497 -4.6999811087596179e-17 0.020146750087692282
20 6 1.2888228511808515 0.58811572221672981 0.022877347357774341 0.0045071057692265288 -3.8019689168625402e-17 0.022428977232884909
20 7 1.3024443073606158 0.55729998265599323 0.035210441720029857 0.024895531996684369 -3.3874476949933685e-17 0.024899552058655277
20 8 1.3153290841050662 0.52616902697875712 0.055531335596134712 0.047995391468616637 -3.1958655072492588e-18 0.027931552603906208
20 9 1.3274698936169418 0.4947404632583331 0.070424227568440897 0.064500514774851983 1.2819530264981316e-17 0.028271105786485458
20 10 1.3388598688965208 0.46303206789901274 0.072800349163332945 0.06804869235386668 1.9081148413052082e-17 0.025870181816755707
20 11 1.3494925676256866 0.43106177558150077 0.061675902116890911 0.057961621890621852 7.7407145474964861e-17 0.021080021103900583
20 12 1.3593619758117865 0.39884766911882608 0.029640368359718807 0.02629126104571201 7.8139896282549614e-17 0.013686527285109471
20 13 1.368462511189223 0.36640796922846913 0.015281848166183942 -0.013090757869263739 5.0618344919217728e-17 0.0078846015614366365
20 14 1.3767890263768561 0.33376102422648646 0.052413556865942686 -0.052167296689733272 1.568783485560919e-17 0.0050748496947942284
20 15 1.3843368117894306 0.3009252996494633 0.10350510454691275 -0.10349295175191012 3.5289745539712432e-17 0.0015860658700519068
20 16 1.3911015983013766 0.26791936781016829 0.15624238165712756 -0.15605724602176121 1.8295280917260493e-17 -0.0076038010228442563
20 17 1.3970795596614836 0.23476189729281063 0.19277844128601154 -0.19162710114133658 4.6981615219912184e-17 -0.0210376218435489
20 18 1.4022673146570774 0.20147164239384535 0.21866736343391585 -0.21588813829604997 1.2074761529974839e-17 -0.034752375087263504
20 19 1.4066619290264792 0.16806743251430112 0.2407879143021672 -0.23604277752357244 7.9418123435948455e-17 -0.047567077405965372
20 20 1.41026091711866 0.13456816150962531 0.24425806258284286 -0.23748818626089166 -3.8878291150133219e-17 -0.057108340224839321
20 21 1.4130622432991591 0.10099277700307285 0.2096969924512779 -0.20120864782831602 2.9268139772681713e-17 -0.059058519133246112
20 22 1.4150643231014648 0.067360269668685885 0.14581637156726612 -0.13735609340054541 -4.534313543306718e-17 -0.048946070555088018
20 23 1.4162660241232083 0.033689662489920703 0.081786006231468256 -0.076979175551105186 -2.4111481941059563e-16 -0.027625302654738358
20 24 1.4166666666666667 8.6745814939604187e-17 0.051265211278134409 -0.051265211278134409 -1.1231025140091207e-16 -1.5640673461300602e-16
20 25 1.4162660241232083 -0.033689662489920537 0.081786006231467978 -0.076979175551104895 -4.5149804149732864e-17 0.027625302654738351
20 26 1.4150643231014648 -0.067360269668685704 0.14581637156726587 -0.13735609340054517 -1.2870800732185496e-16 0.048946070555087963
20 27 1.4130622432991591 -0.10099277700307269 0.20969699245127735 -0.20120864782831555 -2.2988490610513567e-17 0.059058519133245856
20 28 1.41026091711866 -0.13456816150962514 0.24425806258284283 -0.23748818626089163 4.0996534301541429e-17 0.057108340224839231
20 29 1.4066619290264792 -0.16806743251430095 0.24078791430216726 -0.23604277752357247 2.4701646104380815e-17 0.047567077405965462
20 30 1.4022673146570774 -0.20147164239384519 0.21866736343391599 -0.21588813829605005 3.3979719330887971e-17 0.034752375087263865
20 31 1.3970795596614836 -0.23476189729281047 0.19277844128601163 -0.19162710114133669 3.4675640556413536e-17 0.021037621843548869
20 32 1.3911015983013766 -0.26791936781016845 0.15624238165712792 -0.15605724602176155 3.0832605640651468e-17 0.0076038010228443708
20 33 1.3843368117894306 -0.30092529964946313 0.10350510454691306 -0.10349295175191042 4.3008999990237405e-17 -0.0015860658700518173
20 34 1.3767890263768561 -0.33376102422648624 0.052413556865942963 -0.052167296689733536 6.7705534970468953e-17 -0.0050748496947942119
20 35 1.3684625111892228 -0.3664079692284693 0.015281848166184034 -0.013090757869263857 4.4005543526995641e-17 -0.007884601561436614
20 36 1.3593619758117865 -0.39884766911882591 0.029640368359718627 0.026291261045711781 7.5953761929970423e-17 -0.013686527285109511
20 37 1.3494925676256866 -0.43106177558150061 0.0616759021168908 0.05796162189062172 7.2189571925993274e-17 -0.021080021103900625
20 38 1.3388598688965208 -0.46303206789901291 0.072800349163333014 0.068048692353866763 3.8456924324347e-17 -0.025870181816755714
20 39 1.3274698936169418 -0.49474046325833293 0.070424227568440967 0.064500514774852039 2.0649957092013471e-17 -0.028271105786485517
20 40 1.3153290841050662 -0.52616902697875689 0.05553133559613483 0.047995391468616706 -3.7100586370073167e-19 -0.027931552603906309
20 41 1.3024443073606158 -0.55729998265599334 0.035210441720029989 0.024895531996684483 -2.718691998578053e-17 -0.024899552058655339
20 42 1.2888228511808515 -0.5881157222167297 0.0228773473577744 0.004507105769226547 -3.8837310366578853e-17 -0.022428977232884964
20 43 1.2744724200385018 -0.61859881587798848 0.023821192171560118 -0.012710533323919432 -3.0395744570022927e-17 -0.020146750087692327
20 44 1.2594011307240129 -0.64873202200563718 0.02964868696744483 -0.024439777078836853 -2.9198023104686422e-17 -0.016785170098342572
20 45 1.2436175077545859 -0.67849829686648222 0.033003505788227347 -0.031089584636517578 -8.4995283221326991e-18 -0.01107560930343637
20 46 1.2271304785525998 -0.7078808042684247 0.033854031088641934 -0.033720543192749711 1.6995040901483802e-17 -0.0030033960339315301
20 47 1.2099493683961438 -0.73686292508323259 0.03287658983158518 -0.032087348871609814 2.0342243148526671e-17 0.0071604609730024091
20 48 1.1920838951445203 -0.76542826664653119 0.032385339782643983 -0.027251323760239785 2.8466118858414873e-17 0.01749787376088574
21 0 1.2096145406613512 0.77668456468545088 0.032271387571527026 -0.027155436280930159 2.7783721958976937e-17 -0.01743630511846048
21 1 1.2277427414607927 0.74769914456975062 0.03232650300898747 -0.031292315683114899 2.2138536634090646e-17 -0.0081113362634252298
21 2 1.2451765150019025 0.71829081609590206 0.032353142451507173 -0.032324027051275864 2.3878842309561497e-17 0.0013722615187717441
21 3 1.2619060005156828 0.68847621299687156 0.030737311370953896 -0.02930204433548609 -6.019161185237167e-18 0.0092829148480517275
21 4 1.2779217355876011 0.65827219879983756 0.027033218430518417 -0.022364456454014966 -2.5304891627729029e-17 0.01518637501935827
21 5 1.293214661509656 0.62769585728795896 0.021518155258070583 -0.01036100626255608 -3.6999902944918675e-17 0.018859495087029884
21 6 1.3077761284040992 0.59676448283756411 0.022588827021343218 0.0072672719395292596 -5.4078931117946925e-17 0.021387890610275156
21 7 1.321597900115919 0.56549557063622846 0.037042764273557245 0.028362049701971471 -4.2209803126753248e-17 0.023827725903435036
21 8 1.3346721588713173 0.53390680678726821 0.058889701147515384 0.052432755487866425 -6.3721512108688847e-18 0.026810502665807815
21 9 1.3469915096995437 0.50201605830624974 0.075413375208871355 0.070290624144121849 1.2417751291822997e-17 0.027320419429866127
21 10 1.3585489846155872 0.46984136301517465 0.078864960383497024 0.0746941018997931 3.8019434270177195e-17 0.025307570362914693
21 11 1.3693380465613585 0.43740091934005221 0.06845750885769708 0.065110623486039271 5.1645690360805261e-17 0.021143254911694786
21 12 1.3793525931031363 0.40471307601763234 0.03651537886553391 0.033664655269834275 6.7293510362666464e-17 0.014144393916202279
21 13 1.3885869598831819 0.37179632171712307 0.011762534507885745 -0.0078419516630678521 1.0972993720386153e-16 0.0087670412433905158
21 14 1.3970359238235746 0.33866927458275831 0.048406234814553334 -0.048031767444646094 9.7110368979425375e-17 0.0060093997258553866
21 15 1.4046947060804515 0.30535067170313185 0.099557180004070323 -0.099530075993666881 9.6426316205384498e-17 0.0023229427581746964
21 16 1.411558974746985 0.27185935851325899 0.15633535774580679 -0.15624392889953645 1.0697187437134391e-16 -0.0053459109182611543
21 17 1.417624847303564 0.23821427813535195 0.19497884639559246 -0.19421454453881967 3.7358198552139038e-17 -0.017247064426587938
21 18 1.4228888928137993 0.20443446066434307 0.21895271961361731 -0.21688097209764615 -1.4115078014177326e-17 -0.030048916256320498
21 19 1.4273481338651037 0.17053901240421729 0.2399795204412071 -0.23644791258926071 -6.5079643755659736e-17 -0.041018957365748059
21 20 1.4310000482527578 0.13654710506123743 0.24490259556207614 -0.24016475682506483 -1.0338881529263994e-16 -0.047939241673177521
21 21 1.4338425704064997 0.10247796490017685 0.20884179978871534 -0.20307326360090783 -8.3627062563557292e-17 -0.048745737756916277
21 22 1.4358740925588391 0.068350861869695967 0.13777170389163901 -0.13174000220662621 -6.8392039197794844e-18 -0.040318906381542431
21 23 1.4370934656544319 0.034185098703007774 0.065954881318357514 -0.061869534937537447 -1.6448262949938991e-16 -0.022851849297845873
21 24 1.4375 8.8021488688716011e-17 0.032562380390558733 -0.032562380390558733 -2.9215689957454343e-17 2.9848483620885536e-17
21 25 1.4370934656544319 -0.034185098703007601 0.065954881318357209 -0.061869534937537198 -4.6380671952697533e-17 0.022851849297845665
21 26 1.4358740925588391 -0.068350861869695786 0.13777170389163909 -0.13174000220662635 -1.4295082568872392e-17 0.040318906381542258
21 27 1.4338425704064997 -0.1024779649001767 0.20884179978871481 -0.20307326360090727 -5.4813073384570711e-17 0.048745737756916409
21 28 1.4310000482527578 -0.13654710506123727 0.24490259556207611 -0.24016475682506475 -1.2628486964083311e-17 0.047939241673177778
21 29 1.4273481338651037 -0.17053901240421712 0.23997952044120746 -0.23644791258926112 -7.4633679579632942e-17 0.041018957365747892
21 30 1.4228888928137993 -0.2044344606643429 0.21895271961361742 -0.21688097209764623 9.8563366508815184e-18 0.030048916256320553
21 31 1.417624847303564 -0.23821427813535179 0.19497884639559279 -0.19421454453881998 -6.6794071548278044e-18 0.017247064426588202
21 32 1.411558974746985 -0.27185935851325915 0.15633535774580709 -0.15624392889953678 1.1544393666483194e-16 0.005345910918261333
21 33 1.4046947060804515 -0.30535067170313168 0.09955718000407042 -0.099530075993666964 7.4724617324434177e-17 -0.002322942758174676
21 34 1.3970359238235746 -0.33866927458275808 0.048406234814553382 -0.048031767444646128 1.483880154242731e-16 -0.0060093997258555427
21 35 1.3885869598831819 -0.37179632171712323 0.011762534507885879 -0.0078419516630681089 9.9722717460404606e-17 -0.0087670412433904638
21 36 1.3793525931031363 -0.40471307601763218 0.036515378865533625 0.033664655269833955 7.2382746474185558e-17 -0.014144393916202291
21 37 1.3693380465613585 -0.4374009193400521 0.06845750885769683 0.065110623486039021 7.8450533294932793e-17 -0.021143254911694755
21 38 1.3585489846155872 -0.46984136301517482 0.078864960383496954 0.074694101899793031 1.59457492958893e-17 -0.025307570362914703
21 39 1.3469915096995437 -0.50201605830624962 0.075413375208871355 0.070290624144121863 2.2589983369656616e-17 -0.027320419429866072
21 40 1.3346721588713173 -0.53390680678726798 0.05888970114751553 0.052432755487866564 -1.0983098002131075e-17 -0.026810502665807853
21 41 1.3215979001159188 -0.56549557063622846 0.037042764273557315 0.028362049701971547 -3.6074766829127983e-17 -0.023827725903435047
21 42 1.3077761284040992 -0.59676448283756389 0.022588827021343304 0.007267271939529322 -4.1953667699737346e-17 -0.021387890610275226
21 43 1.2932146615096562 -0.62769585728795885 0.021518155258070614 -0.010361006262556033 -3.7286237632443217e-17 -0.018859495087029946
21 44 1.2779217355876011 -0.65827219879983767 0.027033218430518435 -0.022364456454014969 -1.3550275899537405e-17 -0.015186375019358296
21 45 1.2619060005156828 -0.68847621299687156 0.030737311370953903 -0.029302044335486076 -1.2910610542648145e-17 -0.0092829148480517883
21 46 1.2451765150019027 -0.71829081609590151 0.032353142451507222 -0.032324027051275912 1.0628971845290595e-17 -0.0013722615187717929
21 47 1.2277427414607929 -0.74769914456975062 0.032326503008987477 -0.03129231568311492 2.4497244655645769e-17 0.0081113362634251899
21 48 1.2096145406613514 -0.77668456468545077 0.032271387571527033 -0.027155436280930166 2.0201779550887981e-17 0.01743630511846048
22 0 1.2271451861781824 0.78794086272437047 0.03235482881926139 -0.027225649669834793 2.1387598583988397e-17 -0.017481388617015869
22 1 1.2455361145254418 0.75853536405626876 0.032102483279763533 -0.03077485014374115 2.1203188901547067e-17 -0.009136631291552285
22 2 1.2632225514512054 0.72870082792337887 0.031442147652635574 -0.031439866436223332 1.2337790369560647e-17 -0.00037874461392113152
22 3 1.2801944932767795 0.6984541291272609 0.029302832075181234 -0.028384666616455365 -6.4755308186134321e-18 0.0072778203260972507
22 4 1.2964423404511896 0.66781237559403805 0.025348629567713062 -0.02161714657897269 -1.6017973651086531e-17 0.0132382776351135
22 5 1.3119569029808105 0.63679289869792932 0.019743465094794733 -0.0098590579309723089 -2.8031520348750211e-17 0.017105653763101542
22 6 1.3267294056273469 0.60541324345839831 0.021122256537478134 0.0076168266139385616 -3.3174716997585743e-17 0.019701108435015404
22 7 1.3407514928712221 0.57369115861646358 0.036360914278566601 0.029004665559828273 -3.6374218460584614e-17 0.021928188774629348
22 8 1.3540152336375681 0.5416445865957793 0.05928761345348766 0.05392850625135745 -4.4400190842157876e-18 0.024632038537390107
22 9 1.3665131257821457 0.50929165335416637 0.077346071516997392 0.07318356278694807 -9.2053988538707442e-18 0.025031598369287259
22 10 1.3782381003346535 0.47665065813133656 0.08266930021666398 0.079343052849745396 2.6814477047368788e-17 0.023214072516373113
22 11 1.3891835254970302 0.4437400630986037 0.073733654173177163 0.071112475136073008 6.4337957788800251e-17 0.019485061912939444
22 12 1.3993432103944861 0.41057848291643856 0.042595084619045175 0.040590499874867 5.4978280082190065e-17 0.012913270446019504
22 13 1.4087114085771411 0.377184674205777 0.0080858845943778887 -0.0012308102006859645 4.7389489144860392e-17 0.0079916603984081461
22 14 1.417282821270293 0.34357752493903015 0.042751889488546677 -0.042391048775906097 7.3752943815889561e-17 0.0055428366852775038
22 15 1.4250526003714725 0.3097760437568004 0.093629028777368686 -0.093600923370883091 1.0574965146564951e-16 0.002293942874485898
22 16 1.4320163511925934 0.27579934921634969 0.15299932680915682 -0.1529506360497454 2.9902635630649221e-17 -0.0038596549111923535
22 17 1.4381701349456446 0.24166665897789327 0.19449223950350811 -0.1940267802391932 6.4438752495593221e-17 -0.013447668091597979
22 18 1.4435104709705209 0.20739727893484078 0.21711993007928632 -0.21585418892204569 -5.613289307056889e-17 -0.023410108125337437
22 19 1.4480343387037284 0.17301059229413349 0.23562178108706783 -0.2335801964829067 -2.5156415355269675e-17 -0.030950210559038377
22 20 1.4517391793868557 0.13852604861284956 0.24054585988707894 -0.23796232424343997 1.6052998654335272e-17 -0.035160246720894218
22 21 1.4546228975138402 0.10396315279728086 0.20311807909643276 -0.20000691872742099 -4.3647316286443057e-17 -0.035414495859570183
22 22 1.4566838620162135 0.069341454070706049 0.12604711978614022 -0.12265971754829914 -2.4524684873544614e-17 -0.029025335439113571
22 23 1.4579209071856554 0.034680534916094838 0.0471009165015982 -0.044305258068270285 -9.6696199728883143e-17 -0.015985632386443033
22 24 1.4583333333333333 8.9297162437827835e-17 0.010949036659847767 -0.010949036659847767 -3.7140765122453013e-17 6.7670106679017989e-17
22 25 1.4579209071856554 -0.034680534916094664 0.047100916501597784 -0.044305258068269862 -3.0471432833139615e-17 0.015985632386442995
22 26 1.4566838620162135 -0.069341454070705869 0.12604711978613997 -0.12265971754829891 5.0639645584801544e-17 0.029025335439113401
22 27 1.4546228975138402 -0.1039631527972807 0.20311807909643273 -0.20000691872742096 -2.4327353322836471e-17 0.035414495859570232
22 28 1.4517391793868557 -0.1385260486128494 0.24054585988707911 -0.23796232424344016 -6.0775769825653716e-18 0.03516024672089408
22 29 1.4480343387037284 -0.17301059229413332 0.23562178108706794 -0.23358019648290679 1.0567532714042275e-17 0.030950210559038589
22 30 1.4435104709705209 -0.20739727893484061 0.21711993007928637 -0.21585418892204572 -8.0052279188449481e-18 0.023410108125337621
22 31 1.4381701349456446 -0.24166665897789311 0.1944922395035083 -0.19402678023919342 4.2319877640815345e-17 0.013447668091598071
22 32 1.4320163511925934 -0.27579934921634985 0.15299932680915712 -0.15295063604974571 -5.8433990405855013e-18 0.0038596549111925287
22 33 1.4250526003714725 -0.30977604375680023 0.093629028777368908 -0.093600923370883327 6.7940183661444254e-17 -0.0022939428744860532
22 34 1.417282821270293 -0.34357752493902993 0.04275188948854694 -0.042391048775906381 6.48804889230769e-17 -0.0055428366852773485
22 35 1.4087114085771408 -0.37718467420577717 0.0080858845943779251 -0.0012308102006860521 6.8443339155448916e-17 -0.0079916603984081687
22 36 1.3993432103944861 -0.41057848291643839 0.042595084619044835 0.04059049987486664 7.9946566050029627e-17 -0.0129132704460195
22 37 1.3891835254970302 -0.44374006309860353 0.073733654173177191 0.071112475136072995 7.2778618901634336e-17 -0.019485061912939593
22 38 1.3782381003346535 -0.47665065813133672 0.082669300216663924 0.079343052849745327 4.3151547029762986e-17 -0.023214072516373127
22 39 1.3665131257821457 -0.50929165335416626 0.077346071516997475 0.073183562786948167 5.9720277122166089e-18 -0.025031598369287256
22 40 1.3540152336375681 -0.54164458659577919 0.05928761345348782 0.053928506251357602 -5.15981526604749e-18 -0.024632038537390155
22 41 1.3407514928712219 -0.57369115861646369 0.036360914278566678 0.029004665559828374 -3.9247065128241304e-17 -0.021928188774629327
22 42 1.3267294056273469 -0.6054132434583982 0.021122256537478176 0.0076168266139386431 -4.3520526472138751e-17 -0.019701108435015414
22 43 1.3119569029808105 -0.63679289869792921 0.01974346509479475 -0.0098590579309722811 -2.7768842517094417e-17 -0.01710565376310158
22 44 1.2964423404511896 -0.66781237559403828 0.025348629567713093 -0.0216171465789727 -2.6527240303716416e-17 -0.01323827763511354
22 45 1.2801944932767795 -0.69845412912726101 0.029302832075181275 -0.028384666616455407 -7.5229721813916031e-18 -0.0072778203260972672
22 46 1.2632225514512057 -0.72870082792337831 0.031442147652635623 -0.031439866436223381 1.5634719474168535e-17 0.000378744613921074
22 47 1.245536114525442 -0.75853536405626876 0.032102483279763547 -0.030774850143741175 2.4111802818855369e-17 0.0091366312915522607
22 48 1.2271451861781826 -0.78794086272437025 0.032354828819261355 -0.027225649669834769 2.299383973845742e-17 0.017481388617015849
23 0 1.2446758316950137 0.79919716076329006 0.03205059843858294 -0.026969648631796819 3.0890033004026721e-17 -0.017317012240820162
23 1 1.2633294875900911 0.7693715835427869 0.0315430342023559 -0.029914886505908948 1.6866315702938189e-17 -0.010003128112224743
23 2 1.2812685879005083 0.73911083975085579 0.030265356010342959 -0.030196350930513052 1.6927042047574038e-17 -0.0020425877983837686
23 3 1.2984829860378766 0.70843204525765047 0.027591179056006391 -0.027086395784431932 -2.2516323250065294e-19 0.0052536011563225548
23 4 1.3149629453147782 0.67735255238823866 0.023313010640107542 -0.020461216178492954 -1.4890758608188961e-17 0.011172962794297027
23 5 1.3306991444519649 0.64588994010789991 0.017581174218720883 -0.0089292645399280477 -3.2967889588530232e-17 0.01514483151722063
23 6 1.3456826828505948 0.61406200407923262 0.019590723348546432 0.008329204639934383 -3.5740804682358814e-17 0.017731914487312924
23 7 1.3599050856265253 0.58188674659669881 0.035845718895816538 0.029973328968929371 -4.319537826670466e-17 0.019659987631690867
23 8 1.3733583084038192 0.5493823664042905 0.059839049534806246 0.055633438155252533 -1.7577663723140256e-17 0.022037068957887474
23 9 1.3860347418647481 0.51656724840208312 0.079304419783245442 0.076121160030133889 -1.1391449877388811e-17 0.022243201047150503
23 10 1.3979272160537202 0.48345995324749858 0.086703009302964068 0.084213343269247842 3.9704405345755866e-17 0.020628248534611524
23 11 1.4090290044327023 0.45007920685715525 0.07917865499907345 0.077203287085805691 3.7837217710195869e-17 0.017575888899539788
23 12 1.4193338276858358 0.41644388981524488 0.048581769638423103 0.0471755934512329 4.2201258261820463e-17 0.011603952935306139
23 13 1.4288358572711004 0.382573026694431 0.0091496054493735556 0.0055346574713666273 1.0279844026116102e-16 0.007285797592155017
23 14 1.4375297187170115 0.348485775295302 0.03780007199980101 -0.037316358861904791 4.9043306140156783e-17 0.0060278358039747501
23 15 1.4454104946624937 0.31420141581046901 0.089646541972820001 -0.089577271389389007 7.5858368194075347e-17 0.0035234838038977639
23 16 1.452473727638202 0.27973933991944039 0.15080663957746751 -0.15080060271781973 5.9541684621324586e-17 -0.0013493556204712013
23 17 1.4587154225877255 0.24511903982043462 0.1968217590159845 -0.1966809429590223 8.3838073652388845e-19 -0.0074438900378831522
23 18 1.4641320491272427 0.21036009720533852 0.22155654417882745 -0.22114101662438398 -1.3324715248866749e-17 -0.013562928695478949
23 19 1.4687205435423532 0.17548217218404968 0.23936935879950705 -0.23863663612132049 -2.7682958903686511e-17 -0.01871485593820112
23 20 1.4724783105209538 0.14050499216446172 0.24371097505119554 -0.24277173622540893 -4.4394052496554378e-18 -0.021375767834277588
23 21 1.475403224621181 0.10544834069438488 0.20510412527677546 -0.20407777976515798 2.1165194584189053e-17 -0.020492974690729627
23 22 1.477493631473588 0.070332046271716131 0.12392789316976492 -0.12302129967751788 -3.9487744114509989e-17 -0.014962704673654707
23 23 1.4787483487168793 0.035175971129181915 0.039299616193341672 -0.038612443869451611 -3.6716142661724393e-17 -0.0073170356957180157
23 24 1.4791666666666667 9.0572836186939672e-17 0.0015676815570047106 -0.0015676815570047106 -1.4407617150603769e-16 -3.5265035416201284e-16
23 25 1.4787483487168793 -0.035175971129181735 0.039299616193341241 -0.038612443869451146 -1.3378873823906352e-16 0.0073170356957181614
23 26 1.477493631473588 -0.070332046271715964 0.12392789316976437 -0.12302129967751731 4.1445880505382121e-17 0.014962704673654719
23 27 1.475403224621181 -0.10544834069438472 0.20510412527677532 -0.20407777976515781 -1.6800778260047192e-17 0.02049297469072953
23 28 1.4724783105209538 -0.14050499216446155 0.24371097505119527 -0.24277173622540862 -8.0880521685425335e-17 0.021375767834277682
23 29 1.4687205435423532 -0.17548217218404952 0.23936935879950669 -0.23863663612132016 -3.507794430867853e-17 0.018714855938200804
23 30 1.4641320491272427 -0.21036009720533838 0.22155654417882747 -0.22114101662438398 -3.6603085425292881e-18 0.013562928695479134
23 31 1.4587154225877255 -0.24511903982043448 0.19682175901598473 -0.19668094295902253 4.0805375364862132e-17 0.0074438900378833101
23 32 1.452473727638202 -0.27973933991944055 0.15080663957746759 -0.15080060271781981 5.1626180956584725e-17 0.0013493556204712393
23 33 1.4454104946624937 -0.31420141581046884 0.089646541972820293 -0.089577271389389271 8.8376377144449474e-17 -0.0035234838038978819
23 34 1.4375297187170115 -0.34848577529530184 0.037800071999801156 -0.037316358861904965 8.2030776625091399e-17 -0.0060278358039746009
23 35 1.4288358572711002 -0.38257302669443116 0.0091496054493734689 0.0055346574713664755 7.9697529930747325e-17 -0.0072857975921550222
23 36 1.4193338276858358 -0.41644388981524472 0.048581769638422874 0.047175593451232664 8.1223360025090994e-17 -0.011603952935306154
23 37 1.4090290044327023 -0.45007920685715508 0.079178654999073408 0.077203287085805677 4.5518174428465609e-17 -0.017575888899539701
23 38 1.3979272160537202 -0.48345995324749874 0.086703009302964013 0.084213343269247773 2.9098361308728124e-17 -0.020628248534611558
23 39 1.3860347418647481 -0.5165672484020829 0.079304419783245456 0.076121160030133903 2.1576176477506979e-17 -0.022243201047150475
23 40 1.3733583084038192 -0.54938236640429028 0.059839049534806385 0.055633438155252665 -1.7623619251433397e-17 -0.022037068957887498
23 41 1.3599050856265251 -0.58188674659669892 0.035845718895816593 0.029973328968929434 -2.8570972785844044e-17 -0.019659987631690877
23 42 1.3456826828505948 -0.6140620040792325 0.019590723348546495 0.0083292046399344542 -3.6594383557226535e-17 -0.017731914487312959
23 43 1.3306991444519651 -0.64588994010789968 0.017581174218720897 -0.0089292645399280217 -2.5085969986330726e-17 -0.015144831517220665
23 44 1.3149629453147782 -0.67735255238823888 0.02331301064010757 -0.020461216178492978 -1.0736504664682328e-17 -0.011172962794297045
23 45 1.2984829860378766 -0.70843204525765047 0.027591179056006398 -0.027086395784431939 -5.9770253139428866e-18 -0.0052536011563225869
23 46 1.2812685879005088 -0.73911083975085523 0.030265356010342956 -0.030196350930513049 1.132804174005777e-17 0.0020425877983837491
23 47 1.2633294875900913 -0.7693715835427869 0.031543034202355907 -0.029914886505908969 1.7607867534433288e-17 0.010003128112224705
23 48 1.2446758316950137 -0.79919716076328995 0.03205059843858294 -0.026969648631796822 2.0860589281505081e-17 0.017317012240820159
24 0 1.2622064772118446 0.81045345880220965 0.0316165377519377 -0.026604399158339054 2.0287392869524213e-17 -0.01708248825093903
24 1 1.2811228606547402 0.78020780302930504 0.030954629360383477 -0.029024909455572324 1.4974670058914552e-17 -0.010758425067571131
24 2 1.2993146243498113 0.74952085157833248 0.029294030492645801 -0.029069937628456815 9.0903508028713125e-18 -0.0036164829298218145
24 3 1.3167714787989733 0.71840996138803981 0.026317230909105711 -0.026115834406951303 5.4158026386382308e-18 0.0032495901205979076
24 4 1.3334835501783666 0.68689272918243915 0.021846365783310905 -0.019895024425330313 -7.1623606784929129e-18 0.0090250596149680801
24 5 1.3494413859231194 0.65498698151787027 0.015810164759996456 -0.0089599945235134173 -2.1068372471025974e-17 0.013026120215814199
24 6 1.3646359600738425 0.62271076470006692 0.017286595505469866 0.0076609882462619497 -2.5248115577621825e-17 0.015496310633836921
24 7 1.3790586783818286 0.59008233457693404 0.03372920085245109 0.029120493497972747 -2.5887164391347314e-17 0.017019278732646526
24 8 1.3927013831700701 0.55712014621280159 0.058221969980655486 0.055063394998333764 -2.5469606857411983e-17 0.018916139132651246
24 9 1.40555635794735 0.52384284344999976 0.078891091075055236 0.076648965894652255 -3.8721630773565729e-18 0.018674589106405924
24 10 1.4176163317727866 0.49026924836366048 0.088429161442060977 0.086778686335997779 3.2425083425232315e-17 0.01700518130290286
24 11 1.428874483368374 0.45641835061570668 0.08256090593341095 0.081273598626373914 5.2343053901036168e-17 0.014522580861011009
24 12 1.4393244449771856 0.42230929671405115 0.052979486390187347 0.052234719218511305 7.1528905278679142e-17 0.0088521232668401211
24 13 1.4489603059650595 0.38796137918308493 0.012408497684972843 0.011280496725897855 6.6340284149295242e-17 0.0051692560794551678
24 14 1.45777661616373 0.35339402565157385 0.033318855932212191 -0.032844338219508697 8.4762283060345186e-17 0.0056031783439430046
24 15 1.4657683889535147 0.31862678786413756 0.0863979978340296 -0.086306607334349181 7.6870545511982282e-17 0.0039728528997999861
24 16 1.4729311040838104 0.28367933062253109 0.14798227490467727 -0.14798069882565218 6.8511256088373492e-17 0.00068297952758550296
24 17 1.4792607102298061 0.24857142066297594 0.19705090460981478 -0.19705086495575297 6.3238801847953854e-17 -0.00012501094328176655
24 18 1.4847536272839643 0.21332291547583626 0.22458078663543407 -0.2245776075407856 -1.3616854187157806e-17 -0.0011949548306314757
24 19 1.4894067483809779 0.17795375207396585 0.24277343046514108 -0.24272342839292835 -7.5241372094577156e-17 -0.0049270527697259474
24 20 1.4932174416550517 0.14248393571607385 0.24646358523868203 -0.24635804777447648 -5.3135310837742979e-17 -0.0072118753077027326
24 21 1.4961835517285214 0.10693352859148889 0.20766725414298651 -0.2076160835192318 -3.1578552907409928e-17 -0.0046098055732428167
24 22 1.4983034009309626 0.071322638472726213 0.12462461927960701 -0.12462188347543406 -4.4182681100774297e-17 0.00082576608209017929
24 23 1.4995757902481028 0.035671407342268979 0.037482613588685883 -0.037361280123586416 3.6163405990893177e-17 0.0030134812037983191
24 24 1.5 9.1848509936051484e-17 0.00053799102665659743 0.00053799102665659743 -1.1549360692440423e-16 -3.6618657123478421e-17
24 25 1.4995757902481028 -0.035671407342268799 0.037482613588685321 -0.037361280123585847 8.5966228082336451e-17 -0.0030134812037983551
24 26 1.4983034009309626 -0.071322638472726047 0.12462461927960664 -0.12462188347543368 -8.3300711528526387e-17 -0.00082576608208986141
24 27 1.4961835517285214 -0.10693352859148872 0.20766725414298592 -0.20761608351923122 2.8362149736090856e-17 0.0046098055732427248
24 28 1.4932174416550517 -0.14248393571607365 0.24646358523868148 -0.2463580477744759 -6.3297158933520238e-17 0.0072118753077025904
24 29 1.4894067483809779 -0.17795375207396569 0.2427734304651416 -0.2427234283929289 -4.7122032903747627e-17 0.0049270527697261061
24 30 1.4847536272839643 -0.21332291547583609 0.22458078663543404 -0.22457760754078554 2.5673575134331312e-17 0.0011949548306316679
24 31 1.4792607102298061 -0.24857142066297577 0.197050904609815 -0.19705086495575316 7.218582296089569e-17 0.000125010943282109
24 32 1.4729311040838104 -0.28367933062253126 0.14798227490467755 -0.14798069882565248 2.7132514467279269e-17 -0.00068297952758555967
24 33 1.4657683889535147 -0.3186267878641374 0.086397997834029863 -0.086306607334349417 8.8912804782113018e-17 -0.0039728528998000017
24 34 1.45777661616373 -0.35339402565157363 0.033318855932212496 -0.032844338219509002 1.1707557671934047e-16 -0.0056031783439430272
24 35 1.4489603059650593 -0.38796137918308515 0.012408497684972694 0.011280496725897709 6.6709928865893211e-17 -0.0051692560794551253
24 36 1.4393244449771856 -0.42230929671405093 0.05297948639018718 0.052234719218511139 6.1514508858296491e-17 -0.0088521232668400604
24 37 1.428874483368374 -0.45641835061570651 0.082560905933410936 0.081273598626373886 3.5093012313012873e-17 -0.014522580861011073
24 38 1.4176163317727866 -0.4902692483636607 0.08842916144206095 0.086778686335997751 1.6805609767170623e-17 -0.017005181302902871
24 39 1.40555635794735 -0.52384284344999954 0.078891091075055306 0.076648965894652324 4.5191778595892159e-18 -0.0186745891064059
24 40 1.3927013831700701 -0.55712014621280148 0.058221969980655687 0.055063394998333966 -2.6081860089310577e-17 -0.018916139132651277
24 41 1.3790586783818284 -0.59008233457693415 0.033729200852451138 0.02912049349797281 -2.8286737694384401e-17 -0.017019278732646515
24 42 1.3646359600738425 -0.6227107647000667 0.017286595505469907 0.0076609882462620304 -3.3769302762088226e-17 -0.015496310633836928
24 43 1.3494413859231194 -0.65498698151787005 0.015810164759996484 -0.0089599945235134086 -2.2912009036243881e-17 -0.013026120215814238
24 44 1.3334835501783666 -0.68689272918243938 0.021846365783310916 -0.019895024425330317 -1.435465249142138e-17 -0.0090250596149680975
24 45 1.3167714787989733 -0.71840996138803992 0.026317230909105725 -0.026115834406951307 -6.1909441365200795e-18 -0.0032495901205979619
24 46 1.2993146243498117 -0.74952085157833204 0.029294030492645822 -0.029069937628456843 5.2324900772076194e-18 0.0036164829298217568
24 47 1.2811228606547402 -0.78020780302930504 0.030954629360383498 -0.029024909455572359 1.9330349335908996e-17 0.010758425067571116
24 48 1.2622064772118449 -0.81045345880220943 0.0316165377519377 -0.026604399158339058 1.7835985236364371e-17 0.017082488250939026
25 0 1.2797371227286758 0.82170975684112924 0.030876706868111347 -0.025981852935934396 1.406032924479742e-17 -0.016682755918455187
25 1 1.2989162337193894 0.79104402251582318 0.030128237232119427 -0.027923619896061916 1.4475659212859778e-17 -0.011312918748719196
25 2 1.3173606607991142 0.75993086340580929 0.028238518287476165 -0.027793213318831476 7.1089847940074983e-18 -0.0049951184656677125
25 3 1.3350599715600699 0.72838787751842926 0.025083392643733327 -0.025045539863880258 1.2365354725898878e-18 0.0013775047900025431
25 4 1.3520041550419548 0.69643290597663965 0.020494788362023463 -0.019281224592977313 -6.1361704685125341e-18 0.0069477138829473388
25 5 1.3681836273942736 0.66408402292784063 0.014158149310700566 -0.009019267815655636 -1.7617521209428742e-17 0.010913569534005331
25 6 1.3835892372970904 0.63135952532090112 0.014911581792918349 0.0068743717610642817 -2.2853400425283785e-17 0.013232470837208597
25 7 1.3982122711371316 0.59827792255716916 0.031468591931837674 0.02800665547267921 -2.4693300460012454e-17 0.014349199538899966
25 8 1.4120444579363209 0.56485792602131268 0.056297446067257 0.054065565406612504 -1.8693685507740847e-17 0.015694491739429363
25 9 1.425077974029952 0.5311184384979164 0.078254145434056219 0.076812546009744423 6.2617135598241326e-18 0.014951389671710011
25 10 1.437305447491853 0.49707854347982244 0.089918225842077593 0.088935824204219652 1.7004461673669255e-17 0.013255433289900765
25 11 1.4487199623040459 0.46275749437425812 0.08590753755722115 0.085170899087082669 6.3406794089517551e-17 0.011225994737364943
25 12 1.4593150622685354 0.42817470361285737 0.057712844534799655 0.057395582222934859 7.9957739872202965e-17 0.0060431420294643663
25 13 1.4690847546590187 0.39334973167173892 0.016785491933374294 0.016455466567102808 1.2422361735152907e-16 0.0033121533032659171
25 14 1.4780235136104485 0.3583022760078457 0.029119121916993247 -0.028640034293595653 1.5797111103027419e-16 0.0052603894226931243
25 15 1.4861262832445357 0.32305215991780611 0.084222135607278148 -0.084108075415437397 9.6597953876234612e-17 0.0043817549180486274
25 16 1.4933884805294189 0.28761932132562179 0.14713173186495479 -0.1471072655338293 1.0086750029885907e-16 0.0026830856751862077
25 17 1.4998059978718865 0.25202380150551729 0.19848322418131506 -0.19836194202465643 1.1484651050508426e-16 0.0069375959537165497
25 18 1.5053752054406859 0.21628573374633397 0.23069231031262422 -0.23045610487910381 4.5324283496867849e-17 0.01043675051573127
25 19 1.5100929532196026 0.18042533196388205 0.25219997959749374 -0.25207283614255599 -9.9529426745384174e-19 0.0080071835263321092
25 20 1.5139565727891495 0.14446287926768597 0.25766486596221544 -0.25758469526160038 6.0234256500914312e-17 0.0064271236424175504
25 21 1.5169638788358619 0.1084187164885929 0.22105941273854246 -0.2207995517711939 -6.1992935596073123e-17 0.010715498026183228
25 22 1.5191131703883369 0.072313230673736309 0.14153901205312355 -0.14062209504689391 -1.3854598334062592e-16 0.016084723112213963
25 23 1.5204032317793263 0.03616684355535605 0.057693884408760408 -0.056193908159011159 -1.4137037640059902e-16 0.01307015623426234
25 24 1.5208333333333333 9.3124183685163309e-17 0.019814246605535046 -0.019814246605535046 -3.5624244811826617e-17 2.379525309466826e-18
25 25 1.5204032317793263 -0.036166843555355863 0.057693884408759999 -0.05619390815901075 -9.0287904015865062e-17 -0.013070156234262303
25 26 1.5191131703883369 -0.072313230673736129 0.14153901205312389 -0.14062209504689424 -6.7079951966514872e-17 -0.016084723112214084
25 27 1.5169638788358619 -0.10841871648859273 0.22105941273854246 -0.22079955177119387 -3.6513701489264791e-17 -0.010715498026183455
25 28 1.5139565727891495 -0.14446287926768578 0.25766486596221538 -0.25758469526160027 1.6067729209208565e-17 -0.0064271236424174672
25 29 1.5100929532196026 -0.18042533196388189 0.25219997959749368 -0.25207283614255593 8.7334613422224234e-18 -0.008007183526331731
25 30 1.5053752054406859 -0.21628573374633378 0.23069231031262455 -0.23045610487910412 1.6654808730477918e-17 -0.01043675051573149
25 31 1.4998059978718865 -0.25202380150551712 0.19848322418131537 -0.19836194202465668 1.1649020678610776e-16 -0.0069375959537166043
25 32 1.4933884805294189 -0.28761932132562196 0.14713173186495523 -0.14710726553382975 1.1827436195222285e-16 -0.0026830856751861821
25 33 1.4861262832445357 -0.32305215991780595 0.084222135607278426 -0.084108075415437675 7.9479791873574245e-17 -0.0043817549180486665
25 34 1.4780235136104485 -0.35830227600784548 0.02911912191699333 -0.028640034293595747 1.28991471850398e-16 -0.0052603894226930566
25 35 1.4690847546590184 -0.39334973167173909 0.01678549193337419 0.016455466567102697 5.0153829577563543e-17 -0.0033121533032659219
25 36 1.4593150622685354 -0.4281747036128572 0.057712844534799357 0.05739558222293456 8.0454997096881384e-17 -0.006043142029464316
25 37 1.4487199623040459 -0.46275749437425795 0.085907537557221053 0.085170899087082558 4.9982710107970837e-17 -0.011225994737364834
25 38 1.437305447491853 -0.49707854347982261 0.089918225842077606 0.088935824204219666 9.5169384333890977e-18 -0.013255433289900769
25 39 1.425077974029952 -0.53111843849791618 0.078254145434056177 0.076812546009744381 4.5258405447166787e-18 -0.01495138967171003
25 40 1.4120444579363209 -0.56485792602131257 0.056297446067257138 0.054065565406612628 -2.7595988576321076e-17 -0.01569449173942938
25 41 1.3982122711371314 -0.59827792255716927 0.031468591931837743 0.028006655472679293 -2.8472312233862089e-17 -0.014349199538899958
25 42 1.3835892372970904 -0.63135952532090089 0.014911581792918412 0.006874371761064365 -3.6187146495935687e-17 -0.013232470837208623
25 43 1.3681836273942738 -0.66408402292784041 0.014158149310700556 -0.00901926781565561 -9.2244118675165244e-18 -0.01091356953400534
25 44 1.3520041550419548 -0.69643290597663987 0.020494788362023446 -0.019281224592977292 -1.1056219292686506e-18 -0.0069477138829473501
25 45 1.3350599715600699 -0.72838787751842937 0.025083392643733347 -0.025045539863880278 -6.5597510846344273e-19 -0.0013775047900025841
25 46 1.3173606607991144 -0.75993086340580884 0.0282385182874762 -0.027793213318831524 1.2144979559396531e-17 0.0049951184656676501
25 47 1.2989162337193894 -0.79104402251582318 0.030128237232119465 -0.027923619896061964 9.7987311690164784e-18 0.011312918748719182
25 48 1.279737122728676 -0.82170975684112901 0.030876706868111385 -0.025981852935934434 1.2464168202858334e-17 0.016682755918455205
26 0 1.2972677682455072 0.83296605488004882 0.029892750800046844 -0.025153882454332453 1.2506121147042026e-17 -0.016151122186006988
26 1 1.3167096067840385 0.80188024200234131 0.029133135186605423 -0.026697240964174161 1.7639390201388991e-17 -0.011661770478870175
26 2 1.3354066972484171 0.7703408752332862 0.027204885210890657 -0.026500229607833548 9.8380066030548029e-18 -0.0061517160264303074
26 3 1.3533484643211671 0.73836579364881871 0.024084892456103943 -0.0240828131184639 -2.3949396409313599e-18 -0.00031647578617606829
26 4 1.3705247599055435 0.70597308277084025 0.019571070947530547 -0.018929158591017736 -1.575573011992017e-17 0.0049712949087107675
26 5 1.3869258688654282 0.67318106433781111 0.013019282413845038 -0.0095523733190226306 -1.1109468162143981e-17 0.0088461222321127367
26 6 1.4025425145203383 0.64000828594173542 0.012175558496025521 0.0053272125425550144 -3.1711076529222364e-17 0.010948288962965116
26 7 1.4173658638924349 0.60647351053740439 0.028245150609951371 0.025732846658322286 -2.7185630184025323e-17 0.011645133568925173
26 8 1.4313875327025722 0.57259570582982389 0.052973342535855047 0.051523082133842359 -3.3605746324140725e-18 0.012310443812079404
26 9 1.4445995901125543 0.53839403354583304 0.075792234828627292 0.075005047029825744 -1.8898171942771973e-17 0.010895218234226066
26 10 1.4569945632109196 0.50388783859598441 0.089361566818429175 0.088903142741456248 3.5843574430958709e-17 0.0090399576844605953
26 11 1.4685654412397178 0.46909663813280966 0.087170869157582681 0.086886309189888711 2.5189650490994362e-17 0.0070377343689187527
26 12 1.4793056795598853 0.43404011051166369 0.06029206501376317 0.060246608270178914 7.5424342145121722e-17 0.0023407895171189881
26 13 1.4892092033529778 0.39873808416039291 0.019398236464153704 0.01937290892975313 9.4481519363589972e-17 0.00099094778808676647
26 14 1.498270411057167 0.3632105263641176 0.026465944944871651 -0.026175021501028961 9.7189267730286757e-17 0.0039133733843895978
26 15 1.5064841775355569 0.32747753197147472 0.083370447352611593 -0.083259853463891823 1.0471350104473971e-16 0.0042928187646165579
26 16 1.5138458569750275 0.29155931202871255 0.14651402717791048 -0.14640756340382741 7.7631831668221728e-17 0.0055844013147120317
26 17 1.5203512855139674 0.25547618234805863 0.19804216591220281 -0.19755113848999295 6.2970400430575769e-17 0.013937257998045734
26 18 1.525996783597408 0.21924855201683172 0.23430290790985084 -0.23334246953497817 1.0615873069523459e-16 0.021193031079339227
26 19 1.5307791580582273 0.18289691185379825 0.25996853221183447 -0.2591028871008092 9.9550761510481054e-17 0.021197444100667505
26 20 1.5346957039232476 0.14644182281929813 0.2670017020943119 -0.26613042409404192 -3.7338789905451849e-17 0.021552408050726946
26 21 1.5377442059432027 0.10990390438569693 0.23229764701831859 -0.23070434671082185 -1.1291749702196743e-16 0.027160655717052236
26 22 1.5399229398457115 0.073303822874746391 0.15951196377122123 -0.15645576123211061 -1.3412170346301949e-16 0.031075092331836925
26 23 1.5412306733105503 0.036662279768443121 0.083261080808252022 -0.080226753454202521 -1.6765657451823295e-16 0.022272754826398945
26 24 1.5416666666666667 9.4399857434275146e-17 0.046857389632900405 -0.046857389632900405 -1.4109412211407789e-16 8.7394249604715495e-17
26 25 1.5412306733105503 -0.036662279768442933 0.083261080808251606 -0.080226753454202049 -1.3385010206919828e-16 -0.022272754826399056
26 26 1.5399229398457115 -0.073303822874746211 0.1595119637712209 -0.15645576123211027 -2.2569272817180305e-16 -0.031075092331836966
26 27 1.5377442059432027 -0.10990390438569675 0.23229764701831795 -0.23070434671082121 -7.8589484849888045e-17 -0.027160655717052003
26 28 1.5346957039232476 -0.14644182281929793 0.2670017020943119 -0.26613042409404192 -8.6153683663062531e-17 -0.021552408050726817
26 29 1.5307791580582273 -0.18289691185379808 0.25996853221183391 -0.25910288710080864 -1.5244808810381e-17 -0.021197444100667658
26 30 1.525996783597408 -0.21924855201683155 0.23430290790985073 -0.23334246953497803 1.0447931325969222e-16 -0.021193031079339297
26 31 1.5203512855139674 -0.25547618234805847 0.19804216591220308 -0.19755113848999323 1.1051038516288436e-16 -0.013937257998045755
26 32 1.5138458569750275 -0.29155931202871271 0.14651402717791104 -0.14640756340382791 4.1055209205675569e-17 -0.0055844013147120916
26 33 1.5064841775355569 -0.32747753197147456 0.083370447352611926 -0.083259853463892156 1.2254909040809555e-16 -0.0042928187646165501
26 34 1.498270411057167 -0.36321052636411738 0.026465944944871821 -0.026175021501029138 1.0659127773620496e-16 -0.0039133733843895605
26 35 1.4892092033529778 -0.39873808416039308 0.019398236464153486 0.019372908929752897 8.0462516930791887e-17 -0.00099094778808692216
26 36 1.4793056795598853 -0.43404011051166352 0.060292065013762892 0.06024660827017865 4.917408376187172e-17 -0.0023407895171188766
26 37 1.4685654412397178 -0.4690966381328095 0.087170869157582584 0.086886309189888614 2.8471457733387383e-17 -0.0070377343689186911
26 38 1.4569945632109196 -0.50388783859598463 0.089361566818429244 0.088903142741456304 2.5562932150541813e-17 -0.0090399576844607116
26 39 1.4445995901125543 -0.53839403354583293 0.075792234828627375 0.075005047029825841 -4.683099782694733e-18 -0.010895218234225998
26 40 1.4313875327025722 -0.57259570582982366 0.0529733425358552 0.051523082133842511 -1.4034111707024106e-17 -0.012310443812079427
26 41 1.4173658638924347 -0.6064735105374045 0.028245150609951489 0.025732846658322397 -2.0886837598679117e-17 -0.011645133568925208
26 42 1.4025425145203383 -0.6400082859417352 0.012175558496025527 0.005327212542555056 -2.3522630932690635e-17 -0.010948288962965104
26 43 1.3869258688654285 -0.673181064337811 0.013019282413845035 -0.009552373319022596 -2.1874724915558648e-17 -0.0088461222321127714
26 44 1.3705247599055435 -0.70597308277084048 0.019571070947530557 -0.018929158591017743 -1.1679527739607807e-17 -0.0049712949087107891
26 45 1.3533484643211671 -0.73836579364881882 0.024084892456103971 -0.024082813118463928 1.4686562349233777e-18 0.00031647578617602281
26 46 1.3354066972484175 -0.77034087523328576 0.027204885210890678 -0.026500229607833572 6.9275683099100366e-18 0.0061517160264302753
26 47 1.3167096067840387 -0.80188024200234131 0.029133135186605423 -0.026697240964174172 9.5357182658754636e-18 0.011661770478870154
26 48 1.2972677682455074 -0.83296605488004871 0.029892750800046882 -0.025153882454332491 1.708382816388247e-17 0.016151122186007005
27 0 1.3147984137623383 0.84422235291896841 0.028622646614824696 -0.024085126634784942 1.063981505131188e-17 -0.015464881966038688
27 1 1.3345029798486876 0.81271646148885945 0.02790826070040877 -0.025305493188987838 1.0366653710047805e-17 -0.011768731018426355
27 2 1.35345273369772 0.78075088706076301 0.026086965760688412 -0.025122831313835279 8.8473370149862536e-18 -0.0070266015523798601
27 3 1.3716369570822637 0.74834370977920817 0.023165579699473311 -0.023098785063282497 4.1587790868078063e-18 -0.0017578997164022943
27 4 1.3890453647691319 0.71551325956504086 0.018895746421245641 -0.01862234863462359 -6.199702998145859e-18 0.0032027119986895898
27 5 1.4056681103365827 0.68227810574778147 0.012340561865649406 -0.010199685682375489 -1.9049350030168798e-17 0.0069466451716396725
27 6 1.421495791743586 0.64865704656256962 0.009517011101356854 0.0035265652265990288 -2.5464031502245944e-17 0.0088395043982053747
27 7 1.4365194566477379 0.61466909851763962 0.024801449248652394 0.023038325494903058 -2.6562896859974723e-17 0.0091840864120706148
27 8 1.4507306074688231 0.58033348563833498 0.049253192923070531 0.048379047977332786 -1.115960032395133e-17 0.0092382211450114902
27 9 1.4641212061951563 0.54566962859374968 0.072688890494016542 0.072329562097977293 -9.086545712591711e-18 0.00721867356000908
27 10 1.476683678929986 0.51069713371214631 0.088425677041565884 0.088263906709043535 6.8277216085814356e-18 0.005346319548677622
27 11 1.4884109201753897 0.47543578189136115 0.08823583335614596 0.088175158758197536 5.2396291161988614e-17 0.0032716457663108456
27 12 1.4992962968512351 0.4399055174104699 0.062743854939238092 0.062739237065897568 6.0892959070638085e-17 -0.00076122600143340867
27 13 1.5093336520469369 0.40412643664904685 0.022829992999621938 0.022819179315918571 1.2695910666816751e-16 -0.00070259213683386426
27 14 1.5185173085038854 0.36811877672038945 0.024490996073267192 -0.024395839234697174 1.3321853643298848e-16 0.0021568302426475581
27 15 1.5268420718265778 0.33190290402514333 0.083543350932651902 -0.083483169669078483 8.7157366964402729e-17 0.0031704679560094445
27 16 1.5343032334206359 0.29549930273180325 0.14703771907922922 -0.14686594520740309 1.1954009993541477e-16 0.0071052776411905123
27 17 1.540896573156048 0.25892856319059993 0.19978416362950041 -0.19902275873574124 1.5058976840064808e-16 0.017425657587417973
27 18 1.5466183617541296 0.22221137028732943 0.24071171068288541 -0.23921951095342894 1.0425430852153023e-16 0.026761039574041599
27 19 1.551465362896852 0.18536849174371445 0.27165390713776627 -0.26996431905184759 5.5504622450793657e-17 0.030250813246694663
27 20 1.5554348350573455 0.14842076637091026 0.28105569815363102 -0.27896838878781327 -4.2249468762297595e-17 0.034189816053269359
27 21 1.5585245330505431 0.11138909228280093 0.24974872994150257 -0.2462931387728563 3.3043242085766684e-17 0.041401906970671636
27 22 1.5607327093030861 0.074294415075756473 0.18444339285214484 -0.17924357160671708 -2.1779985688608482e-17 0.04348686243543351
27 23 1.5620581148417738 0.037157715981530191 0.11714546269028722 -0.113413714149948 -2.08612090941506e-17 0.029332386054246654
27 24 1.5625 9.567553118338697e-17 0.085587315220881005 -0.085587315220881005 -5.0163069365323e-17 2.5464133024984432e-16
27 25 1.5620581148417738 -0.037157715981529997 0.11714546269028694 -0.11341371414994776 -6.5667178415857508e-17 -0.02933238605424647
27 26 1.5607327093030861 -0.074294415075756293 0.18444339285214484 -0.17924357160671703 -5.5195041271105737e-18 -0.043486862435433864
27 27 1.5585245330505431 -0.11138909228280075 0.24974872994150227 -0.24629313877285594 -1.3438552870882172e-16 -0.041401906970671767
27 28 1.5554348350573455 -0.14842076637091006 0.28105569815363141 -0.27896838878781366 -3.4894009649027664e-17 -0.034189816053269477
27 29 1.551465362896852 -0.18536849174371428 0.27165390713776594 -0.2699643190518472 2.6439764460189456e-17 -0.030250813246694677
27 30 1.5466183617541296 -0.22221137028732926 0.24071171068288519 -0.23921951095342875 7.8864020905088015e-17 -0.026761039574041454
27 31 1.540896573156048 -0.25892856319059976 0.19978416362950077 -0.1990227587357416 8.1651599842417541e-17 -0.017425657587418014
27 32 1.5343032334206359 -0.29549930273180341 0.14703771907922955 -0.14686594520740343 1.2742751252453893e-16 -0.0071052776411905001
27 33 1.5268420718265778 -0.33190290402514311 0.083543350932652166 -0.083483169669078761 1.0658841453375635e-16 -0.0031704679560095282
27 34 1.5185173085038854 -0.36811877672038923 0.024490996073267442 -0.024395839234697413 1.2278576568518429e-16 -0.0021568302426476682
27 35 1.5093336520469367 -0.40412643664904702 0.022829992999621667 0.0228191793159183 5.2639270811776328e-17 0.00070259213683385559
27 36 1.4992962968512351 -0.43990551741046974 0.062743854939237745 0.062739237065897208 6.3435439147625028e-17 0.00076122600143345952
27 37 1.4884109201753897 -0.47543578189136093 0.088235833356145779 0.088175158758197369 4.2626400866322328e-17 -0.0032716457663107433
27 38 1.476683678929986 -0.51069713371214653 0.088425677041565953 0.088263906709043591 1.4446837015823315e-17 -0.0053463195486776463
27 39 1.4641212061951563 -0.54566962859374957 0.072688890494016598 0.072329562097977348 1.5975339103165144e-20 -0.007218673560009028
27 40 1.4507306074688231 -0.58033348563833487 0.049253192923070635 0.048379047977332883 -2.0496179208944549e-17 -0.0092382211450114937
27 41 1.4365194566477379 -0.61466909851763973 0.024801449248652477 0.023038325494903165 -2.6029418035302396e-17 -0.0091840864120705662
27 42 1.421495791743586 -0.64865704656256951 0.0095170111013568696 0.0035265652265990951 -2.3577347564090138e-17 -0.0088395043982053625
27 43 1.4056681103365827 -0.68227810574778136 0.012340561865649404 -0.010199685682375474 -1.0757177812110923e-17 -0.0069466451716396933
27 44 1.3890453647691319 -0.71551325956504097 0.018895746421245644 -0.01862234863462359 6.3899229508782467e-18 -0.0032027119986896254
27 45 1.3716369570822637 -0.74834370977920828 0.023165579699473304 -0.023098785063282494 7.3298648792734851e-19 0.0017578997164022442
27 46 1.3534527336977205 -0.78075088706076257 0.026086965760688408 -0.025122831313835293 7.5335965140396479e-18 0.0070266015523798107
27 47 1.3345029798486878 -0.81271646148885945 0.027908260700408794 -0.025305493188987872 7.619991226795448e-18 0.011768731018426345
27 48 1.3147984137623385 -0.84422235291896819 0.028622646614824721 -0.024085126634784966 1.1666808056478149e-17 0.015464881966038698
28 0 1.3323290592791694 0.85547865095788789 0.027091870022886981 -0.022797022548446236 1.4192873699805689e-17 -0.014637799843645768
28 1 1.3522963529133367 0.82355268097537748 0.026469693912780021 -0.023778620783965559 1.3995171978345006e-17 -0.011628494719808952
28 2 1.3714987701470229 0.79116089888823982 0.024886928975367779 -0.023697438117363592 9.2594159903734118e-18 -0.0076020168704576856
28 3 1.3899254498433606 0.75832162590959762 0.02233701971501794 -0.022145656167424546 4.8479488137524342e-18 -0.0029175953563356379
28 4 1.4075659696327201 0.72505343635924135 0.018495068735474372 -0.018421216300756278 2.9663440903316478e-18 0.001651168534908775
28 5 1.4244103518077369 0.69137514715775195 0.01225470388701623 -0.011096032560192209 -1.3670037895332453e-17 0.0052015217755580949
28 6 1.4404490689668337 0.65730580718340392 0.0069426028538459288 0.0012614838074168915 -2.1250640567598615e-17 0.006827033981888081
28 7 1.4556730494030412 0.62286468649787474 0.02070242964464904 0.019555847486215361 -2.2922556492471828e-17 0.0067940725847997598
28 8 1.470073682235074 0.58807126544684607 0.04429443774599065 0.0438632362731824 -1.2932382552358216e-18 0.0061655266503695674
28 9 1.4836428222777582 0.55294522364166632 0.06784872168284975 0.067762910498280093 -1.2239771726172998e-17 0.0034113039733928104
28 10 1.4963727946490524 0.51750642882830833 0.085371823022516433 0.085362267973853601 2.1383466997878241e-17 0.0012772519516029027
28 11 1.5082563991110614 0.48177492564991259 0.086621681495118827 0.086615751615987488 1.55174692310409e-17 -0.0010135467623020816
28 12 1.5192869141425849 0.44577092430927617 0.062842137887686736 0.062693520763423827 6.6986710951095565e-18 -0.0043193458510725471
28 13 1.5294581007408961 0.40951478913770079 0.024217133279100019 0.024085919425360959 7.9653356963177316e-17 -0.0025175443775062763
28 14 1.5387642059506039 0.3730270270766613 0.025120040161068218 -0.025103917572680004 7.7429400801059978e-17 0.00089985565385139693
28 15 1.5471999661175988 0.33632827607881188 0.084501950458250139 -0.084445457540767835 1.0801005266861997e-16 0.0030893902276882871
28 16 1.5547606098662443 0.29943929343489395 0.14631958204394852 -0.1459883797505 1.1087240815132518e-16 0.0098393631572159298
28 17 1.5614418607981284 0.26238094403314127 0.1998214585852697 -0.19869040778129607 8.4338929592074123e-17 0.021230571514844799
28 18 1.5672399399108512 0.22517418855782714 0.24392595068919523 -0.24193471428318444 1.2303653149101871e-16 0.031104074400978721
28 19 1.5721515677354765 0.18784007163363062 0.2769849159769972 -0.27438332846992469 -6.2171177902711358e-18 0.037873905747224303
28 20 1.5761739661914433 0.15039970992252238 0.28725011931219613 -0.28355859049399584 2.2014501171124314e-18 0.045903777643340603
28 21 1.5793048601578836 0.11287428017990493 0.25979189095508626 -0.25405146588964 -2.0694341966158851e-17 0.054310949958038084
28 22 1.5815424787604604 0.075285007276766555 0.20264532326734974 -0.19531818442385473 -4.7260954628627696e-17 0.053999387732619301
28 23 1.5828855563729973 0.037653152194617255 0.1432904331905582 -0.13892840153250716 -5.2865275990989148e-17 0.035086286374597785
28 24 1.5833333333333333 9.6951204932498795e-17 0.11598373290942039 -0.11598373290942039 -1.3309201155698415e-16 9.8273854088539572e-17
28 25 1.5828855563729973 -0.037653152194617061 0.14329043319055726 -0.13892840153250624 -8.3441896009156979e-17 -0.035086286374597493
28 26 1.5815424787604604 -0.075285007276766375 0.20264532326734946 -0.19531818442385443 2.643767123515766e-17 -0.053999387732619281
28 27 1.5793048601578836 -0.11287428017990477 0.25979189095508626 -0.25405146588963995 -1.1661865842835706e-16 -0.054310949958038125
28 28 1.5761739661914433 -0.15039970992252219 0.28725011931219568 -0.28355859049399545 -8.3789090930915679e-17 -0.045903777643340457
28 29 1.5721515677354765 -0.18784007163363045 0.27698491597699726 -0.27438332846992464 3.7297025548203087e-17 -0.03787390574722465
28 30 1.5672399399108512 -0.22517418855782698 0.24392595068919537 -0.24193471428318453 8.8519924806695744e-17 -0.031104074400979002
28 31 1.5614418607981284 -0.26238094403314111 0.19982145858527009 -0.19869040778129646 5.6111101383440149e-17 -0.021230571514844792
28 32 1.5547606098662443 -0.29943929343489412 0.14631958204394876 -0.14598837975050025 9.0749595645155625e-17 -0.0098393631572159853
28 33 1.5471999661175988 -0.33632827607881172 0.084501950458250499 -0.08444545754076821 1.0673955437754805e-16 -0.0030893902276881466
28 34 1.5387642059506039 -0.37302702707666108 0.02512004016106862 -0.025103917572680403 7.2056648919500404e-17 -0.00089985565385148139
28 35 1.5294581007408958 -0.40951478913770095 0.024217133279099752 0.024085919425360692 7.7130934843307535e-17 0.0025175443775061891
28 36 1.5192869141425849 -0.44577092430927601 0.062842137887686458 0.062693520763423549 5.7926683108097674e-17 0.0043193458510725801
28 37 1.5082563991110614 -0.48177492564991242 0.086621681495118855 0.086615751615987502 2.6972517399765737e-17 0.0010135467623021215
28 38 1.4963727946490524 -0.51750642882830844 0.085371823022516474 0.085362267973853642 2.6227826922384754e-17 -0.0012772519516029664
28 39 1.4836428222777582 -0.55294522364166621 0.067848721682849902 0.06776291049828026 -7.2817295073516326e-18 -0.0034113039733928235
28 40 1.470073682235074 -0.58807126544684596 0.04429443774599081 0.043863236273182546 -3.3977755569775517e-18 -0.0061655266503695908
28 41 1.455673049403041 -0.62286468649787485 0.020702429644649099 0.019555847486215416 -2.0398671234197786e-17 -0.0067940725847997849
28 42 1.4404490689668337 -0.6573058071834037 0.0069426028538459089 0.0012614838074169481 -1.8076850013570447e-17 -0.0068270339818880497
28 43 1.4244103518077371 -0.69137514715775172 0.012254703887016223 -0.011096032560192174 -9.15040798880131e-18 -0.0052015217755581522
28 44 1.4075659696327201 -0.72505343635924147 0.018495068735474376 -0.018421216300756282 -5.6180804946345391e-18 -0.0016511685349088049
28 45 1.3899254498433606 -0.75832162590959762 0.02233701971501793 -0.022145656167424539 9.3481484296968936e-20 0.0029175953563356062
28 46 1.3714987701470234 -0.79116089888823937 0.024886928975367806 -0.023697438117363637 5.9498212928277359e-18 0.00760201687045765
28 47 1.3522963529133369 -0.82355268097537748 0.026469693912780024 -0.023778620783965573 9.9958529156897411e-18 0.011628494719808936
28 48 1.3323290592791697 -0.85547865095788778 0.027091870022887009 -0.022797022548446264 1.17030667898005e-17 0.01463779984364578
29 0 1.3498597047960008 0.86673494899680759 0.025306006192290752 -0.021294269952181626 9.5380510059881778e-18 -0.013672893498008116
29 1 1.3700897259779861 0.83438890046189573 0.024806597525055742 -0.022118666367213977 7.8464295414479125e-18 -0.01123084497738166
29 2 1.3895448065963261 0.80157091071571673 0.023557706093405614 -0.022214080275424684 6.3227120687590191e-18 -0.007842203382995629
29 3 1.4082139426044575 0.76829954203998707 0.021501397498992793 -0.021174234382293478 2.5462472500312193e-18 -0.0037365616191084466
29 4 1.4260865744963087 0.73459361315344196 0.018239105266744202 -0.018234012394577448 -9.2063778561968328e-18 0.0004309906330444166
29 5 1.4431525932788916 0.70047218856772242 0.01264205437778409 -0.012067134913038957 -7.0301547395361668e-18 0.0037690574261167935
29 6 1.4594023461900818 0.66595456780423823 0.0053157559271578394 -0.001134862818174481 -1.9312859586561518e-17 0.0051932020431559155
29 7 1.4748266421583445 0.63106027447810997 0.016546080800622098 0.015784697207686008 -2.0670941609747513e-17 0.0049614638890537943
29 8 1.489416757001325 0.59580904525535727 0.0389263200099631 0.038735439762140472 -1.473268657018318e-17 0.0038502072608679332
29 9 1.5031644383603604 0.56022081868958307 0.062593188090691948 0.06258950273288362 -1.5629233600277528e-17 0.00067922235467857248
29 10 1.516061910368119 0.52431572394447024 0.081632683720563107 0.081617627926303185 1.3724230716325672e-17 -0.0015677573488976303
29 11 1.5281018780467335 0.48811406940846414 0.084452398687050817 0.084354779471160352 2.6601416245753054e-17 -0.0040594118254355998
29 12 1.5392775314339346 0.4516363312080825 0.063349084294812771 0.063001518260241363 5.2665600848225318e-17 -0.0066268527896556828
29 13 1.5495825494348554 0.41490314162635478 0.02560511079486396 0.025290603671845029 8.324296482287035e-17 -0.0040008829939049096
29 14 1.5590111033973224 0.3779352774329332 0.025553703777486669 -0.02554492775769808 1.012522010676897e-16 -0.00066965857085729465
29 15 1.56755786040862 0.34075364813248049 0.084757866146447952 -0.084741879014103211 7.8260701850596993e-17 0.001646151529563111
29 16 1.5752179863118529 0.30337928413798465 0.14515263803351147 -0.14485453081417163 1.2580324735490218e-16 0.0092980229454331827
29 17 1.5819871484402093 0.26583332487568262 0.20072501264704054 -0.19966400294369466 1.2230239154110298e-16 0.020611080288400304
29 18 1.587861518067573 0.22813700682832488 0.24841205516540596 -0.24659573123314135 1.5889066976376331e-16 0.029984904353574607
29 19 1.5928377725741014 0.19031165152354684 0.28270004515956898 -0.28000661322564541 3.7552058275764872e-17 0.038930862861310353
29 20 1.5969130973255414 0.15237865347413454 0.29415132653243459 -0.28963944063246305 2.9626088687350081e-18 0.051322483678256106
29 21 1.6000851872652244 0.11435946807700896 0.27161151688128365 -0.26448717961956458 4.6739417089991149e-17 0.06180087312846011
29 22 1.602352248217835 0.076275599477776651 0.222917533311489 -0.21477696423162496 -9.2238790247995045e-17 0.059691559647291025
29 23 1.6037129979042211 0.038148588407704326 0.17165636572063475 -0.16739366163311886 -1.0731757007523186e-16 0.038016706031338617
29 24 1.6041666666666667 9.8226878681610631e-17 0.14756879917893043 -0.14756879917893043 -2.6519645742063931e-16 -3.0538088998738485e-17
29 25 1.6037129979042211 -0.038148588407704132 0.17165636572063508 -0.16739366163311925 -1.4629275917432276e-16 -0.038016706031338519
29 26 1.602352248217835 -0.076275599477776471 0.22291753331148895 -0.2147769642316249 -1.1814290610182574e-16 -0.059691559647291066
29 27 1.6000851872652244 -0.11435946807700878 0.2716115168812831 -0.26448717961956403 -5.9633034967638574e-17 -0.061800873128460068
29 28 1.5969130973255414 -0.15237865347413435 0.29415132653243431 -0.28963944063246283 4.0404686232664506e-17 -0.051322483678256078
29 29 1.5928377725741014 -0.19031165152354665 0.28270004515956937 -0.28000661322564585 -2.1665859117725695e-17 -0.038930862861310186
29 30 1.587861518067573 -0.22813700682832472 0.24841205516540596 -0.24659573123314132 7.1946591206425752e-17 -0.029984904353574669
29 31 1.5819871484402093 -0.26583332487568245 0.20072501264704068 -0.19966400294369477 9.4006002745571096e-17 -0.020611080288400415
29 32 1.5752179863118529 -0.30337928413798482 0.1451526380335118 -0.14485453081417199 1.4024873503402433e-16 -0.0092980229454329971
29 33 1.56755786040862 -0.34075364813248032 0.084757866146448063 -0.084741879014103322 7.8398532301122602e-17 -0.0016461515295630904
29 34 1.5590111033973224 -0.37793527743293298 0.025553703777486909 -0.025544927757698319 1.1374678778838204e-16 0.00066965857085733412
29 35 1.5495825494348552 -0.41490314162635494 0.02560511079486362 0.0252906036718447 9.3226990833139693e-17 0.0040008829939048203
29 36 1.5392775314339346 -0.45163633120808228 0.063349084294812508 0.063001518260241113 4.1915663611814215e-17 0.0066268527896556559
29 37 1.5281018780467335 -0.48811406940846391 0.084452398687050734 0.084354779471160268 4.0444646330571466e-17 0.004059411825435638
29 38 1.516061910368119 -0.52431572394447046 0.081632683720563218 0.081617627926303296 1.1707019435432461e-17 0.0015677573488975553
29 39 1.5031644383603604 -0.56022081868958284 0.062593188090692059 0.062589502732883731 1.7990458154999181e-18 -0.00067922235467849604
29 40 1.489416757001325 -0.59580904525535716 0.03892632000996326 0.038735439762140632 -2.3184808562454694e-17 -0.0038502072608679353
29 41 1.4748266421583442 -0.63106027447811008 0.016546080800622174 0.015784697207686087 -1.3379340625935912e-17 -0.0049614638890537752
29 42 1.4594023461900818 -0.66595456780423801 0.0053157559271578203 -0.001134862818174422 -1.6113064781627806e-17 -0.0051932020431559086
29 43 1.4431525932788918 -0.7004721885677222 0.012642054377784075 -0.012067134913038945 -7.761999080103486e-18 -0.00376905742611678
29 44 1.4260865744963087 -0.73459361315344207 0.018239105266744216 -0.018234012394577465 -2.4697615143458451e-18 -0.00043099063304443785
29 45 1.4082139426044575 -0.76829954203998718 0.021501397498992797 -0.021174234382293489 2.6801978964833116e-18 0.003736561619108405
29 46 1.3895448065963263 -0.80157091071571629 0.023557706093405635 -0.022214080275424718 5.0969996247676214e-18 0.007842203382995596
29 47 1.3700897259779863 -0.83438890046189573 0.024806597525055755 -0.022118666367214001 9.6346418374871954e-18 0.01123084497738165
29 48 1.3498597047960008 -0.86673494899680736 0.025306006192290766 -0.02129426995218164 1.1286075644605064e-17 0.013672893498008121
30 0 1.3673903503128317 0.87799124703572717 0.023298818303060739 -0.019605279582336765 1.3002262038768978e-17 -0.012588405253146535
30 1 1.3878830990426352 0.84522511994841376 0.022943738794847141 -0.02035378096549216 9.6589408295733872e-18 -0.01058955855052243
30 2 1.4075908430456288 0.81198092254319354 0.022098948039264672 -0.020691966248530386 6.3722441973402661e-18 -0.0077592549392193092
30 3 1.4265024353655544 0.77827745817037652 0.020634886191771951 -0.020197859035147557 8.5366112097398389e-18 -0.0042243364619415635
30 4 1.4446071793598971 0.74413378994764245 0.018094296707178249 -0.018087050086161682 -3.3088611369738625e-18 -0.00051204736898086893
30 5 1.461894834750046 0.70956922997769278 0.013414479315041748 -0.013176185946853906 -5.8617720916583022e-18 0.0025172165555654071
30 6 1.4783556234133295 0.67460332842507242 0.0052710207207037557 -0.0038100091235946931 -1.4620414423507751e-17 0.0036424565771212064
30 7 1.4939802349136475 0.6392558624583452 0.011706627534803234 0.011279953191460886 -1.7623006046579247e-17 0.0031317382133672421
30 8 1.5087598317675759 0.60354682506386836 0.032294772038244005 0.03226469887726105 -7.5469469869989387e-18 0.0013933798340068045
30 9 1.5226860544429626 0.56749641373749971 0.05539419095832443 0.05534722507021423 -1.242071744159483e-17 -0.0022805852219028979
30 10 1.5357510260871854 0.53112501906063225 0.074839418064106766 0.074680904337992085 2.6564014428869495e-17 -0.0048683696895187728
30 11 1.5479473569824052 0.49445321316701557 0.079131628032526116 0.078766379408442458 1.897159221755927e-17 -0.0075942102922794963
30 12 1.5592681487252844 0.45750173810688871 0.061036978991354851 0.060378234710688539 6.7718173255614291e-17 -0.0089432420079129642
30 13 1.5697069981288145 0.42029149411500871 0.024473742777432278 0.023938195750938064 9.689600486930569e-17 -0.0050918434506266605
30 14 1.5792580008440409 0.382843527789205 0.02599008072417985 -0.025980327458410522 5.3638523297558592e-17 -0.00071195589971934071
30 15 1.587915754699641 0.34517902018614904 0.082428248689619454 -0.082364826012777281 9.9606169344472123e-17 0.0032328962127909098
30 16 1.5956753627574614 0.30731927484107535 0.13932394744999393 -0.13885341597312317 7.9590598453297944e-17 0.011440769451548588
30 17 1.6025324360822899 0.26928570571822397 0.19417261096313401 -0.19291023140673599 1.2486059046318805e-16 0.022105326662145493
30 18 1.6084830962242946 0.2310998250988226 0.24300997033309871 -0.24109024342228136 1.7367987972111555e-16 0.030485081726619009
30 19 1.6135239774127261 0.19278323141346301 0.27804514284929083 -0.2752315214842484 1.1169813779343662e-16 0.039455177651966801
30 20 1.6176522284596393 0.15435759702574667 0.29245860032665999 -0.28755982408699132 7.1590004936075724e-17 0.053304600890426018
30 21 1.6208655143725648 0.11584465597411296 0.27780757934044759 -0.27010726695899834 -4.1787990780103904e-17 0.064954718650298768
30 22 1.6231620176752095 0.077266191678786733 0.23883681758639763 -0.23073255141578752 -4.1989098115765343e-17 0.061688857599724846
30 23 1.6245404394354448 0.038644024620791396 0.19689585403942922 -0.19316070123025941 -2.4688918197224657e-17 0.038169632407853635
30 24 1.625 9.9502552430722443e-17 0.17731051869241632 -0.17731051869241632 -1.1498429916898031e-16 1.2337492912014223e-16
30 25 1.6245404394354448 -0.038644024620791195 0.19689585403942911 -0.19316070123025939 -2.3170613480251565e-16 -0.038169632407853246
30 26 1.6231620176752095 -0.077266191678786553 0.23883681758639722 -0.23073255141578719 -5.7732156282436725e-17 -0.061688857599724589
30 27 1.6208655143725648 -0.11584465597411278 0.27780757934044759 -0.27010726695899828 -4.8287825204678277e-17 -0.06495471865029899
30 28 1.6176522284596393 -0.15435759702574647 0.29245860032665999 -0.28755982408699132 8.5504187884140891e-17 -0.05330460089042615
30 29 1.6135239774127261 -0.19278323141346285 0.27804514284929088 -0.27523152148424845 4.2302079277826031e-17 -0.039455177651966877
30 30 1.6084830962242946 -0.23109982509882243 0.2430099703330989 -0.24109024342228152 1.4108832302725577e-16 -0.030485081726619134
30 31 1.6025324360822899 -0.26928570571822374 0.19417261096313448 -0.19291023140673649 1.0979757266282397e-16 -0.022105326662145465
30 32 1.5956753627574614 -0.30731927484107552 0.13932394744999427 -0.13885341597312353 1.413220897229139e-16 -0.01144076945154868
30 33 1.587915754699641 -0.34517902018614888 0.082428248689619843 -0.082364826012777684 1.3743888361109175e-16 -0.0032328962127908399
30 34 1.5792580008440409 -0.38284352778920477 0.025990080724180246 -0.025980327458410925 8.9182526123791958e-17 0.00071195589971921483
30 35 1.5697069981288143 -0.42029149411500888 0.024473742777432063 0.023938195750937863 5.3849318156497172e-17 0.005091843450626533
30 36 1.5592681487252844 -0.45750173810688854 0.061036978991354719 0.060378234710688393 4.5718685601647138e-17 0.0089432420079129746
30 37 1.5479473569824052 -0.4944532131670154 0.079131628032526102 0.07876637940844243 2.4686509317565546e-17 0.0075942102922795266
30 38 1.5357510260871854 -0.53112501906063236 0.074839418064106836 0.074680904337992154 2.411983109482846e-17 0.0048683696895188205
30 39 1.5226860544429626 -0.56749641373749948 0.05539419095832452 0.055347225070214313 6.9645751721309954e-18 0.0022805852219028701
30 40 1.5087598317675759 -0.60354682506386825 0.032294772038244074 0.032264698877261112 -1.3269879762559331e-18 -0.001393379834006762
30 41 1.4939802349136473 -0.63925586245834531 0.01170662753480331 0.011279953191460962 -3.1017035373806363e-18 -0.0031317382133672442
30 42 1.4783556234133295 -0.67460332842507231 0.0052710207207037471 -0.0038100091235946667 -1.2331071229731605e-17 -0.0036424565771212224
30 43 1.461894834750046 -0.70956922997769256 0.013414479315041724 -0.013176185946853877 -1.1493919202231861e-17 -0.0025172165555654227
30 44 1.4446071793598971 -0.74413378994764268 0.018094296707178228 -0.018087050086161665 -3.3779028315783031e-18 0.00051204736898085483
30 45 1.4265024353655544 -0.77827745817037663 0.020634886191771968 -0.020197859035147574 -4.8697842146864429e-19 0.0042243364619415583
30 46 1.4075908430456292 -0.8119809225431931 0.022098948039264689 -0.020691966248530411 9.4347356741956303e-19 0.007759254939219285
30 47 1.3878830990426354 -0.84522511994841376 0.022943738794847172 -0.020353780965492192 6.3318142223435128e-18 0.010589558550522439
30 48 1.367390350312832 -0.87799124703572695 0.023298818303060791 -0.01960527958233681 1.0066440977884866e-17 0.012588405253146561
31 0 1.3849209958296629 0.88924754507464665 0.021097602998514715 -0.017753020772246209 3.8140767503437012e-18 -0.011399083548388081
31 1 1.4056764721072843 0.8560613394349319 0.020894602009116754 -0.018501342011924167 6.5213048777484706e-18 -0.0097100327948568543
31 2 1.4256368794949317 0.82239093437067035 0.020484916855570749 -0.019128870994526641 1.0931914639380155e-18 -0.0073292641550433959
31 3 1.4447909281266511 0.78825537430076587 0.019654638455416217 -0.019177231006547106 2.4347833622622473e-18 -0.00430565021043909
31 4 1.4631277842234853 0.75367396674184295 0.017927660877680378 -0.01789954804472459 -6.9199612497062543e-18 -0.0010035957053055825
31 5 1.4806370762212002 0.71866627138766315 0.014318238469349856 -0.014209923938133178 -7.9575278257769456e-18 0.0017578437182069724
31 6 1.4973089006365772 0.68325208904590662 0.0069642163193448011 -0.0063938766209160136 -8.140524160881701e-18 0.0027601903374825589
31 7 1.5131338276689505 0.64745145043858032 0.0071195618875159695 0.006751489384933515 -5.2930451496960371e-18 0.0022595469801046449
31 8 1.528102906533827 0.61128460487237946 0.025754798808747533 0.025752692493483775 -4.4483653797920618e-18 0.00032937974304390346
31 9 1.5422076705255645 0.57477200878541634 0.047944874372655918 0.047827847005849501 -2.8853851266724246e-18 -0.0033478395115076245
31 10 1.5554401418062518 0.53793431417679416 0.067600042278613701 0.067323640648804986 9.8767258145824647e-18 -0.0061068097940686229
31 11 1.5677928359180771 0.50079235692556701 0.073861174953198452 0.073284458100201053 9.5040979407075515e-18 -0.0092120229280472487
31 12 1.5792587660166342 0.46336714500569498 0.058777384664361505 0.057895011565278542 3.1672549060177577e-17 -0.010146358156431388
31 13 1.5898314468227734 0.42567984660366265 0.024017102383839299 0.023043669542323446 5.4359457477310378e-17 -0.0067683455097988414
31 14 1.5995048982907591 0.38775177814547684 0.025973868651120426 -0.025789205018476254 6.7787563451383097e-17 -0.0030917239884335921
31 15 1.6082736489906619 0.3496043922398176 0.079958624072013873 -0.079948490579743417 3.6748755318683395e-17 0.0012729562091106166
31 16 1.6161327392030698 0.31125926554416605 0.13383316164366998 -0.13355683376068228 5.697745754466298e-17 0.0085957728775354122
31 17 1.6230777237243703 0.27273808656076526 0.18630690746167006 -0.18542739748373971 1.4532609459492094e-16 0.018081593689122093
31 18 1.6291046743810165 0.23406264336932031 0.23419622016866912 -0.2326011112211675 1.339287218983841e-16 0.02728722411623807
31 19 1.6342101822513506 0.19525481130337921 0.26931469621454429 -0.26670025000282793 1.1870532380529342e-16 0.037435040344059291
31 20 1.6383913595937372 0.1563365405773588 0.2860133333700674 -0.2813797123479117 1.0386172112672294e-17 0.051274597457842568
31 21 1.6416458414799053 0.11732984387121698 0.27905553482638118 -0.27201362010606583 1.1782474280492625e-19 0.062294317509950667
31 22 1.6439717871325839 0.078256783879796815 0.25090054767459524 -0.2439022473566011 -7.7188128477853016e-17 0.058845378389565862
31 23 1.6453678809666683 0.03913946083387846 0.21947833494742919 -0.21649597313146768 -8.1314664705755111e-17 0.036058745529409901
31 24 1.6458333333333333 1.0077822617983427e-16 0.20560976518046944 -0.20560976518046944 -1.3264104323224952e-16 5.8275310207713697e-17
31 25 1.6453678809666683 -0.039139460833878266 0.21947833494742885 -0.21649597313146737 -1.5022490701254767e-16 -0.036058745529409873
31 26 1.6439717871325839 -0.078256783879796621 0.25090054767459513 -0.24390224735660107 -1.0019662895921215e-16 -0.058845378389565516
31 27 1.6416458414799053 -0.1173298438712168 0.27905553482638124 -0.27201362010606583 -1.7830530183412094e-17 -0.06229431750995091
31 28 1.6383913595937372 -0.1563365405773586 0.2860133333700674 -0.28137971234791165 -3.2719281552540857e-17 -0.051274597457842803
31 29 1.6342101822513506 -0.19525481130337902 0.26931469621454407 -0.26670025000282777 1.4968151804585684e-16 -0.037435040344059388
31 30 1.6291046743810165 -0.23406264336932014 0.23419622016866923 -0.23260111122116761 7.7420292739891115e-17 -0.027287224116238077
31 31 1.6230777237243703 -0.27273808656076509 0.18630690746167031 -0.18542739748373996 1.2466203414557124e-16 -0.01808159368912203
31 32 1.6161327392030698 -0.31125926554416622 0.1338331616436701 -0.13355683376068239 9.5638930681418156e-17 -0.0085957728775355388
31 33 1.6082736489906619 -0.34960439223981743 0.07995862407201404 -0.079948490579743597 6.3547117020974427e-17 -0.0012729562091106737
31 34 1.5995048982907591 -0.38775177814547662 0.025973868651120797 -0.025789205018476622 5.2225987760167203e-17 0.0030917239884336056
31 35 1.5898314468227734 -0.42567984660366281 0.024017102383838928 0.023043669542323082 4.2012997399307532e-17 0.0067683455097987538
31 36 1.5792587660166342 -0.46336714500569476 0.058777384664361408 0.057895011565278466 3.6599365779839673e-17 0.010146358156431353
31 37 1.5677928359180771 -0.50079235692556689 0.073861174953198383 0.073284458100200955 2.999081555848661e-17 0.0092120229280473632
31 38 1.5554401418062518 -0.53793431417679438 0.067600042278613853 0.067323640648805139 3.3665366227080823e-18 0.0061068097940686298
31 39 1.5422076705255645 -0.57477200878541612 0.047944874372656057 0.047827847005849633 7.4701323416771728e-18 0.0033478395115076791
31 40 1.528102906533827 -0.61128460487237934 0.025754798808747655 0.025752692493483897 -1.8888583649008661e-17 -0.00032937974304390969
31 41 1.5131338276689505 -0.64745145043858043 0.0071195618875159999 0.0067514893849335454 -1.206657902443033e-17 -0.0022595469801046483
31 42 1.4973089006365772 -0.68325208904590651 0.006964216319344795 -0.0063938766209160067 -4.168900063969583e-18 -0.0027601903374825571
31 43 1.4806370762212004 -0.71866627138766292 0.014318238469349853 -0.014209923938133175 -1.0581335425512202e-17 -0.0017578437182069792
31 44 1.4631277842234853 -0.75367396674184317 0.017927660877680392 -0.0178995480447246 2.9752052433427053e-18 0.0010035957053055817
31 45 1.4447909281266511 -0.78825537430076598 0.019654638455416221 -0.019177231006547116 3.0799351474806531e-18 0.004305650210439064
31 46 1.4256368794949321 -0.82239093437066979 0.020484916855570776 -0.019128870994526675 4.2356362572063226e-18 0.0073292641550433768
31 47 1.4056764721072845 -0.8560613394349319 0.020894602009116778 -0.018501342011924198 5.4650809438044584e-18 0.0097100327948568561
31 48 1.3849209958296631 -0.88924754507464643 0.02109760299851474 -0.01775302077224623 3.175052063891587e-18 0.011399083548388091
32 0 1.402451641346494 0.90050384311356624 0.018758310462473698 -0.015784573978190011 6.6235051654054019e-18 -0.01013515839706499
32 1 1.4234698451719334 0.86689755892144993 0.018713083095021725 -0.016600708122557487 3.8263178326082841e-18 -0.0086368957820991236
32 2 1.4436829159442346 0.83280094619814715 0.0187547704221801 -0.017549267536510618 4.946989677982583e-18 -0.0066154835439789297
32 3 1.463079420887748 0.79823329043115532 0.018599943749718465 -0.018148326185075458 3.8960887425911687e-18 -0.004073838996916242
32 4 1.4816483890870737 0.76321414353604344 0.017774747109626329 -0.017731296450726994 -2.0414244752820906e-18 -0.0012420793000472506
32 5 1.4993793176923547 0.72776331279763351 0.015359969047914623 -0.01531977514158195 -4.8509032052631377e-18 0.0011104678132494517
32 6 1.5162621778598249 0.69190084966674092 0.009432872783406758 -0.0092599955866312211 -1.0168065050058439e-17 0.0017976569982914624
32 7 1.5322874204242538 0.65564703841881555 0.0018424984008853663 0.0015025507055680043 -1.6727469736229721e-17 0.0010663684796833714
32 8 1.5474459813000778 0.61902238468089066 0.017890187428684562 0.017846714792835013 -7.8590473877411229e-18 -0.001246425824775417
32 9 1.5617292866081665 0.58204760383333298 0.038128173632196255 0.037789761580077186 -3.9544274134225418e-18 -0.0050686826935435331
32 10 1.5751292575253182 0.54474360929295607 0.057214928127740823 0.056651329976505613 2.0614043795198044e-17 -0.0080109183341002949
32 11 1.5876383148537487 0.5071315006841185 0.065227044545049351 0.064310792528935498 1.8364406319114405e-17 -0.010894462096958541
32 12 1.5992493833079839 0.46923255190450119 0.05377008076173654 0.052701744054824078 3.4438088371584099e-17 -0.010665259429731849
32 13 1.6099558955167326 0.43106819909231658 0.023291140993766831 0.022376152536710697 3.5284319293509851e-17 -0.0064641353981318575
32 14 1.6197517957374776 0.39266002850174869 0.022360053798354308 -0.022281931926512896 6.327117439222987e-17 -0.0018674890863253828
32 15 1.6286315432816829 0.35402976429348615 0.071697068192784832 -0.071622176070116325 1.2675702566987456e-16 0.0032761993868041192
32 16 1.6365901156486782 0.31519925624725675 0.12107336324933266 -0.12074257023754525 1.028759585774629e-16 0.0089437699509940984
32 17 1.6436230113664509 0.27619046740330661 0.17054477629139753 -0.1698696260588568 1.5142939405434783e-16 0.015160173577732703
32 18 1.6497262525377381 0.23702546163981802 0.21801989195865681 -0.21675013620285069 1.0916021768077504e-16 0.023495781444975754
32 19 1.6548963870899753 0.19772639119329538 0.25420363826851117 -0.25189277288625067 9.7281261789309831e-18 0.034198255461701695
32 20 1.659130490727835 0.15831548412897092 0.27318963410329089 -0.26914000289760476 9.9360605369612559e-17 0.046864005609499972
32 21 1.6624261685872459 0.11881503176832098 0.27283289918105402 -0.26713500602744356 -1.0640321685445743e-17 0.055467823377674544
32 22 1.6647815565899582 0.079247376080806897 0.25639852019739434 -0.25119627941195144 -3.7891900924793867e-17 0.051387064218599357
32 23 1.6661953224978918 0.039634897046965531 0.2371067351498248 -0.23499742343562194 -1.0256099875803902e-16 0.031556533903903054
32 24 1.6666666666666665 1.0205389992894609e-16 0.22878108621006862 -0.22878108621006862 8.0941470499677726e-18 -1.1817624099569416e-16
32 25 1.6661953224978918 -0.03963489704696533 0.23710673514982478 -0.23499742343562191 -1.4736014956329069e-16 -0.031556533903902867
32 26 1.6647815565899582 -0.079247376080806703 0.25639852019739434 -0.2511962794119515 -1.4777765397412429e-17 -0.051387064218598989
32 27 1.6624261685872459 -0.1188150317683208 0.27283289918105386 -0.26713500602744333 -4.4551225472295787e-17 -0.055467823377674474
32 28 1.659130490727835 -0.15831548412897073 0.27318963410329083 -0.26914000289760476 6.9899272541558888e-17 -0.046864005609499944
32 29 1.6548963870899753 -0.19772639119329521 0.25420363826851095 -0.25189277288625045 5.4380338794389674e-18 -0.034198255461701868
32 30 1.6497262525377381 -0.23702546163981786 0.21801989195865712 -0.21675013620285097 1.009135252682933e-16 -0.023495781444975748
32 31 1.6436230113664509 -0.27619046740330638 0.17054477629139772 -0.169869626058857 1.7767245514297269e-16 -0.015160173577732658
32 32 1.6365901156486782 -0.31519925624725692 0.12107336324933278 -0.12074257023754538 9.9355642051958237e-17 -0.0089437699509941175
32 33 1.6286315432816829 -0.35402976429348598 0.071697068192785193 -0.071622176070116686 1.6122417431612445e-16 -0.003276199386804231
32 34 1.6197517957374776 -0.39266002850174847 0.022360053798354474 -0.022281931926513048 6.4651604980873162e-17 0.0018674890863255339
32 35 1.6099558955167323 -0.43106819909231675 0.023291140993766616 0.022376152536710488 5.975369959882429e-17 0.0064641353981318012
32 36 1.5992493833079839 -0.46923255190450103 0.053770080761736429 0.052701744054823987 3.71071011613587e-17 0.010665259429731762
32 37 1.5876383148537487 -0.50713150068411827 0.065227044545049351 0.064310792528935498 1.9669831577498104e-17 0.01089446209695857
32 38 1.5751292575253182 -0.54474360929295629 0.057214928127740934 0.056651329976505731 1.1454945260420298e-17 0.0080109183341002931
32 39 1.5617292866081665 -0.58204760383333276 0.038128173632196373 0.037789761580077304 5.3922759405377546e-18 0.0050686826935435582
32 40 1.5474459813000778 -0.61902238468089044 0.017890187428684694 0.017846714792835137 -5.1310765028100184e-18 0.0012464258247754708
32 41 1.5322874204242536 -0.65564703841881555 0.0018424984008853997 0.0015025507055680396 -4.8955429863189391e-18 -0.0010663684796833792
32 42 1.5162621778598249 -0.6919008496667407 0.009432872783406732 -0.0092599955866311933 -9.1311359859716989e-18 -0.0017976569982914696
32 43 1.4993793176923549 -0.7277633127976334 0.01535996904791462 -0.015319775141581947 -1.0196839377555902e-17 -0.0011104678132494623
32 44 1.4816483890870737 -0.76321414353604367 0.017774747109626347 -0.017731296450727012 -3.5520505586281179e-18 0.0012420793000472356
32 45 1.463079420887748 -0.79823329043115543 0.018599943749718472 -0.018148326185075465 3.2667984156488604e-19 0.0040738389969162203
32 46 1.443682915944235 -0.8328009461981466 0.018754770422180114 -0.017549267536510642 2.5782613119004758e-18 0.0066154835439789185
32 47 1.4234698451719336 -0.86689755892144993 0.018713083095021742 -0.016600708122557515 5.0031752705513317e-18 0.0086368957820991219
32 48 1.4024516413464942 -0.90050384311356602 0.018758310462473726 -0.015784573978190036 3.7945734477855406e-18 0.010135158397065004
33 0 1.4199822868633254 0.91176014115248583 0.016316924409252209 -0.013730218451689461 2.3273803871080841e-18 -0.0088160718829951024
33 1 1.4412632182365828 0.87773377840796818 0.016420590755590703 -0.014669835785678991 4.2476589232164673e-18 -0.0073777854932088483
33 2 1.4617289523935377 0.84321095802562407 0.016891607482841429 -0.01594380411594408 -5.7137113909391916e-19 -0.0055786659397018146
33 3 1.4813679136488449 0.80821120656154477 0.017383583252366004 -0.017050075661443221 1.46405724064421e-18 -0.0033887883721178684
33 4 1.5001689939506624 0.77275432033024405 0.017449551549696823 -0.017427054235387308 -3.2430278990761347e-18 -0.0008857934084176059
33 5 1.5181215591635091 0.73686035420760398 0.016216205201967118 -0.016169289359302699 -5.583531266403335e-18 0.0012326365106737408
33 6 1.535215455083073 0.70054961028757523 0.011897276110844837 -0.01174104512570928 -1.0611484885884621e-17 0.0019217279239626016
33 7 1.5514410131795571 0.66384262639905078 0.0034890078255727214 -0.0031899722986016271 -1.468521660978688e-17 0.0014132417843603217
33 8 1.5667890560663289 0.62676016448940175 0.010598767625411194 0.010577417470859933 -7.4222315579095438e-18 -0.0006723948427906684
33 9 1.5812509026907688 0.58932319888124973 0.028684257966708804 0.028372033158758778 6.8420252814177937e-19 -0.0042207096013573385
33 10 1.5948183732443848 0.55155290440911808 0.047221934305322538 0.046638155095396136 1.3508505540642331e-17 -0.0074022678169580729
33 11 1.6074837937894209 0.51347064444266999 0.056753221358320609 0.055699080648178231 2.3301530746804484e-17 -0.010887632869190429
33 12 1.6192400005993339 0.47509795880330752 0.049346316514264389 0.04793646882803556 5.4397370927414178e-17 -0.011711272767070919
33 13 1.6300803442106919 0.43645655158097058 0.023836930859449133 0.022005037694717851 4.6969015400660798e-18 -0.0091639286800042751
33 14 1.6399986931841963 0.3975682788580206 0.019853735304860565 -0.019155136306161034 8.2516522761778751e-17 -0.0052203025437093445
33 15 1.6489894375727041 0.35845513634715476 0.064676028850246717 -0.064675467240762577 4.2217690234918268e-17 -0.00026952741417451427
33 16 1.6570474920942866 0.31913924695034751 0.10906873255454932 -0.1089698801191768 4.6755617212302176e-17 0.0046425906418769052
33 17 1.6641682990085318 0.27964284824584795 0.15480882931724113 -0.15450724770424537 4.2314283492545564e-17 0.0096583663957039087
33 18 1.6703478306944599 0.23998827991031577 0.20108097318781606 -0.20030769274957375 7.9526233026415173e-17 0.017617775214298959
33 19 1.6755825919286 0.20019797108321161 0.23655225100283769 -0.23482987255944734 7.9717123692400857e-17 0.028493831055567992
33 20 1.6798696218619331 0.16029442768058308 0.2550543834045198 -0.25188940618891731 -2.3305354586160785e-17 0.040055780402513882
33 21 1.6832064956945867 0.12030021966542501 0.25825788642121122 -0.25381673648656966 2.5769219266114166e-18 0.047688574921656915
33 22 1.6855913260473327 0.080237968281816993 0.25061403934608556 -0.24678475415121742 -4.9229582928417066e-17 0.043642660733329224
33 23 1.6870227640291158 0.040130333260052602 0.24139394319758695 -0.23992025157732946 6.4914427330477908e-18 0.026632849932945193
33 24 1.6875 1.0332957367805793e-16 0.23735475372100895 -0.23735475372100895 1.4758253408767384e-18 7.0144562047365204e-17
33 25 1.6870227640291158 -0.0401303332600524 0.24139394319758678 -0.2399202515773293 -2.3626597376397724e-17 -0.026632849932945221
33 26 1.6855913260473327 -0.080237968281816799 0.25061403934608584 -0.24678475415121773 -4.0263159819741164e-17 -0.043642660733329099
33 27 1.6832064956945867 -0.12030021966542481 0.25825788642121122 -0.25381673648656972 -6.3740520296366605e-17 -0.047688574921656603
33 28 1.6798696218619331 -0.16029442768058288 0.25505438340451986 -0.25188940618891725 5.20030665200269e-17 -0.040055780402514209
33 29 1.6755825919286 -0.20019797108321141 0.23655225100283783 -0.23482987255944746 2.1205290512137939e-17 -0.028493831055568106
33 30 1.6703478306944599 -0.2399882799103156 0.2010809731878159 -0.20030769274957352 1.1079112004143252e-16 -0.017617775214299313
33 31 1.6641682990085318 -0.27964284824584779 0.15480882931724135 -0.15450724770424559 4.7579325594084275e-17 -0.009658366395704018
33 32 1.6570474920942866 -0.31913924695034768 0.10906873255454966 -0.10896988011917715 5.3275105147107398e-17 -0.0046425906418769659
33 33 1.6489894375727041 -0.35845513634715459 0.064676028850246925 -0.064675467240762799 9.3328757573404463e-17 0.0002695274141744354
33 34 1.6399986931841963 -0.39756827885802037 0.019853735304860936 -0.019155136306161384 3.696551441376179e-17 0.0052203025437094685
33 35 1.6300803442106917 -0.43645655158097074 0.023836930859449067 0.022005037694717768 3.5823713579504046e-17 0.0091639286800043011
33 36 1.6192400005993339 -0.47509795880330735 0.049346316514264403 0.047936468828035567 2.5275031478884995e-17 0.011711272767070974
33 37 1.6074837937894209 -0.51347064444266988 0.056753221358320657 0.055699080648178266 4.305727806925859e-17 0.010887632869190493
33 38 1.5948183732443848 -0.55155290440911831 0.047221934305322656 0.046638155095396254 -5.149115834751551e-19 0.007402267816958053
33 39 1.5812509026907688 -0.58932319888124951 0.028684257966708884 0.028372033158758855 6.748363515921778e-18 0.0042207096013573515
33 40 1.5667890560663289 -0.62676016448940164 0.010598767625411256 0.010577417470859994 -1.0742027437411258e-17 0.00067239484279069464
33 41 1.5514410131795568 -0.66384262639905089 0.0034890078255726746 -0.0031899722986015867 -4.3332961860527092e-18 -0.0014132417843602961
33 42 1.535215455083073 -0.70054961028757501 0.011897276110844832 -0.011741045125709273 -4.3915618185382611e-18 -0.0019217279239625955
33 43 1.5181215591635093 -0.73686035420760387 0.016216205201967097 -0.016169289359302678 6.1739222378370331e-19 -0.0012326365106737497
33 44 1.5001689939506624 -0.77275432033024427 0.017449551549696834 -0.017427054235387318 -1.9895508316756925e-18 0.00088579340841760253
33 45 1.4813679136488449 -0.80821120656154488 0.017383583252365997 -0.017050075661443221 -8.1991703328320586e-19 0.0033887883721178394
33 46 1.461728952393538 -0.84321095802562351 0.016891607482841447 -0.015943804115944104 -3.3997866522418112e-19 0.0055786659397017982
33 47 1.441263218236583 -0.87773377840796818 0.016420590755590728 -0.014669835785679016 1.2670822375186672e-18 0.007377785493208857
33 48 1.4199822868633256 -0.91176014115248571 0.016316924409252226 -0.013730218451689476 1.2562316019663797e-19 0.0088160718829951093
34 0 1.4375129323801565 0.92301643919140541 0.013857142874609815 -0.011660383661321647 1.9576641271547743e-18 -0.0074870462478959458
34 1 1.4590565913012319 0.88856999789448621 0.014112299692886406 -0.012763146508852932 1.133187225993164e-18 -0.0060215524423023123
34 2 1.4797749888428406 0.85362096985310087 0.015012020650128651 -0.014361740726666725 1.9101633851352684e-18 -0.0043704882221430787
34 3 1.4996564064099418 0.81818912269193422 0.016162062133186186 -0.015966179895479833 3.9936161815291241e-19 -0.002508655405221368
34 4 1.5186895988142506 0.78229449712444454 0.017159930382951591 -0.017154806973362375 -3.6886251024822051e-19 -0.00041929518769330711
34 5 1.5368638006346635 0.74595739561757446 0.017189239689179323 -0.01714378537611462 -4.7144453594566045e-18 0.0012492333928358222
34 6 1.5541687323063207 0.70919837090840943 0.014644968069089846 -0.014556849609528735 -3.5536609452914304e-19 0.0016041256778146554
34 7 1.5705946059348601 0.6720382143792859 0.0087065792757726589 -0.0086563990414915276 -1.3822380602315014e-17 0.00093342290510707918
34 8 1.5861321308325798 0.63449794429791295 0.0021830090545670259 0.0018198380679088355 -1.1482620790602948e-17 -0.0012057022596443352
34 9 1.6007725187733708 0.59659879392916637 0.01738598013575491 0.016800186429772161 -4.0278881071712464e-18 -0.0044750465031956612
34 10 1.6145074889634512 0.55836219952527999 0.034641724164329007 0.033874265633841667 1.5545477955844697e-17 -0.0072514261249349921
34 11 1.6273292727250925 0.51980978820122148 0.045940295418541811 0.04483981065654366 9.8142279738474737e-18 -0.0099951049733460733
34 12 1.6392306178906835 0.48096336570211373 0.044509192172794192 0.043309348961103583 4.3977169171556415e-17 -0.010264915023519691
34 13 1.6502047929046511 0.44184490406962451 0.026123894999944858 0.024953445543427228 2.1713424847529848e-17 -0.0077319755224234746
34 14 1.6602455906309146 0.40247652921429244 0.01039737356698092 -0.0097394155427931606 5.8847712216761516e-17 -0.0036399398313918048
34 15 1.6693473318637251 0.36288050840082331 0.050479585852009935 -0.050479294545247237 8.1922147690648505e-17 -0.00017149345356129786
34 16 1.677504868539895 0.32307923765343821 0.091172701342014356 -0.091163079694634344 1.1368404491457873e-16 0.0013245265531095644
34 17 1.6847135866506122 0.28309522908838924 0.13631456509211259 -0.136273825304493 6.3946572090217005e-17 0.0033324455182836077
34 18 1.6909694088511815 0.24295109818081348 0.18332295214682534 -0.18312166344448541 8.7861671515417756e-17 0.0085884318214583671
34 19 1.6962687967672248 0.20266955097312778 0.21862988913244749 -0.21799511321293644 6.3890059862927828e-17 0.016648094105491579
34 20 1.700608752996031 0.16227337123219521 0.23658089679285491 -0.23518654325756305 9.196921703662473e-17 0.025647818579167345
34 21 1.703986822801927 0.12178540756252901 0.24371790341358518 -0.24136612081655348 5.6191390463829915e-17 0.033775911035567048
34 22 1.7064010955047073 0.081228560482827075 0.24303113845111002 -0.24075898375985672 3.3418662290406927e-17 0.033154878913421768
34 23 1.7078502055603393 0.040625769473139672 0.24121617908241944 -0.24032902019208643 -1.0530190596925374e-17 0.020668988960119601
34 24 1.7083333333333333 1.0460524742716975e-16 0.24065240007787181 -0.24065240007787181 -5.0997022643260009e-17 1.0136643928677133e-16
34 25 1.7078502055603393 -0.040625769473139464 0.24121617908241894 -0.24032902019208593 -8.8714140647948886e-17 -0.020668988960119677
34 26 1.7064010955047073 -0.081228560482826881 0.24303113845110993 -0.2407589837598566 6.3950411777134084e-19 -0.033154878913421733
34 27 1.703986822801927 -0.12178540756252883 0.24371790341358537 -0.2413661208165537 2.3798192116366192e-17 -0.033775911035567069
34 28 1.700608752996031 -0.16227337123219501 0.23658089679285504 -0.23518654325756322 2.7450806489831558e-17 -0.025647818579167262
34 29 1.6962687967672248 -0.20266955097312758 0.21862988913244799 -0.21799511321293694 8.7302650869192632e-17 -0.016648094105491455
34 30 1.6909694088511815 -0.24295109818081331 0.18332295214682531 -0.18312166344448536 3.3479385163575415e-17 -0.0085884318214584504
34 31 1.6847135866506122 -0.28309522908838908 0.13631456509211295 -0.13627382530449333 8.1730413800701482e-17 -0.0033324455182836277
34 32 1.677504868539895 -0.32307923765343838 0.091172701342014523 -0.091163079694634525 8.8653090689540168e-17 -0.0013245265531095772
34 33 1.6693473318637251 -0.36288050840082314 0.050479585852010275 -0.05047929454524757 9.2398119850951327e-17 0.00017149345356123996
34 34 1.6602455906309146 -0.40247652921429222 0.010397373566981234 -0.0097394155427935163 5.0993689656802802e-17 0.0036399398313917441
34 35 1.6502047929046508 -0.44184490406962473 0.026123894999944781 0.024953445543427117 2.6093709164371725e-17 0.0077319755224235839
34 36 1.6392306178906835 -0.48096336570211357 0.044509192172794108 0.043309348961103521 5.6024272568150808e-18 0.010264915023519554
34 37 1.6273292727250925 -0.51980978820122126 0.045940295418541902 0.044839810656543744 1.4242476692082134e-17 0.0099951049733461254
34 38 1.6145074889634512 -0.55836219952528021 0.034641724164329112 0.033874265633841771 9.4265082916618438e-18 0.0072514261249350051
34 39 1.6007725187733708 -0.59659879392916615 0.017385980135754986 0.016800186429772233 9.3147257506917659e-18 0.0044750465031956725
34 40 1.5861321308325798 -0.63449794429791273 0.0021830090545670914 0.0018198380679088988 -9.357397043806023e-18 0.0012057022596443582
34 41 1.5705946059348599 -0.67203821437928601 0.0087065792757726277 -0.0086563990414914929 2.4040946009197677e-18 -0.00093342290510709533
34 42 1.5541687323063207 -0.70919837090840931 0.014644968069089853 -0.01455684960952874 -6.3229519402106864e-18 -0.0016041256778146498
34 43 1.5368638006346638 -0.74595739561757424 0.01718923968917932 -0.017143785376114617 -1.3775550735911716e-17 -0.0012492333928358348
34 44 1.5186895988142506 -0.78229449712444477 0.017159930382951594 -0.017154806973362378 -4.9614868000141634e-19 0.00041929518769330266
34 45 1.4996564064099418 -0.81818912269193433 0.0161620621331862 -0.015966179895479847 -3.7335852335103972e-18 0.0025086554052213481
34 46 1.4797749888428409 -0.85362096985310032 0.015012020650128672 -0.014361740726666749 4.3087762526633791e-19 0.0043704882221430753
34 47 1.4590565913012321 -0.88856999789448621 0.01411229969288642 -0.012763146508852951 -7.1350672772554646e-19 0.0060215524423023097
34 48 1.4375129323801568 -0.92301643919140519 0.013857142874609832 -0.011660383661321662 1.9393904966013991e-18 0.0074870462478959536
35 0 1.4550435778969877 0.93427273723032489 0.011399488346309262 -0.0095923386850749939 -3.1328865017769884e-19 -0.0061591698392278816
35 1 1.476849964365881 0.89940621738100435 0.011798445512073057 -0.01088620435298142 5.5159762925642643e-19 -0.0045490516909005548
35 2 1.4978210252921433 0.86403098168057768 0.013092383898849031 -0.01277092950007332 -9.1740036803660349e-19 -0.0028833792430060907
35 3 1.5179448991710385 0.82816703882232368 0.014819507155088568 -0.014776433989282444 -1.0655599041637215e-18 -0.0011290663754180861
35 4 1.537210203677839 0.79183467391864515 0.016659401447093471 -0.01663834525545034 -5.7920305331265014e-18 0.00083733131785040016
35 5 1.555606042105818 0.75505443702754482 0.017801612376612985 -0.017636674116197373 -7.1634997569602833e-18 0.0024176702269404406
35 6 1.5731220095295684 0.71784713152924373 0.016809000552360238 -0.016547776650998734 -8.8021490560526144e-18 0.0029518786353622348
35 7 1.5897481986901634 0.68023380235952113 0.013206126080652613 -0.012928894336015092 -1.6589401843000599e-17 0.0026917387143350407
35 8 1.6054752055988306 0.64223572410642404 0.0054166382479389113 -0.0053336410208557295 -4.1567970076900049e-18 0.00094458634845088043
35 9 1.6202941348559727 0.60387438897708301 0.0073256685929011514 0.0070259241168099257 -1.6169870157783185e-19 -0.0020740806729360873
35 10 1.6341966046825176 0.5651714946414419 0.022956147133581916 0.022315040178483164 1.5416558181160191e-17 -0.0053873623463939532
35 11 1.6471747516607644 0.52614893195977297 0.035587270854431127 0.034258595218453626 3.3132592131876336e-17 -0.0096334054479602187
35 12 1.6592212351820332 0.48682877260092 0.039870649464242236 0.037912470930605235 3.9627159393599204e-17 -0.012341524891053491
35 13 1.6703292415986102 0.44723325655827845 0.028372954202990738 0.025672114960884441 9.1178809469275582e-18 -0.012081682152752694
35 14 1.6804924880776331 0.40738477957056429 0.0089201938908523674 -0.0030540993947861068 7.0594707622504781e-17 -0.0083810700949918712
35 15 1.6897052261547461 0.36730588045449192 0.03826300966693643 -0.038003093066857979 -1.2168058330304818e-17 -0.0044522832483796073
35 16 1.6979622449855034 0.32701922835652886 0.07494427959317769 -0.074875798034351057 3.0667589441836761e-17 -0.0032031098107090429
35 17 1.7052588742926929 0.28654760993093059 0.1182995105810833 -0.11828193079113383 7.2227889352535635e-17 -0.0020393754056731144
35 18 1.7115909870079031 0.24591391645131122 0.16432766331424437 -0.16432555166204116 9.6558764139702031e-17 0.000833067395530366
35 19 1.7169550016058492 0.20514113086304397 0.19854665714756506 -0.19848143320661504 4.9010802735847191e-17 0.0050887853875721594
35 20 1.7213478841301288 0.16425231478380733 0.21560959425220128 -0.21531485925082935 7.7321772296726846e-17 0.011269805650249628
35 21 1.7247671499092676 0.12327059545963302 0.22491408728407916 -0.22403451429407548 1.0740893007637972e-16 0.019871664848423513
35 22 1.7272108649620816 0.082219152683837157 0.22786783030102573 -0.22664761160090086 3.968270327434142e-17 0.02355012190423305
35 23 1.7286776470915628 0.041121205686226736 0.2282310770198345 -0.22765635781021112 5.8716467619083783e-17 0.016186638509052741
35 24 1.7291666666666665 1.0588092117628157e-16 0.22872278083161174 -0.22872278083161174 1.3176838655211577e-16 -7.3645479588290756e-17
35 25 1.7286776470915628 -0.041121205686226528 0.22823107701983458 -0.22765635781021124 7.0493848567160529e-17 -0.016186638509052564
35 26 1.7272108649620816 -0.082219152683836963 0.22786783030102564 -0.22664761160090077 1.5605632890344507e-17 -0.023550121904233213
35 27 1.7247671499092676 -0.12327059545963283 0.22491408728407947 -0.22403451429407575 5.2676554018388431e-17 -0.01987166484842362
35 28 1.7213478841301288 -0.16425231478380714 0.21560959425220094 -0.21531485925082902 2.4381520250236372e-17 -0.011269805650249419
35 29 1.7169550016058492 -0.20514113086304378 0.19854665714756511 -0.19848143320661507 9.9221905835543231e-17 -0.0050887853875722384
35 30 1.7115909870079031 -0.24591391645131103 0.16432766331424459 -0.16432555166204138 2.4149150866498048e-17 -0.00083306739553013571
35 31 1.7052588742926929 -0.28654760993093037 0.11829951058108339 -0.1182819307911339 7.3815883246303393e-18 0.0020393754056733508
35 32 1.6979622449855034 -0.32701922835652908 0.074944279593178009 -0.074875798034351376 1.2427535985203944e-17 0.0032031098107090914
35 33 1.6897052261547461 -0.3673058804544917 0.038263009666936479 -0.038003093066858035 3.7576449227866203e-17 0.004452283248379498
35 34 1.6804924880776331 -0.40738477957056402 0.0089201938908523952 -0.0030540993947863228 1.5223319399604477e-17 0.0083810700949918208
35 35 1.67032924159861 -0.44723325655827867 0.028372954202990658 0.025672114960884378 2.5895165919268707e-17 0.012081682152752642
35 36 1.6592212351820332 -0.48682877260091983 0.039870649464242312 0.037912470930605291 -4.9525018232003562e-18 0.01234152489105355
35 37 1.6471747516607644 -0.52614893195977275 0.03558727085443119 0.034258595218453675 2.0558543281005128e-17 0.0096334054479602603
35 38 1.6341966046825176 -0.56517149464144212 0.022956147133582013 0.022315040178483268 -4.619385415416154e-18 0.0053873623463939566
35 39 1.6202941348559727 -0.60387438897708279 0.0073256685929011739 0.0070259241168099491 -1.0182420239307078e-18 0.0020740806729360865
35 40 1.6054752055988306 -0.64223572410642382 0.0054166382479388653 -0.0053336410208556853 -1.3739169246908013e-18 -0.00094458634845086319
35 41 1.5897481986901632 -0.68023380235952124 0.013206126080652582 -0.012928894336015059 -2.493170351580235e-18 -0.0026917387143350368
35 42 1.5731220095295684 -0.71784713152924351 0.016809000552360238 -0.016547776650998731 -1.8737512915939118e-18 -0.002951878635362224
35 43 1.5556060421058182 -0.7550544370275446 0.017801612376612989 -0.017636674116197376 -5.6324198983878148e-18 -0.0024176702269404515
35 44 1.537210203677839 -0.79183467391864526 0.016659401447093478 -0.016638345255450351 -4.9519247762389671e-18 -0.00083733131785042813
35 45 1.5179448991710385 -0.82816703882232368 0.014819507155088582 -0.01477643398928246 -3.1347837996663424e-18 0.0011290663754180792
35 46 1.4978210252921438 -0.86403098168057713 0.013092383898849046 -0.012770929500073337 -2.505127418644125e-18 0.0028833792430060794
35 47 1.476849964365881 -0.89940621738100435 0.011798445512073078 -0.010886204352981441 -9.4322061042398927e-19 0.0045490516909005617
35 48 1.4550435778969877 -0.93427273723032478 0.011399488346309277 -0.0095923386850750077 -3.5767557025718376e-19 0.0061591698392278885
36 0 1.4725742234138188 0.94552903526924459 0.0090646622408498204 -0.0076276502627588526 -5.7034258519295509e-19 -0.0048976579106470167
36 1 1.4946433374305301 0.9102424368675226 0.0096362017625079184 -0.0091180277898198284 -9.1891321658971503e-19 -0.0031173632499011087
36 2 1.5158670617414465 0.8744409935080546 0.011348107824524046 -0.011259193325576731 -3.0256476880000296e-18 -0.001417785898615257
36 3 1.5362333919321354 0.83814495495271313 0.013653196761722919 -0.013651673204561572 -2.1594334012950523e-18 0.00020396208024225292
36 4 1.5557308085414276 0.80137485071284575 0.016340392494666251 -0.016230409520257519 -4.1863570731290473e-18 0.001892678970263889
36 5 1.5743482835769724 0.7641514784375153 0.018589549122915328 -0.018334601601833901 -7.2527720449397235e-18 0.003068178726103132
36 6 1.5920752867528163 0.72649589215007804 0.019260966229590219 -0.018970022965867521 -3.3494107339629715e-18 0.0033351235017422868
36 7 1.6089017914454666 0.68842939033975636 0.018262165171186319 -0.018008211231000004 -1.7410274156786639e-17 0.0030349637558586915
36 8 1.6248182803650819 0.64997350391493525 0.013575949120042034 -0.013488165072293671 -1.2247089664644765e-17 0.0015413622197676857
36 9 1.6398157509385749 0.61114998402499965 0.0038958101083028289 -0.0038427787264098648 4.7542457927228913e-19 -0.00064061537587407034
36 10 1.6538857204015844 0.57198078975760391 0.010367117666592348 0.0099441137250345264 5.4124771429653596e-18 -0.0029311654570411284
36 11 1.6670202305964363 0.53248807571832446 0.025524329003915824 0.024656228865070143 7.8964207737977219e-18 -0.0066001325178681475
36 12 1.6792118524733832 0.49269417949972633 0.036929143040727627 0.035571544311298608 3.363553756700794e-17 -0.0099210302404458689
36 13 1.6904536902925693 0.45262160904693244 0.033470160623153306 0.031431879553969533 -9.7225282007314157e-19 -0.011501678131665572
36 14 1.7007393855243516 0.4122930299268362 0.014542913141987961 0.0098923687860281249 4.8853828479245159e-17 -0.010660082666500413
36 15 1.710063120445767 0.37173125250816053 0.023037062572992671 -0.020750644183863284 2.7151383473631914e-17 -0.01000584918668479
36 16 1.718419621431112 0.33095921905961961 0.058697346968551591 -0.057479194811333123 7.3306556666441243e-17 -0.011896247517068047
36 17 1.7258041619347737 0.28999999077347194 0.10170914334421975 -0.10068080833996214 3.064546920542003e-17 -0.014426526672309262
36 18 1.7322125651646252 0.24887673472180896 0.14655999298243916 -0.14569166401673173 6.5355552838873225e-17 -0.015930178249108824
36 19 1.7376412064444742 0.20761271075296017 0.18059201278353393 -0.1798402279219026 -4.844161734616676e-18 -0.016461090553369077
36 20 1.7420870152642269 0.16623125833541949 0.19997684556584108 -0.19956952110565004 2.338873029348224e-17 -0.012757155173695699
36 21 1.7455474770166084 0.12475578335673704 0.21138633738851442 -0.21136937951881096 1.3219902544224633e-16 -0.002677505623466634
36 22 1.7480206344194562 0.083209744884847253 0.21573709396784513 -0.21563966378154817 1.2415741881094449e-16 0.0064829868017531609
36 23 1.7495050886227865 0.041616641899313814 0.21535581138575791 -0.21522619413433325 6.8077907865543903e-17 0.0074706663737875382
36 24 1.75 1.071565949253934e-16 0.21486933175294029 -0.21486933175294029 1.4455989240786698e-16 7.9279197597063788e-17
36 25 1.7495050886227865 -0.041616641899313599 0.21535581138575788 -0.21522619413433319 -2.5958339389251059e-17 -0.0074706663737877663
36 26 1.7480206344194562 -0.083209744884847045 0.21573709396784546 -0.2156396637815485 1.2824033671722856e-16 -0.0064829868017530568
36 27 1.7455474770166084 -0.12475578335673684 0.2113863373885147 -0.21136937951881124 1.7315633949817336e-16 0.0026775056234665871
36 28 1.7420870152642269 -0.16623125833541927 0.19997684556584119 -0.19956952110565016 7.9709137840874599e-17 0.012757155173695653
36 29 1.7376412064444742 -0.20761271075295998 0.18059201278353418 -0.17984022792190282 6.2603641122847958e-18 0.016461090553369227
36 30 1.7322125651646252 -0.24887673472180877 0.14655999298243927 -0.14569166401673181 6.5461161503153041e-17 0.015930178249108844
36 31 1.7258041619347737 -0.28999999077347177 0.10170914334422004 -0.10068080833996243 1.514335288396969e-17 0.014426526672309335
36 32 1.718419621431112 -0.33095921905961984 0.058697346968551792 -0.057479194811333331 4.9312222278387581e-17 0.011896247517068064
36 33 1.710063120445767 -0.3717312525081603 0.023037062572992765 -0.020750644183863364 3.6421639153944734e-17 0.010005849186684838
36 34 1.7007393855243516 -0.41229302992683592 0.014542913141987886 0.0098923687860280711 3.3561660340674056e-17 0.010660082666500363
36 35 1.6904536902925691 -0.45262160904693266 0.033470160623153201 0.031431879553969422 1.7113168613722123e-17 0.011501678131665576
36 36 1.6792118524733832 -0.4926941794997261 0.036929143040727752 0.035571544311298747 1.7205124895536116e-18 0.0099210302404458446
36 37 1.6670202305964363 -0.53248807571832424 0.025524329003915807 0.024656228865070118 1.6241384830336551e-17 0.0066001325178681623
36 38 1.6538857204015844 -0.57198078975760414 0.010367117666592462 0.0099441137250346288 3.0932289039446607e-18 0.0029311654570411873
36 39 1.6398157509385749 -0.61114998402499954 0.0038958101083027673 -0.0038427787264097993 9.2947117818103156e-18 0.00064061537587408737
36 40 1.6248182803650819 -0.64997350391493502 0.013575949120041987 -0.013488165072293624 -4.2104339919495519e-18 -0.0015413622197676829
36 41 1.6089017914454664 -0.68842939033975648 0.018262165171186309 -0.018008211231 -9.8482498477129768e-18 -0.0030349637558586607
36 42 1.5920752867528163 -0.72649589215007782 0.01926096622959024 -0.018970022965867538 -8.3696046817187108e-18 -0.003335123501742308
36 43 1.5743482835769727 -0.76415147843751507 0.018589549122915341 -0.018334601601833912 -1.2665014043503295e-17 -0.0030681787261031554
36 44 1.5557308085414276 -0.80137485071284587 0.016340392494666262 -0.016230409520257533 -4.7602000788670449e-18 -0.0018926789702638828
36 45 1.5362333919321354 -0.83814495495271324 0.013653196761722929 -0.013651673204561584 -5.1642326665849916e-18 -0.00020396208024225763
36 46 1.5158670617414469 -0.87444099350805404 0.011348107824524062 -0.011259193325576747 -1.2271673063413305e-18 0.001417785898615259
36 47 1.4946433374305303 -0.9102424368675226 0.0096362017625079323 -0.009118027789819844 -2.2681940995041476e-18 0.0031173632499011121
36 48 1.4725742234138191 -0.94552903526924437 0.0090646622408498308 -0.0076276502627588621 -1.5543873972264871e-18 0.004897657910647021
37 0 1.49010486893065 0.95678533330816418 0.006819448451162973 -0.0057383680040467913 -2.2682374385151401e-18 -0.0036845637229122687
37 1 1.5124367104951792 0.92107865635404063 0.0076051308017627984 -0.0074284691394298757 -5.4793594136976176e-19 -0.0016296811824584628
37 2 1.5339130981907494 0.8848510053355314 0.009749367451384992 -0.0097448817518287628 -3.6305088691766428e-18 0.00029571159091227548
37 3 1.5545218846932323 0.84812287108310258 0.012560384411821562 -0.012381543774815946 -1.2088529428051171e-18 0.0021120204367019286
37 4 1.5742514134050158 0.81091502750704625 0.015960008315076202 -0.01545637886967954 -8.0680236387562966e-18 0.0039777151298484512
37 5 1.5930905250481269 0.77324851984748566 0.019033542867795631 -0.018274477756027998 -2.5521163365281673e-18 0.0053215802958004798
37 6 1.6110285639760642 0.73514465277091223 0.021030379498144167 -0.020164372145014389 -1.3379360983709809e-17 0.0059728517337474781
37 7 1.6280553842007697 0.69662497831999148 0.022113304716751582 -0.021272923835140574 -8.4660930150379448e-18 0.0060382909005956189
37 8 1.6441613551313328 0.65771128372344634 0.019729043484081592 -0.019167021102809777 -3.0953174694639527e-18 0.0046755169597839158
37 9 1.6593373670211771 0.61842557907291629 0.012665149200065002 -0.012465800279986696 8.0494575529734937e-18 0.0022382644257081738
37 10 1.6735748361206508 0.57879008487376582 0.001966258739951945 -0.0013189094931933141 1.2454056421788511e-17 -0.0014583042142166242
37 11 1.6868657095321082 0.53882721947687595 0.016155795937299225 0.014224168917811548 2.6538690723746388e-17 -0.007660467411667384
37 12 1.699202469764733 0.49855958639853254 0.032322038542035601 0.02905015681571858 3.5120892552026601e-17 -0.014170482154640824
37 13 1.7105781389865284 0.45800996153558637 0.036192583370698875 0.031348909680012617 1.939486652314219e-17 -0.018087259408749581
37 14 1.72098628297107 0.41720128028310804 0.025787639873983199 0.018248365032012874 2.4083728628591544e-17 -0.018220854643200963
37 15 1.730421014736788 0.37615662456182908 0.018221710460493597 -0.0060548752719323043 -2.1128771218491962e-17 -0.017186309014660606
37 16 1.7388769978767205 0.33489920976271031 0.043695730168798901 -0.039625263437113527 3.0905882424805003e-17 -0.01841617040874232
37 17 1.7463494495768541 0.29345237161601329 0.082772298084499873 -0.079397059573175527 6.9018647297538927e-18 -0.023395731690266063
37 18 1.7528341433213468 0.25183955299230665 0.12429319479293556 -0.12063314221871621 5.7071531012331189e-17 -0.02994066248888981
37 19 1.7583274112830989 0.21008429064287637 0.15842831829690301 -0.15458605235226702 6.5927423081046385e-17 -0.0346797412984437
37 20 1.7628261463983248 0.16821020188703162 0.18045421582566593 -0.17736971852592817 9.5228098065604006e-17 -0.033222085414510501
37 21 1.7663278041239487 0.12624097125384104 0.19247798945062994 -0.19113205781567522 6.7273188778149046e-17 -0.022722519624861204
37 22 1.7688304038768308 0.084200337085857335 0.1945779063514835 -0.19430553820677035 2.8298513930970152e-16 -0.010291718141495839
37 23 1.7703325301540103 0.042112078112400878 0.19076053884493122 -0.19074504279605162 2.506678831949181e-16 -0.0024314253311475812
37 24 1.7708333333333333 1.0843226867450523e-16 0.1881440360794889 -0.1881440360794889 1.1617026417846206e-16 -3.427580018788377e-17
37 25 1.7703325301540103 -0.042112078112400662 0.19076053884493085 -0.19074504279605128 8.6881133757953307e-17 0.0024314253311476137
37 26 1.7688304038768308 -0.084200337085857127 0.19457790635148367 -0.19430553820677049 1.5206915912307426e-16 0.010291718141496004
37 27 1.7663278041239487 -0.12624097125384084 0.19247798945062994 -0.19113205781567522 1.1530847968084583e-16 0.022722519624861149
37 28 1.7628261463983248 -0.1682102018870314 0.18045421582566648 -0.17736971852592878 6.1103101309577308e-17 0.033222085414510466
37 29 1.7583274112830989 -0.21008429064287618 0.15842831829690296 -0.15458605235226694 8.6573202631565233e-17 0.034679741298443791
37 30 1.7528341433213468 -0.25183955299230648 0.12429319479293555 -0.12063314221871621 8.8045371616526819e-17 0.029940662488889724
37 31 1.7463494495768541 -0.29345237161601306 0.082772298084499998 -0.079397059573175638 3.2085000245632429e-17 0.023395731690266083
37 32 1.7388769978767205 -0.33489920976271054 0.04369573016879922 -0.039625263437113846 1.4802341841060919e-17 0.018416170408742376
37 33 1.730421014736788 -0.37615662456182886 0.018221710460493604 -0.0060548752719323216 3.3773621389065423e-17 0.01718630901466061
37 34 1.72098628297107 -0.41720128028310777 0.025787639873983137 0.018248365032012725 -3.8748616173421251e-17 0.018220854643201018
37 35 1.7105781389865282 -0.4580099615355866 0.036192583370698847 0.031348909680012534 -1.446076910548533e-18 0.018087259408749664
37 36 1.699202469764733 -0.49855958639853237 0.032322038542035691 0.029050156815718698 -1.9242567037301225e-17 0.014170482154640797
37 37 1.6868657095321082 -0.53882721947687573 0.016155795937299329 0.014224168917811635 1.783013155896869e-18 0.0076604674116674369
37 38 1.6735748361206508 -0.57879008487376604 0.0019662587399518813 -0.0013189094931932552 5.5138880254911512e-18 0.0014583042142165918
37 39 1.6593373670211771 -0.61842557907291618 0.012665149200064943 -0.012465800279986644 -2.8132370819790672e-18 -0.0022382644257081296
37 40 1.6441613551313328 -0.65771128372344612 0.019729043484081603 -0.019167021102809788 -7.3982580806701099e-19 -0.0046755169597839054
37 41 1.6280553842007695 -0.69662497831999159 0.022113304716751565 -0.02127292383514056 -2.8784413461083353e-18 -0.0060382909005955946
37 42 1.6110285639760642 -0.73514465277091201 0.021030379498144174 -0.020164372145014389 -1.1617140884479956e-17 -0.0059728517337474972
37 43 1.5930905250481271 -0.77324851984748544 0.019033542867795652 -0.018274477756028022 -8.504306432740694e-18 -0.0053215802958004781
37 44 1.5742514134050158 -0.81091502750704647 0.01596000831507622 -0.015456378869679559 -6.5114254890536025e-18 -0.0039777151298484598
37 45 1.5545218846932323 -0.84812287108310269 0.012560384411821583 -0.012381543774815967 -6.0247359535768193e-18 -0.0021120204367019355
37 46 1.5339130981907498 -0.88485100533553085 0.0097493674513850076 -0.0097448817518287784 -3.4678220317580577e-18 -0.00029571159091228529
37 47 1.5124367104951795 -0.92107865635404063 0.0076051308017628131 -0.0074284691394298913 -3.141613546846871e-18 0.0016296811824584654
37 48 1.4901048689306502 -0.95678533330816395 0.0068194484511629851 -0.0057383680040468026 -1.8472510346080253e-18 0.0036845637229122744
38 0 1.5076355144474811 0.96804163134708365 0.0048472989575144183 -0.0040788614274379475 -1.3670695899064497e-18 -0.0026190068039772703
38 1 1.5302300835598284 0.93191487584055877 0.0059446465735893215 -0.0059342072801358984 -1.943802729421005e-18 -0.00035214605104893452
38 2 1.5519591346400523 0.89526101716300821 0.0085526672543424116 -0.008377793365419911 -3.3736199426496579e-18 0.0017206671641625138
38 3 1.5728103774543289 0.85810078721349192 0.011828504700312114 -0.011268167303065681 -3.2875776472394962e-18 0.0035974892738446416
38 4 1.5927720182686043 0.82045520430124674 0.015822325679824185 -0.014883434471445925 -9.8037618053909423e-18 0.0053692986741844554
38 5 1.6118327665192813 0.78234556125745602 0.019603405697414051 -0.018498096797940792 -8.4333081748995966e-18 0.0064895246198329757
38 6 1.6299818411993119 0.74379341339174643 0.022967157206404302 -0.0218497270263436 -9.9801607949867674e-18 0.0070767039656862213
38 7 1.6472089769560727 0.70482056630022671 0.025976862169091324 -0.024946814704712206 -1.844566639574298e-17 0.0072424998612856603
38 8 1.6635044298975836 0.66544906353195743 0.025611227909127687 -0.024793446400121936 -2.5063513314022451e-18 0.0064202811945865508
38 9 1.678858983103779 0.62570117412083293 0.020864809392127044 -0.020222236250029273 -3.8590461058226166e-18 0.0051382323826190445
38 10 1.6932639518397172 0.58559937998992784 0.01016771666926636 -0.0099367106769275623 -6.5985581645029813e-18 0.0021550506234218206
38 11 1.7067111884677799 0.54516636323542733 0.0093512951997649241 0.0081568535865419838 1.3163306613447825e-17 -0.0045730144850922669
38 12 1.7191930870560828 0.50442499329733881 0.0304827203350202 0.027006961452520826 2.2763798568802036e-17 -0.014135779855568926
38 13 1.7307025876804876 0.46339831402424031 0.042522171137213058 0.035188708559918694 -5.7755164040458267e-19 -0.023872365364737951
38 14 1.7412331804177885 0.42210953063937984 0.042382870116340308 0.028643390911631691 1.4941747058349765e-17 -0.031238819382012943
38 15 1.750778909027809 0.38058199661549763 0.036338769847917889 0.0073797742228476669 -3.6388195650254041e-17 -0.035581527882873998
38 16 1.7593343743223289 0.33883920046580102 0.045229853099725423 -0.023137215985645745 3.44726185213476e-17 -0.038863978796004922
38 17 1.7668947372189348 0.29690475245855458 0.072073514620622545 -0.055880963851511263 2.0091737783858271e-18 -0.045518231389138845
38 18 1.7734557214780684 0.25480237126280436 0.10539679253494959 -0.089918079874201973 6.8524096115542385e-17 -0.054983841157123951
38 19 1.7790136161217234 0.21255587053279254 0.13790441809172921 -0.12345528982606611 1.144004989918829e-16 -0.061452582884533563
38 20 1.7835652775324227 0.17018914543864375 0.16241850060018653 -0.15062503221094375 4.9055269792027463e-17 -0.060760752206214033
38 21 1.7871081312312893 0.12772615915094507 0.1748591614012657 -0.16776577161369322 1.0482328575437456e-16 -0.049298805267633139
38 22 1.7896401733342051 0.085190929286867417 0.17510924976705192 -0.17209624762690917 6.3772980650114279e-17 -0.032343946987300962
38 23 1.7911599716852338 0.042607514325487948 0.16906383636873756 -0.16833060118582843 1.6203082008984519e-16 -0.015728619524066595
38 24 1.7916666666666665 1.0970794242361705e-16 0.16527141317466232 -0.16527141317466232 1.7261198823530333e-16 -2.4440638825015547e-16
38 25 1.7911599716852338 -0.042607514325487726 0.16906383636873701 -0.16833060118582788 1.2954470602248139e-16 0.015728619524066408
38 26 1.7896401733342051 -0.085190929286867209 0.17510924976705194 -0.17209624762690917 9.643620884572371e-17 0.03234394698730101
38 27 1.7871081312312893 -0.12772615915094485 0.17485916140126578 -0.16776577161369322 1.1608140039459101e-16 0.04929880526763334
38 28 1.7835652775324227 -0.17018914543864352 0.16241850060018662 -0.15062503221094392 8.6064200947136954e-17 0.060760752206213874
38 29 1.7790136161217234 -0.21255587053279235 0.13790441809172924 -0.12345528982606613 6.5451155855322582e-17 0.061452582884533563
38 30 1.7734557214780684 -0.25480237126280419 0.10539679253494962 -0.089918079874201959 6.0733295644167102e-17 0.054983841157124028
38 31 1.7668947372189348 -0.29690475245855441 0.072073514620622697 -0.05588096385151145 2.0535627828058732e-18 0.045518231389138859
38 32 1.7593343743223289 -0.33883920046580124 0.045229853099725513 -0.023137215985645821 3.8902627210253632e-18 0.038863978796004985
38 33 1.750778909027809 -0.38058199661549741 0.036338769847917798 0.0073797742228475047 3.2943447705538298e-18 0.035581527882873935
38 34 1.7412331804177885 -0.42210953063937962 0.042382870116340454 0.028643390911631803 1.7188730390646511e-18 0.03123881938201304
38 35 1.7307025876804873 -0.46339831402424053 0.042522171137213113 0.035188708559918659 3.0846316391204121e-18 0.023872365364738104
38 36 1.7191930870560828 -0.50442499329733859 0.030482720335020332 0.027006961452520923 4.0681922713942314e-19 0.014135779855569021
38 37 1.7067111884677799 -0.54516636323542722 0.009351295199765023 0.0081568535865420636 1.7605198245927363e-17 0.0045730144850923251
38 38 1.6932639518397172 -0.58559937998992795 0.010167716669266301 -0.0099367106769275102 -2.0149811508115383e-18 -0.0021550506234217842
38 39 1.678858983103779 -0.62570117412083281 0.020864809392127023 -0.020222236250029241 1.0181615320778649e-18 -0.0051382323826190627
38 40 1.6635044298975836 -0.66544906353195721 0.02561122790912769 -0.024793446400121929 -6.2139879925493196e-18 -0.0064202811945865664
38 41 1.6472089769560725 -0.70482056630022683 0.0259768621690913 -0.024946814704712182 -1.3039912993616044e-17 -0.007242499861285656
38 42 1.6299818411993119 -0.74379341339174632 0.02296715720640433 -0.021849727026343628 -1.1294503128314695e-17 -0.0070767039656862334
38 43 1.6118327665192815 -0.78234556125745591 0.019603405697414068 -0.018498096797940806 -1.4439460975015222e-17 -0.0064895246198329861
38 44 1.5927720182686043 -0.82045520430124697 0.015822325679824199 -0.014883434471445946 -8.1282674580998654e-18 -0.0053692986741844511
38 45 1.5728103774543289 -0.85810078721349203 0.011828504700312131 -0.011268167303065698 -6.8361349365037099e-18 -0.0035974892738446485
38 46 1.5519591346400525 -0.89526101716300766 0.0085526672543424186 -0.008377793365419918 -4.0823056018338977e-18 -0.0017206671641625208
38 47 1.5302300835598286 -0.93191487584055877 0.0059446465735893319 -0.0059342072801359105 -2.7665648202270874e-18 0.00035214605104893376
38 48 1.5076355144474813 -0.96804163134708343 0.0048472989575144244 -0.0040788614274379536 -3.3697955310162477e-18 0.0026190068039772729
39 0 1.5251661599643125 0.97929792938600335 0.0030046461397552739 -0.002528322546219115 -2.6326407837393905e-18 -0.0016234172376275793
39 1 1.5480234566244777 0.9427510953270769 0.0046360970074795747 -0.004534933539380278 -1.8421442962778374e-18 0.00096320987129748818
39 2 1.5700051710893552 0.90567102899048513 0.0077903893829704435 -0.0070015457340240634 -4.6954607804763219e-18 0.0034159221408966624
39 3 1.5910988702154261 0.86807870334388149 0.011521037339536062 -0.0099713543989933765 -2.2404731289395694e-18 0.0057711691041468886
39 4 1.6112926231321929 0.82999538109544735 0.015968151969808473 -0.013803231836348273 -1.0494406131845769e-17 0.0080282419123317243
39 5 1.6305750079904358 0.7914426026674265 0.020192533569866056 -0.01775770400105765 -7.3833268030955207e-18 0.0096126146589254613
39 6 1.6489351184225598 0.75244217401258084 0.02449300120475589 -0.02206631059064159 -1.7604015516312741e-17 0.010629442362302562
39 7 1.6663625697113762 0.71301615428046194 0.028571311887692699 -0.026477895263991032 -1.298685574115224e-17 0.010735032620953305
39 8 1.6828475046638347 0.67318684334046863 0.02954902514083076 -0.028064751775875151 -3.5384791690807728e-18 0.0092474101526838666
39 9 1.6983805991863812 0.63297676916874968 0.027224682390839156 -0.026431780276222543 2.3730573654947098e-18 0.0065226009161653145
39 10 1.7129530675587838 0.59240867510608974 0.018491897054234572 -0.018473232480648808 9.04122368431325e-18 0.00083062529476967339
39 11 1.726556667403452 0.55150550699397893 0.0090477387818470173 -0.0010971850432203699 1.2035746261199504e-17 -0.0089809666542901758
39 12 1.7391837043474327 0.51029040019614513 0.028576161883145691 0.018618426272073382 6.922107584942435e-18 -0.021678358589227099
39 13 1.7508270363744469 0.4687866665128943 0.047632028448966031 0.032701334031383311 6.9001028121115679e-18 -0.034632829609071818
39 14 1.761480077864507 0.42701778099565174 0.05698403764144927 0.034311863656415614 2.213341185090691e-17 -0.045495896060476194
39 15 1.7711368033188302 0.38500736866916624 0.05592231769761629 0.019130686256935189 2.6672403868596778e-17 -0.052548286936986252
39 16 1.7797917507679375 0.34277919116889177 0.058717018669978034 -0.0060752645565658606 2.4643442952713229e-17 -0.058401878754525384
39 17 1.7874400248610156 0.30035713330109592 0.073775874658697546 -0.030713094424837956 6.0895498670662654e-17 -0.067078949846481939
39 18 1.7940772996347902 0.25776518953330213 0.09481645508541961 -0.055498270992398284 7.90200557442534e-17 -0.076877188240854114
39 19 1.7996998209603483 0.21502745042270877 0.11663767074794547 -0.084182994542512268 8.6836831020105866e-17 -0.080731466401654586
39 20 1.8043044086665208 0.1721680889902559 0.13538548112869123 -0.11029471689847319 1.1045652148433025e-16 -0.078513081233211435
39 21 1.8078884583386301 0.12921134704804907 0.14386163889752235 -0.1268557009674153 1.87353588825801e-16 -0.067851324809076644
39 22 1.8104499427915797 0.086181521487877513 0.14061130484616771 -0.13199181114353056 2.0062509625282066e-16 -0.048473712892582024
39 23 1.8119874132164575 0.043102950538575019 0.13156161627177532 -0.12906609809996566 1.5275708497783794e-16 -0.025502964480465642
39 24 1.8125 1.1098361617272889e-16 0.12669431720393529 -0.12669431720393529 1.8642758530270851e-16 3.3707771688626037e-17
39 25 1.8119874132164575 -0.043102950538574797 0.13156161627177551 -0.12906609809996591 1.2105488146991051e-16 0.025502964480465382
39 26 1.8104499427915797 -0.086181521487877305 0.14061130484616793 -0.1319918111435309 2.1516199204594531e-16 0.048473712892581684
39 27 1.8078884583386301 -0.12921134704804887 0.14386163889752226 -0.12685570096741516 1.2001887637302619e-16 0.067851324809076755
39 28 1.8043044086665208 -0.17216808899025568 0.13538548112869137 -0.11029471689847341 1.6279414128981452e-16 0.078513081233211407
39 29 1.7996998209603483 -0.21502745042270854 0.11663767074794573 -0.084182994542512588 1.3238160014394182e-16 0.080731466401654642
39 30 1.7940772996347902 -0.25776518953330191 0.094816455085419721 -0.055498270992398319 8.6573032339161064e-17 0.076877188240854225
39 31 1.7874400248610156 -0.30035713330109576 0.073775874658697754 -0.030713094424838251 4.6502562052940789e-17 0.067078949846482022
39 32 1.7797917507679375 -0.34277919116889194 0.058717018669978284 -0.0060752645565658623 2.6897181025473296e-17 0.058401878754525641
39 33 1.7711368033188302 -0.38500736866916602 0.05592231769761629 0.019130686256935186 1.6167698611539967e-17 0.052548286936986252
39 34 1.761480077864507 -0.42701778099565152 0.056984037641449332 0.034311863656415642 -1.5727730594916901e-17 0.045495896060476236
39 35 1.7508270363744467 -0.46878666651289452 0.047632028448966107 0.032701334031383297 -3.6728334653658582e-19 0.034632829609071929
39 36 1.7391837043474327 -0.51029040019614491 0.028576161883145761 0.018618426272073444 -1.9586945461814905e-17 0.021678358589227134
39 37 1.726556667403452 -0.55150550699397871 0.0090477387818470589 -0.001097185043220341 -1.1074075891181935e-17 0.0089809666542902192
39 38 1.7129530675587838 -0.59240867510608997 0.018491897054234544 -0.018473232480648777 6.0180921568620001e-18 -0.00083062529476968868
39 39 1.6983805991863812 -0.63297676916874945 0.027224682390839108 -0.026431780276222502 -4.6981532429788331e-18 -0.0065226009161652642
39 40 1.6828475046638347 -0.67318684334046841 0.029549025140830732 -0.02806475177587512 -5.8694965576378551e-18 -0.0092474101526838753
39 41 1.666362569711376 -0.71301615428046206 0.028571311887692723 -0.026477895263991053 -9.2630219818091826e-18 -0.01073503262095331
39 42 1.6489351184225598 -0.75244217401258062 0.024493001204755917 -0.022066310590641625 -1.5654671433429129e-17 -0.010629442362302559
39 43 1.630575007990436 -0.79144260266742639 0.020192533569866066 -0.017757704001057667 -1.420620599819244e-17 -0.0096126146589254596
39 44 1.6112926231321929 -0.82999538109544757 0.015968151969808494 -0.01380323183634829 -9.504917032776909e-18 -0.0080282419123317347
39 45 1.5910988702154261 -0.8680787033438816 0.011521037339536078 -0.0099713543989933939 -6.2679441111199082e-18 -0.0057711691041468938
39 46 1.5700051710893557 -0.90567102899048457 0.0077903893829704566 -0.0070015457340240747 -3.7864876749411961e-18 -0.0034159221408966707
39 47 1.5480234566244779 -0.9427510953270769 0.004636097007479586 -0.0045349335393802901 -3.6812290160865515e-18 -0.0009632098712974898
39 48 1.5251661599643127 -0.97929792938600313 0.0030046461397552813 -0.0025283225462191215 -2.3616333431945206e-18 0.001623417237627583
40 0 1.5426968054811436 0.99055422742492283 0.0015795754283588722 -0.0013291668912794952 -1.5602273925857086e-18 -0.00085344824623495325
40 1 1.5658168296891268 0.95358731481359504 0.003892434628637774 -0.0034068264047394962 -2.5790389942256804e-18 0.0018827058150938617
40 2 1.5880512075386581 0.91608104081796193 0.007383108173617761 -0.0058519065448925491 -3.9472461801450613e-18 0.0045017192374897331
40 3 1.6093873629765227 0.87805661947427083 0.011366891726501035 -0.008925896316208666 -4.7248523072629501e-18 0.0070380823009034395
40 4 1.6298132279957813 0.83953555788964784 0.016015627198521704 -0.012978665605084469 -1.086411887937982e-17 0.0093837387897056021
40 5 1.6493172494615902 0.80053964407739697 0.02053758800304277 -0.017322061908219097 -1.2145175843994653e-17 0.011033525829513943
40 6 1.6678883956458075 0.76109093463341504 0.025604347812037787 -0.022513327647942342 -1.3823056170874355e-17 0.012195601875110519
40 7 1.6855161624666792 0.72121174226069706 0.030226839834639151 -0.027534185978783626 -1.9276599342097661e-17 0.012471184742224108
40 8 1.7021905794300856 0.68092462314897972 0.031917197479407661 -0.029818576011429749 -1.2260299438043504e-17 0.011382443480645675
40 9 1.7179022152689833 0.64025236421666631 0.030418146334113928 -0.02908754719739972 -8.9643880697423602e-18 0.0088982146772603934
40 10 1.7326421832778502 0.59921797022225176 0.021189360537075229 -0.021092802547407342 -1.6946083317129362e-17 0.0020205644424881541
40 11 1.7464021463391237 0.55784465075253031 0.011758330356984505 -0.0041960985632279761 -2.174286458966815e-18 -0.010984128988302144
40 12 1.7591743216387823 0.51615580709495135 0.033529831447913105 0.014966916250914427 -7.8924528605286994e-19 -0.030004016645502254
40 13 1.7709514850684061 0.47417501900154824 0.060745875294217364 0.031598017840804335 1.7416591552148279e-17 -0.051880888907118956
40 14 1.7817269753112255 0.43192603135192359 0.080615211265930339 0.03757622196084847 3.360858050111985e-18 -0.071322085153195242
40 15 1.7914946976098511 0.38943274072283479 0.087174808817378838 0.028586490577137396 3.3753957977316304e-17 -0.082354476798956022
40 16 1.8002491272135459 0.34671918187198242 0.088160861628775761 0.01157018828049622 3.2024952746280635e-18 -0.087398331026868101
40 17 1.8079853125030962 0.30380951414363727 0.093191038913039342 -0.0042502270187582377 8.4235103908610526e-17 -0.093094066964445318
40 18 1.8146988777915118 0.26072800780379984 0.10143572686924786 -0.021511382711596392 1.0687789224390777e-16 -0.099128538268895533
40 19 1.8203860257989728 0.21749903031262494 0.10807082627066994 -0.046992631644830953 1.2269386030235951e-16 -0.097319042647975931
40 20 1.8250435398006186 0.17414703254186803 0.11436251571959674 -0.071439033673058677 1.452794137848746e-16 -0.089304252248001037
40 21 1.8286687854459704 0.1306965349451531 0.11635434611790095 -0.086679045967616095 2.5712180579972258e-16 -0.077621368518393116
40 22 1.8312597122489542 0.087172113688887595 0.11119277386137767 -0.09515958950830207 1.9744762254317112e-16 -0.057519435703064045
40 23 1.8328148547476812 0.043598386751662083 0.10065821103769648 -0.095821794859040743 1.9191753428960728e-16 -0.030826272549585948
40 24 1.8333333333333333 1.122592899218407e-16 0.094985263370356982 -0.094985263370356982 2.1558720959796962e-16 1.1601505806678504e-16
40 25 1.8328148547476812 -0.043598386751661861 0.10065821103769645 -0.095821794859040743 2.6655398146504224e-16 0.030826272549585868
40 26 1.8312597122489542 -0.087172113688887387 0.11119277386137758 -0.095159589508302111 1.784564069824007e-16 0.057519435703063788
40 27 1.8286687854459704 -0.13069653494515288 0.11635434611790106 -0.086679045967616344 3.0060746640379438e-16 0.077621368518392977
40 28 1.8250435398006186 -0.17414703254186781 0.11436251571959674 -0.071439033673058733 1.3425151995300318e-16 0.089304252248000995
40 29 1.8203860257989728 -0.21749903031262474 0.10807082627066994 -0.046992631644831029 1.4013091538452357e-16 0.097319042647975876
40 30 1.8146988777915118 -0.26072800780379962 0.10143572686924768 -0.021511382711596517 1.2967765282492202e-16 0.099128538268895311
40 31 1.8079853125030962 -0.30380951414363705 0.093191038913039176 -0.0042502270187585447 3.1371144095855488e-17 0.093094066964445152
40 32 1.8002491272135459 -0.34671918187198264 0.088160861628776011 0.01157018828049612 3.6831513918261397e-17 0.087398331026868364
40 33 1.7914946976098511 -0.38943274072283457 0.087174808817378921 0.028586490577137191 3.9262754214700382e-17 0.082354476798956175
40 34 1.7817269753112255 -0.43192603135192337 0.080615211265930464 0.037576221960848429 1.1516770233747174e-17 0.071322085153195394
40 35 1.7709514850684058 -0.47417501900154846 0.060745875294217572 0.031598017840804432 5.2122340925558885e-18 0.051880888907119137
40 36 1.7591743216387823 -0.51615580709495112 0.033529831447913237 0.014966916250914472 -4.7440590014803183e-18 0.030004016645502379
40 37 1.7464021463391237 -0.5578446507525302 0.011758330356984493 -0.0041960985632278911 4.6624269768187914e-18 0.010984128988302162
40 38 1.7326421832778502 -0.59921797022225187 0.02118936053707517 -0.021092802547407283 -1.0811488909442656e-18 -0.0020205644424881155
40 39 1.7179022152689833 -0.64025236421666609 0.030418146334113931 -0.029087547197399716 -7.4547889268266758e-18 -0.0088982146772604038
40 40 1.7021905794300856 -0.6809246231489795 0.031917197479407647 -0.029818576011429735 -1.8443263177241397e-17 -0.011382443480645672
40 41 1.685516162466679 -0.72121174226069718 0.030226839834639165 -0.027534185978783644 -2.4250111117408547e-17 -0.012471184742224096
40 42 1.6678883956458075 -0.76109093463341482 0.025604347812037822 -0.02251332764794238 -1.8406213528881053e-17 -0.012195601875110514
40 43 1.6493172494615904 -0.80053964407739675 0.020537588003042794 -0.017322061908219118 -1.7614416318734419e-17 -0.011033525829513955
40 44 1.6298132279957813 -0.83953555788964807 0.016015627198521721 -0.012978665605084486 -1.0397400884981502e-17 -0.0093837387897056056
40 45 1.6093873629765227 -0.87805661947427094 0.011366891726501046 -0.0089258963162086782 -7.4786220520908226e-18 -0.0070380823009034412
40 46 1.5880512075386586 -0.91608104081796138 0.0073831081736177636 -0.0058519065448925508 -3.9551169750653826e-18 -0.0045017192374897357
40 47 1.5658168296891271 -0.95358731481359504 0.0038924346286377822 -0.0034068264047395044 -2.7716071695550185e-18 -0.0018827058150938643
40 48 1.5426968054811436 -0.99055422742492261 0.0015795754283588746 -0.0013291668912794974 -4.0103914684022821e-18 0.00085344824623495433
41 0 1.5602274509979746 1.0018105254638423 0.00024782680952924641 -0.00020853906947637397 -2.1626145361338132e-18 -0.00013390139664459612
41 1 1.583610202753776 0.96442353430011307 0.0037206188619607742 -0.0023459218214453149 -2.1322685802488352e-18 0.0028878461738196825
41 2 1.6060972439879611 0.92649105264543874 0.0075645323097778333 -0.0046772469491822045 -4.7369784718881274e-18 0.0059452089990208517
41 3 1.6276758557376196 0.88803453560466028 0.011899642304685274 -0.0076591967268854885 -5.4630120951964288e-18 0.0091070408189665043
41 4 1.6483338328593695 0.84907573468384834 0.016745265111272729 -0.011572161226033507 -1.2356022949167494e-17 0.012103263535323622
41 5 1.6680594909327446 0.80963668548736734 0.021420277356611488 -0.015938986087233042 -1.3122439823531574e-17 0.014310031605316404
41 6 1.6868416728690552 0.76973969525424923 0.026563557602086098 -0.021566834824135014 -2.4284679472075909e-17 0.015507876326171273
41 7 1.7046697552219823 0.72940733024093229 0.030773477054099746 -0.026978239853537599 -2.3521289074773758e-17 0.014804778431445672
41 8 1.7215336541963366 0.68866240295749082 0.032680698687249599 -0.030565220376160111 -1.7297529035265834e-17 0.011566994857938006
41 9 1.7374238313515853 0.64752795926458295 0.032284582072332056 -0.031770050243633982 -1.8090810207162523e-17 0.0057409186636040044
41 10 1.7523312989969166 0.60602726533841367 0.026094123098793297 -0.025581082154632003 -1.0458252792512112e-18 -0.0051489315486754964
41 11 1.7662476252747956 0.5641837945110818 0.024320033182997702 -0.011408543302644916 -7.9120045380146341e-19 -0.021478108709422836
41 12 1.7791649389301321 0.52202121399375756 0.043860580830963981 0.0070293177078188289 1.1614071558040926e-17 -0.043293639756805731
41 13 1.791075933762365 0.47956337149020223 0.073736383944757483 0.026904791171654664 2.4691048390544268e-17 -0.068652651290815742
41 14 1.801973872757944 0.43683428170819544 0.10048683520637808 0.038677265307898431 3.1203997288944075e-17 -0.092745205795751101
41 15 1.8118525919008721 0.39385811277650334 0.11433470101999371 0.037122684708639012 7.4553464535970424e-17 -0.10814032613856096
41 16 1.8207065036591543 0.35065917257507312 0.11707304056616356 0.027873269077747977 7.5691639255080685e-17 -0.11370654202079157
41 17 1.8285306001451767 0.30726189498617856 0.11592607156610051 0.019898964758371135 1.1430161839596564e-16 -0.11420545201650296
41 18 1.8353204559482337 0.26369082607429756 0.11301105611718736 0.011568117629558722 1.6837945419544191e-16 -0.11241742506938487
41 19 1.8410722306375975 0.21997061020254113 0.10435167354383584 -0.0050497879117578897 1.956305997692091e-16 -0.10422941721724031
41 20 1.8457826709347165 0.17612597609348016 0.094104419896832728 -0.023533851759984542 3.0235545715390619e-16 -0.091114212203467354
41 21 1.849449112553311 0.1321817228422571 0.084712951621331495 -0.034421470238400413 2.635213627332386e-16 -0.077404435008757516
41 22 1.8520694817063286 0.088162705889897677 0.072428162348933817 -0.043323039459638987 2.9818302318250874e-16 -0.058042682167712384
41 23 1.8536422962789048 0.044093822964749153 0.057000464000191445 -0.047355608903566472 2.6055456842165995e-16 -0.031725371575595088
41 24 1.8541666666666665 1.1353496367095252e-16 0.047828118878388087 -0.047828118878388087 3.469778997164933e-16 -7.0620012924841262e-17
41 25 1.8536422962789048 -0.044093822964748931 0.057000464000191563 -0.047355608903566708 3.3767557781348179e-16 0.031725371575594963
41 26 1.8520694817063286 -0.088162705889897469 0.072428162348933664 -0.043323039459638876 3.1271030284404157e-16 0.058042682167712273
41 27 1.849449112553311 -0.13218172284225688 0.084712951621331412 -0.034421470238400531 2.6265037551504607e-16 0.077404435008757363
41 28 1.8457826709347165 -0.17612597609347994 0.094104419896832714 -0.023533851759984608 2.5840505380240965e-16 0.091114212203467312
41 29 1.8410722306375975 -0.21997061020254091 0.1043516735438357 -0.0050497879117579044 2.2976751845323554e-16 0.10422941721724018
41 30 1.8353204559482337 -0.26369082607429734 0.11301105611718718 0.011568117629558672 1.9446947600725133e-16 0.11241742506938469
41 31 1.8285306001451767 -0.3072618949861784 0.11592607156610051 0.019898964758371131 1.0226443992334155e-16 0.11420545201650296
41 32 1.8207065036591543 -0.35065917257507334 0.11707304056616369 0.027873269077748036 8.6531421293784037e-17 0.11370654202079168
41 33 1.8118525919008721 -0.39385811277650318 0.11433470101999368 0.037122684708638873 5.9511181303015731e-17 0.10814032613856098
41 34 1.801973872757944 -0.43683428170819516 0.10048683520637816 0.038677265307898369 3.1409436712590665e-17 0.092745205795751212
41 35 1.7910759337623647 -0.47956337149020239 0.073736383944757608 0.026904791171654754 3.1573888046557684e-17 0.068652651290815825
41 36 1.7791649389301321 -0.52202121399375734 0.043860580830964155 0.0070293177078188905 -9.2065778620651885e-18 0.043293639756805898
41 37 1.7662476252747956 -0.56418379451108158 0.024320033182997764 -0.011408543302644845 -7.5211764336776977e-18 0.021478108709422943
41 38 1.7523312989969166 -0.60602726533841389 0.026094123098793252 -0.025581082154631951 -3.9621124520015409e-18 0.0051489315486755345
41 39 1.7374238313515853 -0.64752795926458273 0.032284582072332049 -0.031770050243633975 -1.7642410810195352e-17 -0.0057409186636039602
41 40 1.7215336541963366 -0.68866240295749059 0.032680698687249633 -0.030565220376160138 -2.3951312626275736e-17 -0.011566994857938023
41 41 1.7046697552219821 -0.72940733024093241 0.03077347705409977 -0.026978239853537634 -1.8186930570740671e-17 -0.014804778431445662
41 42 1.6868416728690552 -0.76973969525424901 0.026563557602086091 -0.021566834824135017 -1.960252067314807e-17 -0.015507876326171252
41 43 1.6680594909327449 -0.80963668548736711 0.021420277356611513 -0.015938986087233067 -1.7044384084968772e-17 -0.014310031605316412
41 44 1.6483338328593695 -0.84907573468384856 0.016745265111272754 -0.011572161226033524 -1.1835493985908773e-17 -0.012103263535323636
41 45 1.6276758557376196 -0.88803453560466039 0.011899642304685301 -0.0076591967268855067 -7.6365944898243602e-18 -0.0091070408189665216
41 46 1.6060972439879615 -0.92649105264543818 0.0075645323097778463 -0.0046772469491822115 -4.3702578778508202e-18 -0.005945208999020863
41 47 1.5836102027537762 -0.96442353430011307 0.0037206188619607855 -0.0023459218214453223 -3.2437508222499463e-18 -0.0028878461738196916
41 48 1.5602274509979748 -1.0018105254638423 0.00024782680952924614 -0.00020853906947637375 -2.3673367155834276e-18 0.00013390139664459593
42 0 1.5777580965148059 1.013066823502762 0.00054396723119843607 0.00045773264173977273 -1.544393725562644e-18 0.00029390674933322251
42 1 1.6014035758184253 0.97525975378663132 0.0036815780457852441 -0.0016132277812357316 -1.7858538144572796e-18 0.0033093070321529752
42 2 1.6241432804372642 0.93690106447291566 0.0074641306864729317 -0.0037906894580142961 -3.6629204916894436e-18 0.0064299238205165511
42 3 1.6459643484987165 0.89801245173504984 0.011800436222710141 -0.006669195504585345 -5.2505116407566251e-18 0.0097350976557951489
42 4 1.6668544377229582 0.85861591147804894 0.016538997111826732 -0.010385423944437639 -1.1338762358805266e-17 0.012871728514823263
42 5 1.6868017324038991 0.81873372689733781 0.021158343600599774 -0.014641902323700143 -1.2998471909584879e-17 0.015273840390165983
42 6 1.7057949500923033 0.77838845587508354 0.026032700748595195 -0.020134942983410575 -1.6328609640657947e-17 0.016501078126010864
42 7 1.7238233479772855 0.73760291822116753 0.029277327523520393 -0.024806368903569801 -2.0945056425169525e-17 0.015550111534631835
42 8 1.7408767289625877 0.69640018276600202 0.03032590813099767 -0.028069623933141625 -2.0742400105750399e-17 0.011478541554645057
42 9 1.7569454474341875 0.6548035543124997 0.029056223926264748 -0.028835295699315887 -8.2765492733272472e-18 0.0035762928831759352
42 10 1.7720204147159833 0.61283656045457569 0.025736191298743761 -0.023255965276388634 -2.2460567806317126e-17 -0.011023230997712968
42 11 1.7860931042104675 0.5705229382696333 0.034660294496996688 -0.012706738716109996 -1.8617315818866411e-17 -0.032247089881399377
42 12 1.799155556221482 0.52788662089256388 0.059058841764672902 0.0023129310904896868 -1.8748209700763989e-17 -0.059013533535582488
42 13 1.8112003824563243 0.48495172397885622 0.090064901525950675 0.020465337271073088 2.6868850625252488e-17 -0.087708930316475878
42 14 1.8222207702046624 0.44174253206446734 0.11680757178747286 0.035572490112479788 5.5654736467389148e-17 -0.11125918736932765
42 15 1.8322104861918933 0.39828348483017195 0.1296860473773658 0.04149414500406496 1.3464838366955724e-16 -0.12286865676300852
42 16 1.841163880104763 0.35459916327816388 0.12858922627088121 0.040162941442584678 1.1291210921057213e-16 -0.12215615927010558
42 17 1.8490758877872575 0.31071427582871997 0.11973304966072823 0.035778282280262759 2.0398893214050754e-16 -0.11426249471341088
42 18 1.8559420341049555 0.26665364434479533 0.10871530078718529 0.031195443534779686 2.0522151002530225e-16 -0.10414346320300925
42 19 1.8617584354762222 0.22244219009245733 0.094265358991250839 0.023694951678637326 2.6008193801391012e-16 -0.091238737226555469
42 20 1.8665218020688146 0.17810491964509231 0.076805295441744234 0.013402136853301841 2.6048263936500726e-16 -0.075626953764243249
42 21 1.8702294396606518 0.13366691073936113 0.06212330305079275 0.0047637341820093602 3.376898608884611e-16 -0.061940387620548445
42 22 1.8728792511637031 0.089153298090907773 0.046365073844325297 -0.0032666198896990186 3.3266161363559364e-16 -0.046249856941248592
42 23 1.8744697378101285 0.044589259177836224 0.027340214066262733 -0.0092566413665926672 3.5931243611678464e-16 -0.025725510603277754
42 24 1.875 1.1481063742006437e-16 0.011575352967291532 -0.011575352967291532 4.2892705109849708e-16 4.0757405673838435e-17
42 25 1.8744697378101285 -0.044589259177836002 0.027340214066262494 -0.0092566413665925024 3.5219386666496298e-16 0.02572551060327756
42 26 1.8728792511637031 -0.089153298090907551 0.046365073844324971 -0.0032666198896987709 3.9193187692673769e-16 0.04624985694124828
42 27 1.8702294396606518 -0.13366691073936091 0.06212330305079302 0.0047637341820093151 2.8117655097580388e-16 0.061940387620548723
42 28 1.8665218020688146 -0.17810491964509209 0.076805295441744331 0.013402136853301919 3.3605985871867212e-16 0.075626953764243332
42 29 1.8617584354762222 -0.22244219009245714 0.094265358991250672 0.023694951678637364 1.586145629259432e-16 0.091238737226555275
42 30 1.8559420341049555 -0.2666536443447951 0.10871530078718529 0.0311954435347798 1.984065575710659e-16 0.10414346320300923
42 31 1.8490758877872575 -0.31071427582871974 0.11973304966072827 0.035778282280262745 1.3697005735123525e-16 0.11426249471341092
42 32 1.841163880104763 -0.3545991632781641 0.12858922627088126 0.040162941442584615 1.4939748551551299e-16 0.12215615927010565
42 33 1.8322104861918933 -0.39828348483017179 0.12968604737736597 0.041494145004065057 1.2048761635515089e-16 0.12286865676300866
42 34 1.8222207702046624 -0.44174253206446706 0.11680757178747302 0.035572490112479829 3.2464943535594563e-17 0.11125918736932779
42 35 1.8112003824563241 -0.48495172397885639 0.090064901525950841 0.020465337271073213 5.4312601684849024e-17 0.087708930316476016
42 36 1.799155556221482 -0.52788662089256366 0.059058841764673006 0.0023129310904897887 -2.16816571258205e-18 0.059013533535582585
42 37 1.7860931042104675 -0.57052293826963318 0.034660294496996785 -0.012706738716109943 -8.1949912888609629e-18 0.032247089881399502
42 38 1.7720204147159833 -0.6128365604545758 0.025736191298743764 -0.023255965276388617 -6.1542455353440548e-18 0.011023230997713015
42 39 1.7569454474341875 -0.65480355431249948 0.029056223926264731 -0.028835295699315873 -2.4746542303523611e-17 -0.0035762928831758961
42 40 1.7408767289625877 -0.6964001827660018 0.030325908130997663 -0.028069623933141635 -2.728248025910387e-17 -0.011478541554645014
42 41 1.7238233479772853 -0.73760291822116764 0.029277327523520403 -0.024806368903569832 -2.5890974788734033e-17 -0.015550111534631804
42 42 1.7057949500923033 -0.77838845587508332 0.026032700748595219 -0.020134942983410606 -2.0156127354235433e-17 -0.016501078126010857
42 43 1.6868017324038993 -0.81873372689733759 0.021158343600599813 -0.014641902323700173 -1.5961916637498357e-17 -0.015273840390166009
42 44 1.6668544377229582 -0.85861591147804917 0.016538997111826735 -0.010385423944437653 -1.0428326518548952e-17 -0.012871728514823258
42 45 1.6459643484987165 -0.89801245173504984 0.011800436222710164 -0.0066691955045853606 -8.2030151221856246e-18 -0.0097350976557951663
42 46 1.6241432804372644 -0.93690106447291499 0.0074641306864729447 -0.0037906894580142974 -3.8778405622056049e-18 -0.0064299238205165659
42 47 1.6014035758184255 -0.97525975378663132 0.0036815780457852545 -0.0016132277812357385 -2.3051844091408969e-18 -0.0033093070321529839
42 48 1.5777580965148061 -1.0130668235027618 0.00054396723119843823 0.00045773264173977463 -3.3328162870653933e-18 -0.00029390674933322359
43 0 1.5952887420316371 1.0243231215416817 0.001355509159030318 0.0011406216269653653 -1.8406588520939168e-18 0.00073238472424946377
43 1 1.6191969488830744 0.98609597327314935 0.0040135369782385629 -0.00088507785887773202 -2.3272268850890611e-18 0.0039147306752077777
43 2 1.6421893168865669 0.94731107630039246 0.0078991386944087371 -0.0028567106884360006 -4.1262941792337113e-18 0.0073644820697779476
43 3 1.6642528412598134 0.90799036786543919 0.012412702461716078 -0.005464656866282335 -5.1895009665235391e-18 0.01114507549265081
43 4 1.6853750425865466 0.86815608827224944 0.017078241962772515 -0.0087341578228834916 -1.1762964420626094e-17 0.014675858941267017
43 5 1.7055439738750535 0.82783076830730817 0.021329952303243017 -0.012727716810633723 -1.3451482811755974e-17 0.017116427490774286
43 6 1.724748227315551 0.78703721649591785 0.024929107012115079 -0.017962988771339439 -2.6875536664383637e-17 0.017285583901685771
43 7 1.7429769407325888 0.74579850620140264 0.026375291790846411 -0.022440348421011728 -2.2903402889945603e-17 0.01385953750295754
43 8 1.7602198037288386 0.70413796257451311 0.026999619695907355 -0.02636110689607413 -3.49245705403277e-17 0.0058370803435777189
43 9 1.7764670635167896 0.66207914936041634 0.028401025485951737 -0.027584496175512389 -2.2385473700271352e-17 -0.0067611995530987411
43 10 1.7917095304350497 0.61964585557073759 0.034181823709029696 -0.023398225527342168 -8.8790950145976509e-18 -0.024918268684778599
43 11 1.8059385831461394 0.57686208202818479 0.049516426354206652 -0.01507072089052562 -3.9302390946171159e-18 -0.047167254008808335
43 12 1.8191461735128318 0.5337520277913701 0.072212804794167515 -0.0010190002530228507 3.1213533896851078e-17 -0.072205614842094382
43 13 1.8313248311502834 0.49034007646751016 0.099648208907677685 0.01680806933373611 5.4176544100720224e-17 -0.0982204375055441
43 14 1.8424676676513809 0.44665078242073919 0.12387115716342428 0.034157346952487115 1.113640910904624e-16 -0.11906863241917739
43 15 1.8525683804829143 0.4027088568838405 0.13594266959986953 0.044792904068585493 1.5777177980649131e-16 -0.12835110113684958
43 16 1.8616212565503714 0.35853915398125458 0.13211390673422788 0.048730405927383029 1.6866478124769504e-16 -0.12279833830607292
43 17 1.8696211754293381 0.31416665667126126 0.11620090499854618 0.0473543409917698 2.1789441336049992e-16 -0.10611416828923623
43 18 1.8765636122616771 0.26961646261529304 0.098769114667253285 0.047190847332961097 2.782216028023355e-16 -0.08676613360148179
43 19 1.8824446403148469 0.22491376998237353 0.0855745109166762 0.048320123401550626 2.4911529579507215e-16 -0.070626925411540142
43 20 1.8872609332029124 0.18008386319670444 0.072939186562397271 0.047860714826062807 4.095318954461979e-16 -0.055040684159287902
43 21 1.8910097667679924 0.13515209863646513 0.059825355386461075 0.042744439979786407 2.2993284905737176e-16 -0.041856731811392107
43 22 1.8936890206210775 0.090143890291917855 0.047040468045334766 0.035854514029263672 4.7502332298404206e-16 -0.030450935250817768
43 23 1.8952971793413522 0.045084695390923295 0.033293756722373322 0.028597134326801162 3.6060770633292696e-16 -0.017049285761681316
43 24 1.8958333333333333 1.1608631116917617e-16 0.02477605848189959 0.02477605848189959 4.0877743871340487e-16 -6.2936196446157093e-17
43 25 1.8952971793413522 -0.045084695390923066 0.033293756722373419 0.02859713432680137 4.2412301661584527e-16 0.017049285761681167
43 26 1.8936890206210775 -0.090143890291917633 0.047040468045334682 0.035854514029263693 4.4828788506032648e-16 0.030450935250817601
43 27 1.8910097667679924 -0.13515209863646491 0.059825355386460957 0.042744439979786511 3.8764963710365687e-16 0.04185673181139183
43 28 1.8872609332029124 -0.18008386319670422 0.072939186562397271 0.047860714826062876 3.8231891130488753e-16 0.055040684159287839
43 29 1.8824446403148469 -0.22491376998237331 0.08557451091667613 0.048320123401550688 3.1495776225242242e-16 0.070626925411540017
43 30 1.8765636122616771 -0.26961646261529282 0.098769114667253272 0.047190847332960972 3.0668668430618073e-16 0.086766133601481846
43 31 1.8696211754293381 -0.31416665667126104 0.11620090499854603 0.047354340991769751 1.8951612259229668e-16 0.10611416828923607
43 32 1.8616212565503714 -0.3585391539812548 0.13211390673422768 0.048730405927382807 2.2158382028931459e-16 0.1227983383060728
43 33 1.8525683804829143 -0.40270885688384034 0.1359426695998695 0.044792904068585576 1.4021650390645639e-16 0.12835110113684953
43 34 1.8424676676513809 -0.44665078242073891 0.12387115716342445 0.034157346952487205 1.0909353183992506e-16 0.11906863241917752
43 35 1.8313248311502832 -0.49034007646751032 0.099648208907677838 0.016808069333736238 7.6689303515256007e-17 0.098220437505544239
43 36 1.8191461735128318 -0.53375202779136999 0.072212804794167598 -0.0010190002530227503 1.5409127729038624e-17 0.072205614842094479
43 37 1.8059385831461394 -0.57686208202818456 0.049516426354206666 -0.015070720890525536 -9.1043601639905884e-18 0.047167254008808376
43 38 1.7917095304350497 -0.61964585557073781 0.034181823709029724 -0.02339822552734221 -6.3481399305203484e-18 0.024918268684778602
43 39 1.7764670635167896 -0.66207914936041612 0.028401025485951716 -0.027584496175512351 -3.0661191434754937e-17 0.0067611995530987932
43 40 1.7602198037288386 -0.70413796257451289 0.026999619695907352 -0.026361106896074137 -2.8702808637289633e-17 -0.0058370803435776686
43 41 1.7429769407325886 -0.74579850620140276 0.026375291790846404 -0.022440348421011749 -2.7896402308217901e-17 -0.01385953750295749
43 42 1.724748227315551 -0.78703721649591762 0.024929107012115093 -0.017962988771339471 -2.3817119865793777e-17 -0.017285583901685761
43 43 1.7055439738750537 -0.82783076830730795 0.021329952303243055 -0.012727716810633762 -1.7054911613648417e-17 -0.017116427490774307
43 44 1.6853750425865466 -0.86815608827224966 0.017078241962772529 -0.008734157822883502 -1.3708674740978921e-17 -0.014675858941267028
43 45 1.6642528412598134 -0.9079903678654393 0.012412702461716099 -0.0054646568662823566 -6.6755287921108071e-18 -0.011145075492650824
43 46 1.6421893168865673 -0.9473110763003918 0.0078991386944087562 -0.0028567106884360032 -3.8238254864567446e-18 -0.0073644820697779667
43 47 1.6191969488830746 -0.98609597327314935 0.0040135369782385707 -0.00088507785887773419 -2.8212289675195283e-18 -0.0039147306752077855
43 48 1.5952887420316373 -1.0243231215416815 0.0013555091590303195 0.0011406216269653666 -2.4406984632961032e-18 -0.00073238472424946442
44 0 1.6128193875484682 1.0355794195806012 0.0015308595940265244 0.0012881739301881161 -1.5231900675535923e-18 0.00082712696861289548
44 1 1.6369903219477235 0.99693219275966749 0.0037740759420532809 -0.0005071001406628412 -1.8555853045137736e-18 0.0037398527596317326
44 2 1.6602353533358698 0.95772108812786927 0.0072961850308319942 -0.0021927731623476829 -3.09210024233781e-18 0.0069588836649727521
44 3 1.6825413340209101 0.91796828399582864 0.011435757561515002 -0.0044228712310542062 -5.0444277551087986e-18 0.010545840937509944
44 4 1.7038956474501348 0.87769626506645004 0.015562531688688081 -0.0070828493649286927 -1.0366971739440055e-17 0.013857331540926264
44 5 1.724286215346208 0.83692780971727854 0.019119111924127189 -0.010362176616641312 -1.0578557268231392e-17 0.016067536728846598
44 6 1.7437015045387987 0.79568597711675204 0.021296013162737527 -0.014457923423592069 -1.3134114379010856e-17 0.015636132095407672
44 7 1.7621305334878918 0.75399409418163787 0.020856986506319859 -0.017604330821528489 -2.8301310157970743e-17 0.011184874717715476
44 8 1.7795628784950894 0.7118757423830242 0.020755650391825239 -0.020700457622703543 -2.5880527932286299e-17 0.0015126392161814175
44 9 1.7959886795993916 0.66935474440833298 0.025461885761667604 -0.021692833746778176 -2.1305515840545462e-17 -0.013331488685621479
44 10 1.8113986461541161 0.6264551506868995 0.038169531186525801 -0.019664982347158896 -3.2906952504162389e-17 -0.032713935567049927
44 11 1.8257840620818111 0.58320122578673628 0.056091266183252234 -0.015761104661469742 2.4356955351987013e-19 -0.053831382314507327
44 12 1.8391367908041816 0.53961743469017642 0.073591166129048272 -0.0061596509240896043 5.864227950871142e-18 -0.073332928706867723
44 13 1.8514492798442426 0.49572842895616409 0.090278786800512129 0.0086945330124234086 6.5016653716223681e-17 -0.08985913666326982
44 14 1.8627145650980994 0.45155903277701104 0.1042364793681185 0.026751932769970458 1.0284128169379455e-16 -0.10074511265630297
44 15 1.8729262747739353 0.40713422893750911 0.11285652994745819 0.041403061494022023 1.5403121424119712e-16 -0.10498753664461205
44 16 1.8820786329959798 0.36247914468434528 0.1113580559191249 0.048527403329262329 1.9013294109783374e-16 -0.10022827816642392
44 17 1.8901664630714186 0.3176190375138026 0.098315544665846341 0.047949617531181453 2.2854505539463387e-16 -0.085829951075108074
44 18 1.8971851904183987 0.27257928088579075 0.082309895425154489 0.049544892614467297 2.8158646042036219e-16 -0.065728399499156917
44 19 1.9031308451534716 0.2273853498722897 0.074425747309593324 0.05635326023145245 2.7232823818058176e-16 -0.048615860826253375
44 20 1.9080000643370103 0.18206280674831657 0.070939630793859787 0.061594925748242026 2.307723028980448e-16 -0.035192276698697539
44 21 1.9117900938753327 0.13663728653356913 0.063540828578331224 0.058857252693423526 2.7943606866922033e-16 -0.023942863274958637
44 22 1.914498790078452 0.091134482492927937 0.05658032287453453 0.054326401953800757 3.0885376955312764e-16 -0.01581059731131778
44 23 1.9161246208725757 0.045580131604010359 0.048658543929759109 0.047927756038723381 2.8935541819472936e-16 -0.0084014343095040016
44 24 1.9166666666666665 1.17361984918288e-16 0.043847815995784183 0.043847815995784183 3.3440404907562372e-16 -6.6004486679366618e-17
44 25 1.9161246208725757 -0.04558013160401013 0.048658543929758817 0.047927756038723089 2.8445915448125152e-16 0.0084014343095039599
44 26 1.914498790078452 -0.091134482492927715 0.05658032287453469 0.054326401953800944 3.7476356547365684e-16 0.015810597311317703
44 27 1.9117900938753327 -0.13663728653356891 0.06354082857833139 0.058857252693423727 2.8793756685951081e-16 0.023942863274958585
44 28 1.9080000643370103 -0.18206280674831635 0.070939630793859551 0.061594925748241727 3.6109786179876791e-16 0.035192276698697601
44 29 1.9031308451534716 -0.22738534987228948 0.074425747309593421 0.056353260231452505 2.628819587542588e-16 0.048615860826253458
44 30 1.8971851904183987 -0.27257928088579053 0.082309895425154517 0.049544892614467435 2.4496700100455561e-16 0.065728399499156862
44 31 1.8901664630714186 -0.31761903751380238 0.098315544665846119 0.047949617531181335 2.403067876183523e-16 0.08582995107510788
44 32 1.8820786329959798 -0.3624791446843455 0.11135805591912486 0.048527403329262524 1.7144357368534548e-16 0.10022827816642377
44 33 1.8729262747739353 -0.40713422893750889 0.11285652994745816 0.041403061494022037 1.6024856268788044e-16 0.10498753664461202
44 34 1.8627145650980994 -0.45155903277701076 0.10423647936811856 0.0267519327699706 1.0895161764444889e-16 0.10074511265630297
44 35 1.8514492798442423 -0.49572842895616431 0.090278786800512253 0.0086945330124235248 7.5858158830892978e-17 0.089859136663269931
44 36 1.8391367908041816 -0.5396174346901762 0.073591166129048341 -0.0061596509240895714 2.6782608005423256e-17 0.073332928706867792
44 37 1.8257840620818111 -0.58320122578673605 0.05609126618325231 -0.01576110466146971 5.5075404733940401e-18 0.05383138231450741
44 38 1.8113986461541161 -0.62645515068689972 0.038169531186525885 -0.019664982347158834 -1.7069296352417928e-17 0.032713935567050066
44 39 1.7959886795993916 -0.66935474440833276 0.025461885761667632 -0.021692833746778162 -2.6438417192247099e-17 0.013331488685621552
44 40 1.7795628784950894 -0.71187574238302398 0.020755650391825281 -0.020700457622703589 -3.6450779304877126e-17 -0.0015126392161813717
44 41 1.7621305334878916 -0.75399409418163799 0.020856986506319831 -0.017604330821528489 -2.6800322510569491e-17 -0.011184874717715416
44 42 1.7437015045387987 -0.79568597711675182 0.021296013162737541 -0.014457923423592105 -1.7064931908197442e-17 -0.015636132095407655
44 43 1.724286215346208 -0.83692780971727831 0.01911911192412722 -0.010362176616641341 -1.4182482393032282e-17 -0.016067536728846615
44 44 1.7038956474501348 -0.87769626506645027 0.015562531688688102 -0.0070828493649287023 -8.8367827482678966e-18 -0.013857331540926285
44 45 1.6825413340209101 -0.91796828399582875 0.011435757561515021 -0.0044228712310542167 -6.274430545987883e-18 -0.010545840937509959
44 46 1.6602353533358702 -0.9577210881278686 0.007296185030832009 -0.0021927731623476812 -3.5513748843723116e-18 -0.0069588836649727686
44 47 1.6369903219477238 -0.99693219275966749 0.0037740759420532917 -0.00050710014066284164 -1.887178609144714e-18 -0.0037398527596317435
44 48 1.6128193875484684 -1.035579419580601 0.0015308595940265273 0.0012881739301881187 -2.1741077194034539e-18 -0.00082712696861289678
45 0 1.6303500330652996 1.0468357176195209 0.0018487813951531522 0.0015556959012740399 -1.9047531988152826e-18 0.00099890085084736462
45 1 1.6547836950123727 1.0077684122461856 0.0038030381422072238 -7.1961319985676734e-05 -1.7529933937450397e-18 0.0038023572530088345
45 2 1.6782813897851729 0.96813109995534619 0.0070843929869941558 -0.0014775199969864067 -3.430928257164466e-18 0.0069286043798644807
45 3 1.7008298267820072 0.92794620012621809 0.010835226984472318 -0.0032858336471633131 -3.4431462905111891e-18 0.01032499109191899
45 4 1.7224162523137234 0.88723644186065065 0.014094732868691751 -0.0053101840512320359 -1.0393977863248325e-17 0.013056164826694725
45 5 1.7430284568173624 0.84602485112724901 0.016142770975940399 -0.007987348861096975 -1.0831388545032753e-17 0.014028232709532466
45 6 1.7626547817620466 0.80433473773758635 0.015901602513289856 -0.011249780435063927 -2.3037782347189609e-17 0.01123847866276923
45 7 1.7812841262431951 0.76218968216187311 0.014190753352026034 -0.013719292071303443 -2.0380093431464591e-17 0.0036274654733447977
45 8 1.7989059532613405 0.7196135221915354 0.018718963606782806 -0.016431362638765511 -2.8773843918014481e-17 -0.0089671578744572149
45 9 1.8155102956819937 0.67663033945624962 0.030001366487176304 -0.0167103108475339 -1.5516319851266878e-17 -0.024916811643479916
45 10 1.8310877618731827 0.63326444580306152 0.043706044696346515 -0.014991164554053709 1.0438600777884846e-17 -0.041054638328845657
45 11 1.8456295410174832 0.58954036954528777 0.056038336880033464 -0.0119271298359491 1.8951643837375788e-17 -0.054754349362918481
45 12 1.8591274080955316 0.54548284158898275 0.064431781200794 -0.0044365773999859373 7.4248307825456998e-17 -0.064278855074440505
45 13 1.8715737285382019 0.50111678144481808 0.071317051648129098 0.0062537768661470724 1.008236201094356e-16 -0.071042326332196912
45 14 1.8829614625448179 0.45646728313328289 0.077461237091709614 0.019969104766871186 1.5446555098975251e-16 -0.074843023098935368
45 15 1.8932841690649564 0.41155960099117772 0.082514589696197821 0.033183878639875847 1.6760457619137542e-16 -0.07554791665655558
45 16 1.9025360094415884 0.36641913538743603 0.08207137610194444 0.04205139070718375 2.0623594156533834e-16 -0.07047972272120967
45 17 1.9107117507134994 0.32107141835634395 0.073152946279181841 0.044197050905414245 1.7432984620073728e-16 -0.058292145616618773
45 18 1.9178067685751206 0.27554209915628847 0.062823966457668412 0.047519174835409364 2.647096511871853e-16 -0.041094753733731566
45 19 1.9238170499920964 0.22985692976220592 0.062285590714914907 0.056885247129273037 2.1228323321498266e-16 -0.025368552772033093
45 20 1.9287391954711084 0.18404175029992872 0.067051960810308828 0.065679395470383123 2.2894126616134362e-16 -0.013497498255314088
45 21 1.9325704209826735 0.13812247443067316 0.066393956057022308 0.066151069476441296 1.8115340331401309e-16 -0.0056739235124246626
45 22 1.9353085595358266 0.092125074693938033 0.062268786897265803 0.062206607770031293 2.1586924468472807e-16 -0.0027820444645230208
45 23 1.9369520624037995 0.046075567817097436 0.056487610071626941 0.056481163977385625 1.7424697470935228e-16 -0.0008533506687441614
45 24 1.9375 1.1863765866739985e-16 0.053280851395194867 0.053280851395194867 1.8326224456230044e-16 5.5300859049296163e-17
45 25 1.9369520624037995 -0.0460755678170972 0.056487610071626886 0.056481163977385562 2.4223185950228912e-16 0.00085335066874406057
45 26 1.9353085595358266 -0.092125074693937811 0.0622687868972659 0.062206607770031397 1.7059963516847997e-16 0.002782044464522895
45 27 1.9325704209826735 -0.13812247443067294 0.066393956057022072 0.06615106947644106 2.3277127288608288e-16 0.0056739235124247779
45 28 1.9287391954711084 -0.18404175029992847 0.067051960810308744 0.065679395470383026 2.1932095784774676e-16 0.013497498255314154
45 29 1.9238170499920964 -0.2298569297622057 0.062285590714914879 0.056885247129273044 1.9657296940161961e-16 0.025368552772033006
45 30 1.9178067685751206 -0.27554209915628824 0.062823966457668259 0.047519174835409184 2.3108220102891537e-16 0.041094753733731525
45 31 1.9107117507134994 -0.32107141835634373 0.073152946279181674 0.044197050905413988 2.5851738011311835e-16 0.058292145616618753
45 32 1.9025360094415884 -0.3664191353874362 0.082071376101944302 0.042051390707183715 2.1375953193114183e-16 0.070479722721209531
45 33 1.8932841690649564 -0.4115596009911775 0.082514589696197849 0.033183878639875791 1.8231713058906018e-16 0.075547916656555622
45 34 1.8829614625448179 -0.45646728313328266 0.077461237091709684 0.01996910476687128 1.7918949100759559e-16 0.07484302309893541
45 35 1.8715737285382017 -0.5011167814448183 0.071317051648129168 0.0062537768661471349 1.1657316783754612e-16 0.071042326332196953
45 36 1.8591274080955316 -0.54548284158898253 0.064431781200793986 -0.0044365773999858636 6.5799449923520408e-17 0.064278855074440491
45 37 1.8456295410174832 -0.58954036954528755 0.056038336880033519 -0.011927129835949058 1.3913120754205537e-17 0.054754349362918543
45 38 1.8310877618731827 -0.63326444580306174 0.043706044696346528 -0.014991164554053671 1.3198986535511765e-17 0.041054638328845691
45 39 1.8155102956819937 -0.6766303394562494 0.030001366487176422 -0.016710310847533928 -2.6619165188166503e-17 0.024916811643480041
45 40 1.7989059532613405 -0.71961352219153518 0.018718963606782862 -0.016431362638765538 -2.4563927386625361e-17 0.0089671578744572756
45 41 1.7812841262431949 -0.76218968216187322 0.014190753352026035 -0.01371929207130345 -2.1466823485800865e-17 -0.0036274654733447795
45 42 1.7626547817620466 -0.80433473773758613 0.015901602513289859 -0.011249780435063949 -2.3417073920589125e-17 -0.011238478662769207
45 43 1.7430284568173626 -0.8460248511272489 0.016142770975940423 -0.007987348861097001 -1.1450556306434758e-17 -0.014028232709532479
45 44 1.7224162523137234 -0.88723644186065087 0.01409473286869176 -0.0053101840512320376 -9.7372181170392417e-18 -0.013056164826694736
45 45 1.7008298267820072 -0.9279462001262182 0.010835226984472339 -0.0032858336471633235 -4.7748067061761486e-18 -0.010324991091919008
45 46 1.6782813897851734 -0.96813109995534552 0.0070843929869941679 -0.001477519996986406 -3.4499076257526153e-18 -0.0069286043798644937
45 47 1.6547836950123729 -1.0077684122461856 0.0038030381422072311 -7.1961319985675324e-05 -2.3580554219700053e-18 -0.0038023572530088423
45 48 1.6303500330652998 -1.0468357176195207 0.0018487813951531557 0.001555695901274043 -1.5199650887751483e-18 -0.00099890085084736635
46 0 1.6478806785821305 1.0580920156584404 0.0014353986743892771 0.0012078463361302942 -8.2076634210543196e-19 0.00077554921361259761
46 1 1.6725770680770218 1.0186046317327038 0.0028441125446299039 3.9564326845493679e-05 -1.3597149886111804e-18 0.0028438373424938437
46 2 1.6963274262344759 0.97854111178282299 0.00522786927941818 -0.00091396727488063617 -1.3537916794228407e-18 0.0051473567025349647
46 3 1.7191183195431039 0.93792411625660754 0.0079072548094713639 -0.0020925111436495289 -3.1855133492346172e-18 0.0076253574169090959
46 4 1.7409368571773118 0.89677661865485114 0.01000649204249837 -0.0032898617928866793 -7.2107839208447788e-18 0.0094502218164595284
46 5 1.7617706982885168 0.85512189253721949 0.010924371519362762 -0.0049138387428791569 -7.5983580218454644e-18 0.009756847949109592
46 6 1.7816080589852945 0.81298349835842065 0.0097349002300516907 -0.0068753453549369936 -1.093057606954322e-17 0.0068918726583858739
46 7 1.8004377189984981 0.77038527014210822 0.0084552763112006619 -0.0084542059723147975 -2.4849350460652163e-17 0.00013453206468306525
46 8 1.8182490280275916 0.7273513020000465 0.014708037464642248 -0.01077669491739937 -1.4107087502614945e-17 -0.010009456164978123
46 9 1.8350319117645957 0.68390593450416626 0.024976696583087408 -0.011816948602225893 -5.1644233520628692e-18 -0.022004433597254028
46 10 1.8507768775922491 0.64007374091922342 0.034310267902659619 -0.012080279531702763 -3.8688424742069846e-18 -0.032113257853855284
46 11 1.8654750199531549 0.59587951330383926 0.040206210798181451 -0.011070486020116668 2.1341561629901574e-17 -0.038652085662046802
46 12 1.8791180253868811 0.55134824848778896 0.04206021599164083 -0.0056972876868054429 3.7145595061155574e-17 -0.041672565103161745
46 13 1.8916981772321608 0.50650513393347196 0.043865025117679722 0.0029844506124871413 9.8224124183991106e-17 -0.043763380618004118
46 14 1.9032083599915364 0.46137553348955473 0.048979485038763634 0.013692573513524096 1.3013410290131275e-16 -0.047026624216917903
46 15 1.9136420633559774 0.41598497304484627 0.056232194649677172 0.024178228320148196 1.3277280669714869e-16 -0.050768819076456424
46 16 1.9229933858871968 0.37035912609052668 0.05939160502480418 0.031370752379807076 1.5377328637207377e-16 -0.050430532840206772
46 17 1.93125703835558 0.32452379919888524 0.054784799586530736 0.035017675882309467 1.5151501254038231e-16 -0.042132370471382935
46 18 1.9384283467318424 0.27850491742678618 0.046703735862700789 0.037735883173915408 1.1232887050529191e-16 -0.02751803162687208
46 19 1.9445032548307211 0.23232850965212209 0.044954061749775405 0.043018338132073043 1.5314775141860126e-16 -0.013049530725556785
46 20 1.9494783266052063 0.18602069385154085 0.047918083594240976 0.04786153469765584 8.8911504386471196e-17 -0.0023272798993142505
46 21 1.9533507480900141 0.13960766232777716 0.051610222367111241 0.051459358430115711 9.6626721203291228e-17 0.0039432832441442479
46 22 1.9561183289932009 0.093115666894948115 0.05006084104774066 0.049843178646394273 5.0554077821145166e-17 0.0046631908422004372
46 23 1.957779503935023 0.0465710040301845 0.045798156731778741 0.045691460307105719 7.4912759094418399e-17 0.0031243583393640263
46 24 1.9583333333333333 1.1991333241651167e-16 0.044632758010524964 0.044632758010524964 9.8346691989568885e-17 -4.7915566893902063e-17
46 25 1.957779503935023 -0.046571004030184264 0.045798156731778915 0.045691460307105906 8.9174801584708099e-17 -0.0031243583393637726
46 26 1.9561183289932009 -0.093115666894947879 0.050060841047740355 0.049843178646393982 1.4028985817145544e-16 -0.0046631908422002429
46 27 1.9533507480900141 -0.13960766232777694 0.051610222367111089 0.051459358430115558 1.0344083058839993e-16 -0.0039432832441442479
46 28 1.9494783266052063 -0.1860206938515406 0.047918083594240796 0.04786153469765566 1.3743257907504124e-16 0.0023272798993142227
46 29 1.9445032548307211 -0.23232850965212187 0.044954061749775287 0.043018338132072953 1.1890924684675494e-16 0.013049530725556667
46 30 1.9384283467318424 -0.27850491742678596 0.046703735862700546 0.037735883173915172 1.2498315310515481e-16 0.02751803162687199
46 31 1.93125703835558 -0.32452379919888502 0.054784799586530764 0.035017675882309661 1.3098165658879508e-16 0.042132370471382803
46 32 1.9229933858871968 -0.3703591260905269 0.059391605024804256 0.031370752379807104 1.5940352207158221e-16 0.050430532840206842
46 33 1.9136420633559774 -0.41598497304484605 0.056232194649677256 0.024178228320148328 1.6211574702553641e-16 0.050768819076456452
46 34 1.9032083599915364 -0.46137553348955446 0.048979485038763641 0.013692573513524179 1.1003086173671984e-16 0.047026624216917882
46 35 1.8916981772321606 -0.50650513393347218 0.043865025117679798 0.0029844506124872632 8.6172812480916273e-17 0.04376338061800418
46 36 1.8791180253868811 -0.55134824848778874 0.042060215991640809 -0.0056972876868053952 6.1724392738461478e-17 0.041672565103161731
46 37 1.8654750199531549 -0.59587951330383904 0.040206210798181555 -0.011070486020116651 1.129152817353237e-17 0.03865208566204692
46 38 1.8507768775922491 -0.64007374091922364 0.034310267902659654 -0.012080279531702704 -3.0588973028643944e-18 0.032113257853855347
46 39 1.8350319117645957 -0.68390593450416604 0.024976696583087508 -0.011816948602225917 -1.8154332005529156e-17 0.022004433597254125
46 40 1.8182490280275916 -0.72735130200004627 0.014708037464642344 -0.010776694917399427 -2.6575825050247868e-17 0.010009456164978199
46 41 1.8004377189984981 -0.77038527014210834 0.0084552763112006775 -0.0084542059723148131 -1.7594648010508245e-17 -0.0001345320646830111
46 42 1.7816080589852945 -0.81298349835842043 0.0097349002300516803 -0.0068753453549370014 -1.1712748833643182e-17 -0.0068918726583858496
46 43 1.7617706982885171 -0.85512189253721926 0.010924371519362781 -0.0049138387428791759 -8.9686410065097929e-18 -0.0097568479491096025
46 44 1.7409368571773118 -0.89677661865485137 0.01000649204249838 -0.0032898617928866845 -5.1137876590510644e-18 -0.0094502218164595388
46 45 1.7191183195431039 -0.93792411625660765 0.0079072548094713813 -0.0020925111436495398 -3.0088848657124144e-18 -0.0076253574169091098
46 46 1.6963274262344763 -0.97854111178282233 0.0052278692794181939 -0.00091396727488063693 -2.5276077178419558e-18 -0.0051473567025349786
46 47 1.672577068077022 -1.0186046317327038 0.0028441125446299086 3.9564326845493591e-05 -1.3410286319903529e-18 -0.0028438373424938489
46 48 1.6478806785821307 -1.0580920156584401 0.0014353986743892817 0.0012078463361302981 -1.2466851958796273e-18 -0.00077554921361259988
47 0 1.6654113240989616 1.0693483136973598 0.0011520634087633995 0.00096942793113327999 -8.2155688803997167e-19 0.00062246251626117395
47 1 1.6903704411416709 1.0294408512192219 0.0019956377399515217 0.00020640531362077448 -9.6277291287590927e-19 0.0019849349701257031
47 2 1.7143734626837785 0.9889511236102998 0.0033817147900099482 -0.00034112554167229985 -1.830081644224128e-18 0.003364465527508167
47 3 1.7374068123042008 0.94790203238699688 0.0046707681655883872 -0.0009614824227486121 -2.1382881717284467e-18 0.0045707359153006602
47 4 1.7594574620409 0.90631679544905164 0.005003767268324741 -0.0014591292824322644 -4.8150272933392081e-18 0.0047862959177955916
47 5 1.7805129397596711 0.86421893394718985 0.0040389492022373892 -0.002149584626905001 -4.437378715810263e-18 0.0034194146560526601
47 6 1.8005613362085422 0.82163225897925485 0.0030472704274443416 -0.003028198495934969 -9.5629308244020697e-18 -0.00034039818917557825
47 7 1.8195913117538014 0.77858085812234346 0.0071407103721692717 -0.0035328652713280235 -5.1907598808508345e-18 -0.0062055304039099028
47 8 1.8375921027938424 0.73508908180855759 0.013047085703938685 -0.0047884637912627539 -6.5837019720701536e-18 -0.012136600013417544
47 9 1.8545535278471978 0.6911815295520829 0.017520163177871435 -0.0052387840603380764 -1.3930509969500515e-18 -0.016718590232085655
47 10 1.8704659933113155 0.64688303603538533 0.018359794264478872 -0.0056259801459428551 3.2498509848458108e-17 -0.017476566963550023
47 11 1.8853204988888268 0.60221865706239075 0.01700087107430177 -0.0061613125039707856 4.4311113968057852e-17 -0.015845120558501406
47 12 1.8991086426782309 0.55721365538659517 0.015619107766652991 -0.0042052455125748765 6.5160943399879924e-17 -0.015042354789237242
47 13 1.91182262592612 0.51189348642212595 0.016545069560655452 -0.00065237411090838333 9.7875755050956976e-17 -0.016532202962289813
47 14 1.9234552574382546 0.46628378384582658 0.020666782571428691 0.0046535823598912191 8.2415052744560594e-17 -0.020136039160530503
47 15 1.9339999576469984 0.42041034509851483 0.025830474644585152 0.011579755823197603 4.7964628122329354e-17 -0.023089449439942861
47 16 1.9434507623328052 0.37429911679361738 0.028865122008911222 0.01738327649347083 2.5000676965080151e-17 -0.023043805391924216
47 17 1.9518023259976605 0.32797618004142659 0.028723505488257563 0.022176725594034611 5.9342996293258565e-17 -0.018254659938241866
47 18 1.959049924888564 0.28146773569728389 0.027120386856909914 0.02560972382854363 -2.1096821947377676e-17 -0.0089251010467207952
47 19 1.9651894596693456 0.23480008954203829 0.028234104047517437 0.02819785588373348 1.5714754266162347e-17 0.0014302289768556254
47 20 1.9702174577393041 0.18799963740315298 0.029222208950534633 0.028241602666715659 -6.5526125124803585e-17 0.0075066220608250534
47 21 1.9741310751973544 0.14109285022488116 0.02999416268482864 0.028701295755967783 1.0593928062950753e-17 0.0087112236277363669
47 22 1.9769280984505755 0.094106259095958197 0.027772874658008304 0.026699951224045296 -8.0486959178480396e-17 0.0076449441726569728
47 23 1.9786069454662467 0.047066440243271571 0.023016533052326798 0.022565202142239654 -2.1556033288213517e-17 0.0045356858388467597
47 24 1.9791666666666665 1.211890061656235e-16 0.021174008033145775 0.021174008033145775 2.0895499745321721e-17 -4.3687907311777155e-17
47 25 1.9786069454662467 -0.047066440243271328 0.023016533052326756 0.022565202142239612 -2.1822402156532019e-17 -0.0045356858388467527
47 26 1.9769280984505755 -0.094106259095957961 0.027772874658008182 0.026699951224045195 -1.9710015991401942e-17 -0.0076449441726568835
47 27 1.9741310751973544 -0.14109285022488094 0.029994162684828584 0.028701295755967766 1.6472463769067122e-17 -0.0087112236277362386
47 28 1.9702174577393041 -0.18799963740315273 0.029222208950534397 0.028241602666715437 -1.5493205571074814e-17 -0.007506622060824971
47 29 1.9651894596693456 -0.23480008954203807 0.028234104047517423 0.028197855883733469 -3.5037411524287876e-17 -0.0014302289768556196
47 30 1.959049924888564 -0.28146773569728367 0.027120386856910154 0.025609723828543908 2.0957025114235701e-17 0.0089251010467207171
47 31 1.9518023259976605 -0.32797618004142637 0.028723505488257476 0.022176725594034632 4.4310635229782482e-17 0.018254659938241706
47 32 1.9434507623328052 -0.3742991167936176 0.028865122008911274 0.01738327649347084 2.7988171094976176e-17 0.023043805391924271
47 33 1.9339999576469984 -0.4204103450985146 0.025830474644585145 0.011579755823197521 6.8110478495441081e-17 0.023089449439942889
47 34 1.9234552574382546 -0.46628378384582631 0.020666782571428712 0.0046535823598911992 7.2598779608695196e-17 0.020136039160530528
47 35 1.9118226259261197 -0.51189348642212618 0.016545069560655424 -0.00065237411090824618 7.7590075921963365e-17 0.016532202962289789
47 36 1.8991086426782309 -0.55721365538659495 0.01561910776665291 -0.0042052455125749007 4.4441074725120602e-17 0.015042354789237152
47 37 1.8853204988888268 -0.60221865706239053 0.01700087107430176 -0.0061613125039707596 2.6767006976669674e-17 0.015845120558501406
47 38 1.8704659933113155 -0.64688303603538555 0.018359794264478861 -0.0056259801459428351 2.628060185354524e-17 0.01747656696355002
47 39 1.8545535278471978 -0.69118152955208267 0.017520163177871518 -0.0052387840603380677 5.8940099518555032e-18 0.016718590232085738
47 40 1.8375921027938424 -0.73508908180855737 0.013047085703938734 -0.0047884637912627842 -2.9391600059289441e-18 0.012136600013417586
47 41 1.8195913117538012 -0.77858085812234357 0.0071407103721692995 -0.0035328652713280222 -1.2668035823970774e-17 0.006205530403909934
47 42 1.8005613362085422 -0.82163225897925463 0.0030472704274443567 -0.0030281984959349816 -8.1397833646882605e-18 0.00034039818917559988
47 43 1.7805129397596713 -0.86421893394718963 0.004038949202237397 -0.0021495846269050239 -7.4742716892303466e-18 -0.0034194146560526544
47 44 1.7594574620409 -0.90631679544905186 0.0050037672683247254 -0.0014591292824322497 -5.6152806913699172e-18 -0.0047862959177955803
47 45 1.7374068123042008 -0.947902032386997 0.0046707681655884046 -0.00096148242274862262 -2.5282899116734363e-18 -0.0045707359153006758
47 46 1.714373462683779 -0.98895112361029913 0.0033817147900099512 -0.00034112554167229427 -1.2294847606223147e-18 -0.0033644655275081705
47 47 1.6903704411416711 -1.0294408512192219 0.0019956377399515291 0.00020640531362077578 -1.0388703119230394e-18 -0.0019849349701257109
47 48 1.6654113240989619 -1.0693483136973596 0.0011520634087634036 0.00096942793113328357 -7.935132712253113e-19 -0.00062246251626117612
48 0 1.682941969615793 1.0806046117362795 0 0 0 0
48 1 1.7081638142063202 1.04027707070574 0 0 0 0
48 2 1.7324194991330817 0.99936113543777672 0 0 0 0
48 3 1.7556953050652977 0.95787994851738645 0 0 0 0
48 4 1.7779780669044887 0.91585697224325224 0 0 0 0
48 5 1.7992551812308257 0.87331597535716032 0 0 0 0
48 6 1.8195146134317901 0.83028101960008915 0 0 0 0
48 7 1.8387449045091047 0.78677644610257869 0 0 0 0
48 8 1.8569351775600935 0.74282686161706879 0 0 0 0
48 9 1.8740751439298 0.69845712459999965 0 0 0 0
48 10 1.8901551090303821 0.65369233115154735 0 0 0 0
48 11 1.9051659778244987 0.60855780082094224 0 0 0 0
48 12 1.9190992599695809 0.5630790622854015 0 0 0 0
48 13 1.9319470746200793 0.51728183891077995 0 0 0 0
48 14 1.9437021548849733 0.47119203420209849 0 0 0 0
48 15 1.9543578519380196 0.42483571715218343 0 0 0 0
48 16 1.9639081387784139 0.37823910749670814 0 0 0 0
48 17 1.9723476136397413 0.33142856088396794 0 0 0 0
48 18 1.9796715030452858 0.28443055396778166 0 0 0 0
48 19 1.9858756645079705 0.23727166943195449 0 0 0 0
48 20 1.9909565888734022 0.18997858095476514 0 0 0 0
48 21 1.9949114023046952 0.14257803812198519 0 0 0 0
48 22 1.99773786790795 0.095096851296968293 0 0 0 0
48 23 1.9994343869974704 0.047561876456358641 0 0 0 0
48 24 2 1.2246467991473532e-16 0 0 0 0
48 25 1.9994343869974704 -0.047561876456358398 0 0 0 0
48 26 1.99773786790795 -0.095096851296968057 0 0 0 0
48 27 1.9949114023046952 -0.14257803812198497 0 0 0 0
48 28 1.9909565888734022 -0.18997858095476489 0 0 0 0
48 29 1.9858756645079705 -0.23727166943195427 0 0 0 0
48 30 1.9796715030452858 -0.28443055396778144 0 0 0 0
48 31 1.9723476136397413 -0.33142856088396772 0 0 0 0
48 32 1.9639081387784139 -0.37823910749670836 0 0 0 0
48 33 1.9543578519380196 -0.42483571715218321 0 0 0 0
48 34 1.9437021548849733 -0.47119203420209821 0 0 0 0
48 35 1.9319470746200791 -0.51728183891078017 0 0 0 0
48 36 1.9190992599695809 -0.56307906228540128 0 0 0 0
48 37 1.9051659778244987 -0.60855780082094202 0 0 0 0
48 38 1.8901551090303821 -0.65369233115154757 0 0 0 0
48 39 1.8740751439298 -0.69845712459999942 0 0 0 0
48 40 1.8569351775600935 -0.74282686161706857 0 0 0 0
48 41 1.8387449045091044 -0.7867764461025788 0 0 0 0
48 42 1.8195146134317901 -0.83028101960008893 0 0 0 0
48 43 1.799255181230826 -0.8733159753571601 0 0 0 0
48 44 1.7779780669044887 -0.91585697224325247 0 0 0 0
48 45 1.7556953050652977 -0.95787994851738656 0 0 0 0
48 46 1.7324194991330821 -0.99936113543777605 0 0 0 0
48 47 1.7081638142063205 -1.04027707070574 0 0 0 0
48 48 1.6829419696157932 -1.0806046117362793 0 0 0 0
