radial transverse x z speed vx vy vz
0 0 1 0 0 0 0 0
0 1 1 0.020833333333333332 0 0 0 0
0 2 1 0.041666666666666664 0 0 0 0
0 3 1 0.0625 0 0 0 0
0 4 1 0.083333333333333329 0 0 0 0
0 5 1 0.10416666666666666 0 0 0 0
0 6 1 0.125 0 0 0 0
0 7 1 0.14583333333333331 0 0 0 0
0 8 1 0.16666666666666666 0 0 0 0
0 9 1 0.1875 0 0 0 0
0 10 1 0.20833333333333331 0 0 0 0
0 11 1 0.22916666666666666 0 0 0 0
0 12 1 0.25 0 0 0 0
0 13 1 0.27083333333333331 0 0 0 0
0 14 1 0.29166666666666663 0 0 0 0
0 15 1 0.3125 0 0 0 0
0 16 1 0.33333333333333331 0 0 0 0
0 17 1 0.35416666666666663 0 0 0 0
0 18 1 0.375 0 0 0 0
0 19 1 0.39583333333333331 0 0 0 0
0 20 1 0.41666666666666663 0 0 0 0
0 21 1 0.4375 0 0 0 0
0 22 1 0.45833333333333331 0 0 0 0
0 23 1 0.47916666666666663 0 0 0 0
0 24 1 0.5 0 0 0 0
0 25 1 0.52083333333333326 0 0 0 0
0 26 1 0.54166666666666663 0 0 0 0
0 27 1 0.5625 0 0 0 0
0 28 1 0.58333333333333326 0 0 0 0
0 29 1 0.60416666666666663 0 0 0 0
0 30 1 0.625 0 0 0 0
0 31 1 0.64583333333333326 0 0 0 0
0 32 1 0.66666666666666663 0 0 0 0
0 33 1 0.6875 0 0 0 0
0 34 1 0.70833333333333326 0 0 0 0
0 35 1 0.72916666666666663 0 0 0 0
0 36 1 0.75 0 0 0 0
0 37 1 0.77083333333333326 0 0 0 0
0 38 1 0.79166666666666663 0 0 0 0
0 39 1 0.8125 0 0 0 0
0 40 1 0.83333333333333326 0 0 0 0
0 41 1 0.85416666666666663 0 0 0 0
0 42 1 0.875 0 0 0 0
0 43 1 0.89583333333333326 0 0 0 0
0 44 1 0.91666666666666663 0 0 0 0
0 45 1 0.9375 0 0 0 0
0 46 1 0.95833333333333326 0 0 0 0
0 47 1 0.97916666666666663 0 0 0 0
0 48 1 1 0 0 0 0
1 0 1.0208333333333333 0 0.015562370380512112 -0.015562370380512112 5.0710730635151598e-17 0
1 1 1.0208333333333333 0.020833333333333332 0.01523485541197884 -0.014901657746561185 8.0096329399937254e-17 -0.0031688193113924971
1 2 1.0208333333333333 0.041666666666666664 0.014243138260050246 -0.013217531968652607 -5.8144706303360085e-18 -0.0053069611033578811
1 3 1.0208333333333333 0.0625 0.012689815670170555 -0.011121430810680609 2.3386836314375603e-17 -0.0061110717935686353
1 4 1.0208333333333333 0.083333333333333329 0.011087077196833849 -0.0093285447642225752 -5.2903309631850801e-18 -0.0059917888272575746
1 5 1.0208333333333333 0.10416666666666666 0.0094475198239877232 -0.0078394979067642617 -2.1124513361349611e-17 -0.0052723717048857432
1 6 1.0208333333333333 0.125 0.0074346060105510694 -0.0062672362260627387 -5.8841878179786326e-18 -0.0039993895307720365
1 7 1.0208333333333333 0.14583333333333331 0.0047776261620964188 -0.0041097522539746672 -2.8640074840163697e-17 -0.0024363185661358611
1 8 1.0208333333333333 0.16666666666666666 0.0019038271835339761 -0.001319657477003462 7.3784045128117099e-17 -0.0013722470944227826
1 9 1.0208333333333333 0.1875 0.0026328536193457831 0.0020474081510924564 2.7963274739414842e-17 -0.0016553060272174321
1 10 1.0208333333333333 0.20833333333333331 0.006986583993583438 0.006057729900802826 5.2465302779869909e-17 -0.0034808424768029483
1 11 1.0208333333333333 0.22916666666666666 0.012501638324020906 0.01076091588433536 1.0998538836160764e-16 -0.0063634621170308861
1 12 1.0208333333333333 0.25 0.018451784834408357 0.015636129772025487 5.9884460278247903e-17 -0.00979692856601907
1 13 1.0208333333333333 0.27083333333333331 0.023695207525848576 0.019725083009067033 3.3021828472989862e-17 -0.013129507225271102
1 14 1.0208333333333333 0.29166666666666663 0.027449206563792922 0.022507229313600392 3.8528592013515046e-17 -0.015712529064628
1 15 1.0208333333333333 0.3125 0.029135270266344934 0.023898766718820567 1.1160212826746859e-16 -0.016664720904124304
1 16 1.0208333333333333 0.33333333333333331 0.028819681772053133 0.023904939276696058 2.2251907126691529e-17 -0.016097451215018037
1 17 1.0208333333333333 0.35416666666666663 0.02707740386203273 0.022823291426879666 8.9855437856063219e-17 -0.014569940574736262
1 18 1.0208333333333333 0.375 0.024148965812333209 0.020855289045763212 4.023089819495873e-18 -0.012174952510088372
1 19 1.0208333333333333 0.39583333333333331 0.021331198923084566 0.019037315376359162 1.2172796345841404e-16 -0.0096229242310870936
1 20 1.0208333333333333 0.41666666666666663 0.018510231129547708 0.017108983944662873 -2.0927687159954666e-18 -0.0070647947493571953
1 21 1.0208333333333333 0.4375 0.016047129495658247 0.015277782738834636 2.0213736551475932e-18 -0.0049091465282054278
1 22 1.0208333333333333 0.45833333333333331 0.014483807710351966 0.014151019229024696 -4.0327941858953405e-17 -0.0030869630011103716
1 23 1.0208333333333333 0.47916666666666663 0.013368245040848549 0.013302565218808069 -7.9479901402680582e-17 -0.0013235309106815994
1 24 1.0208333333333333 0.5 0.012960021938932203 0.012960021938932203 -4.374360798035597e-18 -1.8695919005288728e-17
1 25 1.0208333333333333 0.52083333333333326 0.01336824504084839 0.013302565218807899 -3.4706729440328337e-17 0.0013235309106816957
1 26 1.0208333333333333 0.54166666666666663 0.014483807710351956 0.014151019229024682 -6.0419098001262908e-17 0.0030869630011103903
1 27 1.0208333333333333 0.5625 0.016047129495658102 0.015277782738834528 -2.9237687504644785e-18 0.004909146528205276
1 28 1.0208333333333333 0.58333333333333326 0.01851023112954792 0.017108983944663071 1.8746927118602113e-17 0.0070647947493572769
1 29 1.0208333333333333 0.60416666666666663 0.021331198923084577 0.019037315376359221 2.5174761255076388e-17 0.0096229242310870051
1 30 1.0208333333333333 0.625 0.024148965812333202 0.020855289045763267 -3.8503822127863477e-17 0.012174952510088259
1 31 1.0208333333333333 0.64583333333333326 0.027077403862032712 0.02282329142687959 7.2647461876800115e-17 0.014569940574736356
1 32 1.0208333333333333 0.66666666666666663 0.028819681772053109 0.023904939276696003 -1.3930475144972657e-17 0.016097451215018078
1 33 1.0208333333333333 0.6875 0.029135270266345104 0.023898766718820852 1.4542305242152256e-16 0.016664720904124197
1 34 1.0208333333333333 0.70833333333333326 0.027449206563792797 0.022507229313600299 4.3676513931003723e-17 0.015712529064627914
1 35 1.0208333333333333 0.72916666666666663 0.02369520752584876 0.019725083009067293 1.3413575969326519e-16 0.013129507225271043
1 36 1.0208333333333333 0.75 0.01845178483440834 0.015636129772025446 1.049497518230288e-16 0.009796928566019103
1 37 1.0208333333333333 0.77083333333333326 0.012501638324021043 0.010760915884335481 6.5101087852181628e-17 0.0063634621170309512
1 38 1.0208333333333333 0.79166666666666663 0.0069865839935833295 0.0060577299008027731 8.9635572050609457e-17 0.0034808424768028225
1 39 1.0208333333333333 0.8125 0.0026328536193457306 0.0020474081510923874 4.2138905748783724e-18 0.0016553060272174343
1 40 1.0208333333333333 0.83333333333333326 0.0019038271835339344 -0.0013196574770033946 5.7451404672447987e-17 0.0013722470944227895
1 41 1.0208333333333333 0.85416666666666663 0.0047776261620965351 -0.0041097522539747747 2.0796796023716508e-18 0.0024363185661359079
1 42 1.0208333333333333 0.875 0.007434606010551157 -0.0062672362260627716 -2.5237882546597392e-17 0.0039993895307721475
1 43 1.0208333333333333 0.89583333333333326 0.0094475198239879123 -0.0078394979067643832 1.0672845759852155e-18 0.0052723717048859002
1 44 1.0208333333333333 0.91666666666666663 0.011087077196833921 -0.0093285447642226516 -2.603761528135731e-17 0.0059917888272575919
1 45 1.0208333333333333 0.9375 0.012689815670170742 -0.011121430810680826 4.2588378675177808e-17 0.0061110717935686292
1 46 1.0208333333333333 0.95833333333333326 0.014243138260050284 -0.013217531968652588 2.950285470991621e-18 0.0053069611033580277
1 47 1.0208333333333333 0.97916666666666663 0.015234855411978736 -0.014901657746561112 1.234354046749197e-17 0.0031688193113923353
1 48 1.0208333333333333 1 0.015562370380512005 -0.015562370380512005 5.360675619042612e-17 0
2 0 1.0416666666666667 0 0.039439313105627878 -0.039439313105627878 -2.4024471206406484e-16 0
2 1 1.0416666666666667 0.020833333333333332 0.037967157348126238 -0.037959881822287288 -1.3943971308793824e-16 0.00074324231268071191
2 2 1.0416666666666667 0.041666666666666664 0.034047651890574286 -0.034042865212114214 -1.6085803359290599e-16 0.00057090052684382014
2 3 1.0416666666666667 0.0625 0.028556817714284543 -0.028533545054820246 -5.6126686062182527e-17 -0.0011526684568506803
2 4 1.0416666666666667 0.083333333333333329 0.022690084481873984 -0.022259098279838515 -3.0862569828665473e-17 -0.0044014176765070599
2 5 1.0416666666666667 0.10416666666666666 0.017646766071334485 -0.015398266500636641 -5.3699950570720847e-17 -0.0086198457962873912
2 6 1.0416666666666667 0.125 0.015654377281007895 -0.0080268788933036423 -4.9451076298532629e-18 -0.013439819317549347
2 7 1.0416666666666667 0.14583333333333331 0.018777758474921292 -0.00037060732020846024 9.3110323911058636e-18 -0.018774100872123979
2 8 1.0416666666666667 0.16666666666666666 0.025629329103532408 0.0071953171667912055 2.9332279863107928e-17 -0.024598575592225926
2 9 1.0416666666666667 0.1875 0.033706001052461576 0.014603696198340376 4.8403069944841012e-17 -0.030378060574946512
2 10 1.0416666666666667 0.20833333333333331 0.041501562433342562 0.021894686112174832 1.5814536431942671e-16 -0.035256239227376043
2 11 1.0416666666666667 0.22916666666666666 0.048330794687743109 0.028860854008196397 1.1722667450232039e-16 -0.038767471171929066
2 12 1.0416666666666667 0.25 0.053757532236575818 0.034907079817339516 1.853235652205715e-16 -0.040882368458693488
2 13 1.0416666666666667 0.27083333333333331 0.057128555106569029 0.039369156656571209 1.750452541367604e-16 -0.04139735876495805
2 14 1.0416666666666667 0.29166666666666663 0.058173276610579992 0.04219411662515829 2.2781369649374276e-16 -0.040047304950940124
2 15 1.0416666666666667 0.3125 0.056988236139797262 0.043414970993013266 1.559659748020575e-16 -0.036916112363047003
2 16 1.0416666666666667 0.33333333333333331 0.053890892400962731 0.042901452014531279 2.4693662374887596e-16 -0.032614317390020797
2 17 1.0416666666666667 0.35416666666666663 0.049555429563177676 0.041085501407169198 1.653598772092762e-16 -0.027707799864163919
2 18 1.0416666666666667 0.375 0.044395767421854443 0.038392762274550803 1.3609826111317772e-16 -0.022293047568809895
2 19 1.0416666666666667 0.39583333333333331 0.039543805476553395 0.035637059313811871 1.2923663630469229e-16 -0.017138044084181514
2 20 1.0416666666666667 0.41666666666666663 0.035325179351375115 0.032952576903199388 1.4023310725464658e-16 -0.012727763811665783
2 21 1.0416666666666667 0.4375 0.031729798653649638 0.030485186530301807 4.0443872651541958e-17 -0.0087996320840050858
2 22 1.0416666666666667 0.45833333333333331 0.029283612053482701 0.028773636699310857 1.6678226951715447e-16 -0.0054413018658174767
2 23 1.0416666666666667 0.47916666666666663 0.027639944204879426 0.027510897767047227 1.0033250934231518e-16 -0.0026677742970355757
2 24 1.0416666666666667 0.5 0.026850707532494651 0.026850707532494651 8.526757389735681e-17 -1.3994228907562482e-16
2 25 1.0416666666666667 0.52083333333333326 0.027639944204879318 0.027510897767047116 2.5881281968225602e-17 0.0026677742970356048
2 26 1.0416666666666667 0.54166666666666663 0.0292836120534825 0.02877363669931066 1.6893583914695197e-16 0.0054413018658174359
2 27 1.0416666666666667 0.5625 0.031729798653649624 0.030485186530301776 8.3889979559101237e-17 0.0087996320840051448
2 28 1.0416666666666667 0.58333333333333326 0.035325179351375052 0.032952576903199284 1.0445501421856942e-16 0.012727763811665863
2 29 1.0416666666666667 0.60416666666666663 0.039543805476553333 0.035637059313811885 1.4947957202828841e-16 0.017138044084181344
2 30 1.0416666666666667 0.625 0.044395767421854346 0.038392762274550747 5.6267539641896419e-17 0.022293047568809794
2 31 1.0416666666666667 0.64583333333333326 0.049555429563177565 0.041085501407169094 9.8211409178899806e-17 0.027707799864163867
2 32 1.0416666666666667 0.66666666666666663 0.053890892400962682 0.042901452014531265 1.8407753428806432e-16 0.032614317390020735
2 33 1.0416666666666667 0.6875 0.056988236139797359 0.043414970993013349 1.2715694620679375e-16 0.036916112363047052
2 34 1.0416666666666667 0.70833333333333326 0.058173276610580145 0.04219411662515845 1.8849181947019584e-16 0.04004730495094018
2 35 1.0416666666666667 0.72916666666666663 0.057128555106569015 0.039369156656571251 1.7210063175276012e-16 0.041397358764957988
2 36 1.0416666666666667 0.75 0.053757532236575888 0.034907079817339717 2.0975324658200753e-16 0.040882368458693412
2 37 1.0416666666666667 0.77083333333333326 0.048330794687743019 0.028860854008196359 6.6380997240676915e-17 0.03876747117192899
2 38 1.0416666666666667 0.79166666666666663 0.04150156243334243 0.021894686112174842 1.678138597413672e-16 0.035256239227375877
2 39 1.0416666666666667 0.8125 0.033706001052461715 0.014603696198340451 1.0130367720042059e-16 0.030378060574946634
2 40 1.0416666666666667 0.83333333333333326 0.025629329103532533 0.0071953171667911752 9.463733891684479e-17 0.024598575592226064
2 41 1.0416666666666667 0.85416666666666663 0.018777758474921264 -0.00037060732020836992 4.3284075547593952e-17 0.018774100872123951
2 42 1.0416666666666667 0.875 0.015654377281007902 -0.0080268788933037134 1.0325418002147946e-17 0.013439819317549312
2 43 1.0416666666666667 0.89583333333333326 0.017646766071334256 -0.015398266500636438 -5.5863714252884942e-17 0.0086198457962872836
2 44 1.0416666666666667 0.91666666666666663 0.022690084481874095 -0.022259098279838629 -1.1962944562123332e-16 0.004401417676507046
2 45 1.0416666666666667 0.9375 0.028556817714284522 -0.028533545054820225 -9.7367368282677577e-17 0.0011526684568506957
2 46 1.0416666666666667 0.95833333333333326 0.03404765189057414 -0.034042865212114075 -1.4314306665226484e-16 -0.00057090052684373232
2 47 1.0416666666666667 0.97916666666666663 0.037967157348126425 -0.037959881822287482 -1.2847274770268723e-16 -0.000743242312680601
2 48 1.0416666666666667 1 0.039439313105627698 -0.039439313105627698 -2.1257960329868572e-16 0
3 0 1.0625 0 0.053951317008619083 -0.053951317008619083 -1.9772667660731769e-16 0
3 1 1.0625 0.020833333333333332 0.052350121559295047 -0.052146356244461838 -1.6580025322777268e-16 -0.004614407621639385
3 2 1.0625 0.041666666666666664 0.048192038056187478 -0.047144080927133521 -1.880432708468192e-16 -0.0099954072225651586
3 3 1.0625 0.0625 0.043023802843047992 -0.039817885283734353 -1.2384489408458462e-16 -0.016296736563153846
3 4 1.0625 0.083333333333333329 0.038668402649276214 -0.031110553618026206 -1.309731637397565e-16 -0.022964729848758688
3 5 1.0625 0.10416666666666666 0.036463896994897591 -0.021769947116472843 -7.9684838746757818e-17 -0.029252097131666942
3 6 1.0625 0.125 0.037056628410801179 -0.012391843568650847 -5.1772314209081848e-17 -0.034923286244943841
3 7 1.0625 0.14583333333333331 0.040482675314177513 -0.0031384230045537185 -4.7305406041639321e-17 -0.040360838713257748
3 8 1.0625 0.16666666666666666 0.046260328295992838 0.006126103331093341 2.516471606392736e-17 -0.045852904292201631
3 9 1.0625 0.1875 0.05351720024464654 0.015691707030889505 3.370350549138231e-17 -0.051165037403312123
3 10 1.0625 0.20833333333333331 0.061300043672887321 0.025545688362960284 1.1362906905385005e-16 -0.055723542245270166
3 11 1.0625 0.22916666666666666 0.068802905845022633 0.034973496155281704 1.4410708336364191e-16 -0.059251113233386131
3 12 1.0625 0.25 0.075123590031487608 0.04300711116387608 1.3323349580782286e-16 -0.061594984930244366
3 13 1.0625 0.27083333333333331 0.079100385982865881 0.048936369144189945 1.4964141887266067e-16 -0.062145819148370231
3 14 1.0625 0.29166666666666663 0.080174118074809106 0.052723134693209231 1.000425227293353e-16 -0.060400002294661782
3 15 1.0625 0.3125 0.078269155949729399 0.054131243458620679 1.4360175592203649e-16 -0.056532019729588621
3 16 1.0625 0.33333333333333331 0.07368661426236095 0.053150814765289864 1.4305449873145798e-16 -0.051036340104241622
3 17 1.0625 0.35416666666666663 0.067210139734782834 0.050484632226653524 6.9255046309819638e-17 -0.044367835107300094
3 18 1.0625 0.375 0.059512765478799905 0.046828246012118921 1.6309110565695057e-16 -0.036727164747133771
3 19 1.0625 0.39583333333333331 0.051753531991329309 0.042839516305959252 1.2552593541246887e-16 -0.02903797369392358
3 20 1.0625 0.41666666666666663 0.044783223257175611 0.038967897425353865 1.231563470478577e-16 -0.022068984017148002
3 21 1.0625 0.4375 0.038876666522864263 0.035634446215047771 8.3009538064568017e-17 -0.015542890428644932
3 22 1.0625 0.45833333333333331 0.034677553032528133 0.033257175339588274 1.1278118766258361e-16 -0.0098230836683641555
3 23 1.0625 0.47916666666666663 0.032158167641676047 0.031778555311268851 1.1418486614545816e-16 -0.0049265777573044333
3 24 1.0625 0.5 0.031212909080625857 0.031212909080625857 1.0701589877046041e-16 8.5247412049016296e-17
3 25 1.0625 0.52083333333333326 0.032158167641675922 0.03177855531126874 1.0961558640557149e-16 0.0049265777573042928
3 26 1.0625 0.54166666666666663 0.034677553032528265 0.033257175339588434 1.9797412319985542e-16 0.009823083668364074
3 27 1.0625 0.5625 0.038876666522864291 0.035634446215047778 1.2701999007847957e-16 0.015542890428645002
3 28 1.0625 0.58333333333333326 0.044783223257175639 0.038967897425353899 1.4219219424850709e-16 0.022068984017148002
3 29 1.0625 0.60416666666666663 0.051753531991329191 0.042839516305959099 1.9089099549293734e-17 0.029037973693923597
3 30 1.0625 0.625 0.059512765478799801 0.046828246012118789 2.0533538757560846e-16 0.036727164747133771
3 31 1.0625 0.64583333333333326 0.067210139734782806 0.050484632226653496 3.0487587896227687e-17 0.044367835107300073
3 32 1.0625 0.66666666666666663 0.073686614262360853 0.053150814765289725 1.8147013529943234e-16 0.051036340104241629
3 33 1.0625 0.6875 0.078269155949729149 0.054131243458620366 1.7681060769506812e-16 0.056532019729588573
3 34 1.0625 0.70833333333333326 0.080174118074809092 0.052723134693209127 2.3161626942035776e-16 0.060400002294661866
3 35 1.0625 0.72916666666666663 0.079100385982865978 0.048936369144190181 1.564438500466506e-16 0.062145819148370154
3 36 1.0625 0.75 0.075123590031487678 0.043007111163876073 2.2916462029388157e-16 0.061594984930244442
3 37 1.0625 0.77083333333333326 0.068802905845022563 0.034973496155281877 1.7388842794860643e-16 0.059251113233385951
3 38 1.0625 0.79166666666666663 0.061300043672887487 0.025545688362960412 1.3698415159222181e-16 0.055723542245270284
3 39 1.0625 0.8125 0.05351720024464638 0.015691707030889315 4.3318142841092814e-17 0.051165037403312012
3 40 1.0625 0.83333333333333326 0.046260328295992914 0.0061261033310933393 4.9200626864868297e-17 0.045852904292201707
3 41 1.0625 0.85416666666666663 0.040482675314177353 -0.003138423004553676 1.616089795937283e-18 0.040360838713257588
3 42 1.0625 0.875 0.037056628410801221 -0.012391843568650767 -1.1575017741141701e-16 0.034923286244943917
3 43 1.0625 0.89583333333333326 0.036463896994897542 -0.021769947116472732 -9.2164620125676287e-17 0.029252097131666963
3 44 1.0625 0.91666666666666663 0.038668402649276207 -0.031110553618026181 -1.244440995219305e-16 0.022964729848758709
3 45 1.0625 0.9375 0.043023802843048027 -0.039817885283734332 -1.6915276840785869e-16 0.016296736563153988
3 46 1.0625 0.95833333333333326 0.048192038056187485 -0.047144080927133535 -1.6663304982431545e-16 0.0099954072225651169
3 47 1.0625 0.97916666666666663 0.052350121559295096 -0.052146356244461893 -1.793037341218886e-16 0.004614407621639411
3 48 1.0625 1 0.053951317008618993 -0.053951317008618993 -1.6058459766937159e-16 0
4 0 1.0833333333333333 0 0.074757613557920197 -0.074757613557920197 -2.1303883304893329e-16 0
4 1 1.0833333333333333 0.020833333333333332 0.073317607991224998 -0.071903915226289777 -1.9851960211079587e-16 -0.014328245415453772
4 2 1.0833333333333333 0.041666666666666664 0.070192366892175923 -0.063838489839947499 -2.1927019446440237e-16 -0.029182453373230183
4 3 1.0833333333333333 0.0625 0.068247123248952837 -0.052023975746365969 -1.7559907879751534e-16 -0.044172115404396063
4 4 1.0833333333333333 0.083333333333333329 0.0695083705009963 -0.038086968158449939 -1.25431625180256e-16 -0.058144616485114022
4 5 1.0833333333333333 0.10416666666666666 0.073844685298782228 -0.023676142524696901 -1.4651978702535226e-16 -0.069946249520802917
4 6 1.0833333333333333 0.125 0.079864668882949283 -0.0099516448139571299 -1.0367345079184701e-16 -0.079242224232286468
4 7 1.0833333333333333 0.14583333333333331 0.086474118469619346 0.002524344218114493 -1.4430012762317511e-16 -0.086437265408886188
4 8 1.0833333333333333 0.16666666666666666 0.092749182822716769 0.013736234416743254 -3.8389660449589116e-17 -0.09172636904582028
4 9 1.0833333333333333 0.1875 0.097878826610337546 0.023919377342071349 6.7984400795776793e-17 -0.09491115891287033
4 10 1.0833333333333333 0.20833333333333331 0.10140068861130458 0.032929082964377368 1.1480014834996625e-17 -0.095905031911635935
4 11 1.0833333333333333 0.22916666666666666 0.10324660508777962 0.040038209970741527 8.1460614953747467e-17 -0.095167238083758293
4 12 1.0833333333333333 0.25 0.10346810248034999 0.045015163187993167 8.7781101824525097e-17 -0.093162671247890655
4 13 1.0833333333333333 0.27083333333333331 0.10162340716257653 0.047971333516162742 5.1983146538765896e-17 -0.089588325377874395
4 14 1.0833333333333333 0.29166666666666663 0.097442304670575575 0.049035676316450706 8.9932943771333007e-17 -0.084205137537454025
4 15 1.0833333333333333 0.3125 0.091166625152742028 0.04808061169397037 1.8495164687592292e-16 -0.077457138605000211
4 16 1.0833333333333333 0.33333333333333331 0.083064975988827935 0.045487530091908118 1.2115587630133402e-16 -0.069503056351230441
4 17 1.0833333333333333 0.35416666666666663 0.073736756470706127 0.042151439347038071 2.2980760895934684e-16 -0.060500953842011394
4 18 1.0833333333333333 0.375 0.06361093146303276 0.038471890722816302 1.1033690027414065e-16 -0.05065830855650761
4 19 1.0833333333333333 0.39583333333333331 0.053416644400050117 0.034420896946564583 1.9315824679963291e-16 -0.040847763125480767
4 20 1.0833333333333333 0.41666666666666663 0.044123178021349331 0.030622162382862708 -1.7316091383424105e-18 -0.031766932645461265
4 21 1.0833333333333333 0.4375 0.035750954467105765 0.027411685037214684 1.8941189330954238e-16 -0.022950604975242164
4 22 1.0833333333333333 0.45833333333333331 0.029086143393172417 0.025016413273400314 2.888720437120193e-18 -0.014838558030436381
4 23 1.0833333333333333 0.47916666666666663 0.024714778444892203 0.023541570889906046 1.950020262773001e-16 -0.0075242749561427258
4 24 1.0833333333333333 0.5 0.023034902746570766 0.023034902746570766 -2.268995881108589e-19 1.1342320442724314e-16
4 25 1.0833333333333333 0.52083333333333326 0.024714778444892154 0.023541570889905952 1.7180538816544521e-16 0.0075242749561428507
4 26 1.0833333333333333 0.54166666666666663 0.029086143393172368 0.025016413273400286 -9.3373051359279626e-18 0.014838558030436334
4 27 1.0833333333333333 0.5625 0.035750954467105897 0.027411685037214827 1.3501107088433864e-16 0.022950604975242192
4 28 1.0833333333333333 0.58333333333333326 0.044123178021349074 0.030622162382862451 8.7968887401285564e-17 0.031766932645461161
4 29 1.0833333333333333 0.60416666666666663 0.053416644400050159 0.034420896946564507 1.2327307931171838e-16 0.040847763125480892
4 30 1.0833333333333333 0.625 0.063610931463032802 0.038471890722816315 1.8832300944440877e-17 0.050658308556507652
4 31 1.0833333333333333 0.64583333333333326 0.073736756470705961 0.042151439347038001 1.8699119799993783e-16 0.060500953842011242
4 32 1.0833333333333333 0.66666666666666663 0.083064975988828005 0.045487530091908229 1.5781180131147898e-17 0.069503056351230455
4 33 1.0833333333333333 0.6875 0.091166625152741917 0.048080611693970175 1.327415153816135e-16 0.077457138605000211
4 34 1.0833333333333333 0.70833333333333326 0.097442304670575589 0.049035676316450644 3.114663954928715e-17 0.084205137537454081
4 35 1.0833333333333333 0.72916666666666663 0.10162340716257651 0.047971333516162826 9.3994446801650974e-17 0.089588325377874325
4 36 1.0833333333333333 0.75 0.10346810248035009 0.045015163187993222 9.3598488142991633e-17 0.093162671247890738
4 37 1.0833333333333333 0.77083333333333326 0.10324660508777951 0.040038209970741437 1.6542542630904945e-17 0.09516723808375821
4 38 1.0833333333333333 0.79166666666666663 0.10140068861130448 0.032929082964377472 3.3056529967739962e-17 0.095905031911635796
4 39 1.0833333333333333 0.8125 0.097878826610337435 0.023919377342071405 1.0112613211728527e-17 0.094911158912870205
4 40 1.0833333333333333 0.83333333333333326 0.092749182822716825 0.013736234416743357 -2.8713589833750975e-17 0.091726369045820322
4 41 1.0833333333333333 0.85416666666666663 0.086474118469619277 0.0025243442181144037 -1.4322434627420541e-17 0.086437265408886133
4 42 1.0833333333333333 0.875 0.07986466888294913 -0.0099516448139571872 -9.2064138888230277e-17 0.079242224232286301
4 43 1.0833333333333333 0.89583333333333326 0.073844685298782117 -0.023676142524696839 -1.0779987799885272e-16 0.06994624952080282
4 44 1.0833333333333333 0.91666666666666663 0.06950837050099623 -0.038086968158450037 -1.6856841478236615e-16 0.058144616485113876
4 45 1.0833333333333333 0.9375 0.068247123248952754 -0.052023975746365886 -1.7516012902284586e-16 0.044172115404396049
4 46 1.0833333333333333 0.95833333333333326 0.070192366892175923 -0.063838489839947526 -2.1751520105607818e-16 0.029182453373230138
4 47 1.0833333333333333 0.97916666666666663 0.073317607991224873 -0.071903915226289652 -1.9074929284686857e-16 0.014328245415453791
4 48 1.0833333333333333 1 0.074757613557920002 -0.074757613557920002 -2.4725123763713824e-16 0
5 0 1.1041666666666667 0 0.058572589610348662 -0.058572589610348662 -1.2084027054723252e-16 0
5 1 1.1041666666666667 0.020833333333333332 0.062106116746265323 -0.056643253838427783 -1.9628401442648989e-16 -0.025469816094667311
5 2 1.1041666666666667 0.041666666666666664 0.071588215549385562 -0.051226783342261668 -1.4313095252943383e-16 -0.05000689226446961
5 3 1.1041666666666667 0.0625 0.084194397040706748 -0.043373588827679228 -1.4853896871488349e-16 -0.07216251301926499
5 4 1.1041666666666667 0.083333333333333329 0.096524892083951888 -0.034343358742149818 -1.1982528523243301e-16 -0.090208583306282772
5 5 1.1041666666666667 0.10416666666666666 0.10648414836075613 -0.025155627041637898 -9.1751894003065275e-17 -0.10347013231004172
5 6 1.1041666666666667 0.125 0.113665947646821 -0.016290218598396262 -7.355770887832176e-17 -0.11249256167616736
5 7 1.1041666666666667 0.14583333333333331 0.11867382207656005 -0.0076225488428794935 -3.6629516614937e-17 -0.11842876675621067
5 8 1.1041666666666667 0.16666666666666666 0.12204684306549682 0.0012943753811416657 -1.0317379655268845e-16 -0.12203997908319512
5 9 1.1041666666666667 0.1875 0.12398121450362602 0.010215917558060242 -9.5017522215265344e-18 -0.12355960738947434
5 10 1.1041666666666667 0.20833333333333331 0.12477352894255227 0.018130182746886846 -5.6641497675971814e-17 -0.12344930132788283
5 11 1.1041666666666667 0.22916666666666666 0.12461377242621893 0.024151154119924287 6.6613966908416246e-17 -0.12225102876037136
5 12 1.1041666666666667 0.25 0.1232626449646894 0.028183329357209311 -1.0342615776336697e-16 -0.11999741493063146
5 13 1.1041666666666667 0.27083333333333331 0.11993502843723307 0.030230032765877966 2.0592219053908168e-18 -0.11606272513263614
5 14 1.1041666666666667 0.29166666666666663 0.11426315800780412 0.030150665809161731 4.5027673140046269e-18 -0.11021345938305656
5 15 1.1041666666666667 0.3125 0.10642005173433861 0.028035225881166026 -6.3533353003493894e-17 -0.10266086655065455
5 16 1.1041666666666667 0.33333333333333331 0.096255604731727576 0.024621503823183736 -9.6124795091181606e-17 -0.093053334124874459
5 17 1.1041666666666667 0.35416666666666663 0.084096997727147377 0.020566492366106751 -1.5399992179876552e-16 -0.081543389790189019
5 18 1.1041666666666667 0.375 0.070928070335851329 0.016296720578734603 -5.6359713300377592e-17 -0.069030486453060147
5 19 1.1041666666666667 0.39583333333333331 0.057692840561211572 0.011960360859932245 -7.9312853638263195e-17 -0.056439468637838719
5 20 1.1041666666666667 0.41666666666666663 0.044906610106101454 0.0082645696306566617 -1.1195072724595207e-16 -0.044139557315875301
5 21 1.1041666666666667 0.4375 0.032639996141606356 0.005331731357050183 -7.1869697078484393e-17 -0.032201583639012626
5 22 1.1041666666666667 0.45833333333333331 0.021140404659475913 0.0027299352017772058 -1.2310263806720589e-16 -0.020963400558127218
5 23 1.1041666666666667 0.47916666666666663 0.010541383267554503 0.0010827304045828497 -8.814491403222685e-18 -0.010485630933065969
5 24 1.1041666666666667 0.5 0.00065626868497529393 0.00065626868497529393 -1.1761549472431944e-16 -6.4425003625677719e-19
5 25 1.1041666666666667 0.52083333333333326 0.010541383267554622 0.0010827304045828625 -4.6717386468367096e-17 0.010485630933066089
5 26 1.1041666666666667 0.54166666666666663 0.021140404659476052 0.0027299352017771251 -1.5378439788360852e-16 0.020963400558127367
5 27 1.1041666666666667 0.5625 0.032639996141606266 0.0053317313570499765 -4.1893389600179595e-17 0.032201583639012571
5 28 1.1041666666666667 0.58333333333333326 0.044906610106101412 0.0082645696306566808 -9.1986683705223747e-17 0.044139557315875252
5 29 1.1041666666666667 0.60416666666666663 0.057692840561211503 0.011960360859932352 -3.1343373152330441e-17 0.056439468637838622
5 30 1.1041666666666667 0.625 0.070928070335851273 0.016296720578734516 -4.7742215560006701e-17 0.069030486453060119
5 31 1.1041666666666667 0.64583333333333326 0.084096997727147543 0.020566492366106734 -9.0334522361018848e-17 0.0815433897901892
5 32 1.1041666666666667 0.66666666666666663 0.096255604731727618 0.02462150382318383 -7.6368191565602764e-17 0.093053334124874473
5 33 1.1041666666666667 0.6875 0.10642005173433849 0.0280352258811658 -9.7413550696642847e-17 0.1026608665506545
5 34 1.1041666666666667 0.70833333333333326 0.11426315800780383 0.030150665809161668 -5.1129160276862027e-17 0.11021345938305627
5 35 1.1041666666666667 0.72916666666666663 0.11993502843723304 0.030230032765877841 -3.1099188454436327e-17 0.11606272513263614
5 36 1.1041666666666667 0.75 0.12326264496468932 0.028183329357209044 -8.3651737321993718e-17 0.11999741493063143
5 37 1.1041666666666667 0.77083333333333326 0.12461377242621922 0.024151154119924433 -2.9705779932306609e-17 0.12225102876037164
5 38 1.1041666666666667 0.79166666666666663 0.12477352894255227 0.018130182746886915 -3.3207879201955257e-17 0.12344930132788283
5 39 1.1041666666666667 0.8125 0.12398121450362611 0.010215917558060294 -2.7293791320061501e-17 0.12355960738947443
5 40 1.1041666666666667 0.83333333333333326 0.12204684306549668 0.0012943753811417204 -2.2789252994656305e-17 0.12203997908319499
5 41 1.1041666666666667 0.85416666666666663 0.11867382207656001 -0.007622548842879621 -3.7421231733381804e-17 0.11842876675621061
5 42 1.1041666666666667 0.875 0.11366594764682111 -0.0162902185983963 -8.9357813704341555e-17 0.11249256167616747
5 43 1.1041666666666667 0.89583333333333326 0.10648414836075598 -0.025155627041637766 -1.2867664864022302e-16 0.1034701323100416
5 44 1.1041666666666667 0.91666666666666663 0.09652489208395193 -0.034343358742149714 -1.3157540536332076e-16 0.090208583306282855
5 45 1.1041666666666667 0.9375 0.084194397040706803 -0.043373588827679201 -1.7195718568971406e-16 0.072162513019265073
5 46 1.1041666666666667 0.95833333333333326 0.071588215549385631 -0.051226783342261648 -1.6138843276265556e-16 0.050006892264469735
5 47 1.1041666666666667 0.97916666666666663 0.062106116746265219 -0.056643253838427637 -1.6701651331920751e-16 0.025469816094667388
5 48 1.1041666666666667 1 0.05857258961034862 -0.05857258961034862 -1.6529918591022922e-16 0
6 0 1.125 0 0.048335912106175077 -0.048335912106175077 -1.0848065286137838e-16 0
6 1 1.125 0.020833333333333332 0.055168667805123049 -0.046609917970003682 -1.009387275962941e-16 -0.029514360135729664
6 2 1.125 0.041666666666666664 0.071071146172950267 -0.041971535847282936 -1.0269094856796667e-16 -0.057354145420859565
6 3 1.125 0.0625 0.089048919982461797 -0.035487099367606897 -9.1523550140874357e-17 -0.081672369431261618
6 4 1.125 0.083333333333333329 0.10501419370035238 -0.028376886190155926 -7.487020569526364e-17 -0.10110753289783143
6 5 1.125 0.10416666666666666 0.11747764511191178 -0.021477974461936854 -1.2340147528394841e-16 -0.11549759181062035
6 6 1.125 0.125 0.12643750333196405 -0.015019838691733473 -4.5111057984367993e-17 -0.12554221080773878
6 7 1.125 0.14583333333333331 0.13247788144103959 -0.0087149095257623675 -9.0448605892040806e-17 -0.13219092035031724
6 8 1.125 0.16666666666666666 0.13595870165469273 -0.0028096393880451347 -4.47294450080683e-17 -0.13592966740980017
6 9 1.125 0.1875 0.13726171838017145 0.001752818742391392 1.0451809149093673e-17 -0.13725052626177364
6 10 1.125 0.20833333333333331 0.1370744256581006 0.0041863543282585026 -6.7052817639772888e-17 -0.13701048356580756
6 11 1.125 0.22916666666666666 0.13587444690834244 0.0045283118163005724 -5.6216314171916058e-17 -0.13579896801795779
6 12 1.125 0.25 0.13374931411797478 0.0033476702165415395 -1.3889674118353634e-16 -0.13370741240166892
6 13 1.125 0.27083333333333331 0.13033975003871551 0.00099485123213814155 -1.196804900610027e-16 -0.13033595325611713
6 14 1.125 0.29166666666666663 0.12537262033048888 -0.0025730499623087457 -2.46744275934951e-16 -0.12534621391340217
6 15 1.125 0.3125 0.11854527714339694 -0.0068741924651484097 -1.59393341981643e-16 -0.11834579929577933
6 16 1.125 0.33333333333333331 0.10930288610311854 -0.01125140516834802 -2.1333320367451096e-16 -0.10872224607783347
6 17 1.125 0.35416666666666663 0.097986703771671499 -0.01544712010777363 -2.3594019635943582e-16 -0.096761462351564936
6 18 1.125 0.375 0.085696866800208576 -0.019461244246592034 -2.305624513777678e-16 -0.083457851348732792
6 19 1.125 0.39583333333333331 0.073131534552213356 -0.023162801961052602 -2.1625132701177105e-16 -0.069366461285513437
6 20 1.125 0.41666666666666663 0.060784875117745239 -0.026333134900746305 -2.3209933355197835e-16 -0.054784733725546035
6 21 1.125 0.4375 0.049693098071698784 -0.028743206330493334 -3.0833065779935778e-16 -0.040536799155904767
6 22 1.125 0.45833333333333331 0.040723697773351962 -0.030654613162387677 -3.0852376670066326e-16 -0.026808846528705403
6 23 1.125 0.47916666666666663 0.034348088678593902 -0.031655577737752572 -4.0790711762370644e-16 -0.013331001236278336
6 24 1.125 0.5 0.031745665400798609 -0.031745665400798609 -2.5416859557758335e-16 -7.0676714703904852e-17
6 25 1.125 0.52083333333333326 0.034348088678593923 -0.03165557773775253 -2.6068312136469728e-16 0.013331001236278485
6 26 1.125 0.54166666666666663 0.040723697773351976 -0.030654613162387649 -1.8312260470132077e-16 0.026808846528705459
6 27 1.125 0.5625 0.049693098071698902 -0.028743206330493692 -2.829020403193446e-16 0.040536799155904656
6 28 1.125 0.58333333333333326 0.060784875117745427 -0.026333134900746527 -2.0868798170316424e-16 0.054784733725546139
6 29 1.125 0.60416666666666663 0.073131534552213343 -0.023162801961052637 -3.1570644781965162e-16 0.069366461285513395
6 30 1.125 0.625 0.085696866800208576 -0.019461244246592273 -2.246356508145104e-16 0.083457851348732737
6 31 1.125 0.64583333333333326 0.097986703771671443 -0.015447120107773578 -1.6580702809571099e-16 0.096761462351564881
6 32 1.125 0.66666666666666663 0.10930288610311849 -0.011251405168347982 -1.7098526476412848e-16 0.10872224607783343
6 33 1.125 0.6875 0.11854527714339699 -0.006874192465148512 -6.4771356729052911e-17 0.11834579929577939
6 34 1.125 0.70833333333333326 0.12537262033048868 -0.0025730499623084764 -1.7975998107313553e-16 0.12534621391340198
6 35 1.125 0.72916666666666663 0.13033975003871537 0.00099485123213815044 -5.5233868653388962e-17 0.13033595325611699
6 36 1.125 0.75 0.13374931411797475 0.003347670216541301 -1.9216245690803027e-16 0.13370741240166889
6 37 1.125 0.77083333333333326 0.13587444690834261 0.0045283118163004354 -2.7829749936310935e-17 0.13579896801795796
6 38 1.125 0.79166666666666663 0.13707442565810041 0.0041863543282585113 -7.1304303939680726e-17 0.13701048356580733
6 39 1.125 0.8125 0.13726171838017165 0.0017528187423914237 -1.1157095316407559e-16 0.13725052626177386
6 40 1.125 0.83333333333333326 0.1359587016546927 -0.0028096393880452921 -2.2537683823532905e-17 0.13592966740980014
6 41 1.125 0.85416666666666663 0.13247788144103936 -0.0087149095257623866 -1.1861759855101475e-16 0.13219092035031701
6 42 1.125 0.875 0.12643750333196424 -0.015019838691733477 -9.1120881597570331e-17 0.12554221080773897
6 43 1.125 0.89583333333333326 0.11747764511191169 -0.021477974461936868 -1.0259857951225793e-16 0.11549759181062026
6 44 1.125 0.91666666666666663 0.10501419370035245 -0.028376886190155864 -7.0611238145715711e-17 0.10110753289783153
6 45 1.125 0.9375 0.089048919982461686 -0.035487099367606856 -7.8711090748286475e-17 0.081672369431261521
6 46 1.125 0.95833333333333326 0.071071146172950295 -0.041971535847282936 -8.8560643917718828e-17 0.057354145420859613
6 47 1.125 0.97916666666666663 0.055168667805123021 -0.046609917970003613 -9.3194613427931104e-17 0.029514360135729716
6 48 1.125 1 0.048335912106175091 -0.048335912106175091 -1.1965807875034807e-16 0
7 0 1.1458333333333333 0 0.021856552111449774 -0.021856552111449774 -7.4561733047674418e-17 0
7 1 1.1458333333333333 0.020833333333333332 0.034067425988474453 -0.021443328216814331 -4.6072264184109523e-17 -0.026472120966521722
7 2 1.1458333333333333 0.041666666666666664 0.055097371571208066 -0.02058053837063684 -4.9140268434725653e-17 -0.051109312208544852
7 3 1.1458333333333333 0.0625 0.074856739906243391 -0.019623536814915774 -5.0130206339121925e-17 -0.072238828286902729
7 4 1.1458333333333333 0.083333333333333329 0.091097029502269763 -0.018825606529332708 -7.558919762155911e-17 -0.08913060822714132
7 5 1.1458333333333333 0.10416666666666666 0.10385533171793118 -0.017793713694880847 1.1869820212227303e-17 -0.1023196641862459
7 6 1.1458333333333333 0.125 0.11392761013392438 -0.015993958045052024 -4.5415223152622412e-17 -0.11279935131409483
7 7 1.1458333333333333 0.14583333333333331 0.12206001964260842 -0.013582743740079208 -2.9817323975810896e-17 -0.12130192689172457
7 8 1.1458333333333333 0.16666666666666666 0.12858430069176305 -0.01179260753755104 -4.5994860086363971e-17 -0.12804240231991523
7 9 1.1458333333333333 0.1875 0.13378030807009214 -0.01195610542113959 -1.2985982354790888e-17 -0.13324497127654519
7 10 1.1458333333333333 0.20833333333333331 0.13811667531612787 -0.014497823233106109 -1.7118845239681479e-17 -0.13735366439189853
7 11 1.1458333333333333 0.22916666666666666 0.1418027417075883 -0.018988434618297363 -2.1826321156538677e-17 -0.14052564501376838
7 12 1.1458333333333333 0.25 0.1445240811434868 -0.024694449103906217 -6.2192689632294481e-17 -0.14239871563263393
7 13 1.1458333333333333 0.27083333333333331 0.14560226754726704 -0.031424900973908064 -9.476867958156721e-17 -0.14217065770997195
7 14 1.1458333333333333 0.29166666666666663 0.14442156218202915 -0.038788893296715768 -1.4132904834543897e-16 -0.13911509400461802
7 15 1.1458333333333333 0.3125 0.14046280164612915 -0.045700701533536427 -1.3918749906028084e-16 -0.1328203468058356
7 16 1.1458333333333333 0.33333333333333331 0.13340928850419009 -0.051463117074089952 -1.6497258373667525e-16 -0.12308365383028219
7 17 1.1458333333333333 0.35416666666666663 0.12398007191658422 -0.056273996818612282 -2.7059768212480865e-16 -0.11047305334107593
7 18 1.1458333333333333 0.375 0.11348027215235527 -0.060284421586130683 -2.0838475207415376e-16 -0.09614343805896626
7 19 1.1458333333333333 0.39583333333333331 0.10266463841950686 -0.063605060163960003 -2.5931069122240904e-16 -0.080587991061616071
7 20 1.1458333333333333 0.41666666666666663 0.092406357375606762 -0.066444111636714986 -2.2940344373283036e-16 -0.064219272124776614
7 21 1.1458333333333333 0.4375 0.083730972207701981 -0.068559515706748078 -4.0866718033358e-16 -0.048067333116193628
7 22 1.1458333333333333 0.45833333333333331 0.076934511844595529 -0.069950117833947237 -3.153506645419712e-16 -0.032029675736465181
7 23 1.1458333333333333 0.47916666666666663 0.07227462262711136 -0.070511115451064532 -3.72613091258083e-16 -0.015868322965518607
7 24 1.1458333333333333 0.5 0.070607344886532475 -0.070607344886532475 -2.8696092486011787e-16 1.6794164544280712e-16
7 25 1.1458333333333333 0.52083333333333326 0.072274622627111457 -0.070511115451064629 -3.6164787249065916e-16 0.015868322965518631
7 26 1.1458333333333333 0.54166666666666663 0.076934511844595613 -0.069950117833947362 -3.0269383666555885e-16 0.032029675736465091
7 27 1.1458333333333333 0.5625 0.083730972207702314 -0.068559515706748439 -4.0947693022669881e-16 0.04806733311619369
7 28 1.1458333333333333 0.58333333333333326 0.092406357375606846 -0.066444111636714945 -2.3007992907845436e-16 0.06421927212477678
7 29 1.1458333333333333 0.60416666666666663 0.10266463841950671 -0.063605060163959962 -1.8002752789618396e-16 0.080587991061615918
7 30 1.1458333333333333 0.625 0.11348027215235536 -0.06028442158613076 -1.7652079527376189e-16 0.096143438058966302
7 31 1.1458333333333333 0.64583333333333326 0.12398007191658449 -0.056273996818612775 -1.6580175506330735e-16 0.11047305334107599
7 32 1.1458333333333333 0.66666666666666663 0.13340928850419015 -0.051463117074089779 -1.5480470112035602e-16 0.12308365383028233
7 33 1.1458333333333333 0.6875 0.14046280164612915 -0.045700701533536288 -1.2077303159064728e-16 0.13282034680583565
7 34 1.1458333333333333 0.70833333333333326 0.14442156218202928 -0.038788893296715726 -1.8075755817137511e-16 0.13911509400461816
7 35 1.1458333333333333 0.72916666666666663 0.14560226754726713 -0.031424900973908404 -3.6072713738499103e-17 0.14217065770997195
7 36 1.1458333333333333 0.75 0.14452408114348672 -0.024694449103906318 -1.3009296958029609e-16 0.14239871563263382
7 37 1.1458333333333333 0.77083333333333326 0.14180274170758828 -0.018988434618297221 -4.359906607546941e-17 0.14052564501376838
7 38 1.1458333333333333 0.79166666666666663 0.13811667531612803 -0.014497823233106411 -3.0986241522993511e-17 0.13735366439189867
7 39 1.1458333333333333 0.8125 0.13378030807009217 -0.011956105421139594 1.0378663594847784e-17 0.13324497127654522
7 40 1.1458333333333333 0.83333333333333326 0.12858430069176305 -0.011792607537550973 -1.8834985359311023e-17 0.12804240231991523
7 41 1.1458333333333333 0.85416666666666663 0.12206001964260853 -0.013582743740079378 -4.4875301234449983e-17 0.12130192689172466
7 42 1.1458333333333333 0.875 0.11392761013392438 -0.015993958045052027 -2.5386921130352312e-17 0.11279935131409483
7 43 1.1458333333333333 0.89583333333333326 0.10385533171793117 -0.017793713694880909 -1.5822972030643996e-17 0.10231966418624587
7 44 1.1458333333333333 0.91666666666666663 0.091097029502269791 -0.018825606529332725 -4.7184301801289101e-17 0.089130608227141347
7 45 1.1458333333333333 0.9375 0.074856739906243308 -0.019623536814915733 -5.1802424479544802e-17 0.072238828286902645
7 46 1.1458333333333333 0.95833333333333326 0.055097371571208108 -0.020580538370636715 -4.9675570454386769e-17 0.051109312208544949
7 47 1.1458333333333333 0.97916666666666663 0.034067425988474405 -0.02144332821681421 -3.9676721091724233e-17 0.026472120966521757
7 48 1.1458333333333333 1 0.021856552111449649 -0.021856552111449649 -4.6859447256851091e-17 0
8 0 1.1666666666666667 0 0.0024095463124098539 0.0024095463124098539 1.5766676934080541e-17 0
8 1 1.1666666666666667 0.020833333333333332 0.02429903927738513 0.0016560066123635212 -1.6751679944064215e-18 -0.024242544253929157
8 2 1.1666666666666667 0.041666666666666664 0.046343835113637204 -0.00052447179546590071 3.1919703800890139e-17 -0.046340867302800376
8 3 1.1666666666666667 0.0625 0.064820850931296373 -0.0036701682294934626 3.3095183853965412e-18 -0.064716864731108256
8 4 1.1666666666666667 0.083333333333333329 0.079216495846023069 -0.0071888830106190127 6.2880357677055166e-17 -0.078889626537223659
8 5 1.1666666666666667 0.10416666666666666 0.090269252939232991 -0.010092575313001204 -3.8729598348791649e-17 -0.089703277252052627
8 6 1.1666666666666667 0.125 0.098928477221269781 -0.012360266618841471 5.0618092378114952e-17 -0.098153285296165432
8 7 1.1666666666666667 0.14583333333333331 0.10597240914381445 -0.015206239220199615 3.4641987599419875e-17 -0.10487574451951258
8 8 1.1666666666666667 0.16666666666666666 0.1120727846610492 -0.020142528054053858 5.7489041938815308e-17 -0.11024784635208779
8 9 1.1666666666666667 0.1875 0.11814776343819555 -0.027857136398752834 -3.1613146853944259e-17 -0.11481669720519354
8 10 1.1666666666666667 0.20833333333333331 0.12529257963976109 -0.037554008592923287 -1.7748622022192469e-17 -0.11953211681965863
8 11 1.1666666666666667 0.22916666666666666 0.13349873173189375 -0.048200446675211034 -6.4754661285415532e-17 -0.12449348703580551
8 12 1.1666666666666667 0.25 0.14158872727057847 -0.059268707246074304 -1.0687524329647834e-16 -0.12858688903415227
8 13 1.1666666666666667 0.27083333333333331 0.1482951245266568 -0.070582553467737993 -2.0698783677864422e-16 -0.13042065443920511
8 14 1.1666666666666667 0.29166666666666663 0.15245067643961921 -0.081036889540923418 -1.7575564218323585e-16 -0.12912873917308124
8 15 1.1666666666666667 0.3125 0.15319794679840384 -0.089550266248031488 -1.7900157757099587e-16 -0.12429947995930331
8 16 1.1666666666666667 0.33333333333333331 0.15044203200163053 -0.096150030655434426 -2.3630529414768278e-16 -0.11570642418525708
8 17 1.1666666666666667 0.35416666666666663 0.14527127776635543 -0.10130841600696626 -3.0523455934166175e-16 -0.10411699664333895
8 18 1.1666666666666667 0.375 0.13888877618030718 -0.10496676066568655 -2.8757501668498775e-16 -0.090950928000850792
8 19 1.1666666666666667 0.39583333333333331 0.13213249097570892 -0.1076459629222455 -3.627355382019995e-16 -0.076624681650159857
8 20 1.1666666666666667 0.41666666666666663 0.12574030277322798 -0.10971717033730653 -2.7724176088464294e-16 -0.061422848148531058
8 21 1.1666666666666667 0.4375 0.12032873988132622 -0.11117496233499995 -3.6207927410660047e-16 -0.04603404600118495
8 22 1.1666666666666667 0.45833333333333331 0.11612353800881201 -0.11206698559069377 -4.2071476987423414e-16 -0.030424773134721032
8 23 1.1666666666666667 0.47916666666666663 0.11341118956647236 -0.11242195321226688 -4.3238369006697692e-16 -0.014946650287646648
8 24 1.1666666666666667 0.5 0.11266170695404117 -0.11266170695404117 -4.3062330238839381e-16 1.4287358471416367e-17
8 25 1.1666666666666667 0.52083333333333326 0.11341118956647228 -0.11242195321226679 -4.5226581116854885e-16 0.014946650287646643
8 26 1.1666666666666667 0.54166666666666663 0.11612353800881187 -0.11206698559069365 -3.4085730702168215e-16 0.030424773134720945
8 27 1.1666666666666667 0.5625 0.12032873988132618 -0.11117496233499996 -4.4695689061147738e-16 0.046034046001184784
8 28 1.1666666666666667 0.58333333333333326 0.12574030277322804 -0.1097171703373065 -3.2398912372201533e-16 0.061422848148531238
8 29 1.1666666666666667 0.60416666666666663 0.1321324909757087 -0.10764596292224538 -4.4428700128337879e-16 0.07662468165015969
8 30 1.1666666666666667 0.625 0.13888877618030709 -0.10496676066568671 -2.9208166959582342e-16 0.090950928000850473
8 31 1.1666666666666667 0.64583333333333326 0.14527127776635551 -0.10130841600696648 -2.9881205193722076e-16 0.10411699664333886
8 32 1.1666666666666667 0.66666666666666663 0.15044203200163053 -0.09615003065543444 -2.0268164524284942e-16 0.11570642418525706
8 33 1.1666666666666667 0.6875 0.15319794679840393 -0.089550266248031557 -1.6872673437341708e-16 0.12429947995930336
8 34 1.1666666666666667 0.70833333333333326 0.1524506764396191 -0.081036889540923654 -1.5212333373894141e-16 0.12912873917308096
8 35 1.1666666666666667 0.72916666666666663 0.14829512452665677 -0.070582553467738188 -1.3431253537547604e-16 0.13042065443920497
8 36 1.1666666666666667 0.75 0.1415887272705785 -0.059268707246074415 -1.3127908807249322e-16 0.12858688903415225
8 37 1.1666666666666667 0.77083333333333326 0.13349873173189372 -0.048200446675211103 -3.2155495527580842e-17 0.12449348703580546
8 38 1.1666666666666667 0.79166666666666663 0.12529257963976101 -0.037554008592923314 2.3712951819821874e-18 0.11953211681965854
8 39 1.1666666666666667 0.8125 0.11814776343819583 -0.027857136398753091 1.6658162011895785e-17 0.11481669720519376
8 40 1.1666666666666667 0.83333333333333326 0.11207278466104925 -0.020142528054053921 6.2955566287556042e-17 0.11024784635208784
8 41 1.1666666666666667 0.85416666666666663 0.10597240914381452 -0.015206239220199563 3.9764986599038829e-17 0.10487574451951265
8 42 1.1666666666666667 0.875 0.098928477221269906 -0.012360266618841672 1.2008521307211137e-17 0.098153285296165543
8 43 1.1666666666666667 0.89583333333333326 0.09026925293923288 -0.010092575313001161 8.8262543438841623e-18 0.08970327725205253
8 44 1.1666666666666667 0.91666666666666663 0.079216495846023152 -0.00718888301061888 2.7502712861223555e-17 0.078889626537223756
8 45 1.1666666666666667 0.9375 0.064820850931296373 -0.0036701682294933763 -1.7112546072196856e-17 0.064716864731108256
8 46 1.1666666666666667 0.95833333333333326 0.046343835113637315 -0.00052447179546582102 1.3371588573866391e-17 0.046340867302800494
8 47 1.1666666666666667 0.97916666666666663 0.024299039277385099 0.0016560066123635568 -3.8523572964299092e-17 0.024242544253929122
8 48 1.1666666666666667 1 0.0024095463124098318 0.0024095463124098318 -1.8448423213005292e-17 0
9 0 1.1875 0 0.017187190112954685 0.017187190112954685 2.5316158204458581e-17 0
9 1 1.1875 0.020833333333333332 0.022297863192531041 0.015451284882688572 1.5592161249519923e-17 -0.016076457894288472
9 2 1.1875 0.041666666666666664 0.032276654462034746 0.010846011147989804 -1.3514380591656147e-17 -0.030399777391278186
9 3 1.1875 0.0625 0.042345122255480212 0.0048711514512240345 3.2418059542166983e-18 -0.042064013864237963
9 4 1.1875 0.083333333333333329 0.051266489720715951 -0.00082837489891571638 6.60742922651349e-18 -0.051259796754485096
9 5 1.1875 0.10416666666666666 0.059299301583647455 -0.0054097586402648444 6.2242114708272584e-17 -0.059052025196113751
9 6 1.1875 0.125 0.067014565944789564 -0.0097181264470708427 1.2763547572270013e-17 -0.066306184229883797
9 7 1.1875 0.14583333333333331 0.074937208874721717 -0.015842337404884999 9.4044766782321232e-17 -0.073243468101145057
9 8 1.1875 0.16666666666666666 0.083749145103525366 -0.025275311047155264 5.2222788062498154e-17 -0.079844085297790829
9 9 1.1875 0.1875 0.094597593462400861 -0.037724569858882943 1.5702088151214345e-17 -0.086749994339134828
9 10 1.1875 0.20833333333333331 0.10796305188141518 -0.051718737848246529 5.9082664034194171e-17 -0.094769154934153013
9 11 1.1875 0.22916666666666666 0.12260218211160917 -0.066544937880108859 -8.1515774227087619e-17 -0.1029711916074619
9 12 1.1875 0.25 0.13653057089257883 -0.081863221113418358 4.9198398204529452e-17 -0.10926577605631631
9 13 1.1875 0.27083333333333331 0.14820399454232935 -0.096580779952728749 -1.0324639769031006e-16 -0.11241253018247288
9 14 1.1875 0.29166666666666663 0.15619197503831794 -0.10879914230547529 -8.8899282618247901e-17 -0.1120655152130372
9 15 1.1875 0.3125 0.16008350063893184 -0.11811178584835617 -1.9113259963042546e-16 -0.10805708315759288
9 16 1.1875 0.33333333333333331 0.1605564570830339 -0.12532874294099502 -1.8278374318587797e-16 -0.10035478117103387
9 17 1.1875 0.35416666666666663 0.15879617867932203 -0.13074722742290101 -1.8122421375620402e-16 -0.090118748795016967
9 18 1.1875 0.375 0.15571963659341428 -0.13427553435011741 -1.8765744110485683e-16 -0.078858646296873808
9 19 1.1875 0.39583333333333331 0.15217056878105548 -0.13688184568029202 -3.4013432367296737e-16 -0.066477382065681989
9 20 1.1875 0.41666666666666663 0.14843774439841959 -0.13857314898175183 -1.913982058062893e-16 -0.053209457273794447
9 21 1.1875 0.4375 0.14494937366293931 -0.13944710774045194 -2.6129320032607592e-16 -0.039557869863039809
9 22 1.1875 0.45833333333333331 0.14205160504887726 -0.13970205764250188 -2.9951366606726007e-16 -0.025729236044105458
9 23 1.1875 0.47916666666666663 0.1400871730555609 -0.1395212723121638 -3.3567254755369019e-16 -0.012578975597945167
9 24 1.1875 0.5 0.13954796854080481 -0.13954796854080481 -2.0592433722103128e-16 -1.104682444334723e-16
9 25 1.1875 0.52083333333333326 0.14008717305556098 -0.13952127231216391 -2.9174407161378975e-16 0.012578975597945114
9 26 1.1875 0.54166666666666663 0.14205160504887712 -0.13970205764250165 -1.411188724281713e-16 0.025729236044105843
9 27 1.1875 0.5625 0.14494937366293953 -0.13944710774045219 -2.8165089875183759e-16 0.039557869863039767
9 28 1.1875 0.58333333333333326 0.14843774439841928 -0.1385731489817516 -2.8024135388850854e-16 0.05320945727379419
9 29 1.1875 0.60416666666666663 0.1521705687810555 -0.13688184568029205 -3.2193113019303696e-16 0.066477382065682017
9 30 1.1875 0.625 0.15571963659341448 -0.13427553435011758 -2.0845280472524934e-16 0.078858646296873891
9 31 1.1875 0.64583333333333326 0.15879617867932214 -0.13074722742290135 -1.5563152585661424e-16 0.090118748795016662
9 32 1.1875 0.66666666666666663 0.16055645708303384 -0.12532874294099502 -1.5580286694520622e-16 0.10035478117103382
9 33 1.1875 0.6875 0.16008350063893173 -0.11811178584835601 -1.6395222049511198e-16 0.1080570831575929
9 34 1.1875 0.70833333333333326 0.15619197503831789 -0.10879914230547511 -4.8106990284378625e-17 0.11206551521303731
9 35 1.1875 0.72916666666666663 0.14820399454232933 -0.09658077995272886 -6.9988227893415352e-17 0.11241253018247276
9 36 1.1875 0.75 0.136530570892579 -0.081863221113418455 4.9682712501186409e-18 0.10926577605631645
9 37 1.1875 0.77083333333333326 0.12260218211160925 -0.066544937880108984 -3.1526322330923128e-17 0.10297119160746192
9 38 1.1875 0.79166666666666663 0.10796305188141536 -0.051718737848246564 1.1267919099455098e-17 0.094769154934153207
9 39 1.1875 0.8125 0.094597593462400945 -0.037724569858883103 -2.1949733714747063e-17 0.086749994339134856
9 40 1.1875 0.83333333333333326 0.083749145103525324 -0.025275311047155368 9.8341192006348811e-17 0.079844085297790759
9 41 1.1875 0.85416666666666663 0.074937208874721745 -0.015842337404884946 -1.7344134691316611e-18 0.073243468101145098
9 42 1.1875 0.875 0.067014565944789675 -0.0097181264470707542 6.4331672224794037e-17 0.066306184229883922
9 43 1.1875 0.89583333333333326 0.059299301583647511 -0.0054097586402648444 4.8703639022800137e-17 0.059052025196113807
9 44 1.1875 0.91666666666666663 0.051266489720715847 -0.00082837489891568093 3.977126884471007e-17 0.051259796754484992
9 45 1.1875 0.9375 0.04234512225548008 0.0048711514512240883 3.4039700022840321e-18 0.042064013864237824
9 46 1.1875 0.95833333333333326 0.03227665446203476 0.010846011147989897 3.1532977383243327e-17 0.030399777391278165
9 47 1.1875 0.97916666666666663 0.022297863192531058 0.015451284882688657 3.6506586436776069e-17 0.016076457894288416
9 48 1.1875 1 0.017187190112954814 0.017187190112954814 1.544967970218756e-17 0
10 0 1.2083333333333333 0 0.040863788239498086 0.040863788239498086 7.8756209822795785e-17 0
10 1 1.2083333333333333 0.020833333333333332 0.040175935936471709 0.037963545416526592 -9.0448344492923545e-18 -0.013148195609238604
10 2 1.2083333333333333 0.041666666666666664 0.039128473024769274 0.030479714733716211 6.8009882390190763e-17 -0.024536185339236814
10 3 1.2083333333333333 0.0625 0.039326458373506359 0.020643007041927019 2.9967501007982186e-17 -0.033472923213697367
10 4 1.2083333333333333 0.083333333333333329 0.041747569222683301 0.010751771226904492 6.5680669247286185e-17 -0.040339297855652406
10 5 1.2083333333333333 0.10416666666666666 0.04609366021853023 0.0013091796729024841 6.3938011144373347e-17 -0.046075064415857035
10 6 1.2083333333333333 0.125 0.0521157647104818 -0.0088346480989297607 3.2998550128028257e-17 -0.051361482886754517
10 7 1.2083333333333333 0.14583333333333331 0.060411960085465705 -0.021582440714419848 7.0614719907379019e-17 -0.05642519981512209
10 8 1.2083333333333333 0.16666666666666666 0.072195196679664911 -0.037519480886566425 9.2857500682924983e-20 -0.061680101958557727
10 9 1.2083333333333333 0.1875 0.087795154792471561 -0.055238637618267729 1.642143589626332e-17 -0.068239886570185176
10 10 1.2083333333333333 0.20833333333333331 0.1060496893158438 -0.073493703983640496 -3.8700584688398388e-17 -0.076453986676641134
10 11 1.2083333333333333 0.22916666666666666 0.12488612737827756 -0.092143359986023812 1.1196125203679085e-17 -0.084297959773824857
10 12 1.2083333333333333 0.25 0.14222876530585268 -0.11063142167797571 -8.2947208521401293e-17 -0.089385178961264314
10 13 1.2083333333333333 0.27083333333333331 0.15621038231606615 -0.12689223962781507 -9.6802314309809809e-17 -0.09110457214415045
10 14 1.2083333333333333 0.29166666666666663 0.16565950903705925 -0.13929303709676441 -1.6904783858046832e-16 -0.089668962025658189
10 15 1.2083333333333333 0.3125 0.1712389885133376 -0.14852401363611209 -9.4101548312149307e-17 -0.085225633236080803
10 16 1.2083333333333333 0.33333333333333331 0.17404723762335989 -0.15555657751355786 -1.3983587756930377e-16 -0.078067868656642378
10 17 1.2083333333333333 0.35416666666666663 0.1748566949315363 -0.16042094685448408 -1.316102153836744e-16 -0.069569990460622802
10 18 1.2083333333333333 0.375 0.17452844740395018 -0.1636408315936832 -2.2065671467052151e-16 -0.0606783090450057
10 19 1.2083333333333333 0.39583333333333331 0.17391929242449286 -0.16632619490460471 -2.2230322885745863e-16 -0.050828310674187388
10 20 1.2083333333333333 0.41666666666666663 0.1725917240557602 -0.16781149825987007 -2.7703280712893588e-16 -0.040338620010075939
10 21 1.2083333333333333 0.4375 0.17079190694256854 -0.16821112821294226 -3.4411765097286324e-16 -0.029578570323937056
10 22 1.2083333333333333 0.45833333333333331 0.16892174962548001 -0.16786568895173679 -2.7377376259626536e-16 -0.018859161415399964
10 23 1.2083333333333333 0.47916666666666663 0.1672821787337529 -0.16703481082260729 -3.4036612558893264e-16 -0.0090939152935926044
10 24 1.2083333333333333 0.5 0.16663456167110746 -0.16663456167110746 -2.626663689542921e-16 -3.0704672809310514e-17
10 25 1.2083333333333333 0.52083333333333326 0.16728217873375315 -0.16703481082260757 -3.5775904189091901e-16 0.0090939152935925471
10 26 1.2083333333333333 0.54166666666666663 0.16892174962547984 -0.16786568895173662 -3.7813027619646908e-16 0.018859161415400005
10 27 1.2083333333333333 0.5625 0.17079190694256824 -0.16821112821294196 -2.8406113225337547e-16 0.029578570323937101
10 28 1.2083333333333333 0.58333333333333326 0.17259172405576043 -0.16781149825987024 -2.2028262084737077e-16 0.040338620010076202
10 29 1.2083333333333333 0.60416666666666663 0.17391929242449292 -0.16632619490460479 -1.589486137393841e-16 0.050828310674187319
10 30 1.2083333333333333 0.625 0.17452844740395029 -0.16364083159368331 -1.988784992300095e-16 0.0606783090450057
10 31 1.2083333333333333 0.64583333333333326 0.17485669493153647 -0.16042094685448413 -1.503670647125223e-16 0.069569990460623066
10 32 1.2083333333333333 0.66666666666666663 0.17404723762335958 -0.15555657751355759 -2.2618476340070934e-16 0.078067868656642267
10 33 1.2083333333333333 0.6875 0.17123898851333766 -0.14852401363611198 -9.6288605746769124e-17 0.085225633236081066
10 34 1.2083333333333333 0.70833333333333326 0.16565950903705914 -0.13929303709676435 -1.0995941926233706e-16 0.089668962025658064
10 35 1.2083333333333333 0.72916666666666663 0.15621038231606615 -0.1268922396278151 -2.8131209517763392e-17 0.091104572144150422
10 36 1.2083333333333333 0.75 0.14222876530585285 -0.110631421677976 -1.2598937107197032e-17 0.089385178961264244
10 37 1.2083333333333333 0.77083333333333326 0.1248861273782774 -0.092143359986023826 -2.0287845621498285e-17 0.084297959773824607
10 38 1.2083333333333333 0.79166666666666663 0.10604968931584378 -0.073493703983640538 3.7515913578175772e-17 0.076453986676641078
10 39 1.2083333333333333 0.8125 0.087795154792471561 -0.055238637618267701 4.5357781440182073e-17 0.06823988657018519
10 40 1.2083333333333333 0.83333333333333326 0.072195196679664814 -0.03751948088656621 6.1831444788010996e-17 0.061680101958557734
10 41 1.2083333333333333 0.85416666666666663 0.060411960085465732 -0.021582440714419997 5.1793155964119222e-17 0.056425199815122062
10 42 1.2083333333333333 0.875 0.052115764710481689 -0.0088346480989296532 3.8102103046941199e-17 0.05136148288675442
10 43 1.2083333333333333 0.89583333333333326 0.046093660218530202 0.0013091796729025381 6.4470475574551831e-17 0.046075064415857007
10 44 1.2083333333333333 0.91666666666666663 0.041747569222683224 0.010751771226904403 1.5277195197922161e-17 0.040339297855652351
10 45 1.2083333333333333 0.9375 0.039326458373506519 0.020643007041927147 1.9594144382798292e-17 0.033472923213697478
10 46 1.2083333333333333 0.95833333333333326 0.039128473024769378 0.030479714733716325 4.6262336857500264e-17 0.024536185339236842
10 47 1.2083333333333333 0.97916666666666663 0.040175935936471716 0.037963545416526627 3.79295462324848e-17 0.013148195609238539
10 48 1.2083333333333333 1 0.04086378823949819 0.04086378823949819 6.9113033897988111e-17 0
11 0 1.2291666666666667 0 0.045643298651557709 0.045643298651557709 3.9136926265161634e-17 0
11 1 1.2291666666666667 0.020833333333333332 0.043005636033477172 0.042389056775848012 7.2573687412420887e-17 -0.0072562108774376164
11 2 1.2291666666666667 0.041666666666666664 0.036683705752925053 0.034153990874878394 2.3556056927788679e-17 -0.01338652961323099
11 3 1.2291666666666667 0.0625 0.029901244762471201 0.023557592315529396 6.4342052359746338e-17 -0.018415327383473849
11 4 1.2291666666666667 0.083333333333333329 0.026151551531919705 0.01268409632945177 5.1241646079629298e-17 -0.022869572532774635
11 5 1.2291666666666667 0.10416666666666666 0.027346006231149654 0.0017293351985028984 6.9650768193879962e-17 -0.027291270702649494
11 6 1.2291666666666667 0.125 0.033557500623921543 -0.01070877188263457 8.2964137918898345e-17 -0.031802956668998406
11 7 1.2291666666666667 0.14583333333333331 0.04499717226642868 -0.026165818878273479 4.6810759266873241e-17 -0.036607313946861023
11 8 1.2291666666666667 0.16666666666666666 0.061209924810536623 -0.044327954014479358 5.4402658643767149e-17 -0.042210038950488429
11 9 1.2291666666666667 0.1875 0.08045338743925072 -0.06365660851130954 7.0819253774253106e-17 -0.049199428282126
11 10 1.2291666666666667 0.20833333333333331 0.10110695955518707 -0.083566916614967707 -8.4272209056047268e-18 -0.056913862265367904
11 11 1.2291666666666667 0.22916666666666666 0.12136820082774209 -0.10382039919997427 7.8732032142803637e-18 -0.062861473750788863
11 12 1.2291666666666667 0.25 0.13931254253177308 -0.1230976540372387 4.1216265012705217e-17 -0.065229993693050242
11 13 1.2291666666666667 0.27083333333333331 0.15312178895558057 -0.13897908804274106 -5.6929956872029695e-17 -0.064273597532465684
11 14 1.2291666666666667 0.29166666666666663 0.16266881685148543 -0.15088585103422453 -1.1362360550957246e-17 -0.06078325372616962
11 15 1.2291666666666667 0.3125 0.16930666531903898 -0.16002425838072007 -8.6318451975217381e-17 -0.055289995940980288
11 16 1.2291666666666667 0.33333333333333331 0.17384734939285251 -0.16690851432838333 -1.3060059922576498e-16 -0.048625597534759327
11 17 1.2291666666666667 0.35416666666666663 0.17663883468028069 -0.17155524155894089 -1.6579862897466453e-16 -0.042072283166723574
11 18 1.2291666666666667 0.375 0.17853458749928444 -0.17491583293559065 -9.1324164017219384e-17 -0.035763813023616364
11 19 1.2291666666666667 0.39583333333333331 0.17950332143530445 -0.17712054511718267 -1.989569274130586e-16 -0.029150555804277372
11 20 1.2291666666666667 0.41666666666666663 0.1789466652580384 -0.17753505802223107 -1.1997802955308285e-16 -0.022432391312909424
11 21 1.2291666666666667 0.4375 0.17771160993993498 -0.17702456607019451 -2.04116421819666e-16 -0.015611512261883618
11 22 1.2291666666666667 0.45833333333333331 0.17631465551857051 -0.17607501438132359 -1.2074977882890878e-16 -0.009189508215833881
11 23 1.2291666666666667 0.47916666666666663 0.17511835408227222 -0.17507305776947973 -2.8261637259304699e-16 -0.003982760315219029
11 24 1.2291666666666667 0.5 0.17465117421063867 -0.17465117421063867 -8.799841619704992e-17 1.7120263451348517e-16
11 25 1.2291666666666667 0.52083333333333326 0.17511835408227217 -0.17507305776947968 -2.2205289981071361e-16 0.0039827603152191061
11 26 1.2291666666666667 0.54166666666666663 0.17631465551857042 -0.17607501438132353 -8.9817048809777315e-17 0.0091895082158335428
11 27 1.2291666666666667 0.5625 0.17771160993993509 -0.17702456607019462 -2.584502336698574e-16 0.015611512261883504
11 28 1.2291666666666667 0.58333333333333326 0.17894666525803798 -0.17753505802223063 -7.5276485366231662e-17 0.022432391312909743
11 29 1.2291666666666667 0.60416666666666663 0.17950332143530401 -0.1771205451171822 -2.3466715927777614e-16 0.029150555804277521
11 30 1.2291666666666667 0.625 0.178534587499285 -0.17491583293559124 -9.3607933677221933e-17 0.035763813023616309
11 31 1.2291666666666667 0.64583333333333326 0.17663883468028083 -0.17155524155894097 -1.3904605535838408e-16 0.042072283166723817
11 32 1.2291666666666667 0.66666666666666663 0.17384734939285273 -0.16690851432838361 -1.34726498559492e-16 0.048625597534759174
11 33 1.2291666666666667 0.6875 0.16930666531903923 -0.16002425838072035 -8.8976518734064582e-17 0.055289995940980247
11 34 1.2291666666666667 0.70833333333333326 0.16266881685148535 -0.1508858510342245 -6.6412202118965553e-17 0.060783253726169474
11 35 1.2291666666666667 0.72916666666666663 0.15312178895558068 -0.13897908804274112 -9.1249030397646509e-17 0.064273597532465865
11 36 1.2291666666666667 0.75 0.13931254253177289 -0.12309765403723853 -3.2050576058626787e-17 0.065229993693050131
11 37 1.2291666666666667 0.77083333333333326 0.12136820082774204 -0.10382039919997424 -1.8560003491541162e-17 0.062861473750788835
11 38 1.2291666666666667 0.79166666666666663 0.10110695955518727 -0.083566916614967887 1.3858790629820113e-17 0.056913862265367973
11 39 1.2291666666666667 0.8125 0.080453387439250623 -0.063656608511309429 5.9647615804229189e-17 0.049199428282125979
11 40 1.2291666666666667 0.83333333333333326 0.061209924810536769 -0.044327954014479566 8.4494128889393006e-17 0.042210038950488415
11 41 1.2291666666666667 0.85416666666666663 0.044997172266428589 -0.026165818878273552 2.4487076571829366e-17 0.036607313946860863
11 42 1.2291666666666667 0.875 0.033557500623921419 -0.01070877188263465 7.018020670640275e-17 0.031802956668998246
11 43 1.2291666666666667 0.89583333333333326 0.02734600623114954 0.0017293351985027848 4.3414763015070426e-17 0.027291270702649386
11 44 1.2291666666666667 0.91666666666666663 0.026151551531919726 0.012684096329451763 4.3865227137020114e-17 0.022869572532774662
11 45 1.2291666666666667 0.9375 0.029901244762471166 0.023557592315529358 5.8212405761356505e-17 0.018415327383473838
11 46 1.2291666666666667 0.95833333333333326 0.036683705752925032 0.03415399087487838 6.7816002814522272e-17 0.013386529613230957
11 47 1.2291666666666667 0.97916666666666663 0.043005636033477214 0.042389056775848068 7.0551449583668222e-17 0.0072562108774375505
11 48 1.2291666666666667 1 0.045643298651557813 0.045643298651557813 3.8419191670661768e-17 0
12 0 1.25 0 0.067092821653941814 0.067092821653941814 3.8113017283223628e-17 0
12 1 1.25 0.020833333333333332 0.063056548596322565 0.062933349200082297 2.6859404255665917e-17 -0.0039397816361939585
12 2 1.25 0.041666666666666664 0.052588201576884437 0.052084889141895407 7.3091306124107864e-17 -0.0072583240605181582
12 3 1.25 0.0625 0.038991164767717731 0.037559869050235076 3.3698430002142512e-17 -0.01046743363353721
12 4 1.25 0.083333333333333329 0.025819558471104252 0.02168825502636897 7.6600564441621558e-17 -0.01400961075668958
12 5 1.25 0.10416666666666666 0.018498138919459416 0.0049661362895216683 8.7243597241772799e-17 -0.017819052551623363
12 6 1.25 0.125 0.025756654784861128 -0.013596730028674644 2.7931570098172469e-17 -0.021875424526939972
12 7 1.25 0.14583333333333331 0.043556575057974903 -0.034430303087452922 7.106590019692389e-17 -0.026678258190652761
12 8 1.25 0.16666666666666666 0.065145738974204059 -0.05645077177911579 2.3480199189762205e-17 -0.032515806495261881
12 9 1.25 0.1875 0.087758497813880343 -0.078544080823116716 4.5782585352899614e-18 -0.039145642237681459
12 10 1.25 0.20833333333333331 0.11007246404663379 -0.10035895929531406 -1.7528974247782021e-17 -0.045210912736406712
12 11 1.25 0.22916666666666666 0.13061648574487905 -0.12125386102884081 4.0301239676568479e-17 -0.048560967184980507
12 12 1.25 0.25 0.14783270192935308 -0.13971474778962176 -7.4810629301354836e-18 -0.048314563123506946
12 13 1.25 0.27083333333333331 0.16076495064899407 -0.15427854893948395 4.5521673365878371e-18 -0.045205073767230583
12 14 1.25 0.29166666666666663 0.17041685764729159 -0.16563708136635202 6.1609183622029275e-18 -0.040078206631705991
12 15 1.25 0.3125 0.17830715294565533 -0.17506418860746642 -1.1258345989446117e-16 -0.033852188390039693
12 16 1.25 0.33333333333333331 0.18465106754717153 -0.18253485745177925 -1.1469025748299867e-16 -0.027875483159377407
12 17 1.25 0.35416666666666663 0.18956466331562113 -0.18819278646073184 -2.1307293974800484e-16 -0.022764812806394502
12 18 1.25 0.375 0.19339397444827097 -0.19256717427005424 -1.3908158164377813e-16 -0.017863727117963041
12 19 1.25 0.39583333333333331 0.19483832445401719 -0.19440143594399079 -9.0564329972736901e-17 -0.013040489981719351
12 20 1.25 0.41666666666666663 0.19381017392440561 -0.19362570236203658 -1.2061465897830894e-16 -0.0084540464522249708
12 21 1.25 0.4375 0.19211439005845765 -0.19207028314702121 -1.6105554150620522e-16 -0.0041164547071863792
12 22 1.25 0.45833333333333331 0.1903158489504049 -0.19031336579050706 -1.5184080982689034e-16 -0.00097219504318164925
12 23 1.25 0.47916666666666663 0.18920145272049219 -0.18920101623802499 -1.9104417395484039e-16 0.00040640625394270638
12 24 1.25 0.5 0.18897034503387783 -0.18897034503387783 -6.582811661136167e-17 -9.1699344369191455e-17
12 25 1.25 0.52083333333333326 0.18920145272049235 -0.18920101623802515 -6.0240944352402348e-17 -0.00040640625394276119
12 26 1.25 0.54166666666666663 0.19031584895040485 -0.19031336579050701 -1.8155310336429572e-16 0.00097219504318171647
12 27 1.25 0.5625 0.19211439005845773 -0.19207028314702126 -5.8584293762500042e-17 0.0041164547071864087
12 28 1.25 0.58333333333333326 0.19381017392440553 -0.19362570236203649 -1.8043756285472237e-16 0.0084540464522250836
12 29 1.25 0.60416666666666663 0.1948383244540173 -0.1944014359439909 -1.0313488817110093e-16 0.013040489981719274
12 30 1.25 0.625 0.19339397444827144 -0.19256717427005471 -1.2714143549800636e-16 0.017863727117963059
12 31 1.25 0.64583333333333326 0.18956466331562125 -0.18819278646073195 -1.699178337730627e-16 0.022764812806394388
12 32 1.25 0.66666666666666663 0.18465106754717181 -0.18253485745177955 -9.9886298443629999e-17 0.027875483159377285
12 33 1.25 0.6875 0.17830715294565505 -0.17506418860746617 -1.150454826997357e-16 0.033852188390039589
12 34 1.25 0.70833333333333326 0.17041685764729145 -0.16563708136635186 -8.653860624119216e-17 0.040078206631706095
12 35 1.25 0.72916666666666663 0.16076495064899415 -0.15427854893948398 -1.0537813063844612e-17 0.04520507376723077
12 36 1.25 0.75 0.14783270192935313 -0.13971474778962184 9.8839588405556657e-19 0.048314563123506883
12 37 1.25 0.77083333333333326 0.13061648574487919 -0.12125386102884099 3.9091486556956201e-17 0.048560967184980403
12 38 1.25 0.79166666666666663 0.11007246404663401 -0.10035895929531423 6.3061980788186524e-17 0.045210912736406886
12 39 1.25 0.8125 0.087758497813880287 -0.07854408082311666 2.5226021358660043e-17 0.039145642237681459
12 40 1.25 0.83333333333333326 0.065145738974204212 -0.056450771779116039 3.2123060016588373e-17 0.032515806495261736
12 41 1.25 0.85416666666666663 0.043556575057974882 -0.034430303087452901 5.09141713993229e-17 0.026678258190652757
12 42 1.25 0.875 0.025756654784861048 -0.013596730028674491 9.3389715535526486e-17 0.021875424526939972
12 43 1.25 0.89583333333333326 0.018498138919459294 0.0049661362895215199 4.1001369922257678e-17 0.01781905255162328
12 44 1.25 0.91666666666666663 0.025819558471104214 0.021688255026368966 2.5250754548630621e-17 0.014009610756689521
12 45 1.25 0.9375 0.038991164767717641 0.037559869050234992 5.4463736150859512e-17 0.010467433633537179
12 46 1.25 0.95833333333333326 0.052588201576884562 0.052084889141895511 6.5191864597765188e-17 0.0072583240605183065
12 47 1.25 0.97916666666666663 0.063056548596322606 0.062933349200082325 3.8635767607129494e-17 0.0039397816361939316
12 48 1.25 1 0.067092821653941981 0.067092821653941981 9.3680209294484111e-17 0
13 0 1.2708333333333333 0 0.073297617174027538 0.073297617174027538 7.5042005260637478e-17 0
13 1 1.2708333333333333 0.020833333333333332 0.068941229427596395 0.068930885316078744 1.0325107548429673e-16 -0.0011942213069957752
13 2 1.2708333333333333 0.041666666666666664 0.05724500602714655 0.057194975633887327 5.0546847525666647e-17 -0.0023927969590167132
13 3 1.2708333333333333 0.0625 0.041362308256106456 0.041130197636896383 8.1163936932283248e-17 -0.0043757726886820263
13 4 1.2708333333333333 0.083333333333333329 0.024360645622423873 0.023165718695348215 1.2781169906518712e-17 -0.0075359493409466027
13 5 1.2708333333333333 0.10416666666666666 0.011835309388042508 0.0035366923345017775 7.9844761397921638e-17 -0.011294527685643322
13 6 1.2708333333333333 0.125 0.023966034600578227 -0.018290133442650267 1.2098438262729885e-16 -0.015486827729595207
13 7 1.2708333333333333 0.14583333333333331 0.04646445332179161 -0.041750691494025695 7.4224354841230779e-17 -0.020391792031688685
13 8 1.2708333333333333 0.16666666666666666 0.070302918906694073 -0.06542800513461175 1.0632684941794278e-16 -0.025723074289563882
13 9 1.2708333333333333 0.1875 0.093612183119208714 -0.088453661386662399 -1.2253355518642456e-18 -0.030646216987385805
13 10 1.2708333333333333 0.20833333333333331 0.11544499575731662 -0.11046833423138183 1.9897093479952161e-17 -0.033530496231797227
13 11 1.2708333333333333 0.22916666666666666 0.13481979130508806 -0.13068596051929282 -7.0933815395504787e-17 -0.033129380475604021
13 12 1.2708333333333333 0.25 0.15075048966666588 -0.14780272580076581 5.5895094456286374e-17 -0.029665879063381462
13 13 1.2708333333333333 0.27083333333333331 0.16321361785135158 -0.16144343579565351 -1.8735330301125852e-17 -0.023972944971816262
13 14 1.2708333333333333 0.29166666666666663 0.17366716815236394 -0.17283153063932732 -3.9733172912241061e-17 -0.017016089766121793
13 15 1.2708333333333333 0.3125 0.18292515297870607 -0.18262424192062685 -8.3103316023741581e-17 -0.010487986231845232
13 16 1.2708333333333333 0.33333333333333331 0.19047930829850873 -0.19038922795740199 -8.354145763046239e-17 -0.0058573686637232222
13 17 1.2708333333333333 0.35416666666666663 0.19659895633017066 -0.19658405709155485 -5.3051491065318002e-17 -0.0024203569027408021
13 18 1.2708333333333333 0.375 0.2008295266601515 -0.2008258320336633 -2.5408850731989458e-17 0.0012181816479288404
13 19 1.2708333333333333 0.39583333333333331 0.2013896768339653 -0.20133338781623222 -9.277337181102015e-17 0.0047611853280057565
13 20 1.2708333333333333 0.41666666666666663 0.19882996762562241 -0.19868469542268197 -1.1367066922962682e-16 0.0075991993527049322
13 21 1.2708333333333333 0.4375 0.19514776204355982 -0.19493720735266709 -9.5747098519525037e-17 0.0090627931761199116
13 22 1.2708333333333333 0.45833333333333331 0.1912275574336974 -0.19105683452694874 -1.8461366473526794e-17 0.0080786572275453883
13 23 1.2708333333333333 0.47916666666666663 0.18868691471354082 -0.18862410442098404 -1.6331187709925752e-16 0.0048681634624097511
13 24 1.2708333333333333 0.5 0.18805466903841386 -0.18805466903841386 -5.1040519476591201e-17 1.631632318006031e-16
13 25 1.2708333333333333 0.52083333333333326 0.18868691471354093 -0.18862410442098415 -2.0510467496386296e-16 -0.0048681634624097234
13 26 1.2708333333333333 0.54166666666666663 0.19122755743369738 -0.19105683452694869 -1.1148591583650395e-16 -0.0080786572275454143
13 27 1.2708333333333333 0.5625 0.19514776204356016 -0.19493720735266742 -1.385091633728354e-16 -0.009062793176119981
13 28 1.2708333333333333 0.58333333333333326 0.19882996762562199 -0.19868469542268155 -6.1026526294063428e-17 -0.0075991993527049339
13 29 1.2708333333333333 0.60416666666666663 0.20138967683396575 -0.20133338781623267 -1.0778970052142766e-16 -0.0047611853280057591
13 30 1.2708333333333333 0.625 0.20082952666015141 -0.20082583203366322 -2.0292087968768519e-17 -0.0012181816479289512
13 31 1.2708333333333333 0.64583333333333326 0.19659895633017033 -0.19658405709155455 -5.0435765509273425e-17 0.0024203569027407331
13 32 1.2708333333333333 0.66666666666666663 0.19047930829850862 -0.19038922795740187 -4.8807576524184647e-17 0.0058573686637231805
13 33 1.2708333333333333 0.6875 0.18292515297870612 -0.1826242419206269 -1.3297276229484628e-16 0.010487986231845412
13 34 1.2708333333333333 0.70833333333333326 0.17366716815236413 -0.17283153063932752 -1.1359628176846668e-17 0.017016089766121775
13 35 1.2708333333333333 0.72916666666666663 0.16321361785135172 -0.16144343579565362 -9.9909217434615694e-17 0.023972944971816453
13 36 1.2708333333333333 0.75 0.15075048966666585 -0.14780272580076578 -1.5119641815460661e-17 0.029665879063381449
13 37 1.2708333333333333 0.77083333333333326 0.13481979130508831 -0.13068596051929307 -3.147101957905063e-18 0.033129380475604105
13 38 1.2708333333333333 0.79166666666666663 0.11544499575731658 -0.11046833423138178 6.2281729527789706e-17 0.033530496231797241
13 39 1.2708333333333333 0.8125 0.093612183119208672 -0.088453661386662344 6.1089465067743734e-17 0.030646216987385864
13 40 1.2708333333333333 0.83333333333333326 0.070302918906693851 -0.065428005134611472 9.1167163903509809e-17 0.025723074289563976
13 41 1.2708333333333333 0.85416666666666663 0.046464453321791541 -0.041750691494025639 1.1499351592008777e-16 0.02039179203168863
13 42 1.2708333333333333 0.875 0.023966034600578334 -0.018290133442650239 4.2013993111432356e-17 0.015486827729595405
13 43 1.2708333333333333 0.89583333333333326 0.011835309388042468 0.00353669233450168 6.1449241416594376e-17 0.01129452768564331
13 44 1.2708333333333333 0.91666666666666663 0.024360645622423929 0.023165718695348263 3.4040923782385927e-17 0.0075359493409466374
13 45 1.2708333333333333 0.9375 0.041362308256106491 0.041130197636896425 5.9978859343356397e-17 0.0043757726886819483
13 46 1.2708333333333333 0.95833333333333326 0.05724500602714646 0.057194975633887243 4.5173668973849951e-17 0.0023927969590166269
13 47 1.2708333333333333 0.97916666666666663 0.068941229427596465 0.068930885316078813 6.0891447299201952e-17 0.0011942213069956666
13 48 1.2708333333333333 1 0.073297617174027455 0.073297617174027455 6.1383374327928554e-17 0
14 0 1.2916666666666667 0 0.092151857087553038 0.092151857087553038 6.1709680541581378e-17 0
14 1 1.2916666666666667 0.020833333333333332 0.087271614028647082 0.087256732792061475 2.1276934426062434e-17 0.0016115823342091418
14 2 1.2916666666666667 0.041666666666666664 0.073885984987581824 0.073838892548038063 9.2805741571129363e-17 0.0026375604001529704
14 3 1.2916666666666667 0.0625 0.05476612346280782 0.054721187069664251 3.5727598770363339e-17 0.0022180993734094469
14 4 1.2916666666666667 0.083333333333333329 0.032445847086871094 0.032445645129476369 5.7399806514166533e-17 -0.00011447845521231174
14 5 1.2916666666666667 0.10416666666666666 0.0084137692426328077 0.0075116924400467364 1.0184421524772478e-16 -0.0037902492733880408
14 6 1.2916666666666667 0.125 0.021340555518418902 -0.019665339349231471 4.6501342729076273e-17 -0.0082881685621304692
14 7 1.2916666666666667 0.14583333333333331 0.049165721506267621 -0.047325459896114253 6.7166726134750651e-17 -0.013325502499086015
14 8 1.2916666666666667 0.16666666666666666 0.075951888463315478 -0.073679440767587825 5.4351450031960862e-17 -0.018439885284877222
14 9 1.2916666666666667 0.1875 0.10075505745000507 -0.098252029464011348 2.9289182738562942e-17 -0.022318609005869253
14 10 1.2916666666666667 0.20833333333333331 0.12333230958911229 -0.1211507378304407 -5.6885166527078703e-18 -0.023094529909146556
14 11 1.2916666666666667 0.22916666666666666 0.14332313019935419 -0.14186073807769331 4.1342395740228793e-17 -0.020421817798450943
14 12 1.2916666666666667 0.25 0.16013154308331667 -0.15940929630679615 -4.7910993291374135e-17 -0.015191686582344014
14 13 1.2916666666666667 0.27083333333333331 0.17444355306865675 -0.17425005967295551 -1.8849974132579376e-17 -0.0082140070117274651
14 14 1.2916666666666667 0.29166666666666663 0.18755778256672256 -0.18755626989707055 -4.1197499257707122e-17 -0.00075327527717922919
14 15 1.2916666666666667 0.3125 0.19901150396344761 -0.1989491903341159 -1.1401895489531709e-16 0.0049797967019800304
14 16 1.2916666666666667 0.33333333333333331 0.20767131721613186 -0.20751484320000996 -4.3090091588197597e-17 0.008060139326249275
14 17 1.2916666666666667 0.35416666666666663 0.21380306581218869 -0.21355128172945295 -4.551887247880092e-17 0.010373091265331747
14 18 1.2916666666666667 0.375 0.21673957817354897 -0.2163204723893048 -4.9155828590470021e-17 0.013472118323261542
14 19 1.2916666666666667 0.39583333333333331 0.21540608413620987 -0.21475338003550185 -7.0163985248170538e-17 0.016756098776960267
14 20 1.2916666666666667 0.41666666666666663 0.21048315535626105 -0.20964987234366811 -6.3494689095160324e-17 0.018710684514778919
14 21 1.2916666666666667 0.4375 0.20366228003460454 -0.20288502403890515 -7.5017140331888519e-17 0.017776144959652029
14 22 1.2916666666666667 0.45833333333333331 0.19669009505711485 -0.1962218146813596 -1.5850244466270677e-17 0.013564399608204041
14 23 1.2916666666666667 0.47916666666666663 0.19192470265329217 -0.19178621102317803 -7.5370217451094287e-17 0.0072897702246125552
14 24 1.2916666666666667 0.5 0.19036802133620773 -0.19036802133620773 5.0849380356761276e-17 6.2396510028432224e-17
14 25 1.2916666666666667 0.52083333333333326 0.19192470265329203 -0.19178621102317786 -6.3761577717471386e-17 -0.0072897702246125535
14 26 1.2916666666666667 0.54166666666666663 0.19669009505711454 -0.1962218146813593 8.9648099182518528e-17 -0.013564399608203785
14 27 1.2916666666666667 0.5625 0.20366228003460454 -0.20288502403890518 -1.5440467565394565e-16 -0.017776144959651755
14 28 1.2916666666666667 0.58333333333333326 0.21048315535626111 -0.20964987234366816 1.4871926660134267e-17 -0.018710684514779065
14 29 1.2916666666666667 0.60416666666666663 0.21540608413621004 -0.21475338003550198 -6.892991719724954e-17 -0.016756098776960292
14 30 1.2916666666666667 0.625 0.21673957817354886 -0.21632047238930471 -9.7880355258834924e-17 -0.013472118323261376
14 31 1.2916666666666667 0.64583333333333326 0.21380306581218853 -0.21355128172945276 -1.2916439188867763e-16 -0.010373091265332035
14 32 1.2916666666666667 0.66666666666666663 0.20767131721613191 -0.20751484320001001 -7.9107957679038839e-17 -0.0080601393262491397
14 33 1.2916666666666667 0.6875 0.19901150396344766 -0.19894919033411596 -9.9644192471554686e-17 -0.0049797967019798673
14 34 1.2916666666666667 0.70833333333333326 0.18755778256672273 -0.18755626989707072 -1.1656830852586519e-16 0.00075327527717924708
14 35 1.2916666666666667 0.72916666666666663 0.17444355306865705 -0.17425005967295581 -5.633483767944961e-17 0.0082140070117274495
14 36 1.2916666666666667 0.75 0.16013154308331684 -0.15940929630679634 -3.7095525799094502e-17 0.015191686582343693
14 37 1.2916666666666667 0.77083333333333326 0.14332313019935425 -0.14186073807769339 3.1951436076834696e-17 0.020421817798450832
14 38 1.2916666666666667 0.79166666666666663 0.1233323095891122 -0.12115073783044063 4.8579327964833327e-17 0.023094529909146479
14 39 1.2916666666666667 0.8125 0.10075505745000514 -0.098252029464011431 6.1023758232814327e-17 0.022318609005869228
14 40 1.2916666666666667 0.83333333333333326 0.075951888463315589 -0.07367944076758795 3.6429981720497331e-17 0.01843988528487718
14 41 1.2916666666666667 0.85416666666666663 0.049165721506267641 -0.047325459896114287 9.687636710512067e-17 0.013325502499086005
14 42 1.2916666666666667 0.875 0.021340555518418867 -0.01966533934923146 7.4003614476118517e-17 0.0082881685621303981
14 43 1.2916666666666667 0.89583333333333326 0.008413769242632858 0.0075116924400468717 5.9925324970467893e-17 0.0037902492733878808
14 44 1.2916666666666667 0.91666666666666663 0.032445847086871066 0.032445645129476341 5.804397616354256e-17 0.00011447845521230878
14 45 1.2916666666666667 0.9375 0.054766123462807792 0.054721187069664223 4.5704271665107449e-17 -0.0022180993734094178
14 46 1.2916666666666667 0.95833333333333326 0.073885984987581782 0.073838892548038021 6.1603008934307421e-17 -0.0026375604001531651
14 47 1.2916666666666667 0.97916666666666663 0.087271614028647013 0.087256732792061392 7.0924975817775649e-18 -0.0016115823342091364
14 48 1.2916666666666667 1 0.09215185708755308 0.09215185708755308 7.2741450761305732e-17 0
15 0 1.3125 0 0.10479363331172617 0.10479363331172617 5.5594612236398618e-17 0
15 1 1.3125 0.020833333333333332 0.099687867128172153 0.099663135943686462 8.1345635570747943e-17 0.0022204023136311321
15 2 1.3125 0.041666666666666664 0.085415003379499838 0.085345892158897485 5.7004595858544157e-17 0.0034353302493078811
15 3 1.3125 0.0625 0.064189702209323227 0.064121894140528032 1.1087917882688591e-16 0.0029496714312804003
15 4 1.3125 0.083333333333333329 0.038418335756811119 0.038416200580043872 3.5351690283684681e-18 0.00040503742655302095
15 5 1.3125 0.10416666666666666 0.0098729564963671058 0.0091721237277107102 5.0127769608748825e-17 -0.0036534115977704491
15 6 1.3125 0.125 0.023584990120585226 -0.02215605443094797 8.2074764220924298e-17 -0.008084615701502056
15 7 1.3125 0.14583333333333331 0.054301475138001432 -0.052900597634862954 7.352543429173072e-17 -0.012254671437346636
15 8 1.3125 0.16666666666666666 0.082638487804394423 -0.081087225517597991 6.0424286094067254e-17 -0.015936797810578211
15 9 1.3125 0.1875 0.10825876299618147 -0.10682247081729498 8.2102704502742477e-17 -0.017576105767534267
15 10 1.3125 0.20833333333333331 0.13176371003698889 -0.13085322723536538 -1.4410147142269172e-17 -0.015463124031110829
15 11 1.3125 0.22916666666666666 0.15300009328828421 -0.15266861834320367 3.843562951930341e-17 -0.010065859098998381
15 12 1.3125 0.25 0.17155325162894061 -0.17152952903457333 4.4207403859322847e-17 -0.0028528606064927874
15 13 1.3125 0.27083333333333331 0.18841696040749567 -0.18834857169399841 8.6799126421252748e-18 0.0050760723035172791
15 14 1.3125 0.29166666666666663 0.20427149438304382 -0.20388722698062328 -4.6654028335890105e-17 0.01252366127111804
15 15 1.3125 0.3125 0.21746054754477312 -0.21672704825426725 -2.2966691792994699e-17 0.017845904108927873
15 16 1.3125 0.33333333333333331 0.2262317336842159 -0.22526418225745623 3.4710728063830595e-18 0.020900849687166559
15 17 1.3125 0.35416666666666663 0.23071407933206997 -0.22951429418238534 -7.8789032122094762e-17 0.023498407775978138
15 18 1.3125 0.375 0.23057155706486959 -0.22901759021027968 7.0833635188663008e-18 0.026724264285379756
15 19 1.3125 0.39583333333333331 0.22536898112640205 -0.22339285069986109 -1.0502343913476741e-16 0.029779387336581191
15 20 1.3125 0.41666666666666663 0.21614885754812563 -0.21400823921594611 6.6310894071249415e-17 0.030344722227271938
15 21 1.3125 0.4375 0.20469590417761288 -0.20295448773857064 -6.9998267742731965e-17 0.026643743991129631
15 22 1.3125 0.45833333333333331 0.19374167000549844 -0.1927903163287536 1.724476601774946e-17 0.019176251624824392
15 23 1.3125 0.47916666666666663 0.18633139493030243 -0.18606791700232636 -5.9079139581631203e-17 0.0099055034747213208
15 24 1.3125 0.5 0.18367143430807048 -0.18367143430807048 9.1926917634462682e-17 7.3535434882223576e-17
15 25 1.3125 0.52083333333333326 0.18633139493030243 -0.18606791700232636 -1.3707058384110293e-17 -0.0099055034747212462
15 26 1.3125 0.54166666666666663 0.19374167000549855 -0.19279031632875371 -4.762197627366326e-18 -0.019176251624824239
15 27 1.3125 0.5625 0.20469590417761316 -0.20295448773857089 -8.4144191132159361e-17 -0.026643743991129912
15 28 1.3125 0.58333333333333326 0.21614885754812568 -0.21400823921594614 -7.6967145136254489e-18 -0.030344722227272098
15 29 1.3125 0.60416666666666663 0.22536898112640222 -0.22339285069986128 -8.1795512864837753e-17 -0.029779387336581038
15 30 1.3125 0.625 0.23057155706486962 -0.2290175902102797 -4.129561362802623e-17 -0.026724264285379721
15 31 1.3125 0.64583333333333326 0.23071407933206972 -0.22951429418238511 -2.5276940527895158e-17 -0.023498407775977923
15 32 1.3125 0.66666666666666663 0.22623173368421617 -0.22526418225745651 2.1355296335426391e-17 -0.02090084968716651
15 33 1.3125 0.6875 0.21746054754477331 -0.21672704825426742 6.646712910565965e-17 -0.017845904108928085
15 34 1.3125 0.70833333333333326 0.20427149438304376 -0.20388722698062325 2.1066907573072794e-17 -0.012523661271117977
15 35 1.3125 0.72916666666666663 0.18841696040749564 -0.18834857169399838 5.7682258475515664e-18 -0.005076072303517306
15 36 1.3125 0.75 0.17155325162894083 -0.17152952903457355 2.533158562391259e-17 0.0028528606064929457
15 37 1.3125 0.77083333333333326 0.15300009328828423 -0.15266861834320369 -5.0933844443094383e-19 0.010065859098998304
15 38 1.3125 0.79166666666666663 0.131763710036989 -0.13085322723536552 5.903158473562836e-17 0.015463124031110682
15 39 1.3125 0.8125 0.10825876299618141 -0.10682247081729493 2.5273721232587887e-17 0.017576105767534263
15 40 1.3125 0.83333333333333326 0.082638487804394534 -0.081087225517598088 5.9913765756461201e-17 0.015936797810578253
15 41 1.3125 0.85416666666666663 0.054301475138001383 -0.052900597634862906 6.8692735274447853e-17 0.012254671437346635
15 42 1.3125 0.875 0.023584990120585136 -0.022156054430947893 4.1684862508316239e-17 0.008084615701501997
15 43 1.3125 0.89583333333333326 0.0098729564963669098 0.0091721237277104968 2.7542062653504901e-17 0.0036534115977704539
15 44 1.3125 0.91666666666666663 0.038418335756811195 0.038416200580043948 4.7787673991070866e-17 -0.00040503742655290803
15 45 1.3125 0.9375 0.064189702209322963 0.064121894140527769 4.2249914589489954e-17 -0.0029496714312803895
15 46 1.3125 0.95833333333333326 0.085415003379499796 0.085345892158897443 5.19927519109433e-17 -0.0034353302493078516
15 47 1.3125 0.97916666666666663 0.099687867128172389 0.099663135943686684 5.7424238147604876e-17 -0.0022204023136312028
15 48 1.3125 1 0.10479363331172613 0.10479363331172613 7.9056768239781837e-17 0
16 0 1.3333333333333333 0 0.1209541037438778 0.1209541037438778 9.0721773709738227e-17 0
16 1 1.3333333333333333 0.020833333333333332 0.11574626714807569 0.11568386948655465 4.0422484373559961e-17 0.0038000920161877665
16 2 1.3333333333333333 0.041666666666666664 0.10066468500385525 0.1004774845606968 7.5634900534721539e-17 0.0061362776404216158
16 3 1.3333333333333333 0.0625 0.077544614037029197 0.077269865838372698 5.0094340527226939e-17 0.0065218861897237551
16 4 1.3333333333333333 0.083333333333333329 0.048725582752717919 0.04850543435619907 5.6624758828428824e-17 0.0046265810820113251
16 5 1.3333333333333333 0.10416666666666666 0.01561189162365456 0.015580568417138549 7.0889693890519063e-17 0.00098845731703506084
16 6 1.3333333333333333 0.125 0.019393957842577841 -0.019166436693215279 5.8214166385867316e-17 -0.0029619765840832634
16 7 1.3333333333333333 0.14583333333333331 0.052919779967417993 -0.052533559689911268 7.1267642720658326e-17 -0.0063818663497808093
16 8 1.3333333333333333 0.16666666666666666 0.083370815197579426 -0.082890940657444984 5.5496056482627535e-17 -0.0089322328469915047
16 9 1.3333333333333333 0.1875 0.11126561579729005 -0.11088806221427412 1.2923410272914431e-17 -0.0091583250168048736
16 10 1.3333333333333333 0.20833333333333331 0.13748249423544573 -0.13736384108032768 4.0527818449105075e-17 -0.0057106378678616742
16 11 1.3333333333333333 0.22916666666666666 0.16151162061579655 -0.16151064227192882 1.2317076577594519e-17 0.00056216265443072202
16 12 1.3333333333333333 0.25 0.18297330776161799 -0.1828088276998999 -2.4370371767986011e-17 0.0077565371278742338
16 13 1.3333333333333333 0.27083333333333331 0.20280655646250281 -0.20227736295000598 1.1553711154560659e-17 0.014641303977784877
16 14 1.3333333333333333 0.29166666666666663 0.22108989465550979 -0.22010543002219402 -8.0658649411494909e-18 0.020840853953940457
16 15 1.3333333333333333 0.3125 0.23544303036355574 -0.23400691614362085 -6.4226292515305704e-18 0.025965048502297097
16 16 1.3333333333333333 0.33333333333333331 0.2437926517755532 -0.24194459083805106 -5.3155481319990403e-18 0.029961175276751118
16 17 1.3333333333333333 0.35416666666666663 0.24612523752304288 -0.24381575420161031 -1.0778031296566428e-17 0.033637933183746901
16 18 1.3333333333333333 0.375 0.24250719705338283 -0.2395870540923104 -4.1682035771266161e-17 0.037520449544969248
16 19 1.3333333333333333 0.39583333333333331 0.23296900222982075 -0.22945030445219836 3.1646263004522754e-17 0.040337498518769201
16 20 1.3333333333333333 0.41666666666666663 0.21903612587326901 -0.21540580194487055 -1.5002987483315911e-17 0.039713535804027165
16 21 1.3333333333333333 0.4375 0.20272713352328806 -0.1998258797684912 9.1697365230282522e-17 0.034174675438364652
16 22 1.3333333333333333 0.45833333333333331 0.18719465878215777 -0.18560789907669703 3.2043595276480838e-17 0.024321761385704032
16 23 1.3333333333333333 0.47916666666666663 0.17644083324506235 -0.17599674853677458 5.3370875054769326e-17 0.012510481233559093
16 24 1.3333333333333333 0.5 0.17258190589319436 -0.17258190589319436 1.8955039435391198e-17 2.6003381130743037e-16
16 25 1.3333333333333333 0.52083333333333326 0.17644083324506224 -0.17599674853677447 -1.2893436389326619e-17 -0.012510481233558895
16 26 1.3333333333333333 0.54166666666666663 0.18719465878215771 -0.18560789907669692 1.2135649917053224e-16 -0.024321761385704379
16 27 1.3333333333333333 0.5625 0.20272713352328761 -0.1998258797684907 -2.0272475899150718e-18 -0.034174675438364922
16 28 1.3333333333333333 0.58333333333333326 0.21903612587326929 -0.21540580194487083 6.7146580097878647e-17 -0.039713535804027228
16 29 1.3333333333333333 0.60416666666666663 0.23296900222982067 -0.2294503044521983 6.356891717349904e-18 -0.04033749851876909
16 30 1.3333333333333333 0.625 0.24250719705338297 -0.23958705409231057 -4.3545079674351906e-17 -0.037520449544969081
16 31 1.3333333333333333 0.64583333333333326 0.24612523752304244 -0.24381575420160986 -2.8095008876423159e-17 -0.033637933183746943
16 32 1.3333333333333333 0.66666666666666663 0.24379265177555326 -0.24194459083805112 2.4017766210919848e-17 -0.029961175276751056
16 33 1.3333333333333333 0.6875 0.23544303036355574 -0.23400691614362079 2.1021827518841734e-17 -0.025965048502297496
16 34 1.3333333333333333 0.70833333333333326 0.22108989465550985 -0.22010543002219407 3.4375351756611461e-17 -0.02084085395394026
16 35 1.3333333333333333 0.72916666666666663 0.20280655646250323 -0.20227736295000637 -8.6830919540681074e-18 -0.014641303977784742
16 36 1.3333333333333333 0.75 0.18297330776161813 -0.18280882769990003 3.5131607505361306e-18 -0.0077565371278744029
16 37 1.3333333333333333 0.77083333333333326 0.1615116206157966 -0.16151064227192888 5.5993079420052572e-17 -0.00056216265443076506
16 38 1.3333333333333333 0.79166666666666663 0.13748249423544581 -0.13736384108032773 8.8399596165889206e-18 0.0057106378678616464
16 39 1.3333333333333333 0.8125 0.11126561579729012 -0.11088806221427419 3.2546712171602419e-17 0.0091583250168048476
16 40 1.3333333333333333 0.83333333333333326 0.083370815197579537 -0.082890940657445109 4.4460919266312107e-17 0.0089322328469914596
16 41 1.3333333333333333 0.85416666666666663 0.052919779967418097 -0.052533559689911379 1.3837885864472002e-17 0.006381866349780759
16 42 1.3333333333333333 0.875 0.0193939578425779 -0.019166436693215348 3.3668576119948315e-17 0.0029619765840831966
16 43 1.3333333333333333 0.89583333333333326 0.015611891623654608 0.015580568417138597 2.8461387283356271e-17 -0.000988457317035068
16 44 1.3333333333333333 0.91666666666666663 0.048725582752718107 0.048505434356199251 5.2066384736469427e-17 -0.0046265810820113615
16 45 1.3333333333333333 0.9375 0.077544614037029308 0.077269865838372795 1.075478362395083e-16 -0.0065218861897239242
16 46 1.3333333333333333 0.95833333333333326 0.1006646850038551 0.10047748456069665 4.5447431952963651e-17 -0.0061362776404214848
16 47 1.3333333333333333 0.97916666666666663 0.11574626714807558 0.11568386948655454 2.1810611631526202e-17 -0.0038000920161878312
16 48 1.3333333333333333 1 0.12095410374387758 0.12095410374387758 5.892981348540152e-17 0
17 0 1.3541666666666667 0 0.13674685719820717 0.13674685719820717 9.659439092816947e-17 0
17 1 1.3541666666666667 0.020833333333333332 0.13144198062949838 0.13140618911746008 7.6992552001675621e-17 0.003067202867719328
17 2 1.3541666666666667 0.041666666666666664 0.11551049678023272 0.11541971265286551 6.2503564454717197e-17 0.004578733181362574
17 3 1.3541666666666667 0.0625 0.090629156891127688 0.090519039651509703 5.9025477578025279e-17 0.0044662668264502841
17 4 1.3541666666666667 0.083333333333333329 0.059084698057382354 0.05903064233306738 4.1061765752891583e-17 0.0025268182122018456
17 5 1.3541666666666667 0.10416666666666666 0.022514890425422551 0.022502002599940001 5.1281106335348324e-17 -0.00076168882168340377
17 6 1.3541666666666667 0.125 0.01636838113845223 -0.015833255595196705 4.4676369351903934e-17 -0.0041511345859669545
17 7 1.3541666666666667 0.14583333333333331 0.052896602652602605 -0.052491894805814253 5.9254718853496297e-17 -0.006530815560299906
17 8 1.3541666666666667 0.16666666666666666 0.086425915139215811 -0.086104711672124107 -2.888017805370607e-18 -0.0074442887847870898
17 9 1.3541666666666667 0.1875 0.11750126500943922 -0.1173450504901922 4.3805617722560838e-17 -0.0060569302681070074
17 10 1.3541666666666667 0.20833333333333331 0.146887683415827 -0.14688043133417222 2.6881131914365378e-17 -0.0014595993819319488
17 11 1.3541666666666667 0.22916666666666666 0.17388634829485297 -0.17379724979596337 1.2028625215051047e-17 0.0055657961405744995
17 12 1.3541666666666667 0.25 0.19811369717874697 -0.19769088038264973 7.7961063746050131e-17 0.01293649192652814
17 13 1.3541666666666667 0.27083333333333331 0.2200832912556345 -0.21922761708180002 5.2820048512352976e-17 0.019388321189522936
17 14 1.3541666666666667 0.29166666666666663 0.23904030875698568 -0.23769141519890183 -2.8503330712378697e-18 0.025358634651303766
17 15 1.3541666666666667 0.3125 0.25223203110552839 -0.25028686625949836 -4.9052721162088265e-18 0.031264710035761208
17 16 1.3541666666666667 0.33333333333333331 0.25797174718918109 -0.2553351844520223 -3.7696205913468179e-17 0.03678812211421658
17 17 1.3541666666666667 0.35416666666666663 0.25657822774858979 -0.2531495547717022 -4.7369469492863218e-18 0.041805380915573072
17 18 1.3541666666666667 0.375 0.24846802392017509 -0.24415643581030144 -4.3588456885348102e-17 0.046086806823719587
17 19 1.3541666666666667 0.39583333333333331 0.23420100091147977 -0.22916777275194333 -7.5523719778340736e-17 0.048293278619830765
17 20 1.3541666666666667 0.41666666666666663 0.215621337562768 -0.21048556807660637 -4.6894864565231455e-17 0.046780197133246958
17 21 1.3541666666666667 0.4375 0.19416723675679792 -0.18996528262759946 6.3258694125735906e-19 0.040175953330153467
17 22 1.3541666666666667 0.45833333333333331 0.17285703322818155 -0.17044600042024788 6.3397355400902514e-17 0.028770034361980189
17 23 1.3541666666666667 0.47916666666666663 0.15716641501009382 -0.15646329821761421 2.1495106120051191e-17 0.014849859190947421
17 24 1.3541666666666667 0.5 0.15136314008641449 -0.15136314008641449 -1.0583976906524954e-17 -8.1420348885895625e-17
17 25 1.3541666666666667 0.52083333333333326 0.15716641501009365 -0.15646329821761407 6.5227242132265616e-17 -0.014849859190947216
17 26 1.3541666666666667 0.54166666666666663 0.17285703322818152 -0.17044600042024782 3.3189226999449082e-17 -0.028770034361980341
17 27 1.3541666666666667 0.5625 0.19416723675679801 -0.18996528262759957 -2.9508233385050501e-17 -0.040175953330153384
17 28 1.3541666666666667 0.58333333333333326 0.21562133756276738 -0.21048556807660579 2.8199925192862064e-18 -0.046780197133246812
17 29 1.3541666666666667 0.60416666666666663 0.23420100091147969 -0.22916777275194322 7.7771135341096242e-17 -0.048293278619830939
17 30 1.3541666666666667 0.625 0.24846802392017497 -0.24415643581030133 5.0071238671189589e-17 -0.046086806823719517
17 31 1.3541666666666667 0.64583333333333326 0.25657822774858985 -0.2531495547717022 -2.3978563428995513e-17 -0.041805380915573447
17 32 1.3541666666666667 0.66666666666666663 0.25797174718918103 -0.25533518445202225 -3.9949302068882717e-17 -0.036788122114216455
17 33 1.3541666666666667 0.6875 0.25223203110552855 -0.25028686625949853 8.5737725206910627e-17 -0.031264710035761117
17 34 1.3541666666666667 0.70833333333333326 0.23904030875698587 -0.237691415198902 -1.097144984599999e-17 -0.025358634651304009
17 35 1.3541666666666667 0.72916666666666663 0.2200832912556345 -0.21922761708180002 6.046053244883727e-17 -0.019388321189522873
17 36 1.3541666666666667 0.75 0.19811369717874705 -0.19769088038264981 3.2820824390269138e-17 -0.012936491926528189
17 37 1.3541666666666667 0.77083333333333326 0.17388634829485305 -0.17379724979596342 1.0054608207910055e-17 -0.0055657961405745802
17 38 1.3541666666666667 0.79166666666666663 0.14688768341582722 -0.14688043133417245 1.1454835980403944e-17 0.0014595993819318455
17 39 1.3541666666666667 0.8125 0.11750126500943907 -0.11734505049019203 5.729408375919762e-17 0.0060569302681070542
17 40 1.3541666666666667 0.83333333333333326 0.086425915139215978 -0.086104711672124273 2.6144002166086736e-17 0.0074442887847870993
17 41 1.3541666666666667 0.85416666666666663 0.052896602652602737 -0.052491894805814385 2.139156984021593e-17 0.0065308155602998878
17 42 1.3541666666666667 0.875 0.01636838113845231 -0.015833255595196754 7.5098278835069298e-17 0.0041511345859670742
17 43 1.3541666666666667 0.89583333333333326 0.022514890425422492 0.022502002599939938 4.6591546630971815e-17 0.00076168882168354754
17 44 1.3541666666666667 0.91666666666666663 0.05908469805738234 0.059030642333067367 6.3988723030437926e-17 -0.0025268182122018443
17 45 1.3541666666666667 0.9375 0.09062915689112773 0.090519039651509745 2.140117522596008e-17 -0.0044662668264502485
17 46 1.3541666666666667 0.95833333333333326 0.11551049678023265 0.11541971265286542 2.0279752816480815e-17 -0.0045787331813627449
17 47 1.3541666666666667 0.97916666666666663 0.13144198062949844 0.1314061891174601 7.3160886826642127e-17 -0.0030672028677196099
17 48 1.3541666666666667 1 0.13674685719820714 0.13674685719820714 4.1301646050038515e-17 0
18 0 1.375 0 0.14865554124112373 0.14865554124112373 6.4124214636260132e-17 0
18 1 1.375 0.020833333333333332 0.14346766806929906 0.14342966539002933 4.9111391577875238e-17 0.0033019490224404885
18 2 1.375 0.041666666666666664 0.12762191340406182 0.12751960595218856 6.0084172541765509e-17 0.0051090976416988199
18 3 1.375 0.0625 0.10236710763343673 0.10222590911766304 7.7483035978237171e-17 0.0053747772328644489
18 4 1.375 0.083333333333333329 0.069589021078188762 0.069470554456358663 3.2239227479011966e-17 0.0040588074783987202
18 5 1.375 0.10416666666666666 0.030986571952251789 0.030953241229841475 6.3343578952988499e-17 0.0014368363578776226
18 6 1.375 0.125 0.0095912341405613791 -0.0094879953725517628 6.9268292684185193e-17 -0.0014034657635676403
18 7 1.375 0.14583333333333331 0.048334211210886456 -0.048239997710623407 4.4446070687005255e-17 -0.0030163876172717308
18 8 1.375 0.16666666666666666 0.084081501324666186 -0.084030504668716574 6.4613410663981222e-17 -0.0029279942162926146
18 9 1.375 0.1875 0.11778354727919392 -0.11777993704103253 3.4397896403904308e-17 -0.00092219319045621598
18 10 1.375 0.20833333333333331 0.15017910535617543 -0.15013096374201551 6.3981727445254734e-18 0.003802290293344722
18 11 1.375 0.22916666666666666 0.18022101866492604 -0.1798980295215169 -7.207171006013237e-18 0.010784922016364256
18 12 1.375 0.25 0.20702919498901498 -0.20624115244288005 1.7254944624559414e-17 0.018046457182292072
18 13 1.375 0.27083333333333331 0.23045373714295261 -0.22916045360795953 2.5511378127489157e-17 0.024380555066432007
18 14 1.375 0.29166666666666663 0.24924744860725906 -0.24738387044890792 -3.0132085315717237e-18 0.030422216864426373
18 15 1.375 0.3125 0.26072095617466173 -0.25809937229301927 -3.1911833225823228e-17 0.036879954047955708
18 16 1.375 0.33333333333333331 0.26348038282964703 -0.25989463516540245 -8.3240102042624465e-19 0.043320788869776125
18 17 1.375 0.35416666666666663 0.25804043556576062 -0.25341420422517752 8.5766280144369068e-17 0.048642650872330981
18 18 1.375 0.375 0.24527437671178143 -0.23973546375333885 1.0463007447519387e-16 0.051830756219878038
18 19 1.375 0.39583333333333331 0.22684307212586 -0.22072703268366115 6.4521560670796483e-17 0.052319751663822925
18 20 1.375 0.41666666666666663 0.20432093356327199 -0.19826598721085159 1.1768763159683328e-16 0.049372484315390125
18 21 1.375 0.4375 0.17792560953077344 -0.17292177541316073 6.3396823439319197e-17 0.041899667240416799
18 22 1.375 0.45833333333333331 0.15088052993288992 -0.14785189304879509 4.4273246268527141e-17 0.030079096308189592
18 23 1.375 0.47916666666666663 0.1300412970672532 -0.12910359156055767 1.1999187893604748e-16 0.015588508238388154
18 24 1.375 0.5 0.12197429707702664 -0.12197429707702664 1.2062748297724999e-16 -1.7005898427714169e-16
18 25 1.375 0.52083333333333326 0.13004129706725329 -0.12910359156055776 1.9746213027395911e-16 -0.015588508238388341
18 26 1.375 0.54166666666666663 0.1508805299328897 -0.14785189304879492 8.3457585000109561e-17 -0.030079096308189345
18 27 1.375 0.5625 0.17792560953077324 -0.17292177541316056 4.7437162441213352e-17 -0.04189966724041666
18 28 1.375 0.58333333333333326 0.20432093356327224 -0.19826598721085181 1.1945001073380571e-16 -0.049372484315390264
18 29 1.375 0.60416666666666663 0.22684307212585997 -0.22072703268366117 -1.6072222389729694e-17 -0.052319751663822751
18 30 1.375 0.625 0.24527437671178134 -0.23973546375333871 9.5799580322452393e-17 -0.051830756219878302
18 31 1.375 0.64583333333333326 0.25804043556576017 -0.25341420422517708 3.4421620711568047e-17 -0.048642650872330891
18 32 1.375 0.66666666666666663 0.26348038282964709 -0.25989463516540245 2.6165475685004911e-17 -0.043320788869776208
18 33 1.375 0.6875 0.26072095617466212 -0.25809937229301966 -5.2556484411646161e-22 -0.036879954047955653
18 34 1.375 0.70833333333333326 0.24924744860725886 -0.24738387044890769 5.6914422569421006e-17 -0.030422216864426567
18 35 1.375 0.72916666666666663 0.23045373714295264 -0.22916045360795956 2.8399160688907163e-17 -0.024380555066432098
18 36 1.375 0.75 0.20702919498901512 -0.20624115244288019 1.4565459624419924e-17 -0.018046457182292135
18 37 1.375 0.77083333333333326 0.18022101866492618 -0.17989802952151704 6.0794212171391267e-17 -0.01078492201636419
18 38 1.375 0.79166666666666663 0.15017910535617535 -0.15013096374201543 -3.3914173488229025e-17 -0.0038022902933447173
18 39 1.375 0.8125 0.11778354727919395 -0.11777993704103255 5.127897665316364e-17 0.00092219319045614096
18 40 1.375 0.83333333333333326 0.084081501324666311 -0.084030504668716699 1.5394786755652889e-17 0.002927994216292638
18 41 1.375 0.85416666666666663 0.048334211210886359 -0.048239997710623317 6.7528819438842933e-18 0.0030163876172715895
18 42 1.375 0.875 0.0095912341405613791 -0.0094879953725517715 9.9033180490946313e-17 0.0014034657635675842
18 43 1.375 0.89583333333333326 0.030986571952251643 0.030953241229841326 3.7926290864046237e-17 -0.0014368363578776654
18 44 1.375 0.91666666666666663 0.069589021078188984 0.069470554456358885 4.5673705422329415e-17 -0.0040588074783987757
18 45 1.375 0.9375 0.10236710763343669 0.10222590911766299 7.8895979314245835e-17 -0.0053747772328644472
18 46 1.375 0.95833333333333326 0.12762191340406173 0.12751960595218845 3.7245431637898029e-17 -0.0051090976416988182
18 47 1.375 0.97916666666666663 0.14346766806929917 0.14342966539002944 4.8725361211899894e-17 -0.0033019490224403818
18 48 1.375 1 0.14865554124112348 0.14865554124112348 3.7763515635042197e-17 0
19 0 1.3958333333333333 0 0.16236990845664584 0.16236990845664584 5.5696233982672069e-17 0
19 1 1.3958333333333333 0.020833333333333332 0.15712778157327129 0.15711121477438422 6.7788839656121085e-17 0.002281651650661558
19 2 1.3958333333333333 0.041666666666666664 0.14106356484853791 0.14102091924783036 4.7845309839338237e-17 0.0034683803532148927
19 3 1.3958333333333333 0.0625 0.11488793514396538 0.11484192234026055 9.292480949798705e-17 0.003251232818110416
19 4 1.3958333333333333 0.083333333333333329 0.080203391714315966 0.080180567310780479 6.8854819356161442e-17 0.0019132872762362555
19 5 1.3958333333333333 0.10416666666666666 0.039338246930892731 0.039336548060198054 6.6813262705220746e-17 -0.00036559308475398757
19 6 1.3958333333333333 0.125 0.0045527394012244938 -0.0036453082911420617 9.9407362452658723e-17 -0.002727483000495677
19 7 1.3958333333333333 0.14583333333333331 0.045124537828829851 -0.044967167938621905 1.9637665467048274e-17 -0.0037653315717570334
19 8 1.3958333333333333 0.16666666666666666 0.083229830346062184 -0.08317262981089095 4.7958227009168895e-17 -0.003085175809380889
19 9 1.3958333333333333 0.1875 0.1197306942751727 -0.11972900091142911 3.2657063712128842e-17 -0.00063678282473482147
19 10 1.3958333333333333 0.20833333333333331 0.15511124201325482 -0.15505618343626487 7.9555066019195982e-17 0.0041324783210430951
19 11 1.3958333333333333 0.22916666666666666 0.18739601884989626 -0.18708165122871429 1.2248531303578828e-17 0.010850053194726017
19 12 1.3958333333333333 0.25 0.21535039264282271 -0.21458859988201387 4.9387963047456326e-17 0.018097635538790013
19 13 1.3958333333333333 0.27083333333333331 0.23931519365583837 -0.23801020464475234 3.0833839880199095e-17 0.024958052798536308
19 14 1.3958333333333333 0.29166666666666663 0.25812890668454408 -0.25616366699042786 3.0006542588345901e-17 0.031791636953375488
19 15 1.3958333333333333 0.3125 0.26850353198551091 -0.26564686681418659 4.0961863439467605e-17 0.039062627158194099
19 16 1.3958333333333333 0.33333333333333331 0.26863755163757669 -0.26466084757975483 2.1522054092394059e-17 0.046051817642710581
19 17 1.3958333333333333 0.35416666666666663 0.25942908727133263 -0.25433712764991689 1.5645917471963767e-17 0.051147598391582276
19 18 1.3958333333333333 0.375 0.24246977889576904 -0.23661846387013999 -9.344722584296275e-17 0.052946163538998531
19 19 1.3958333333333333 0.39583333333333331 0.21977857890109972 -0.21374353700907525 -2.0552257677052869e-17 0.051150015939753116
19 20 1.3958333333333333 0.41666666666666663 0.19260972707823748 -0.18703583344135366 -1.1326974332043493e-16 0.046001130138849183
19 21 1.3958333333333333 0.4375 0.16142376269074296 -0.1569495224874127 1.5513521065678537e-16 0.037742264799696827
19 22 1.3958333333333333 0.45833333333333331 0.13026304807734845 -0.1274792614376544 -5.067592723569005e-17 0.026786182962709609
19 23 1.3958333333333333 0.47916666666666663 0.10615736649677995 -0.10524140934763825 1.0715709517667721e-16 0.013915179483373572
19 24 1.3958333333333333 0.5 0.096631310686298558 -0.096631310686298558 -3.8313785884694806e-17 1.2605940510537171e-16
19 25 1.3958333333333333 0.52083333333333326 0.1061573664967799 -0.10524140934763815 4.5950745685426031e-17 -0.013915179483373868
19 26 1.3958333333333333 0.54166666666666663 0.13026304807734829 -0.1274792614376542 3.9137084697177919e-17 -0.026786182962709716
19 27 1.3958333333333333 0.5625 0.16142376269074257 -0.15694952248741231 1.6436636657243068e-16 -0.037742264799696786
19 28 1.3958333333333333 0.58333333333333326 0.1926097270782372 -0.18703583344135338 6.0843952355515574e-17 -0.046001130138849107
19 29 1.3958333333333333 0.60416666666666663 0.21977857890109961 -0.21374353700907509 7.7313291119717555e-17 -0.051150015939753289
19 30 1.3958333333333333 0.625 0.24246977889576951 -0.23661846387014049 -1.8598427462776269e-17 -0.052946163538998482
19 31 1.3958333333333333 0.64583333333333326 0.25942908727133229 -0.25433712764991662 1.0662441390306115e-16 -0.051147598391582019
19 32 1.3958333333333333 0.66666666666666663 0.26863755163757674 -0.26466084757975489 -2.9541904064108997e-17 -0.046051817642710526
19 33 1.3958333333333333 0.6875 0.26850353198551125 -0.26564686681418698 -4.6043867506740581e-17 -0.039062627158194023
19 34 1.3958333333333333 0.70833333333333326 0.25812890668454397 -0.25616366699042781 -1.4763047216338386e-17 -0.031791636953375453
19 35 1.3958333333333333 0.72916666666666663 0.23931519365583834 -0.23801020464475231 -3.2786879170551745e-17 -0.024958052798536485
19 36 1.3958333333333333 0.75 0.21535039264282269 -0.21458859988201381 -1.3386146217901685e-17 -0.01809763553878993
19 37 1.3958333333333333 0.77083333333333326 0.18739601884989643 -0.18708165122871445 -4.6824226850500334e-17 -0.010850053194726069
19 38 1.3958333333333333 0.79166666666666663 0.15511124201325496 -0.15505618343626501 4.7554071660267921e-18 -0.0041324783210428687
19 39 1.3958333333333333 0.8125 0.11973069427517263 -0.11972900091142906 2.2759655884598996e-17 0.00063678282473479913
19 40 1.3958333333333333 0.83333333333333326 0.083229830346062267 -0.083172629810891019 1.6083564088154065e-17 0.0030851758093809515
19 41 1.3958333333333333 0.85416666666666663 0.045124537828829872 -0.044967167938621933 4.7226709733662365e-17 0.0037653315717569675
19 42 1.3958333333333333 0.875 0.004552739401224532 -0.0036453082911421159 1.1392222688596342e-16 0.0027274830004956696
19 43 1.3958333333333333 0.89583333333333326 0.039338246930892586 0.039336548060197908 7.7747084056882424e-17 0.00036559308475408471
19 44 1.3958333333333333 0.91666666666666663 0.080203391714316064 0.080180567310780576 8.8596496066924898e-17 -0.0019132872762363188
19 45 1.3958333333333333 0.9375 0.11488793514396527 0.11484192234026044 4.6164356256338361e-17 -0.0032512328181103943
19 46 1.3958333333333333 0.95833333333333326 0.14106356484853785 0.14102091924783033 3.4071847920801264e-17 -0.0034683803532147947
19 47 1.3958333333333333 0.97916666666666663 0.1571277815732714 0.15711121477438433 4.2950202243530406e-17 -0.0022816516506615112
19 48 1.3958333333333333 1 0.16236990845664565 0.16236990845664565 3.6221580663180256e-17 0
20 0 1.4166666666666667 0 0.16979398861807621 0.16979398861807621 1.1248412411237987e-16 0
20 1 1.4166666666666667 0.020833333333333332 0.16476477804262585 0.16475480486129246 2.4818736418963962e-17 0.0018128316395083438
20 2 1.4166666666666667 0.041666666666666664 0.14913120893353399 0.14910220633841884 7.5439302620810401e-17 0.002941010539414304
20 3 1.4166666666666667 0.0625 0.12299679223756779 0.12296804757435126 8.1162268560876928e-17 0.0026589803465807906
20 4 1.4166666666666667 0.083333333333333329 0.087938414678029472 0.08792449444279371 4.5152673785946749e-17 0.0015646255348187692
20 5 1.4166666666666667 0.10416666666666666 0.046517290809185832 0.046517282778005362 7.1679819820157952e-17 2.7334546835016809e-05
20 6 1.4166666666666667 0.125 0.0028889771322881787 0.0024357450107954388 4.7070998761296382e-17 -0.0015534912659133802
20 7 1.4166666666666667 0.14583333333333331 0.040283185926439855 -0.04022834344734097 3.0762296991940111e-17 -0.0021012976626125293
20 8 1.4166666666666667 0.16666666666666666 0.079649730460146756 -0.079641818129350408 1.3547409735565134e-17 -0.001122660868429586
20 9 1.4166666666666667 0.1875 0.1175948934201642 -0.11758553553968788 9.8306430281682782e-17 0.0014835060985977202
20 10 1.4166666666666667 0.20833333333333331 0.15447231235884351 -0.15436091145385855 3.7880530351904578e-17 0.0058655179329838644
20 11 1.4166666666666667 0.22916666666666666 0.1875640369650361 -0.18719034200295237 9.402053456491332e-17 0.011834011299604199
20 12 1.4166666666666667 0.25 0.2156573045882853 -0.21484061964662829 6.0367168475863612e-17 0.018750497917048796
20 13 1.4166666666666667 0.27083333333333331 0.2397480661031573 -0.23835966302670075 8.283665486540076e-17 0.025764437544831872
20 14 1.4166666666666667 0.29166666666666663 0.25865444497799928 -0.25659297195005404 -1.0576200605562149e-17 0.032590928994363631
20 15 1.4166666666666667 0.3125 0.26851767373125035 -0.26560102107146932 3.7269201015910871e-17 0.03946946556307962
20 16 1.4166666666666667 0.33333333333333331 0.26726302204350999 -0.26327455496961882 4.8113931320309553e-17 0.046000344100657106
20 17 1.4166666666666667 0.35416666666666663 0.25561414096805307 -0.25056116093106878 -3.8153427328031238e-17 0.050573646256827844
20 18 1.4166666666666667 0.375 0.23509827906924133 -0.22947768717013733 6.1559241860997334e-17 0.051099823016948515
20 19 1.4166666666666667 0.39583333333333331 0.20766279120359482 -0.20229043682449027 4.3493144991087264e-17 0.046929884080665854
20 20 1.4166666666666667 0.41666666666666663 0.17561802975983951 -0.17113255782504913 -6.6004142713205825e-17 0.039437799494699166
20 21 1.4166666666666667 0.4375 0.14079221768566713 -0.13748929776856025 5.36887796173989e-17 0.030317347508587403
20 22 1.4166666666666667 0.45833333333333331 0.10762931606344839 -0.10564151608216293 -5.0061021828655372e-17 0.020589797379959317
20 23 1.4166666666666667 0.47916666666666663 0.083132368105924698 -0.08245915190010436 -7.4044484634331286e-19 0.010558356634177573
20 24 1.4166666666666667 0.5 0.073816484457283588 -0.073816484457283588 -2.6063846187196715e-17 5.9106701024206848e-17
20 25 1.4166666666666667 0.52083333333333326 0.083132368105924295 -0.082459151900103944 -2.2855180766802683e-17 -0.010558356634177687
20 26 1.4166666666666667 0.54166666666666663 0.10762931606344835 -0.10564151608216292 -2.3947436527091269e-17 -0.020589797379959154
20 27 1.4166666666666667 0.5625 0.14079221768566677 -0.13748929776855989 -3.4300700422110214e-18 -0.030317347508587354
20 28 1.4166666666666667 0.58333333333333326 0.17561802975983923 -0.17113255782504885 2.624432726780644e-17 -0.039437799494699062
20 29 1.4166666666666667 0.60416666666666663 0.20766279120359477 -0.20229043682449005 -2.7021469870725404e-17 -0.046929884080666485
20 30 1.4166666666666667 0.625 0.2350982790692408 -0.22947768717013678 1.0944408372113194e-16 -0.051099823016948626
20 31 1.4166666666666667 0.64583333333333326 0.25561414096805268 -0.25056116093106851 -1.8505996752405247e-17 -0.050573646256827386
20 32 1.4166666666666667 0.66666666666666663 0.2672630220435101 -0.26327455496961893 1.02619143316777e-16 -0.046000344100657321
20 33 1.4166666666666667 0.6875 0.26851767373125068 -0.26560102107146966 2.7503312334146449e-17 -0.039469465563079391
20 34 1.4166666666666667 0.70833333333333326 0.25865444497799944 -0.2565929719500542 -1.0410593311978111e-17 -0.032590928994363381
20 35 1.4166666666666667 0.72916666666666663 0.23974806610315741 -0.23835966302670086 3.8221250917681088e-17 -0.025764437544831962
20 36 1.4166666666666667 0.75 0.215657304588285 -0.21484061964662801 2.1988881851277087e-17 -0.018750497917048452
20 37 1.4166666666666667 0.77083333333333326 0.18756403696503632 -0.18719034200295256 6.8793606548005441e-18 -0.011834011299604343
20 38 1.4166666666666667 0.79166666666666663 0.1544723123588434 -0.15436091145385844 6.2339778279307352e-17 -0.0058655179329837421
20 39 1.4166666666666667 0.8125 0.1175948934201643 -0.11758553553968798 7.6043515000708552e-17 -0.0014835060985976898
20 40 1.4166666666666667 0.83333333333333326 0.079649730460146936 -0.079641818129350589 9.5440463887761067e-17 0.0011226608684296734
20 41 1.4166666666666667 0.85416666666666663 0.04028318592643975 -0.040228343447340859 3.4433160421632069e-17 0.0021012976626126681
20 42 1.4166666666666667 0.875 0.002888977132288105 0.0024357450107954058 5.1676579237397829e-17 0.001553491265913295
20 43 1.4166666666666667 0.89583333333333326 0.046517290809185582 0.046517282778005112 5.3431070015680612e-17 -2.7334546834973495e-05
20 44 1.4166666666666667 0.91666666666666663 0.087938414678029667 0.087924494442793905 6.3477556052417208e-17 -0.0015646255348188691
20 45 1.4166666666666667 0.9375 0.12299679223756771 0.12296804757435117 3.7038195376238844e-17 -0.002658980346580886
20 46 1.4166666666666667 0.95833333333333326 0.14913120893353374 0.14910220633841856 6.8733160515354788e-17 -0.0029410105394141574
20 47 1.4166666666666667 0.97916666666666663 0.1647647780426261 0.16475480486129271 2.4223564384020065e-17 -0.0018128316395082914
20 48 1.4166666666666667 1 0.16979398861807582 0.16979398861807582 4.630803735422313e-17 0
21 0 1.4375 0 0.17822555913017243 0.17822555913017243 5.4195423845660345e-17 0
21 1 1.4375 0.020833333333333332 0.17328311532549287 0.17327999180948697 1.0779820358873887e-16 0.0010404303975714709
21 2 1.4375 0.041666666666666664 0.15775496333891134 0.15774535147959617 7.2099749358803415e-17 0.0017414202938773494
21 3 1.4375 0.0625 0.13128662416750692 0.13127995456767519 6.1646435476926533e-17 0.0013233344283843144
21 4 1.4375 0.083333333333333329 0.095593782231525079 0.095593365161524474 8.0610506873651183e-17 0.0002823799278980509
21 5 1.4375 0.10416666666666666 0.053368984383941144 0.053361280432041247 4.5263256195557708e-17 -0.00090677716469150923
21 6 1.4375 0.125 0.0083155072177277783 0.0080090606825817135 4.7498677320742372e-17 -0.0022366509049931154
21 7 1.4375 0.14583333333333331 0.036323353697976866 -0.036216092655116626 3.9938653920485338e-17 -0.0027893828464980127
21 8 1.4375 0.16666666666666666 0.077170955195769414 -0.077151580688461424 2.6996409919765608e-17 -0.0017291394100179209
21 9 1.4375 0.1875 0.11644985483089604 -0.11644675527323579 2.4064397384853145e-17 0.00084963313959266862
21 10 1.4375 0.20833333333333331 0.15470838761882139 -0.15463937382876713 6.7891965148660562e-17 0.0046205261023280313
21 11 1.4375 0.22916666666666666 0.18898048605907197 -0.18873231049842207 -1.8558029325947338e-17 0.0096818947035332333
21 12 1.4375 0.25 0.2177138074548722 -0.21713046769617814 6.0616417034861544e-17 0.015926768490064504
21 13 1.4375 0.27083333333333331 0.24188076909350034 -0.24085572606697228 -2.503782491164605e-17 0.022244677521034942
21 14 1.4375 0.29166666666666663 0.26068002919029909 -0.25919238220322838 3.5961421701009732e-17 0.027809829673530396
21 15 1.4375 0.3125 0.27046872876207689 -0.26842927772506237 2.7877945342190311e-17 0.033152014994193874
21 16 1.4375 0.33333333333333331 0.26858519700302341 -0.26578469513278974 2.433802373893993e-18 0.038684672446886836
21 17 1.4375 0.35416666666666663 0.25465374149244879 -0.25102112674195809 2.1072427510686465e-17 0.042859327868047151
21 18 1.4375 0.375 0.22996853968046904 -0.22590678502290057 3.8158714841264913e-17 0.043030846184852631
21 19 1.4375 0.39583333333333331 0.19780008419628289 -0.19407349408754135 2.1358513921592833e-17 0.038214554828097429
21 20 1.4375 0.41666666666666663 0.16204819847716773 -0.15923313252997259 5.8457065368962427e-17 0.030073711682925473
21 21 1.4375 0.4375 0.12543029946512957 -0.12362705390454073 -2.0489840607638301e-17 0.021192252518216818
21 22 1.4375 0.45833333333333331 0.09268076530301117 -0.091740431350350371 -7.1296580499218958e-17 0.01316880832890701
21 23 1.4375 0.47916666666666663 0.069746707441725134 -0.069463132906726385 -5.200383310107123e-17 0.0062830220232037298
21 24 1.4375 0.5 0.061267980310717667 -0.061267980310717667 4.5307424010782475e-17 -4.1439198792717081e-17
21 25 1.4375 0.52083333333333326 0.069746707441725189 -0.069463132906726427 -3.524088685487171e-17 -0.0062830220232038426
21 26 1.4375 0.54166666666666663 0.092680765303011434 -0.091740431350350635 2.9019893203986007e-17 -0.013168808328907017
21 27 1.4375 0.5625 0.12543029946512915 -0.12362705390454035 5.4913400823810324e-18 -0.021192252518216517
21 28 1.4375 0.58333333333333326 0.16204819847716714 -0.15923313252997198 3.209954557570385e-17 -0.030073711682925584
21 29 1.4375 0.60416666666666663 0.19780008419628298 -0.19407349408754135 -2.4571478499185126e-17 -0.038214554828097769
21 30 1.4375 0.625 0.22996853968046924 -0.22590678502290082 -3.1583255509027096e-18 -0.043030846184852353
21 31 1.4375 0.64583333333333326 0.25465374149244852 -0.25102112674195776 -5.1345430756708015e-17 -0.042859327868047289
21 32 1.4375 0.66666666666666663 0.26858519700302336 -0.26578469513278968 -2.989844531332675e-17 -0.038684672446886711
21 33 1.4375 0.6875 0.27046872876207745 -0.26842927772506298 -3.5385704435107353e-17 -0.0331520149941937
21 34 1.4375 0.70833333333333326 0.26068002919029903 -0.25919238220322832 -1.8184257266909264e-17 -0.027809829673530566
21 35 1.4375 0.72916666666666663 0.24188076909350018 -0.24085572606697211 3.2069626985626306e-17 -0.022244677521035098
21 36 1.4375 0.75 0.21771380745487212 -0.21713046769617805 -1.7773977505262771e-17 -0.01592676849006457
21 37 1.4375 0.77083333333333326 0.18898048605907186 -0.18873231049842193 5.1813837110012206e-17 -0.0096818947035333721
21 38 1.4375 0.79166666666666663 0.15470838761882152 -0.15463937382876727 1.0044255848838299e-17 -0.0046205261023280807
21 39 1.4375 0.8125 0.11644985483089614 -0.11644675527323589 3.1824186582830921e-17 -0.0008496331395926118
21 40 1.4375 0.83333333333333326 0.077170955195769803 -0.077151580688461813 4.8076213806696001e-17 0.0017291394100178818
21 41 1.4375 0.85416666666666663 0.036323353697976776 -0.036216092655116536 6.6663840005967295e-17 0.0027893828464979529
21 42 1.4375 0.875 0.0083155072177276846 0.0080090606825816424 9.4367318580137288e-17 0.0022366509049930204
21 43 1.4375 0.89583333333333326 0.053368984383940908 0.053361280432041011 7.2189380067418428e-17 0.00090677716469151205
21 44 1.4375 0.91666666666666663 0.095593782231524926 0.095593365161524307 9.772259606824571e-17 -0.00028237992789804472
21 45 1.4375 0.9375 0.13128662416750703 0.1312799545676753 7.2397540735046185e-17 -0.0013233344283843386
21 46 1.4375 0.95833333333333326 0.15775496333891126 0.15774535147959609 6.9988422440352913e-17 -0.001741420293877461
21 47 1.4375 0.97916666666666663 0.17328311532549284 0.17327999180948694 3.1140827214013921e-17 -0.0010404303975714885
21 48 1.4375 1 0.1782255591301726 0.1782255591301726 5.3965498498594561e-17 0
22 0 1.4583333333333333 0 0.18164964318392546 0.18164964318392546 7.0250546941670673e-17 0
22 1 1.4583333333333333 0.020833333333333332 0.17680062675404237 0.17679990801125225 4.1732686967574121e-17 0.00050413077166764134
22 2 1.4583333333333333 0.041666666666666664 0.16168736713279336 0.16168519905423481 8.4137013611623473e-17 0.00083731542872001786
22 3 1.4583333333333333 0.0625 0.13549583139794635 0.1354947726499445 6.5086363453686418e-17 0.0005356405142994407
22 4 1.4583333333333333 0.083333333333333329 0.099530371679291935 0.099530267165451672 7.1506910921783873e-17 -0.00014423796938294411
22 5 1.4583333333333333 0.10416666666666666 0.056883546810681487 0.056876912542621942 7.4680886663373222e-17 -0.00086874471620087754
22 6 1.4583333333333333 0.125 0.011375004768232224 0.011236326014253499 4.7301766549450122e-17 -0.0017707939402188701
22 7 1.4583333333333333 0.14583333333333331 0.033634100169788315 -0.033567473954799441 4.8645476949894775e-17 -0.0021159835833994139
22 8 1.4583333333333333 0.16666666666666666 0.075151795733673504 -0.075145151995794399 4.663077236219336e-17 -0.00099926649335641297
22 9 1.4583333333333333 0.1875 0.11472401498347479 -0.11471676771230718 8.9143454246066219e-17 0.0012895036134516608
22 10 1.4583333333333333 0.20833333333333331 0.15351922920644218 -0.1534608554209754 4.4069662745217591e-17 0.0042331536237904125
22 11 1.4583333333333333 0.22916666666666666 0.1888497303908733 -0.18867395552910715 5.8488231803501111e-17 0.008146114024860587
22 12 1.4583333333333333 0.25 0.21816208203347373 -0.21777728959257431 6.758610334902367e-17 0.012951686179496052
22 13 1.4583333333333333 0.27083333333333331 0.2418079031696064 -0.24118116597449218 8.2129464564257124e-17 0.017398483108196607
22 14 1.4583333333333333 0.29166666666666663 0.25987515686570939 -0.25904070697861437 5.8999249395512226e-18 0.020808875125693509
22 15 1.4583333333333333 0.3125 0.26920066252714148 -0.26812644862063184 -5.4438544153897764e-17 0.024025075549091848
22 16 1.4583333333333333 0.33333333333333331 0.26580495425925749 -0.26435087606375235 -4.13963224339993e-17 0.027764870485788233
22 17 1.4583333333333333 0.35416666666666663 0.24793564707128754 -0.24600463978297907 2.4504742345472903e-17 0.030883689771540639
22 18 1.4583333333333333 0.375 0.21765322638278847 -0.21542429247753489 -1.8884496775211473e-17 0.031069296184350167
22 19 1.4583333333333333 0.39583333333333331 0.18075044084346464 -0.17868779501762172 2.43328916220688e-17 0.0272285470939456
22 20 1.4583333333333333 0.41666666666666663 0.14261165392555719 -0.14113635942804603 -1.991758603768408e-17 0.020460006910563162
22 21 1.4583333333333333 0.4375 0.10612050276648842 -0.10530736612264174 2.9145435354396448e-18 0.013111817102299785
22 22 1.4583333333333333 0.45833333333333331 0.074956963614535757 -0.074623834064315511 -3.5655887197478453e-17 0.0070590214514719331
22 23 1.4583333333333333 0.47916666666666663 0.053379804375261304 -0.053304820147060651 -8.7357933559260391e-17 0.0028283677679330904
22 24 1.4583333333333333 0.5 0.045303243301850031 -0.045303243301850031 -2.4315916170663148e-17 1.0488057192419811e-16
22 25 1.4583333333333333 0.52083333333333326 0.053379804375261082 -0.05330482014706045 1.7016928988417025e-18 -0.0028283677679326897
22 26 1.4583333333333333 0.54166666666666663 0.074956963614535674 -0.074623834064315414 -7.0721513177745882e-17 -0.0070590214514721413
22 27 1.4583333333333333 0.5625 0.10612050276648867 -0.10530736612264198 -3.0407800603933308e-17 -0.01311181710229997
22 28 1.4583333333333333 0.58333333333333326 0.14261165392555664 -0.14113635942804545 -2.5630190551674744e-17 -0.020460006910563381
22 29 1.4583333333333333 0.60416666666666663 0.18075044084346406 -0.17868779501762122 -1.2335005085299345e-17 -0.027228547093945062
22 30 1.4583333333333333 0.625 0.21765322638278886 -0.21542429247753533 -1.826712967572705e-17 -0.031069296184349754
22 31 1.4583333333333333 0.64583333333333326 0.24793564707128726 -0.24600463978297873 5.9584557131114593e-17 -0.030883689771541045
22 32 1.4583333333333333 0.66666666666666663 0.26580495425925743 -0.26435087606375229 5.4802643294049025e-17 -0.02776487048578832
22 33 1.4583333333333333 0.6875 0.26920066252714148 -0.2681264486206319 9.0747236547536492e-17 -0.024025075549091734
22 34 1.4583333333333333 0.70833333333333326 0.25987515686570933 -0.25904070697861431 3.8232973834115058e-18 -0.020808875125693686
22 35 1.4583333333333333 0.72916666666666663 0.24180790316960629 -0.24118116597449207 6.9625177110313833e-17 -0.017398483108196652
22 36 1.4583333333333333 0.75 0.2181620820334739 -0.21777728959257445 7.2447551713217274e-18 -0.012951686179496082
22 37 1.4583333333333333 0.77083333333333326 0.18884973039087391 -0.18867395552910773 4.8751674728890395e-17 -0.0081461140248608333
22 38 1.4583333333333333 0.79166666666666663 0.15351922920644187 -0.1534608554209751 3.2263776723948295e-17 -0.0042331536237905738
22 39 1.4583333333333333 0.8125 0.11472401498347494 -0.11471676771230734 9.6596931528250511e-17 -0.0012895036134516378
22 40 1.4583333333333333 0.83333333333333326 0.075151795733673629 -0.075145151995794524 4.8502997896732455e-17 0.00099926649335635247
22 41 1.4583333333333333 0.85416666666666663 0.033634100169788191 -0.03356747395479931 6.8215476244569719e-17 0.0021159835833995037
22 42 1.4583333333333333 0.875 0.011375004768232182 0.011236326014253468 4.9192205332033264e-17 0.0017707939402188072
22 43 1.4583333333333333 0.89583333333333326 0.056883546810681286 0.056876912542621741 5.0556914814118656e-17 0.00086874471620089185
22 44 1.4583333333333333 0.91666666666666663 0.099530371679292171 0.099530267165451908 9.4754913678814574e-17 0.00014423796938295354
22 45 1.4583333333333333 0.9375 0.13549583139794627 0.13549477264994442 3.4096844632733994e-17 -0.00053564051429940004
22 46 1.4583333333333333 0.95833333333333326 0.16168736713279325 0.1616851990542347 9.2829430034649681e-17 -0.00083731542872002415
22 47 1.4583333333333333 0.97916666666666663 0.17680062675404248 0.17679990801125237 2.3702611644194512e-17 -0.00050413077166759027
22 48 1.4583333333333333 1 0.18164964318392515 0.18164964318392515 5.0905536146382085e-17 0
23 0 1.4791666666666667 0 0.18520807088413718 0.18520807088413718 2.647749182812267e-17 0
23 1 1.4791666666666667 0.020833333333333332 0.180242914353548 0.18024285501550072 6.1484310507877356e-17 0.00014625498838896473
23 2 1.4791666666666667 0.041666666666666664 0.16520760490972716 0.16520758532401822 7.2572339797036245e-17 8.0445110129158336e-05
23 3 1.4791666666666667 0.0625 0.13930443479153962 0.13930403163605776 8.6673205053515252e-17 -0.00033514553634590613
23 4 1.4791666666666667 0.083333333333333329 0.10296469787582144 0.10296044867041942 6.4515093565804005e-17 -0.00093542409906649136
23 5 1.4791666666666667 0.10416666666666666 0.060005664214038384 0.059987616246567059 1.2276637391489353e-16 -0.0014716096026223928
23 6 1.4791666666666667 0.125 0.014410165783337698 0.014277222336615946 5.5309855377125372e-17 -0.0019528953515514512
23 7 1.4791666666666667 0.14583333333333331 0.031378530277265726 -0.031313261573305128 7.9733409277663716e-17 -0.0020228227809311545
23 8 1.4791666666666667 0.16666666666666666 0.073988825012047246 -0.073977868534356062 3.9572621347222685e-17 -0.0012732610796212713
23 9 1.4791666666666667 0.1875 0.11419499870074561 -0.11419499525406322 1.7045233754730566e-18 2.8056866710486506e-05
23 10 1.4791666666666667 0.20833333333333331 0.15387613600371913 -0.15386679842125761 3.2748955794379482e-19 0.0016951622421299071
23 11 1.4791666666666667 0.22916666666666666 0.19109370376900456 -0.19105041803515066 3.6694319259507315e-17 0.0040671106144588064
23 12 1.4791666666666667 0.25 0.22217874189124201 -0.22207275434701609 5.7437253212422063e-17 0.00686186017818611
23 13 1.4791666666666667 0.27083333333333331 0.24636900296092593 -0.24620207988817713 5.3435780749605641e-17 0.0090676060069003576
23 14 1.4791666666666667 0.29166666666666663 0.2644076143332616 -0.26420103588652527 4.0537795861697059e-17 0.010449839897997523
23 15 1.4791666666666667 0.3125 0.27376815896983736 -0.27351346139480481 2.4155795607612954e-17 0.011806409342673655
23 16 1.4791666666666667 0.33333333333333331 0.26925571502333545 -0.26890892626143575 -2.5839882597488827e-17 0.013661238950011945
23 17 1.4791666666666667 0.35416666666666663 0.24771162237483321 -0.24723779445812383 -1.2355877883725134e-17 0.015314073627042625
23 18 1.4791666666666667 0.375 0.21237223008936632 -0.21180597403609613 -6.4412236635151695e-18 0.015498176529879601
23 19 1.4791666666666667 0.39583333333333331 0.17182724542449757 -0.17129252380956483 -5.2005959257774807e-17 0.013545241124475376
23 20 1.4791666666666667 0.41666666666666663 0.13319931377607724 -0.13283062994540074 -3.7402704786367667e-17 0.0099035821158757493
23 21 1.4791666666666667 0.4375 0.098314616682881273 -0.098149335991726594 7.6849896439060155e-17 0.0056983943251622243
23 22 1.4791666666666667 0.45833333333333331 0.068687498320282453 -0.068647352397304268 3.3939393310700385e-17 0.0023480703437351478
23 23 1.4791666666666667 0.47916666666666663 0.04779491714778164 -0.047789861099527084 3.2977819999081082e-17 0.00069518432895134994
23 24 1.4791666666666667 0.5 0.039927219969654273 -0.039927219969654273 -1.8631943751385293e-16 3.9251956566636e-17
23 25 1.4791666666666667 0.52083333333333326 0.047794917147781196 -0.047789861099526647 1.5747442012637195e-17 -0.00069518432895124748
23 26 1.4791666666666667 0.54166666666666663 0.068687498320282175 -0.068647352397304004 -7.1545785237799969e-17 -0.0023480703437348295
23 27 1.4791666666666667 0.5625 0.098314616682881328 -0.098149335991726636 -7.1743016016429128e-17 -0.005698394325162311
23 28 1.4791666666666667 0.58333333333333326 0.13319931377607711 -0.13283062994540057 -1.067089697468614e-16 -0.0099035821158757874
23 29 1.4791666666666667 0.60416666666666663 0.1718272454244977 -0.171292523809565 -3.3373453631826e-17 -0.013545241124475306
23 30 1.4791666666666667 0.625 0.21237223008936704 -0.21180597403609686 -7.3140445024137711e-17 -0.015498176529879833
23 31 1.4791666666666667 0.64583333333333326 0.24771162237483282 -0.24723779445812344 -6.0150816848261944e-17 -0.015314073627042887
23 32 1.4791666666666667 0.66666666666666663 0.2692557150233359 -0.26890892626143625 -1.7128212760429087e-17 -0.013661238950011983
23 33 1.4791666666666667 0.6875 0.27376815896983792 -0.27351346139480537 -4.1191066557613743e-17 -0.011806409342673907
23 34 1.4791666666666667 0.70833333333333326 0.26440761433326143 -0.2642010358865251 -1.4447623424623398e-17 -0.010449839897997635
23 35 1.4791666666666667 0.72916666666666663 0.24636900296092606 -0.24620207988817727 -9.0765821776266015e-18 -0.0090676060069003108
23 36 1.4791666666666667 0.75 0.22217874189124237 -0.22207275434701645 9.5018852996978942e-17 -0.0068618601781862141
23 37 1.4791666666666667 0.77083333333333326 0.19109370376900478 -0.19105041803515088 7.2687742896644308e-17 -0.0040671106144587865
23 38 1.4791666666666667 0.79166666666666663 0.15387613600371891 -0.15386679842125739 4.0582893822390155e-17 -0.0016951622421300073
23 39 1.4791666666666667 0.8125 0.11419499870074554 -0.11419499525406315 1.0018799860769897e-16 -2.8056866710575248e-05
23 40 1.4791666666666667 0.83333333333333326 0.073988825012047371 -0.073977868534356186 6.9587227492758448e-17 0.0012732610796211991
23 41 1.4791666666666667 0.85416666666666663 0.031378530277265698 -0.0313132615733051 6.5048927020049827e-17 0.002022822780931187
23 42 1.4791666666666667 0.875 0.014410165783337829 0.014277222336616074 7.3614463880852808e-17 0.0019528953515514935
23 43 1.4791666666666667 0.89583333333333326 0.060005664214038315 0.05998761624656699 6.9742175352871488e-17 0.0014716096026224025
23 44 1.4791666666666667 0.91666666666666663 0.10296469787582163 0.10296044867041962 4.8059520461148751e-17 0.00093542409906643325
23 45 1.4791666666666667 0.9375 0.13930443479153953 0.13930403163605767 5.9361239966909544e-17 0.00033514553634585251
23 46 1.4791666666666667 0.95833333333333326 0.16520760490972697 0.16520758532401802 4.0756580779718434e-17 -8.0445110129139701e-05
23 47 1.4791666666666667 0.97916666666666663 0.180242914353548 0.18024285501550069 3.2399347376379679e-17 -0.00014625498838894416
23 48 1.4791666666666667 1 0.18520807088413696 0.18520807088413696 5.8784791586917886e-17 0
24 0 1.5 0 0.18486009111427573 0.18486009111427573 9.8568237425438705e-17 0
24 1 1.5 0.020833333333333332 0.17973203943326499 0.1797315983302529 9.2824602770112785e-17 -0.00039819655116226591
24 2 1.5 0.041666666666666664 0.16459951699605435 0.16459777313091958 7.7674252420218046e-17 -0.00075767781854380251
24 3 1.5 0.0625 0.13881112185091399 0.13880752557481002 8.9505649700114865e-17 -0.00099919633093515292
24 4 1.5 0.083333333333333329 0.10230873492660118 0.10230151006778859 8.1193329815998624e-17 -0.0012158454390648957
24 5 1.5 0.10416666666666666 0.059400168049535088 0.059382514321607481 7.4708660725759482e-17 -0.0014480874134840762
24 6 1.5 0.125 0.014066360704279567 0.013969210141008171 5.9276964171791554e-17 -0.0016503549615930597
24 7 1.5 0.14583333333333331 0.031816115512817572 -0.031767679087204549 9.3336219098476637e-17 -0.0017549278439120233
24 8 1.5 0.16666666666666666 0.074736594785618449 -0.074717340970848964 4.2874783725630949e-17 -0.0016963367577298464
24 9 1.5 0.1875 0.11495736648280452 -0.11494756353638749 8.8387987049231355e-17 -0.001501248050787011
24 10 1.5 0.20833333333333331 0.15469651497219225 -0.15469142424088478 1.2301465442879255e-18 -0.0012549943698296087
24 11 1.5 0.22916666666666666 0.19248932672455407 -0.19248651348134069 6.8394997254478679e-17 -0.0010406875947054559
24 12 1.5 0.25 0.22414198415158451 -0.22414014073150909 1.9750248609232371e-17 -0.00090905020129041555
24 13 1.5 0.27083333333333331 0.24836538412967904 -0.24836384042062482 2.8197117660489014e-17 -0.0008756742553246179
24 14 1.5 0.29166666666666663 0.26615173094019096 -0.26615013637448959 8.5698479545532149e-17 -0.00092129816042905684
24 15 1.5 0.3125 0.27529208650252179 -0.2752902545788064 -4.6099274415837549e-17 -0.0010043031653305958
24 16 1.5 0.33333333333333331 0.27006188040059453 -0.27005983636237496 7.5120230325134738e-17 -0.0010507280486830918
24 17 1.5 0.35416666666666663 0.24669146943488032 -0.24668936438727759 -7.7554352345504183e-17 -0.0010191124282781432
24 18 1.5 0.375 0.20899844709352905 -0.20899622303908805 3.1487078191345979e-17 -0.00096417991185674084
24 19 1.5 0.39583333333333331 0.16687880523168391 -0.166875931612498 -1.4406917256463068e-16 -0.00097932834901390113
24 20 1.5 0.41666666666666663 0.12832743514581013 -0.12832304643616149 4.5012802411457911e-17 -0.0010613031823412816
24 21 1.5 0.4375 0.094322590617498758 -0.094316400618859098 -1.9516727467078968e-16 -0.0010805901624293232
24 22 1.5 0.45833333333333331 0.065278721598526143 -0.065272017983114314 -1.1998342695755255e-17 -0.00093550090854246503
24 23 1.5 0.47916666666666663 0.044559491659048732 -0.044555798687310549 -1.4400533517689123e-16 -0.0005736725971221794
24 24 1.5 0.5 0.036692950414188914 -0.036692950414188914 5.152227609441024e-17 -9.2795763834728565e-17
24 25 1.5 0.52083333333333326 0.044559491659049065 -0.044555798687310889 -6.1473473231314742e-17 0.00057367259712195248
24 26 1.5 0.54166666666666663 0.065278721598526393 -0.065272017983114577 1.2786742313973448e-17 0.00093550090854276698
24 27 1.5 0.5625 0.094322590617498189 -0.094316400618858529 -6.2282587854098806e-17 0.001080590162429313
24 28 1.5 0.58333333333333326 0.12832743514580908 -0.12832304643616044 -5.379109104532572e-17 0.0010613031823411511
24 29 1.5 0.60416666666666663 0.16687880523168386 -0.16687593161249795 -7.2093598656608603e-17 0.00097932834901418605
24 30 1.5 0.625 0.20899844709352886 -0.20899622303908783 -1.5331894844359868e-17 0.00096417991185626087
24 31 1.5 0.64583333333333326 0.24669146943488038 -0.24668936438727765 -3.6005344372459293e-17 0.0010191124282785398
24 32 1.5 0.66666666666666663 0.27006188040059426 -0.27005983636237468 -5.5768370104731199e-18 0.0010507280486831861
24 33 1.5 0.6875 0.27529208650252185 -0.27529025457880646 2.8139551052924224e-17 0.0010043031653302237
24 34 1.5 0.70833333333333326 0.26615173094019068 -0.26615013637448925 7.947104508504963e-17 0.00092129816042888998
24 35 1.5 0.72916666666666663 0.24836538412967893 -0.2483638404206247 1.435813533178475e-17 0.0008756742553245986
24 36 1.5 0.75 0.22414198415158479 -0.22414014073150934 1.1234238171179038e-16 0.00090905020129034638
24 37 1.5 0.77083333333333326 0.19248932672455421 -0.19248651348134083 8.9901341986518452e-17 0.0010406875947054437
24 38 1.5 0.79166666666666663 0.15469651497219231 -0.15469142424088483 6.4287157374013391e-17 0.0012549943698298798
24 39 1.5 0.8125 0.11495736648280458 -0.11494756353638753 7.7939851368524063e-17 0.0015012480507868955
24 40 1.5 0.83333333333333326 0.074736594785618754 -0.074717340970849269 3.5815021340127006e-17 0.0016963367577298072
24 41 1.5 0.85416666666666663 0.031816115512817496 -0.031767679087204473 8.7599887765983095e-17 0.0017549278439121037
24 42 1.5 0.875 0.014066360704279619 0.01396921014100822 7.169944134939486e-17 0.0016503549615930933
24 43 1.5 0.89583333333333326 0.059400168049534907 0.059382514321607301 7.9079361624805934e-17 0.0014480874134841031
24 44 1.5 0.91666666666666663 0.10230873492660146 0.10230151006778887 7.1524666381874592e-17 0.0012158454390649124
24 45 1.5 0.9375 0.13881112185091396 0.13880752557480999 8.5958049714569764e-17 0.00099919633093500178
24 46 1.5 0.95833333333333326 0.16459951699605427 0.1645977731309195 7.0104977930678006e-17 0.00075767781854385477
24 47 1.5 0.97916666666666663 0.17973203943326505 0.17973159833025293 5.6733496148625801e-17 0.00039819655116209396
24 48 1.5 1 0.18486009111427529 0.18486009111427529 4.4399119647536605e-17 0
25 0 1.5208333333333333 0 0.18430133080528374 0.18430133080528374 2.9323179558006395e-17 0
25 1 1.5208333333333333 0.020833333333333332 0.17925518020952649 0.17925239119571343 6.1909611667098457e-17 -0.00099994128264542992
25 2 1.5208333333333333 0.041666666666666664 0.16413489623368016 0.16412606340766231 8.5495019797782341e-17 -0.0017027835872367445
25 3 1.5208333333333333 0.0625 0.13809243293304696 0.13807922764674721 6.6102227720618102e-17 -0.0019096926050644236
25 4 1.5208333333333333 0.083333333333333329 0.10138428719831144 0.10136803066958398 9.3312527190130896e-17 -0.0018155023767477553
25 5 1.5208333333333333 0.10416666666666666 0.057996327557920523 0.057972070731213084 6.9333325450178861e-17 -0.0016772076021886392
25 6 1.5208333333333333 0.125 0.011976292015603818 0.011884908438577785 9.4827931018275149e-17 -0.001476659016035295
25 7 1.5208333333333333 0.14583333333333331 0.034174895103239442 -0.034141272381342555 9.4403556028399349e-17 -0.0015155776127916563
25 8 1.5208333333333333 0.16666666666666666 0.077209552567374176 -0.077180347766104399 7.1077403934596496e-17 -0.002123423263812361
25 9 1.5208333333333333 0.1875 0.1177619119963066 -0.11772242922446527 1.1961591971501989e-16 -0.0030491924367981177
25 10 1.5208333333333333 0.20833333333333331 0.15780807272237696 -0.15775209825195102 4.1396402759390943e-17 -0.0042027744952360981
25 11 1.5208333333333333 0.22916666666666666 0.1954745179642419 -0.19538004052960894 1.004744572922493e-16 -0.0060767537387231381
25 12 1.5208333333333333 0.25 0.22693482416633748 -0.22677372374219998 3.7089660764691491e-17 -0.0085494233432952225
25 13 1.5208333333333333 0.27083333333333331 0.25146343750307737 -0.25123556512696354 6.0010469698291126e-17 -0.010702860187788705
25 14 1.5208333333333333 0.29166666666666663 0.26994697201299667 -0.26967082883750643 4.4017168736487198e-17 -0.012207037850270004
25 15 1.5208333333333333 0.3125 0.27983854623076432 -0.2795050730296505 2.0201709484672057e-17 -0.013657456104171736
25 16 1.5208333333333333 0.33333333333333331 0.27574750582003515 -0.27531251646548188 -2.3812450026214309e-17 -0.015482417234207116
25 17 1.5208333333333333 0.35416666666666663 0.25457071773475254 -0.25400157970417153 -5.613450482319665e-17 -0.017013166541606721
25 18 1.5208333333333333 0.375 0.2196676136730166 -0.21900046541352389 -9.0842215120217443e-17 -0.017107210335340899
25 19 1.5208333333333333 0.39583333333333331 0.17977019965554672 -0.17912462614945152 -3.1365630456743484e-17 -0.015221464811717357
25 20 1.5208333333333333 0.41666666666666663 0.14186597388759117 -0.14137742329311817 -1.075228889786089e-16 -0.011763448902136908
25 21 1.5208333333333333 0.4375 0.10768489843201134 -0.10741013942989544 -1.1114163530867441e-16 -0.0076876067773410514
25 22 1.5208333333333333 0.45833333333333331 0.078634529762187613 -0.078526599416046228 -8.7264856116521469e-17 -0.0041185501177209028
25 23 1.5208333333333333 0.47916666666666663 0.058042531833190282 -0.058016921523175051 -1.4559660617843393e-16 -0.0017240413512021081
25 24 1.5208333333333333 0.5 0.050250245126778448 -0.050250245126778448 -7.3484499625806828e-17 -1.1514522288860063e-16
25 25 1.5208333333333333 0.52083333333333326 0.05804253183319024 -0.058016921523175002 -6.3449272829678404e-17 0.0017240413512023523
25 26 1.5208333333333333 0.54166666666666663 0.078634529762187266 -0.078526599416045867 -2.7467484390266784e-18 0.0041185501177209149
25 27 1.5208333333333333 0.5625 0.107684898432011 -0.10741013942989511 -6.1813707079630073e-17 0.0076876067773407981
25 28 1.5208333333333333 0.58333333333333326 0.14186597388759092 -0.14137742329311792 6.5499730208916097e-18 0.011763448902136771
25 29 1.5208333333333333 0.60416666666666663 0.17977019965554678 -0.1791246261494516 -9.3200999840770419e-17 0.015221464811717449
25 30 1.5208333333333333 0.625 0.21966761367301652 -0.21900046541352378 -4.5801882174015088e-17 0.017107210335340985
25 31 1.5208333333333333 0.64583333333333326 0.25457071773475193 -0.25400157970417092 -7.552461437181087e-17 0.017013166541606537
25 32 1.5208333333333333 0.66666666666666663 0.27574750582003499 -0.27531251646548177 5.4483637619823292e-17 0.015482417234206946
25 33 1.5208333333333333 0.6875 0.27983854623076482 -0.279505073029651 -1.9339754648293257e-17 0.013657456104171446
25 34 1.5208333333333333 0.70833333333333326 0.26994697201299683 -0.26967082883750659 6.3207655430742101e-17 0.012207037850270133
25 35 1.5208333333333333 0.72916666666666663 0.25146343750307737 -0.25123556512696354 4.1701819753192278e-17 0.010702860187788755
25 36 1.5208333333333333 0.75 0.2269348241663377 -0.2267737237422002 5.776591542263002e-17 0.0085494233432952139
25 37 1.5208333333333333 0.77083333333333326 0.19547451796424217 -0.19538004052960922 8.58343889846507e-17 0.0060767537387231554
25 38 1.5208333333333333 0.79166666666666663 0.15780807272237682 -0.15775209825195088 1.0461966308050893e-16 0.0042027744952361076
25 39 1.5208333333333333 0.8125 0.11776191199630663 -0.1177224292244653 1.1980618162409248e-16 0.0030491924367982504
25 40 1.5208333333333333 0.83333333333333326 0.077209552567374343 -0.077180347766104579 1.0117210372332298e-16 0.0021234232638122907
25 41 1.5208333333333333 0.85416666666666663 0.03417489510323922 -0.034141272381342333 1.1797977989020692e-16 0.001515577612791588
25 42 1.5208333333333333 0.875 0.011976292015603613 0.011884908438577563 7.725826837936073e-17 0.0014766590160354123
25 43 1.5208333333333333 0.89583333333333326 0.057996327557920425 0.057972070731212987 6.9851635258713755e-17 0.0016772076021885306
25 44 1.5208333333333333 0.91666666666666663 0.10138428719831148 0.10136803066958404 6.9170088376716388e-17 0.0018155023767476635
25 45 1.5208333333333333 0.9375 0.13809243293304696 0.13807922764674721 3.4191619300759596e-17 0.0019096926050644063
25 46 1.5208333333333333 0.95833333333333326 0.16413489623368002 0.16412606340766217 6.7676994705968536e-17 0.0017027835872368341
25 47 1.5208333333333333 0.97916666666666663 0.17925518020952655 0.17925239119571348 2.5858976195448495e-17 0.00099994128264541083
25 48 1.5208333333333333 1 0.18430133080528371 0.18430133080528371 5.9080646594710606e-17 0
26 0 1.5416666666666667 0 0.17905469285080663 0.17905469285080663 1.0262377557244701e-16 0
26 1 1.5416666666666667 0.020833333333333332 0.17413161594434487 0.17412475611331465 8.5233858599761122e-17 -0.001545632513733846
26 2 1.5416666666666667 0.041666666666666664 0.1589019134589367 0.15887803480231208 5.7931516208832416e-17 -0.0027546611890972516
26 3 1.5416666666666667 0.0625 0.13256639277440713 0.1325268241466292 8.092425045493218e-17 -0.0032387304344141236
26 4 1.5416666666666667 0.083333333333333329 0.096286471617486533 0.096233840354072703 9.0802580561963242e-17 -0.003183172513686266
26 5 1.5416666666666667 0.10416666666666666 0.053157998028732931 0.053077048607556063 1.206185737762551e-16 -0.0029325186331726786
26 6 1.5416666666666667 0.125 0.0071917050279446349 0.0067828929463366796 9.9104942259566334e-17 -0.0023901850320634712
26 7 1.5416666666666667 0.14583333333333331 0.038919561142911924 -0.03885767267301745 9.4963940798455105e-17 -0.0021939721952414803
26 8 1.5416666666666667 0.16666666666666666 0.081346023246845992 -0.081283682388897285 9.6227225962097799e-17 -0.0031840972625342598
26 9 1.5416666666666667 0.1875 0.12168328025799961 -0.12157711533210595 7.1982594839913389e-17 -0.0050819014030857304
26 10 1.5416666666666667 0.20833333333333331 0.16119957301449644 -0.16102410501320824 6.8292334415407016e-17 -0.007519304805050764
26 11 1.5416666666666667 0.22916666666666666 0.19734631614352849 -0.1970404504731027 7.7785402975303565e-17 -0.01098314038780591
26 12 1.5416666666666667 0.25 0.22744615387093792 -0.22691996432617767 -6.3833410289808975e-18 -0.015462299340286331
26 13 1.5416666666666667 0.27083333333333331 0.25175701477612911 -0.25097927409088622 2.4814806414928912e-17 -0.019773681139330448
26 14 1.5416666666666667 0.29166666666666663 0.27047653986954823 -0.26948175608975483 -5.8513943387633643e-17 -0.023176318831626415
26 15 1.5416666666666667 0.3125 0.2805503409482919 -0.27931390565296571 2.9371506572124636e-17 -0.026310376566841237
26 16 1.5416666666666667 0.33333333333333331 0.27795243407924414 -0.27635163995106049 -2.315521178741461e-17 -0.029788029591364229
26 17 1.5416666666666667 0.35416666666666663 0.26090000188733564 -0.25886331997727885 -8.4190493982624508e-17 -0.032536019350139965
26 18 1.5416666666666667 0.375 0.23155926090126838 -0.22926803619940966 -1.4899396539411282e-16 -0.032493982310696556
26 19 1.5416666666666667 0.39583333333333331 0.19584967499939068 -0.19373644028279463 -8.0153415808870468e-17 -0.028692976560791138
26 20 1.5416666666666667 0.41666666666666663 0.15914614704015453 -0.1576033524461499 -5.6130697524454919e-17 -0.02210609453207743
26 21 1.5416666666666667 0.4375 0.12408288847748072 -0.12318794604283187 -1.1119665922877911e-16 -0.014875925606941632
26 22 1.5416666666666667 0.45833333333333331 0.094038521110545753 -0.093644185397860222 -6.7268245321248593e-17 -0.0086029061269864114
26 23 1.5416666666666667 0.47916666666666663 0.073202705292453457 -0.073108367041542319 -6.273261075830244e-17 -0.003715202639550534
26 24 1.5416666666666667 0.5 0.065415011211742577 -0.065415011211742577 -3.4796069195542467e-18 1.3825505430676822e-16
26 25 1.5416666666666667 0.52083333333333326 0.073202705292453679 -0.073108367041542541 -1.0644806058405924e-16 0.0037152026395502417
26 26 1.5416666666666667 0.54166666666666663 0.0940385211105456 -0.093644185397860083 -2.9395423018899853e-17 0.0086029061269862327
26 27 1.5416666666666667 0.5625 0.12408288847748038 -0.12318794604283147 -1.7181992568889829e-16 0.014875925606942139
26 28 1.5416666666666667 0.58333333333333326 0.1591461470401542 -0.15760335244614956 -6.1102206221711787e-17 0.022106094532077514
26 29 1.5416666666666667 0.60416666666666663 0.19584967499939018 -0.19373644028279413 -1.4833598895218808e-16 0.028692976560790937
26 30 1.5416666666666667 0.625 0.23155926090126855 -0.22926803619940983 -1.1859623318127005e-16 0.032493982310696584
26 31 1.5416666666666667 0.64583333333333326 0.26090000188733575 -0.25886331997727902 -7.7569356050463157e-17 0.032536019350139667
26 32 1.5416666666666667 0.66666666666666663 0.27795243407924475 -0.2763516399510611 -4.5759401663625534e-17 0.029788029591364115
26 33 1.5416666666666667 0.6875 0.28055034094829173 -0.2793139056529656 -2.7855530781681129e-18 0.026310376566841116
26 34 1.5416666666666667 0.70833333333333326 0.27047653986954795 -0.26948175608975455 3.8312362832506355e-18 0.023176318831626502
26 35 1.5416666666666667 0.72916666666666663 0.25175701477612905 -0.25097927409088616 -1.4667573606138305e-17 0.019773681139330604
26 36 1.5416666666666667 0.75 0.22744615387093808 -0.22691996432617781 8.515178685713585e-17 0.015462299340286506
26 37 1.5416666666666667 0.77083333333333326 0.19734631614352866 -0.19704045047310287 6.9508464922591285e-17 0.010983140387806192
26 38 1.5416666666666667 0.79166666666666663 0.16119957301449636 -0.16102410501320813 1.1803929328844687e-16 0.0075193048050508438
26 39 1.5416666666666667 0.8125 0.12168328025799971 -0.12157711533210605 7.5103466133140519e-17 0.0050819014030857737
26 40 1.5416666666666667 0.83333333333333326 0.08134602324684595 -0.081283682388897244 1.1407732391338999e-16 0.0031840972625343219
26 41 1.5416666666666667 0.85416666666666663 0.038919561142911875 -0.038857672673017402 7.9746605503039771e-17 0.0021939721952414014
26 42 1.5416666666666667 0.875 0.0071917050279446566 0.0067828929463366874 1.0398683918049385e-16 0.0023901850320635137
26 43 1.5416666666666667 0.89583333333333326 0.053157998028732646 0.053077048607555778 1.1279023471397916e-16 0.0029325186331727302
26 44 1.5416666666666667 0.91666666666666663 0.096286471617486574 0.096233840354072744 7.5685208841111022e-17 0.0031831725136863285
26 45 1.5416666666666667 0.9375 0.13256639277440713 0.1325268241466292 9.7713287571863147e-17 0.0032387304344142403
26 46 1.5416666666666667 0.95833333333333326 0.15890191345893662 0.158878034802312 3.6609564701683962e-17 0.0027546611890970972
26 47 1.5416666666666667 0.97916666666666663 0.1741316159443452 0.17412475611331499 7.2219300299807039e-17 0.0015456325137338505
26 48 1.5416666666666667 1 0.17905469285080641 0.17905469285080641 5.7874441171876583e-17 0
27 0 1.5625 0 0.17460179928197014 0.17460179928197014 7.5762739530316282e-17 0
27 1 1.5625 0.020833333333333332 0.1696117169080131 0.16959695051445345 2.8949902684777287e-17 -0.0022380546646593707
27 2 1.5625 0.041666666666666664 0.15384159224046332 0.15379076992819452 7.8713428624389123e-17 -0.0039540596826710857
27 3 1.5625 0.0625 0.12697202537337274 0.12689458692609512 5.8057902555689521e-17 -0.0044338511783884533
27 4 1.5625 0.083333333333333329 0.090735954369613833 0.0906414911358744 1.1843487582070174e-16 -0.0041392632230681046
27 5 1.5625 0.10416666666666666 0.047723209120024028 0.047585995423319385 1.0283364829311483e-16 -0.0036163141851021387
27 6 1.5625 0.125 0.0030630442909112413 0.0011860457575520278 1.2624468204107028e-16 -0.0028240991110576813
27 7 1.5625 0.14583333333333331 0.04422176729679702 -0.044151652026013816 1.511746781071495e-16 -0.0024892420986830934
27 8 1.5625 0.16666666666666666 0.086276833929435262 -0.086210433251289909 8.369393193004996e-17 -0.0033842682388130004
27 9 1.5625 0.1875 0.12667900260984516 -0.12656150345058451 1.4357984701811444e-16 -0.0054548644852870313
27 10 1.5625 0.20833333333333331 0.16598472209683146 -0.16576249985230204 7.08712047133604e-17 -0.0085861290625016042
27 11 1.5625 0.22916666666666666 0.20122298141459941 -0.20079539180238126 1.2557580288683131e-16 -0.013111021329721794
27 12 1.5625 0.25 0.23087253260429164 -0.23009303530385927 6.3504718804546438e-17 -0.018955775261821114
27 13 1.5625 0.27083333333333331 0.25588348092620583 -0.25465982192714065 7.6868498699048045e-17 -0.024994617559565887
27 14 1.5625 0.29166666666666663 0.27549608650548951 -0.27381546706940557 -4.8286490066460474e-18 -0.030383937753415496
27 15 1.5625 0.3125 0.28611784313172356 -0.28390548889560507 4.1860589110247541e-17 -0.035511878763267779
27 16 1.5625 0.33333333333333331 0.28522196830297547 -0.28231071527517615 -1.0197241944264779e-17 -0.04064764745273669
27 17 1.5625 0.35416666666666663 0.27251862017528433 -0.26889171381549887 7.4046708669020017e-17 -0.044313029501544393
27 18 1.5625 0.375 0.24932538467507637 -0.24539015970362521 -6.7270264836962772e-17 -0.044122748826474066
27 19 1.5625 0.39583333333333331 0.21878425821077729 -0.21523738817353288 6.7362917584155203e-18 -0.039235422427648228
27 20 1.5625 0.41666666666666663 0.18484945213157231 -0.18219827731221691 -1.0190771121833084e-16 -0.031194674189722691
27 21 1.5625 0.4375 0.15016815445242646 -0.14849757984872594 -7.4892822914814204e-17 -0.022337040778023166
27 22 1.5625 0.45833333333333331 0.11912930881762086 -0.11828710939614839 -6.9176925568864913e-17 -0.014140437407226947
27 23 1.5625 0.47916666666666663 0.097466627818811061 -0.097223651858808116 -8.5825849494810113e-17 -0.0068778672281391397
27 24 1.5625 0.5 0.089515420872378057 -0.089515420872378057 -8.1165368720051861e-17 1.0042765152108161e-16
27 25 1.5625 0.52083333333333326 0.097466627818810714 -0.097223651858807783 -3.3105700553947102e-17 0.0068778672281390816
27 26 1.5625 0.54166666666666663 0.11912930881762178 -0.1182871093961493 -1.4334908502709209e-16 0.014140437407227121
27 27 1.5625 0.5625 0.15016815445242587 -0.14849757984872533 -1.3925036649710721e-16 0.02233704077802327
27 28 1.5625 0.58333333333333326 0.18484945213157206 -0.18219827731221669 -1.1107713613156971e-16 0.031194674189722459
27 29 1.5625 0.60416666666666663 0.21878425821077729 -0.21523738817353288 -6.4403927905494502e-17 0.039235422427648201
27 30 1.5625 0.625 0.24932538467507651 -0.24539015970362538 -2.3275473883845464e-17 0.044122748826473934
27 31 1.5625 0.64583333333333326 0.27251862017528439 -0.26889171381549892 3.1849654767151917e-17 0.044313029501544449
27 32 1.5625 0.66666666666666663 0.28522196830297541 -0.28231071527517609 1.4325144511091374e-17 0.04064764745273667
27 33 1.5625 0.6875 0.28611784313172361 -0.28390548889560513 1.5842401274320336e-17 0.035511878763267855
27 34 1.5625 0.70833333333333326 0.2754960865054894 -0.27381546706940552 4.6289331789983461e-17 0.030383937753415465
27 35 1.5625 0.72916666666666663 0.25588348092620583 -0.25465982192714065 1.0551010936845438e-16 0.02499461755956571
27 36 1.5625 0.75 0.23087253260429166 -0.23009303530385933 6.06981099725098e-17 0.018955775261821
27 37 1.5625 0.77083333333333326 0.2012229814145996 -0.20079539180238143 1.4371144124067269e-16 0.013111021329722085
27 38 1.5625 0.79166666666666663 0.16598472209683124 -0.16576249985230182 9.0156876503921349e-17 0.0085861290625015314
27 39 1.5625 0.8125 0.12667900260984513 -0.12656150345058445 1.2906469387187944e-16 0.0054548644852871475
27 40 1.5625 0.83333333333333326 0.086276833929435512 -0.086210433251290158 1.1804046038947027e-16 0.0033842682388130841
27 41 1.5625 0.85416666666666663 0.044221767296796929 -0.044151652026013725 8.5949102298560101e-17 0.0024892420986830535
27 42 1.5625 0.875 0.0030630442909111862 0.0011860457575519486 1.1976951913828509e-16 0.0028240991110576549
27 43 1.5625 0.89583333333333326 0.047723209120023972 0.04758599542331933 6.6259609418476602e-17 0.0036163141851021084
27 44 1.5625 0.91666666666666663 0.090735954369613833 0.0906414911358744 9.2285972956181377e-17 0.004139263223068187
27 45 1.5625 0.9375 0.1269720253733726 0.12689458692609501 6.0571752855582081e-17 0.0044338511783884168
27 46 1.5625 0.95833333333333326 0.15384159224046326 0.15379076992819446 5.0141249152398302e-17 0.0039540596826709764
27 47 1.5625 0.97916666666666663 0.16961171690801297 0.16959695051445331 9.6364337366943556e-17 0.0022380546646594856
27 48 1.5625 1 0.17460179928197 0.17460179928197 6.0714789379648738e-17 0
28 0 1.5833333333333333 0 0.16390822668471905 0.16390822668471905 3.7862552386876326e-17 0
28 1 1.5833333333333333 0.020833333333333332 0.15884782435066783 0.15881234713328191 7.0956692507891249e-17 -0.0033570372292521652
28 2 1.5833333333333333 0.041666666666666664 0.14300678839093581 0.14288359550728857 7.8555820984215753e-17 -0.0059346154719101532
28 3 1.5833333333333333 0.0625 0.11647313593672559 0.11627244137865093 3.7747332204273139e-17 -0.006834527839078593
28 4 1.5833333333333333 0.083333333333333329 0.080910179664386933 0.080633253471243518 1.0357942155809738e-16 -0.0066884682824669955
28 5 1.5833333333333333 0.10416666666666666 0.038827751328695807 0.038370774312608935 8.5793079579201425e-17 -0.0059395245511630959
28 6 1.5833333333333333 0.125 0.0083986140239049097 -0.0068141244029672893 1.2900556284368038e-16 -0.0049096258659309163
28 7 1.5833333333333333 0.14583333333333331 0.050785822588778493 -0.050578476429729985 1.6175460399654275e-16 -0.0045844844929536612
28 8 1.5833333333333333 0.16666666666666666 0.091199860114172124 -0.091037873181529616 1.282993381185756e-16 -0.0054332431777247905
28 9 1.5833333333333333 0.1875 0.13025985518002317 -0.13004116187003273 1.5616238861858085e-16 -0.0075449381052834089
28 10 1.5833333333333333 0.20833333333333331 0.16823338243868594 -0.16786406533874712 1.2620813523260752e-16 -0.011141208853172015
28 11 1.5833333333333333 0.22916666666666666 0.20227728649490068 -0.20161869842283037 1.4817740799817027e-16 -0.016309539479209909
28 12 1.5833333333333333 0.25 0.23121097720837289 -0.23009922743189778 5.254213377670986e-17 -0.022646446010235317
28 13 1.5833333333333333 0.27083333333333331 0.25616526238665266 -0.25448528806983423 1.1742752375939168e-16 -0.029289585344215486
28 14 1.5833333333333333 0.29166666666666663 0.2760465601718754 -0.2737173847131032 1.2283346033485081e-17 -0.035784028400165924
28 15 1.5833333333333333 0.3125 0.28699321104136505 -0.28386506903681669 -1.2752037053754278e-17 -0.042257848555703879
28 16 1.5833333333333333 0.33333333333333331 0.28699591175800504 -0.28290356787136922 -2.5461526975710354e-17 -0.048293111842769
28 17 1.5833333333333333 0.35416666666666663 0.27693909035095798 -0.27195781131144775 -1.3157295698943879e-16 -0.052289660843258902
28 18 1.5833333333333333 0.375 0.25827297762672274 -0.2529302597987344 5.6212737417601364e-17 -0.052261024198903161
28 19 1.5833333333333333 0.39583333333333331 0.23276345971366491 -0.22782364945974501 -1.3895368990726799e-16 -0.047699192076157158
28 20 1.5833333333333333 0.41666666666666663 0.2026836442373125 -0.19869899804133498 -5.8190152494113939e-17 -0.039992096952860837
28 21 1.5833333333333333 0.4375 0.17000390395034631 -0.1671977776610297 -1.6657881561623352e-16 -0.030760859928998241
28 22 1.5833333333333333 0.45833333333333331 0.13908319956320478 -0.1374976367921521 -1.73330656832677e-17 -0.020941257777690188
28 23 1.5833333333333333 0.47916666666666663 0.11640823082030408 -0.11591119101364546 -6.5302237688035757e-17 -0.010745789897042909
28 24 1.5833333333333333 0.5 0.10785076831569597 -0.10785076831569597 -8.5140257944473623e-17 -1.0830723594553262e-17
28 25 1.5833333333333333 0.52083333333333326 0.1164082308203041 -0.11591119101364547 -1.9722167790746263e-16 0.010745789897043018
28 26 1.5833333333333333 0.54166666666666663 0.13908319956320486 -0.13749763679215216 -1.3576653324115737e-16 0.020941257777690268
28 27 1.5833333333333333 0.5625 0.17000390395034598 -0.16719777766102939 -1.1697668645824753e-16 0.030760859928998182
28 28 1.5833333333333333 0.58333333333333326 0.20268364423731172 -0.19869899804133415 -9.620168407809988e-17 0.039992096952860968
28 29 1.5833333333333333 0.60416666666666663 0.23276345971366474 -0.22782364945974484 -1.147387936254531e-16 0.047699192076157103
28 30 1.5833333333333333 0.625 0.25827297762672258 -0.25293025979873429 -2.0357401792287332e-17 0.0522610241989028
28 31 1.5833333333333333 0.64583333333333326 0.27693909035095782 -0.27195781131144769 -1.0898437900789664e-16 0.052289660843258368
28 32 1.5833333333333333 0.66666666666666663 0.28699591175800493 -0.28290356787136917 -3.4469441427674517e-17 0.048293111842768945
28 33 1.5833333333333333 0.6875 0.28699321104136516 -0.2838650690368168 -1.845624793342299e-17 0.042257848555703803
28 34 1.5833333333333333 0.70833333333333326 0.27604656017187579 -0.27371738471310358 5.9925187798901169e-18 0.035784028400165924
28 35 1.5833333333333333 0.72916666666666663 0.25616526238665244 -0.254485288069834 9.0387634441838491e-17 0.029289585344215659
28 36 1.5833333333333333 0.75 0.23121097720837297 -0.23009922743189787 7.3661652744791855e-17 0.022646446010235303
28 37 1.5833333333333333 0.77083333333333326 0.20227728649490073 -0.20161869842283039 1.3313566775563479e-16 0.016309539479210124
28 38 1.5833333333333333 0.79166666666666663 0.16823338243868566 -0.16786406533874684 1.0373712349839902e-16 0.011141208853171899
28 39 1.5833333333333333 0.8125 0.13025985518002328 -0.13004116187003281 1.1510711894833727e-16 0.0075449381052836075
28 40 1.5833333333333333 0.83333333333333326 0.091199860114171999 -0.091037873181529505 1.216832888440578e-16 0.0054332431777246396
28 41 1.5833333333333333 0.85416666666666663 0.050785822588778638 -0.050578476429730138 1.0350881401901405e-16 0.0045844844929535554
28 42 1.5833333333333333 0.875 0.0083986140239050416 -0.0068141244029673378 9.1544432032567677e-17 0.0049096258659310759
28 43 1.5833333333333333 0.89583333333333326 0.038827751328695578 0.03837077431260872 5.9765077642561384e-17 0.0059395245511629727
28 44 1.5833333333333333 0.91666666666666663 0.080910179664387114 0.080633253471243699 1.0254239848460529e-16 0.0066884682824671377
28 45 1.5833333333333333 0.9375 0.11647313593672547 0.11627244137865081 4.4209618049775564e-17 0.0068345278390786737
28 46 1.5833333333333333 0.95833333333333326 0.14300678839093567 0.14288359550728846 7.7477788602325234e-17 0.0059346154719099875
28 47 1.5833333333333333 0.97916666666666663 0.15884782435066797 0.15881234713328204 4.4365116464644656e-17 0.0033570372292522333
28 48 1.5833333333333333 1 0.16390822668471866 0.16390822668471866 6.1047198351294464e-17 0
29 0 1.6041666666666667 0 0.15492472270506233 0.15492472270506233 1.0286780488384796e-16 0
29 1 1.6041666666666667 0.020833333333333332 0.14958970805605667 0.14953635511077149 6.1235387771828614e-17 -0.0039949038137997864
29 2 1.6041666666666667 0.041666666666666664 0.13336586912082574 0.13318980016327533 7.2007131278689438e-17 -0.0068507064467836125
29 3 1.6041666666666667 0.0625 0.10693098074100238 0.10663099046452754 1.030990738737888e-16 -0.0080041560945835304
29 4 1.6041666666666667 0.083333333333333329 0.071841599316871452 0.071415514634068269 8.6985451891707891e-17 -0.0078127883599318406
29 5 1.6041666666666667 0.10416666666666666 0.030435687802515623 0.029737687026796682 9.1179325812883761e-17 -0.0064808226567687043
29 6 1.6041666666666667 0.125 0.015213316573226119 -0.014453056823516962 1.1489758026600754e-16 -0.004749120930591922
29 7 1.6041666666666667 0.14583333333333331 0.057283099263104799 -0.057147664507600657 1.0629298306669623e-16 -0.0039367375469337223
29 8 1.6041666666666667 0.16666666666666666 0.096668066710408784 -0.096567623059896121 1.0994242640147067e-16 -0.0044055984939462894
29 9 1.6041666666666667 0.1875 0.1343496556861431 -0.13420289132423696 1.7321798117857649e-16 -0.0062780525005965634
29 10 1.6041666666666667 0.20833333333333331 0.17086787590983918 -0.17056399631681113 1.3192264968710549e-16 -0.010185979500226466
29 11 1.6041666666666667 0.22916666666666666 0.20424591858098348 -0.20361854881841054 9.2045614030434814e-17 -0.015996306888600747
29 12 1.6041666666666667 0.25 0.23317965954468894 -0.232082198027144 1.0710828509179217e-16 -0.022596614442578846
29 13 1.6041666666666667 0.27083333333333331 0.25807762668224837 -0.25642787018321411 7.474898845861598e-18 -0.029134323181475359
29 14 1.6041666666666667 0.29166666666666663 0.27790981255903491 -0.27560787001198273 9.4816043519053688e-17 -0.035695460552512055
29 15 1.6041666666666667 0.3125 0.28949102941732902 -0.28635542184015916 -1.6708327920680545e-17 -0.042492687557382662
29 16 1.6041666666666667 0.33333333333333331 0.29099735526890058 -0.28686879635604806 -5.4381636148452644e-17 -0.048844185434163585
29 17 1.6041666666666667 0.35416666666666663 0.28334826716875211 -0.27830961863137776 -3.9836256634575367e-17 -0.053197713153777547
29 18 1.6041666666666667 0.375 0.26806079436207614 -0.26252494802662396 -2.3265201044912168e-17 -0.054196320333078397
29 19 1.6041666666666667 0.39583333333333331 0.24712865892223468 -0.24166261283348531 -5.5462006716620071e-17 -0.051689028034924166
29 20 1.6041666666666667 0.41666666666666663 0.2218395109726248 -0.21701101030046799 -3.7601847113994277e-17 -0.046032488928402497
29 21 1.6041666666666667 0.4375 0.19281016572667789 -0.18911830430194296 -1.513854386447939e-16 -0.037550326037288854
29 22 1.6041666666666667 0.45833333333333331 0.16394017649054357 -0.1617700724615635 -1.0205680687391982e-16 -0.026586182943985636
29 23 1.6041666666666667 0.47916666666666663 0.1418580493760192 -0.14118719513775008 -9.2240213899711213e-17 -0.013779771475027474
29 24 1.6041666666666667 0.5 0.13325178189607331 -0.13325178189607331 -4.1525609667922391e-17 -3.5908947149362352e-17
29 25 1.6041666666666667 0.52083333333333326 0.14185804937601973 -0.14118719513775063 -9.2134918853636596e-17 0.01377977147502729
29 26 1.6041666666666667 0.54166666666666663 0.16394017649054368 -0.16177007246156358 -8.0973681519430576e-17 0.02658618294398566
29 27 1.6041666666666667 0.5625 0.19281016572667775 -0.18911830430194285 -1.161675012209399e-16 0.037550326037288813
29 28 1.6041666666666667 0.58333333333333326 0.22183951097262425 -0.21701101030046738 -4.9550647349303593e-17 0.046032488928402747
29 29 1.6041666666666667 0.60416666666666663 0.24712865892223468 -0.24166261283348531 -2.9657800655921541e-17 0.051689028034924291
29 30 1.6041666666666667 0.625 0.26806079436207614 -0.26252494802662396 2.4736092144695985e-17 0.054196320333078501
29 31 1.6041666666666667 0.64583333333333326 0.28334826716875211 -0.27830961863137776 2.9537542986797689e-17 0.053197713153777589
29 32 1.6041666666666667 0.66666666666666663 0.29099735526890058 -0.28686879635604812 2.9859675712873086e-17 0.048844185434163356
29 33 1.6041666666666667 0.6875 0.28949102941732929 -0.28635542184015944 4.6313260325052052e-17 0.04249268755738278
29 34 1.6041666666666667 0.70833333333333326 0.27790981255903524 -0.27560787001198306 6.7843866065139941e-17 0.035695460552512007
29 35 1.6041666666666667 0.72916666666666663 0.25807762668224854 -0.25642787018321428 6.1306685671932821e-17 0.0291343231814752
29 36 1.6041666666666667 0.75 0.23317965954468914 -0.23208219802714414 4.1850367861276533e-17 0.022596614442579339
29 37 1.6041666666666667 0.77083333333333326 0.20424591858098357 -0.20361854881841063 1.0506958687611782e-16 0.015996306888600691
29 38 1.6041666666666667 0.79166666666666663 0.1708678759098389 -0.17056399631681085 9.7983501283164393e-17 0.010185979500226683
29 39 1.6041666666666667 0.8125 0.13434965568614304 -0.13420289132423691 1.5118299771015072e-16 0.006278052500596625
29 40 1.6041666666666667 0.83333333333333326 0.09666806671040884 -0.09656762305989619 1.0651878728363411e-16 0.0044055984939460509
29 41 1.6041666666666667 0.85416666666666663 0.057283099263104591 -0.057147664507600435 9.0093071918893505e-17 0.0039367375469338758
29 42 1.6041666666666667 0.875 0.015213316573226212 -0.014453056823517069 1.1667296192314876e-16 0.004749120930591896
29 43 1.6041666666666667 0.89583333333333326 0.030435687802515512 0.029737687026796536 5.9414315917918932e-17 0.0064808226567688561
29 44 1.6041666666666667 0.91666666666666663 0.07184159931687166 0.071415514634068478 9.3201845333259581e-17 0.0078127883599317972
29 45 1.6041666666666667 0.9375 0.10693098074100232 0.10663099046452748 4.8191512496623255e-17 0.0080041560945834644
29 46 1.6041666666666667 0.95833333333333326 0.13336586912082582 0.13318980016327542 6.6952911004950715e-17 0.0068507064467836099
29 47 1.6041666666666667 0.97916666666666663 0.14958970805605648 0.14953635511077129 5.4897392508444161e-17 0.0039949038137997647
29 48 1.6041666666666667 1 0.15492472270506205 0.15492472270506205 6.1815100296422713e-17 0
30 0 1.625 0 0.13877940835863675 0.13877940835863675 4.7369320221324744e-17 0
30 1 1.625 0.020833333333333332 0.13349767988448244 0.13339155053460205 5.7303674176276662e-17 -0.0053221030161442378
30 2 1.625 0.041666666666666664 0.11759404513846965 0.11724594286524777 7.9275028000086229e-17 -0.0090414785111448456
30 3 1.625 0.0625 0.092393926392600842 0.091737237892558263 7.4926065783557366e-17 -0.010996218353848584
30 4 1.625 0.083333333333333329 0.059782563443863783 0.058730063872717495 7.7486071438557461e-17 -0.011168459581612937
30 5 1.625 0.10416666666666666 0.022104262913976346 0.019815151850262027 6.312499124943391e-17 -0.0097958254435880736
30 6 1.625 0.125 0.022762723050798284 -0.021369959989422524 9.3897030672921179e-17 -0.0078400491540438766
30 7 1.625 0.14583333333333331 0.061547100282045811 -0.061197256413982284 8.8210200749987179e-17 -0.0065529657811946281
30 8 1.625 0.16666666666666666 0.098337264370560645 -0.098134475052199951 1.4384066873266512e-16 -0.0063120812823252576
30 9 1.625 0.1875 0.13314608961261126 -0.13293580488289025 9.3905363889936101e-17 -0.0074801710720837668
30 10 1.625 0.20833333333333331 0.16666749142488727 -0.16629742081309148 1.5270771581107519e-16 -0.011100474259167447
30 11 1.625 0.22916666666666666 0.19786544744574985 -0.19713760564912283 6.8428937666230302e-17 -0.016955817050137528
30 12 1.625 0.25 0.22575933481351917 -0.22455289942294759 9.8813819550422155e-17 -0.023308209201700531
30 13 1.625 0.27083333333333331 0.25025572906582305 -0.24855177312033352 8.5215664214481399e-17 -0.029153833521595198
30 14 1.625 0.29166666666666663 0.27029598366158253 -0.26802569154949635 9.3068776912203198e-17 -0.034959225577760038
30 15 1.625 0.3125 0.28319144474331381 -0.2802128060019935 1.356796757872305e-16 -0.040965567593950272
30 16 1.625 0.33333333333333331 0.28740903143779373 -0.28361773863391271 3.7954595735544019e-17 -0.046528804886825689
30 17 1.625 0.35416666666666663 0.28349410500290539 -0.27891453487118467 1.5844223493969267e-17 -0.050750269053366354
30 18 1.625 0.375 0.27242147245457937 -0.26723111972597113 -3.3150452707100213e-17 -0.052924354548022731
30 19 1.625 0.39583333333333331 0.25576573135280095 -0.2503028303037178 -4.140123300753188e-17 -0.052579487220601337
30 20 1.625 0.41666666666666663 0.23517474066270327 -0.23000556340003228 -8.2951038439161422e-17 -0.04903671533456825
30 21 1.625 0.4375 0.21104192860953705 -0.20695813354907755 -3.2700316845194522e-17 -0.041316178297552124
30 22 1.625 0.45833333333333331 0.18627699729294653 -0.18391833725040435 -1.3998349818569557e-16 -0.029549364519781796
30 23 1.625 0.47916666666666663 0.16734922979565936 -0.16664865873540524 -3.4024700118239083e-17 -0.015296707321866485
30 24 1.625 0.5 0.1601519822487065 -0.1601519822487065 -2.1594808582769252e-16 -4.1682419413063842e-16
30 25 1.625 0.52083333333333326 0.16734922979565953 -0.16664865873540541 -1.2079011583866849e-17 0.015296707321866566
30 26 1.625 0.54166666666666663 0.18627699729294656 -0.1839183372504043 -1.2397467216423925e-16 0.02954936451978216
30 27 1.625 0.5625 0.21104192860953708 -0.20695813354907761 -8.702650892380788e-17 0.041316178297551999
30 28 1.625 0.58333333333333326 0.23517474066270311 -0.23000556340003211 -1.2416935372319103e-16 0.049036715334568146
30 29 1.625 0.60416666666666663 0.25576573135280095 -0.25030283030371786 -7.9375643501162828e-18 0.052579487220601122
30 30 1.625 0.625 0.27242147245457932 -0.26723111972597102 -5.3110403009246104e-17 0.052924354548023113
30 31 1.625 0.64583333333333326 0.28349410500290528 -0.27891453487118451 -3.1140802788943309e-17 0.05075026905336661
30 32 1.625 0.66666666666666663 0.28740903143779389 -0.28361773863391287 -7.028046093614289e-18 0.046528804886825717
30 33 1.625 0.6875 0.28319144474331404 -0.28021280600199366 5.0217320443947e-17 0.040965567593950598
30 34 1.625 0.70833333333333326 0.27029598366158225 -0.26802569154949613 2.9625208607217495e-17 0.034959225577760059
30 35 1.625 0.72916666666666663 0.250255729065823 -0.24855177312033347 1.1928778848651527e-16 0.029153833521595101
30 36 1.625 0.75 0.22575933481351965 -0.22455289942294807 1.0453357510547823e-16 0.023308209201700417
30 37 1.625 0.77083333333333326 0.19786544744575019 -0.19713760564912317 1.7653285118247048e-16 0.016955817050137253
30 38 1.625 0.79166666666666663 0.16666749142488721 -0.16629742081309143 1.1175387253611539e-16 0.011100474259167322
30 39 1.625 0.8125 0.13314608961261101 -0.13293580488289 1.2894943720376617e-16 0.0074801710720839168
30 40 1.625 0.83333333333333326 0.098337264370560701 -0.098134475052200007 1.1430042724960776e-16 0.0063120812823252324
30 41 1.625 0.85416666666666663 0.06154710028204579 -0.061197256413982236 1.051123087666903e-16 0.006552965781194851
30 42 1.625 0.875 0.022762723050798395 -0.021369959989422621 1.0450899392464081e-16 0.0078400491540439304
30 43 1.625 0.89583333333333326 0.022104262913976085 0.019815151850261815 6.41091225191012e-17 0.0097958254435879105
30 44 1.625 0.91666666666666663 0.059782563443863797 0.058730063872717508 7.2950049990901461e-17 0.011168459581612913
30 45 1.625 0.9375 0.092393926392600745 0.091737237892558166 7.1621261142121608e-17 0.010996218353848532
30 46 1.625 0.95833333333333326 0.11759404513846955 0.11724594286524768 6.7360523765912893e-17 0.009041478511144653
30 47 1.625 0.97916666666666663 0.13349767988448258 0.13339155053460219 3.1116660627198442e-17 0.0053221030161442855
30 48 1.625 1 0.13877940835863703 0.13877940835863703 9.0887586635172602e-17 0
31 0 1.6458333333333333 0 0.12550784323026085 0.12550784323026085 9.2498706939802678e-17 0
31 1 1.6458333333333333 0.020833333333333332 0.12014743889258366 0.12003675296641196 7.291626983956745e-17 -0.0051560653339256732
31 2 1.6458333333333333 0.041666666666666664 0.10407667797728375 0.10372245542691848 8.7598078344732654e-17 -0.0085794602976019679
31 3 1.6458333333333333 0.0625 0.079213494129050183 0.078554454885420177 7.4373897406659317e-17 -0.01019682645667531
31 4 1.6458333333333333 0.083333333333333329 0.047956071138735845 0.04695137044485815 6.4271368482065607e-17 -0.0097649153817733689
31 5 1.6458333333333333 0.10416666666666666 0.012893765116545585 0.010260698960692708 7.2518110207464946e-17 -0.0078081518760003245
31 6 1.6458333333333333 0.125 0.028955491921608911 -0.028427807835458559 7.0493594738362861e-17 -0.0055027496847121667
31 7 1.6458333333333333 0.14583333333333331 0.065821752955089949 -0.065715202014742014 8.8217481395159667e-17 -0.0037437128953138766
31 8 1.6458333333333333 0.16666666666666666 0.10018672465973091 -0.10014735423777378 8.7829754803689692e-17 -0.0028084225498642072
31 9 1.6458333333333333 0.1875 0.13232371844012861 -0.13227797324199395 1.3393150383421671e-16 -0.003479117246193444
31 10 1.6458333333333333 0.20833333333333331 0.16293206961861093 -0.16278359923618649 1.4994081449717471e-16 -0.0069540729012934647
31 11 1.6458333333333333 0.22916666666666666 0.19117391478115869 -0.19074171324149072 1.2808068571343173e-16 -0.012847743866323466
31 12 1.6458333333333333 0.25 0.21642577724263787 -0.21556439990870313 1.4610964859240047e-16 -0.019290063428631168
31 13 1.6458333333333333 0.27083333333333331 0.23920319678753027 -0.23787894973110688 1.32034399804424e-16 -0.025135127375835006
31 14 1.6458333333333333 0.29166666666666663 0.25909770932572518 -0.25726882784135707 1.2593994032115838e-16 -0.03073065568731264
31 15 1.6458333333333333 0.3125 0.2735074833321704 -0.27110554624701882 4.9773350584093193e-17 -0.036168027770435866
31 16 1.6458333333333333 0.33333333333333331 0.28057772501809303 -0.27759247020315703 4.7048712852142207e-17 -0.04082009631098376
31 17 1.6458333333333333 0.35416666666666663 0.2806510178238385 -0.27708720612721555 1.2604637636656482e-17 -0.04458333776390546
31 18 1.6458333333333333 0.375 0.27424907575442098 -0.27008324452307475 -1.1626472696146319e-17 -0.047619287899370449
31 19 1.6458333333333333 0.39583333333333331 0.26183505377058441 -0.25722863902632853 -8.6173609783486074e-17 -0.048898084294863677
31 20 1.6458333333333333 0.41666666666666663 0.24519601808911479 -0.24069244839681864 -1.1037177607253653e-16 -0.046778548197889847
31 21 1.6458333333333333 0.4375 0.22588232228124219 -0.22233549563959029 -1.3116643224554406e-16 -0.039871680399309682
31 22 1.6458333333333333 0.45833333333333331 0.20667974670035041 -0.20471264788457985 -1.1043880757349301e-16 -0.028447310807966159
31 23 1.6458333333333333 0.47916666666666663 0.19257919241246144 -0.19201896115652389 -1.3573717379218407e-16 -0.014678688858519199
31 24 1.6458333333333333 0.5 0.18740673826401427 -0.18740673826401427 -5.1042674749520779e-17 -2.1475274875338667e-16
31 25 1.6458333333333333 0.52083333333333326 0.19257919241246152 -0.19201896115652395 -1.1521454928188128e-16 0.014678688858519274
31 26 1.6458333333333333 0.54166666666666663 0.2066797467003505 -0.20471264788457996 -2.9523544876205759e-17 0.028447310807965948
31 27 1.6458333333333333 0.5625 0.22588232228124214 -0.22233549563959021 -7.9046247489642769e-17 0.039871680399309793
31 28 1.6458333333333333 0.58333333333333326 0.2451960180891147 -0.2406924483968185 -6.3332876541738978e-17 0.046778548197890034
31 29 1.6458333333333333 0.60416666666666663 0.26183505377058419 -0.25722863902632831 -1.6582190167745056e-17 0.048898084294863628
31 30 1.6458333333333333 0.625 0.27424907575442087 -0.27008324452307469 3.7509279171468628e-17 0.04761928789937056
31 31 1.6458333333333333 0.64583333333333326 0.28065101782383828 -0.27708720612721527 -4.5087066704730096e-19 0.044583337763905571
31 32 1.6458333333333333 0.66666666666666663 0.28057772501809308 -0.27759247020315708 1.5866537147524175e-17 0.040820096310983843
31 33 1.6458333333333333 0.6875 0.27350748333217073 -0.27110554624701916 2.6937844487589353e-17 0.03616802777043588
31 34 1.6458333333333333 0.70833333333333326 0.2590977093257249 -0.2572688278413568 9.0127729646043337e-17 0.030730655687312525
31 35 1.6458333333333333 0.72916666666666663 0.23920319678753016 -0.23787894973110679 5.1812652913582147e-17 0.025135127375835085
31 36 1.6458333333333333 0.75 0.21642577724263817 -0.21556439990870346 1.0092716295775982e-16 0.019290063428631127
31 37 1.6458333333333333 0.77083333333333326 0.19117391478115878 -0.19074171324149081 1.2567976847260223e-16 0.01284774386632332
31 38 1.6458333333333333 0.79166666666666663 0.16293206961861087 -0.1627835992361864 8.5784484120279788e-17 0.0069540729012934769
31 39 1.6458333333333333 0.8125 0.13232371844012863 -0.132277973241994 1.3361414976670928e-16 0.0034791172461932558
31 40 1.6458333333333333 0.83333333333333326 0.10018672465973096 -0.10014735423777384 1.161472784159916e-16 0.0028084225498641044
31 41 1.6458333333333333 0.85416666666666663 0.065821752955090004 -0.065715202014742083 8.5209218315811969e-17 0.003743712895313841
31 42 1.6458333333333333 0.875 0.028955491921608924 -0.028427807835458584 1.0724666161219836e-16 0.0055027496847121051
31 43 1.6458333333333333 0.89583333333333326 0.012893765116545448 0.010260698960692491 6.9129851859637714e-17 0.0078081518760003818
31 44 1.6458333333333333 0.91666666666666663 0.047956071138736005 0.046951370444858261 8.1875747242430098e-17 0.0097649153817735892
31 45 1.6458333333333333 0.9375 0.079213494129050169 0.07855445488542015 5.9683118905467779e-17 0.010196826456675419
31 46 1.6458333333333333 0.95833333333333326 0.10407667797728373 0.10372245542691846 6.8293865446051208e-17 0.0085794602976019454
31 47 1.6458333333333333 0.97916666666666663 0.12014743889258368 0.12003675296641199 2.9120438404719884e-17 0.0051560653339257877
31 48 1.6458333333333333 1 0.12550784323026082 0.12550784323026082 4.7625548838874891e-17 0
32 0 1.6666666666666665 0 0.10885947086610084 0.10885947086610084 2.4773327601327706e-17 0
32 1 1.6666666666666665 0.020833333333333332 0.10370556968484232 0.10353298853873484 4.6768398942424189e-17 -0.0059804237221025517
32 2 1.6666666666666665 0.041666666666666664 0.088715102707698751 0.088103102063857228 4.0148205210392321e-17 -0.010402540803241064
32 3 1.6666666666666665 0.0625 0.066035151799149802 0.0648030384189896 8.4249624248984173e-17 -0.012696750954622842
32 4 1.6666666666666665 0.083333333333333329 0.038290998450644417 0.036194478978396206 7.5020321116137146e-17 -0.012496409637559439
32 5 1.6666666666666665 0.10416666666666666 0.010880347140607732 0.0033314440792149248 1.0375267084466423e-16 -0.010357771683484564
32 6 1.6666666666666665 0.125 0.032599380790497685 -0.031699916151962861 1.1237163136764161e-16 -0.0076049289202722876
32 7 1.6666666666666665 0.14583333333333331 0.065896248178766006 -0.065716789347679161 6.1770908846377664e-17 -0.0048599508094511181
32 8 1.6666666666666665 0.16666666666666666 0.096941874680268422 -0.096912848033483975 1.0873226905066202e-16 -0.0023721198459832971
32 9 1.6666666666666665 0.1875 0.12589151999506901 -0.12588303979013482 6.2789989003433074e-17 -0.0014611980920436855
32 10 1.6666666666666665 0.20833333333333331 0.15355871892283218 -0.1535172030604755 6.9867358537995527e-17 -0.0035705072062817587
32 11 1.6666666666666665 0.22916666666666666 0.17920031471352976 -0.1790042460667392 1.1317933930916156e-16 -0.0083804942280507107
32 12 1.6666666666666665 0.25 0.20208758973683522 -0.20157167551089275 4.6221018772503543e-17 -0.014430992944866288
32 13 1.6666666666666665 0.27083333333333331 0.22295719116604779 -0.22200553995813091 6.2371077801481678e-17 -0.020577884258404979
32 14 1.6666666666666665 0.29166666666666663 0.24209964582625315 -0.24067284600219965 5.7077791956888358e-17 -0.026245374952526306
32 15 1.6666666666666665 0.3125 0.25752897008134062 -0.25567838704970164 4.7413139137011097e-17 -0.030817735588764272
32 16 1.6666666666666665 0.33333333333333331 0.26724231611853588 -0.26505357717957495 5.076265325466741e-17 -0.034132927631695731
32 17 1.6666666666666665 0.35416666666666663 0.2712128628068417 -0.26869975097458332 -2.8905072966240307e-18 -0.0368355911867808
32 18 1.6666666666666665 0.375 0.26942572497314932 -0.26652053613972271 -9.798858209179781e-18 -0.039459157278150837
32 19 1.6666666666666665 0.39583333333333331 0.26174892114327325 -0.25849388070452362 2.8990569191947877e-17 -0.041151079669712223
32 20 1.6666666666666665 0.41666666666666663 0.24959762648847675 -0.2464051098928545 2.8981191190908574e-17 -0.039793177397280596
32 21 1.6666666666666665 0.4375 0.23518663069699339 -0.23272257701422938 -6.2919647194479136e-17 -0.033955167595817022
32 22 1.6666666666666665 0.45833333333333331 0.22160049166980303 -0.22028027422871826 -5.6724871934441444e-18 -0.024153233614137883
32 23 1.6666666666666665 0.47916666666666663 0.21229928764162634 -0.21193446664227014 -8.2743421890394241e-17 -0.012440634316564357
32 24 1.6666666666666665 0.5 0.20899098222872106 -0.20899098222872106 -5.8578061862255741e-17 1.4242265785414976e-16
32 25 1.6666666666666665 0.52083333333333326 0.21229928764162634 -0.21193446664227014 -1.4708999150552735e-16 0.012440634316564348
32 26 1.6666666666666665 0.54166666666666663 0.22160049166980297 -0.22028027422871826 -1.5972918224242633e-17 0.024153233614137473
32 27 1.6666666666666665 0.5625 0.23518663069699333 -0.23272257701422938 -1.180892892042014e-16 0.033955167595816654
32 28 1.6666666666666665 0.58333333333333326 0.24959762648847655 -0.24640510989285433 -1.5746542335428322e-17 0.039793177397280534
32 29 1.6666666666666665 0.60416666666666663 0.26174892114327358 -0.25849388070452389 8.9560009194639178e-18 0.041151079669712452
32 30 1.6666666666666665 0.625 0.26942572497314948 -0.26652053613972287 -1.1654374235559045e-18 0.039459157278150955
32 31 1.6666666666666665 0.64583333333333326 0.27121286280684137 -0.26869975097458298 -9.8706583806670422e-18 0.036835591186781043
32 32 1.6666666666666665 0.66666666666666663 0.26724231611853594 -0.26505357717957495 1.9932207265310788e-17 0.034132927631696203
32 33 1.6666666666666665 0.6875 0.2575289700813409 -0.25567838704970192 4.365084760020036e-17 0.030817735588764435
32 34 1.6666666666666665 0.70833333333333326 0.24209964582625326 -0.24067284600219979 7.6182283520272101e-18 0.026245374952526358
32 35 1.6666666666666665 0.72916666666666663 0.22295719116604779 -0.22200553995813094 1.0112355602920473e-16 0.020577884258404976
32 36 1.6666666666666665 0.75 0.20208758973683535 -0.20157167551089289 6.3232286179271139e-17 0.01443099294486638
32 37 1.6666666666666665 0.77083333333333326 0.17920031471352976 -0.1790042460667392 1.0247001002668082e-16 0.0083804942280507142
32 38 1.6666666666666665 0.79166666666666663 0.15355871892283207 -0.15351720306047539 1.1292055715115917e-16 0.0035705072062817366
32 39 1.6666666666666665 0.8125 0.12589151999506898 -0.12588303979013479 1.0361254678015764e-16 0.0014611980920437304
32 40 1.6666666666666665 0.83333333333333326 0.096941874680268339 -0.096912848033483892 8.4886090612923413e-17 0.0023721198459834467
32 41 1.6666666666666665 0.85416666666666663 0.065896248178765993 -0.065716789347679147 8.6364730673888396e-17 0.004859950809451152
32 42 1.6666666666666665 0.875 0.032599380790497692 -0.03169991615196284 5.3235571665777256e-17 0.0076049289202723951
32 43 1.6666666666666665 0.89583333333333326 0.010880347140607611 0.0033314440792147982 6.7036963883954787e-17 0.010357771683484477
32 44 1.6666666666666665 0.91666666666666663 0.038290998450644501 0.036194478978396352 7.7359602705596823e-17 0.012496409637559273
32 45 1.6666666666666665 0.9375 0.066035151799149774 0.064803038418989573 4.7919182207265382e-17 0.012696750954622771
32 46 1.6666666666666665 0.95833333333333326 0.088715102707698681 0.088103102063857158 7.3700054527753704e-17 0.010402540803241054
32 47 1.6666666666666665 0.97916666666666663 0.10370556968484246 0.10353298853873497 5.7231893389384476e-17 0.005980423722102641
32 48 1.6666666666666665 1 0.10885947086610069 0.10885947086610069 8.0181999424040278e-17 0
33 0 1.6875 0 0.091958294010974634 0.091958294010974634 3.7631304174361555e-17 0
33 1 1.6875 0.020833333333333332 0.086807753644520355 0.086714330991909339 7.9667370908479867e-17 -0.0040262753797185875
33 2 1.6875 0.041666666666666664 0.07258634426610483 0.072235760910843771 6.9712902061576893e-17 -0.0071254627603337933
33 3 1.6875 0.0625 0.051873237023550338 0.051168965497201326 7.2044455710803816e-17 -0.0085187844935562061
33 4 1.6875 0.083333333333333329 0.027288061108676445 0.026121628899365739 9.944155511998976e-17 -0.0078929577925312966
33 5 1.6875 0.10416666666666666 0.0061999543531339437 -0.0022918090379689363 9.378160193204305e-17 -0.0057608198474200217
33 6 1.6875 0.125 0.03328734602746717 -0.033150847834377183 9.0675944198744886e-17 -0.0030114271391324977
33 7 1.6875 0.14583333333333331 0.064068463145098731 -0.064068440380653027 7.3112681729923368e-17 5.4008939841523971e-05
33 8 1.6875 0.16666666666666666 0.092934745668162816 -0.092875684786434889 6.7143673020127127e-17 0.0033127221218951629
33 9 1.6875 0.1875 0.11963324619855077 -0.11951604603010223 8.5972555745235853e-17 0.0052941795713358185
33 10 1.6875 0.20833333333333331 0.14478649284327463 -0.14471915570829316 8.3527152594169105e-17 0.0044152554778193048
33 11 1.6875 0.22916666666666666 0.1680260203729135 -0.16802438930666755 5.1469037064896288e-17 0.00074035159226681685
33 12 1.6875 0.25 0.1885446394641748 -0.18847968880956617 1.2215070149341301e-16 -0.0049485328052615608
33 13 1.6875 0.27083333333333331 0.20704066265773041 -0.20669910504421282 1.2797363538493612e-16 -0.011887639280933903
33 14 1.6875 0.29166666666666663 0.22417021603889184 -0.22338953539476084 7.7926911729623984e-17 -0.018692277417060206
33 15 1.6875 0.3125 0.23856239583465313 -0.23740687067756208 6.4219771390288401e-17 -0.023451960716687242
33 16 1.6875 0.33333333333333331 0.24866903270059476 -0.2473128436662515 5.3171169883397596e-17 -0.025935404025418746
33 17 1.6875 0.35416666666666663 0.254693817631997 -0.25317697741963263 9.2491522399213563e-17 -0.027755339029090938
33 18 1.6875 0.375 0.25623125539590913 -0.25449572388254921 4.2714619011993124e-18 -0.029772181096803772
33 19 1.6875 0.39583333333333331 0.25265642119169518 -0.25070299109294908 2.669806621934654e-17 -0.031357254765747078
33 20 1.6875 0.41666666666666663 0.24486444095734056 -0.24292570155118251 5.2801742405517904e-17 -0.030752202705118897
33 21 1.6875 0.4375 0.23498279391111532 -0.23347256941325498 -2.6040725552943185e-17 -0.026598360209729693
33 22 1.6875 0.45833333333333331 0.22565404335452502 -0.2248365920384259 -2.4423733256882238e-18 -0.019189949525527678
33 23 1.6875 0.47916666666666663 0.21947993461316867 -0.21925356379554303 -8.6136086953530593e-17 -0.0099657644340278417
33 24 1.6875 0.5 0.2173507224181955 -0.2173507224181955 -7.5617726500307759e-17 1.7613000566958458e-16
33 25 1.6875 0.52083333333333326 0.21947993461316875 -0.21925356379554312 -6.859363619847785e-17 0.0099657644340279076
33 26 1.6875 0.54166666666666663 0.22565404335452482 -0.22483659203842574 8.2572434566870826e-18 0.019189949525527286
33 27 1.6875 0.5625 0.23498279391111537 -0.23347256941325503 -3.2495474071944117e-18 0.026598360209729666
33 28 1.6875 0.58333333333333326 0.24486444095734033 -0.24292570155118226 3.7198161918188641e-17 0.030752202705119056
33 29 1.6875 0.60416666666666663 0.2526564211916949 -0.25070299109294875 -3.0281961316242068e-17 0.031357254765747522
33 30 1.6875 0.625 0.25623125539590924 -0.25449572388254937 3.9629434573335963e-17 0.029772181096803588
33 31 1.6875 0.64583333333333326 0.25469381763199678 -0.25317697741963247 -7.8110878820790178e-18 0.02775533902909073
33 32 1.6875 0.66666666666666663 0.24866903270059462 -0.24731284366625134 5.9447441975236662e-17 0.025935404025419165
33 33 1.6875 0.6875 0.23856239583465363 -0.23740687067756261 -1.9868163312527525e-17 0.023451960716687217
33 34 1.6875 0.70833333333333326 0.22417021603889184 -0.22338953539476084 6.4878034692179303e-17 0.018692277417060421
33 35 1.6875 0.72916666666666663 0.20704066265773036 -0.20669910504421274 5.3322325816187827e-17 0.011887639280933823
33 36 1.6875 0.75 0.18854463946417493 -0.18847968880956634 7.4877807388402223e-17 0.0049485328052614481
33 37 1.6875 0.77083333333333326 0.1680260203729135 -0.16802438930666755 9.1750093964048539e-17 -0.00074035159226689589
33 38 1.6875 0.79166666666666663 0.14478649284327477 -0.1447191557082933 9.3515855832684368e-17 -0.0044152554778192623
33 39 1.6875 0.8125 0.11963324619855073 -0.11951604603010217 8.8473805360428641e-17 -0.0052941795713359226
33 40 1.6875 0.83333333333333326 0.092934745668162885 -0.092875684786434959 5.7175612143516814e-17 -0.0033127221218952627
33 41 1.6875 0.85416666666666663 0.064068463145098661 -0.064068440380652958 6.9513431337345433e-17 -5.4008939841520271e-05
33 42 1.6875 0.875 0.033287346027467267 -0.033150847834377294 1.0034250783661638e-16 0.0030114271391323976
33 43 1.6875 0.89583333333333326 0.0061999543531340686 -0.0022918090379689783 6.2353555535732e-17 0.0057608198474201388
33 44 1.6875 0.91666666666666663 0.027288061108676483 0.026121628899365791 7.4377855667509845e-17 0.0078929577925312654
33 45 1.6875 0.9375 0.051873237023550317 0.051168965497201284 6.6485705841156041e-17 0.0085187844935563171
33 46 1.6875 0.95833333333333326 0.072586344266104746 0.072235760910843702 5.958070011216252e-17 0.0071254627603337759
33 47 1.6875 0.97916666666666663 0.086807753644520411 0.086714330991909394 6.8587775618807457e-17 0.0040262753797187002
33 48 1.6875 1 0.091958294010974564 0.091958294010974564 5.9191061576808877e-17 0
34 0 1.7083333333333333 0 0.082296117833117508 0.082296117833117508 4.925695786324252e-17 0
34 1 1.7083333333333333 0.020833333333333332 0.077008310249745179 0.076949157112911087 5.2703186536270065e-17 -0.0030177917644417132
34 2 1.7083333333333333 0.041666666666666664 0.062847232485631829 0.062603642582930677 4.9998054962702309e-17 -0.0055279803230226772
34 3 1.7083333333333333 0.0625 0.043188646607946676 0.042666712539913845 5.7192868241535217e-17 -0.0066940896963263294
34 4 1.7083333333333333 0.083333333333333329 0.021067882569322061 0.020144240523972914 5.0599248702243253e-17 -0.0061697041798672789
34 5 1.7083333333333333 0.10416666666666666 0.0063733291957652777 -0.0044547622524997912 3.7262510813789179e-17 -0.0045578962593829479
34 6 1.7083333333333333 0.125 0.031277004367251664 -0.031207259366597767 5.7232076004519124e-17 -0.0020875739543727515
34 7 1.7083333333333333 0.14583333333333331 0.058879209643245833 -0.058863305091796568 6.4726616828331752e-17 0.0013684450604132395
34 8 1.7083333333333333 0.16666666666666666 0.085907159205826672 -0.085723279596091981 8.1986453756830081e-17 0.0056177698515951571
34 9 1.7083333333333333 0.1875 0.11154385827974848 -0.11113697995048752 9.0135702513602359e-17 0.0095186137340240121
34 10 1.7083333333333333 0.20833333333333331 0.13563320963707248 -0.1351607753725303 4.1146955263941421e-17 0.011310718684082953
34 11 1.7083333333333333 0.22916666666666666 0.15775768429862577 -0.15741880026833038 9.0976655254759128e-17 0.010334809013445034
34 12 1.7083333333333333 0.25 0.17694676504935097 -0.17681172008903553 3.5182059632720394e-17 0.006911823246203987
34 13 1.7083333333333333 0.27083333333333331 0.19339656947672451 -0.19339150270284941 1.0263581083445316e-16 0.0013999170330130076
34 14 1.7083333333333333 0.29166666666666663 0.20817130559692665 -0.2081106248588962 6.3349503207173039e-17 -0.0050259620739509748
34 15 1.7083333333333333 0.3125 0.22095569448048499 -0.2207273641541414 5.7146072966618196e-17 -0.010042391991875165
34 16 1.7083333333333333 0.33333333333333331 0.23072307836866587 -0.23038160677516695 3.4435887678449414e-17 -0.012548073621312692
34 17 1.7083333333333333 0.35416666666666663 0.23786868761083996 -0.23745201570664076 -5.5248488594902254e-17 -0.01407312270097134
34 18 1.7083333333333333 0.375 0.24192482196886467 -0.24139459078867906 -9.1653785375213303e-18 -0.016008467216852829
34 19 1.7083333333333333 0.39583333333333331 0.24178272085740882 -0.24112158430637537 -3.8108551650661476e-18 -0.017868007353792435
34 20 1.7083333333333333 0.41666666666666663 0.23803127782312822 -0.23730373780599201 7.5667856307077306e-18 -0.018596377212141524
34 21 1.7083333333333333 0.4375 0.23248960690657861 -0.23185322809450609 -3.1123031075497525e-17 -0.017190053569793633
34 22 1.7083333333333333 0.45833333333333331 0.22663934816428408 -0.22625791962428704 2.2400890298732434e-17 -0.013143361199527538
34 23 1.7083333333333333 0.47916666666666663 0.22262386043118593 -0.22250916277880986 8.6702971136184536e-18 -0.0071453280370636372
34 24 1.7083333333333333 0.5 0.22140437776735472 -0.22140437776735472 -1.4885000003504608e-17 -1.3077713768786454e-16
34 25 1.7083333333333333 0.52083333333333326 0.22262386043118582 -0.22250916277880975 -1.5384836289392948e-17 0.0071453280370638765
34 26 1.7083333333333333 0.54166666666666663 0.2266393481642841 -0.22625791962428704 -3.1964415481153105e-17 0.013143361199527645
34 27 1.7083333333333333 0.5625 0.23248960690657883 -0.23185322809450631 -1.957754512661331e-17 0.01719005356979374
34 28 1.7083333333333333 0.58333333333333326 0.23803127782312772 -0.23730373780599151 -1.452808900268784e-17 0.018596377212141441
34 29 1.7083333333333333 0.60416666666666663 0.24178272085740868 -0.24112158430637526 1.2317414464020856e-17 0.017868007353792285
34 30 1.7083333333333333 0.625 0.24192482196886478 -0.24139459078867917 -1.2234639200288242e-17 0.016008467216852836
34 31 1.7083333333333333 0.64583333333333326 0.23786868761083985 -0.23745201570664065 4.0457361215642707e-17 0.014073122700971359
34 32 1.7083333333333333 0.66666666666666663 0.23072307836866598 -0.23038160677516706 -3.1784373019152878e-17 0.012548073621312593
34 33 1.7083333333333333 0.6875 0.22095569448048519 -0.2207273641541416 7.6421089531673846e-17 0.010042391991875045
34 34 1.7083333333333333 0.70833333333333326 0.20817130559692651 -0.20811062485889609 4.8058224238238603e-17 0.0050259620739508647
34 35 1.7083333333333333 0.72916666666666663 0.19339656947672451 -0.19339150270284941 1.0173197695243592e-16 -0.0013999170330130783
34 36 1.7083333333333333 0.75 0.17694676504935111 -0.17681172008903567 4.197988550245186e-17 -0.0069118232462041188
34 37 1.7083333333333333 0.77083333333333326 0.15775768429862591 -0.15741880026833052 6.0853431394128256e-17 -0.010334809013445117
34 38 1.7083333333333333 0.79166666666666663 0.13563320963707248 -0.1351607753725303 4.2476187059852788e-17 -0.01131071868408279
34 39 1.7083333333333333 0.8125 0.1115438582797483 -0.11113697995048734 3.6837026900112638e-17 -0.0095186137340239549
34 40 1.7083333333333333 0.83333333333333326 0.085907159205826589 -0.085723279596091884 3.7366907005783524e-17 -0.0056177698515952603
34 41 1.7083333333333333 0.85416666666666663 0.058879209643245951 -0.058863305091796686 3.5573467300436836e-17 -0.0013684450604132415
34 42 1.7083333333333333 0.875 0.031277004367251782 -0.031207259366597889 5.9965424950504489e-17 0.0020875739543727658
34 43 1.7083333333333333 0.89583333333333326 0.0063733291957653046 -0.0044547622524999447 1.3080840867712922e-17 0.0045578962593828352
34 44 1.7083333333333333 0.91666666666666663 0.021067882569322127 0.020144240523972984 7.4553570612089561e-17 0.0061697041798672806
34 45 1.7083333333333333 0.9375 0.043188646607946718 0.042666712539913894 6.2317917350251508e-17 0.0066940896963262816
34 46 1.7083333333333333 0.95833333333333326 0.062847232485631829 0.062603642582930677 6.8211405078863383e-17 0.0055279803230226842
34 47 1.7083333333333333 0.97916666666666663 0.077008310249745263 0.076949157112911171 6.3048934624548275e-17 0.0030177917644417301
34 48 1.7083333333333333 1 0.08229611783311748 0.08229611783311748 7.3929047471316881e-17 0
35 0 1.7291666666666665 0 0.064337197709901997 0.064337197709901997 6.5818448891560915e-17 0
35 1 1.7291666666666665 0.020833333333333332 0.059579759312099724 0.059577653374161259 7.1302020626800749e-17 -0.00050093723761124493
35 2 1.7291666666666665 0.041666666666666664 0.046982147159534741 0.046972410674886916 6.1532331118561682e-17 -0.00095644503759893221
35 3 1.7291666666666665 0.0625 0.030123923516312476 0.030116950913797017 6.9507244291514293e-17 -0.00064810159125315808
35 4 1.7291666666666665 0.083333333333333329 0.011972468375693048 0.011950455538276623 4.8850526329618325e-17 0.00072567998087568017
35 5 1.7291666666666665 0.10416666666666666 0.00766374657104682 -0.0072413230617528789 4.3984895504325391e-17 0.0025092333132966738
35 6 1.7291666666666665 0.125 0.028685558653615193 -0.028289302736654413 2.3465986012830461e-17 0.0047514867088012218
35 7 1.7291666666666665 0.14583333333333331 0.05178288982250312 -0.051163908853832138 3.7924244696450331e-17 0.0079826129284999627
35 8 1.7291666666666665 0.16666666666666666 0.075792372165549432 -0.074811569838913308 5.4580211169352669e-17 0.012153711232317042
35 9 1.7291666666666665 0.1875 0.099715590837039833 -0.098282116988769305 4.7822716310623718e-17 0.016847092811099675
35 10 1.7291666666666665 0.20833333333333331 0.12294380114027799 -0.12121142446863604 4.2686642948235244e-17 0.02056620570509685
35 11 1.7291666666666665 0.22916666666666666 0.14464938910713915 -0.14301881453586393 5.4471671250179381e-17 0.021657895969477259
35 12 1.7291666666666665 0.25 0.16347555987664436 -0.16225205727257164 1.6655382510089693e-17 0.01996318080368141
35 13 1.7291666666666665 0.27083333333333331 0.17870072380686702 -0.17797095233999041 9.4402218032998269e-17 0.016133468700035871
35 14 1.7291666666666665 0.29166666666666663 0.19134512165147433 -0.19103374352187402 8.9161698908532809e-17 0.010911664210209364
35 15 1.7291666666666665 0.3125 0.20227647845557684 -0.20219615960165635 9.054498449554569e-17 0.0056997174255359112
35 16 1.7291666666666665 0.33333333333333331 0.2110307896229198 -0.21102168898575041 6.3870773433210371e-17 0.0019598332771591617
35 17 1.7291666666666665 0.35416666666666663 0.21792223919845882 -0.21792164519520382 4.9761276689291972e-17 -0.00050881498209671278
35 18 1.7291666666666665 0.375 0.22292687244130086 -0.22290804757388613 6.0158690655214792e-17 -0.0028970300754639871
35 19 1.7291666666666665 0.39583333333333331 0.22452005331362559 -0.22445879153274437 7.7634165840565357e-17 -0.0052445441759303366
35 20 1.7291666666666665 0.41666666666666663 0.22303836609292144 -0.22292357699917428 -2.0222061808107119e-17 -0.0071548282504374332
35 21 1.7291666666666665 0.4375 0.22034042624983452 -0.2201887375639984 -3.5460583228154374e-17 -0.0081745513596412928
35 22 1.7291666666666665 0.45833333333333331 0.21712990147635722 -0.21700660652743195 -5.3608520047611224e-17 -0.0073162038367532711
35 23 1.7291666666666665 0.47916666666666663 0.21485093250273218 -0.21480421126086274 -1.0172876522096537e-17 -0.0044804042108083954
35 24 1.7291666666666665 0.5 0.21423242175008203 -0.21423242175008203 -2.4301718897300876e-17 -1.9360740077557168e-16
35 25 1.7291666666666665 0.52083333333333326 0.21485093250273229 -0.21480421126086285 -7.1656727346743086e-18 0.0044804042108081213
35 26 1.7291666666666665 0.54166666666666663 0.21712990147635663 -0.21700660652743134 4.7186901654322016e-17 0.0073162038367533067
35 27 1.7291666666666665 0.5625 0.22034042624983419 -0.22018873756399804 1.5555564467169113e-17 0.0081745513596417855
35 28 1.7291666666666665 0.58333333333333326 0.22303836609292163 -0.22292357699917451 2.943465590176206e-17 0.0071548282504373343
35 29 1.7291666666666665 0.60416666666666663 0.22452005331362568 -0.22445879153274445 5.6109642459828914e-17 0.0052445441759302281
35 30 1.7291666666666665 0.625 0.22292687244130108 -0.22290804757388635 3.3736834586607332e-17 0.0028970300754641836
35 31 1.7291666666666665 0.64583333333333326 0.21792223919845866 -0.21792164519520366 8.7606068672534611e-17 0.00050881498209683746
35 32 1.7291666666666665 0.66666666666666663 0.2110307896229196 -0.21102168898575022 9.5166360794747302e-17 -0.0019598332771589835
35 33 1.7291666666666665 0.6875 0.20227647845557706 -0.20219615960165657 2.0333630754269757e-17 -0.0056997174255357897
35 34 1.7291666666666665 0.70833333333333326 0.19134512165147446 -0.19103374352187416 7.9580756450314947e-17 -0.010911664210209254
35 35 1.7291666666666665 0.72916666666666663 0.1787007238068668 -0.17797095233999019 6.0517315305561362e-17 -0.016133468700035816
35 36 1.7291666666666665 0.75 0.16347555987664458 -0.16225205727257186 3.5649758849598297e-17 -0.019963180803681337
35 37 1.7291666666666665 0.77083333333333326 0.14464938910713901 -0.14301881453586376 8.7123468141852685e-17 -0.021657895969477432
35 38 1.7291666666666665 0.79166666666666663 0.12294380114027832 -0.12121142446863638 7.337370454663588e-18 -0.020566205705096922
35 39 1.7291666666666665 0.8125 0.099715590837039653 -0.098282116988769125 5.9108098844409071e-17 -0.016847092811099661
35 40 1.7291666666666665 0.83333333333333326 0.075792372165549779 -0.074811569838913641 6.1959442825689436e-17 -0.012153711232317144
35 41 1.7291666666666665 0.85416666666666663 0.051782889822503127 -0.051163908853832145 6.9588897673423319e-17 -0.0079826129284999332
35 42 1.7291666666666665 0.875 0.028685558653615294 -0.028289302736654514 4.6768159363513364e-17 -0.0047514867088012209
35 43 1.7291666666666665 0.89583333333333326 0.0076637465710469093 -0.0072413230617529812 4.4203125471992896e-17 -0.0025092333132966521
35 44 1.7291666666666665 0.91666666666666663 0.011972468375693067 0.011950455538276641 4.8072026012878436e-17 -0.00072567998087570901
35 45 1.7291666666666665 0.9375 0.030123923516312552 0.03011695091379709 4.3979681276545259e-17 0.00064810159125324872
35 46 1.7291666666666665 0.95833333333333326 0.0469821471595347 0.046972410674886875 4.4821581829479045e-17 0.00095644503759899282
35 47 1.7291666666666665 0.97916666666666663 0.059579759312099717 0.059577653374161252 4.6515083365269436e-17 0.00050093723761126564
35 48 1.7291666666666665 1 0.0643371977099019 0.0643371977099019 5.6089538885267791e-17 0
36 0 1.75 0 0.061222775035827869 0.061222775035827869 4.7247121007669502e-17 0
36 1 1.75 0.020833333333333332 0.056534635103997311 0.056435907883109329 5.4685648213727785e-17 0.0033396508427264143
36 2 1.75 0.041666666666666664 0.044391904610162111 0.044001416081378746 3.3511513301356074e-17 0.0058750810846418325
36 3 1.75 0.0625 0.028753247224361303 0.027635953245104223 1.5817977377554216e-17 0.0079374627041425734
36 4 1.75 0.083333333333333329 0.01432735105293409 0.010386674950599152 5.0566246036251555e-17 0.0098686357549869937
36 5 1.75 0.10416666666666666 0.013576436308630003 -0.0068923279653966326 7.1189580065747128e-18 0.011696813158279419
36 6 1.75 0.125 0.028765314956538876 -0.02526048721849251 4.6144355927311838e-17 0.0137604916348674
36 7 1.75 0.14583333333333331 0.048526241574942959 -0.045547604658974145 2.3117616886272222e-17 0.016739529002320206
36 8 1.75 0.16666666666666666 0.070145847491552157 -0.066921290861336788 3.5938105202325955e-17 0.021023338216383594
36 9 1.75 0.1875 0.092381509977969595 -0.088383144501771621 4.7106337185391224e-17 0.02688425475605848
36 10 1.75 0.20833333333333331 0.11468140971137464 -0.10972442094654106 3.2781172076942054e-17 0.033352318979861566
36 11 1.75 0.22916666666666666 0.13617723645956786 -0.13078558309630417 5.3209334079231397e-17 0.037939043002226273
36 12 1.75 0.25 0.15527068138300301 -0.1502125816392158 1.4534157048437941e-17 0.039308584487665867
36 13 1.75 0.27083333333333331 0.17038131388744074 -0.1660645399120485 5.6865125442986939e-17 0.038109850508894066
36 14 1.75 0.29166666666666663 0.18190169150176358 -0.17847531946482315 4.3428669143510687e-17 0.035139517827256661
36 15 1.75 0.3125 0.19128683661765378 -0.18878682644190148 2.1864234632222419e-17 0.030825120035197436
36 16 1.75 0.33333333333333331 0.19877941764113805 -0.19706228954580068 4.6702540221491797e-17 0.026071266112657348
36 17 1.75 0.35416666666666663 0.20440417547140421 -0.20322992837739315 1.5068699732367907e-17 0.021878372011286739
36 18 1.75 0.375 0.20870170239823027 -0.2079196871982078 4.3421928710537279e-17 0.018050048734529717
36 19 1.75 0.39583333333333331 0.21086423463157028 -0.2103922492530616 6.9876150369136285e-17 0.014100599313345711
36 20 1.75 0.41666666666666663 0.21058257838085326 -0.21034490179302487 -4.0151342705184645e-19 0.010002230111876445
36 21 1.75 0.4375 0.20944361012983298 -0.20936365263070719 1.151160454102134e-16 0.005786776420948654
36 22 1.75 0.45833333333333331 0.20807939353777757 -0.20806655603965221 5.0227975180983796e-17 0.0023113357280118664
36 23 1.75 0.47916666666666663 0.2070562376086274 -0.2070558932952897 1.3417565911352065e-16 0.00037760340302747425
36 24 1.75 0.5 0.20672855438915844 -0.20672855438915844 7.8835569291580658e-17 9.164103549406019e-17
36 25 1.75 0.52083333333333326 0.20705623760862726 -0.20705589329528956 1.4246466812381688e-16 -0.00037760340302762181
36 26 1.75 0.54166666666666663 0.20807939353777802 -0.20806655603965266 3.2073303684970664e-17 -0.002311335728011928
36 27 1.75 0.5625 0.20944361012983304 -0.20936365263070725 1.6953718115671666e-16 -0.0057867764209485612
36 28 1.75 0.58333333333333326 0.21058257838085326 -0.21034490179302487 -2.418502372249402e-17 -0.010002230111876648
36 29 1.75 0.60416666666666663 0.21086423463157003 -0.21039224925306135 1.231766069573753e-16 -0.014100599313345499
36 30 1.75 0.625 0.20870170239823049 -0.20791968719820803 4.3267020617510923e-17 -0.01805004873452979
36 31 1.75 0.64583333333333326 0.2044041754714046 -0.20322992837739351 1.0150662607379827e-16 -0.021878372011287128
36 32 1.75 0.66666666666666663 0.1987794176411378 -0.19706228954580046 3.370065903687923e-17 -0.026071266112657136
36 33 1.75 0.6875 0.19128683661765394 -0.18878682644190165 8.474277859067856e-17 -0.030825120035197599
36 34 1.75 0.70833333333333326 0.18190169150176383 -0.17847531946482337 7.226050666410326e-17 -0.035139517827256744
36 35 1.75 0.72916666666666663 0.17038131388744099 -0.16606453991204878 5.2295458656507588e-17 -0.038109850508894004
36 36 1.75 0.75 0.15527068138300315 -0.150212581639216 4.3105044128379701e-17 -0.039308584487665735
36 37 1.75 0.77083333333333326 0.13617723645956795 -0.13078558309630428 2.433916714942088e-17 -0.037939043002226197
36 38 1.75 0.79166666666666663 0.11468140971137478 -0.1097244209465412 -1.596154186159127e-17 -0.033352318979861593
36 39 1.75 0.8125 0.092381509977969414 -0.088383144501771441 2.0704458121685688e-17 -0.026884254756058445
36 40 1.75 0.83333333333333326 0.070145847491552324 -0.066921290861336954 3.1997472548460528e-17 -0.021023338216383618
36 41 1.75 0.85416666666666663 0.04852624157494316 -0.045547604658974304 1.5368045493300172e-17 -0.016739529002320352
36 42 1.75 0.875 0.02876531495653889 -0.025260487218492493 3.5572218197771727e-17 -0.013760491634867457
36 43 1.75 0.89583333333333326 0.013576436308629957 -0.0068923279653966742 2.2306864450125512e-18 -0.011696813158279341
36 44 1.75 0.91666666666666663 0.014327351052934117 0.010386674950599244 4.4470730205062238e-17 -0.0098686357549869347
36 45 1.75 0.9375 0.028753247224361286 0.027635953245104233 4.0392783783162214e-17 -0.007937462704142478
36 46 1.75 0.95833333333333326 0.044391904610162139 0.044001416081378773 4.1503739682644143e-17 -0.005875081084641777
36 47 1.75 0.97916666666666663 0.056534635103997338 0.056435907883109357 3.4432418411055948e-17 -0.0033396508427264169
36 48 1.75 1 0.061222775035827952 0.061222775035827952 6.6474464971110196e-17 0
37 0 1.7708333333333333 0 0.042585535845628825 0.042585535845628825 5.6117945814774912e-17 0
37 1 1.7708333333333333 0.020833333333333332 0.038986736072905342 0.038529567763637605 1.2424280482631704e-17 0.0059529822413338668
37 2 1.7708333333333333 0.041666666666666664 0.030268836563443358 0.028261560806843479 4.1524148750345977e-17 0.010839125779579009
37 3 1.7708333333333333 0.0625 0.021110366463438789 0.015274757714879249 3.1269112207805422e-17 0.014571525279544964
37 4 1.7708333333333333 0.083333333333333329 0.017729704593532545 0.0024570464706597708 -5.1328990020631012e-18 0.017558626017286985
37 5 1.7708333333333333 0.10416666666666666 0.02255950027780244 -0.0093213245369535777 3.8845726697924748e-17 0.020543708566394616
37 6 1.7708333333333333 0.125 0.032161665407108929 -0.02150400260464759 -2.1961195136168585e-17 0.023915488574104794
37 7 1.7708333333333333 0.14583333333333331 0.045745875521567093 -0.036202873905346877 -7.3321108856190349e-18 0.027964925321342548
37 8 1.7708333333333333 0.16666666666666666 0.062724105290215174 -0.053335709823719053 -4.9701594610397458e-17 0.033009323562563933
37 9 1.7708333333333333 0.1875 0.081746219416064636 -0.071463147371595911 -2.252477837690678e-17 0.039692101941884446
37 10 1.7708333333333333 0.20833333333333331 0.10199860309231192 -0.090107357451642361 -2.5917521394643462e-17 0.047795179316170944
37 11 1.7708333333333333 0.22916666666666666 0.12249960723332912 -0.10950913871082224 6.1157713214853511e-18 0.054899019218322957
37 12 1.7708333333333333 0.25 0.14160832164577686 -0.12879477321990124 -1.2364498946837998e-17 0.058862748411605853
37 13 1.7708333333333333 0.27083333333333331 0.15725414114635738 -0.14549489871610047 5.9685491661361792e-18 0.059666568153951612
37 14 1.7708333333333333 0.29166666666666663 0.16874955288090895 -0.15841567444134627 1.3115046216445653e-17 0.058145384071309363
37 15 1.7708333333333333 0.3125 0.17714358030507324 -0.16850814779179563 4.7868022546959768e-17 0.054633800628166883
37 16 1.7708333333333333 0.33333333333333331 0.1830805822047159 -0.17629593502003515 6.3352238864752132e-17 0.049378566968162209
37 17 1.7708333333333333 0.35416666666666663 0.18675521421973895 -0.1815836415303882 9.2339741024367696e-17 0.04364505890503597
37 18 1.7708333333333333 0.375 0.1890159422313808 -0.18514615835791329 7.0739682859257067e-17 0.038051628912875377
37 19 1.7708333333333333 0.39583333333333331 0.19032721832384025 -0.18761807479195763 6.723881008268198e-17 0.031998563190401834
37 20 1.7708333333333333 0.41666666666666663 0.1900747443998817 -0.18835921046818857 1.4659471972577442e-16 0.025479723124104039
37 21 1.7708333333333333 0.4375 0.18899063155776311 -0.18808992354524293 9.4390201459094342e-17 0.018429310278652349
37 22 1.7708333333333333 0.45833333333333331 0.18779673432947891 -0.18745529048064524 1.0418007225508005e-16 0.011319341660794145
37 23 1.7708333333333333 0.47916666666666663 0.18672885021602731 -0.18665630501289096 5.5073624285876216e-17 0.0052045462755340565
37 24 1.7708333333333333 0.5 0.18627225312854115 -0.18627225312854115 5.287704952967071e-17 -7.9842309916247079e-17
37 25 1.7708333333333333 0.52083333333333326 0.18672885021602714 -0.18665630501289082 7.6789589967471541e-17 -0.0052045462755338683
37 26 1.7708333333333333 0.54166666666666663 0.18779673432947874 -0.18745529048064508 8.3400049983560077e-17 -0.011319341660794152
37 27 1.7708333333333333 0.5625 0.18899063155776288 -0.18808992354524268 1.1683249077299002e-16 -0.018429310278652546
37 28 1.7708333333333333 0.58333333333333326 0.19007474439988162 -0.18835921046818851 4.3848798198410762e-17 -0.025479723124103848
37 29 1.7708333333333333 0.60416666666666663 0.19032721832384042 -0.18761807479195783 1.1996253410371534e-16 -0.031998563190401876
37 30 1.7708333333333333 0.625 0.18901594223138068 -0.18514615835791315 1.3803049918983709e-16 -0.03805162891287555
37 31 1.7708333333333333 0.64583333333333326 0.18675521421973906 -0.18158364153038833 4.1426686341001171e-17 -0.043645058905035908
37 32 1.7708333333333333 0.66666666666666663 0.18308058220471574 -0.17629593502003499 1.1149042087988553e-16 -0.049378566968162223
37 33 1.7708333333333333 0.6875 0.17714358030507338 -0.16850814779179576 7.9493579230890762e-17 -0.054633800628167022
37 34 1.7708333333333333 0.70833333333333326 0.16874955288090887 -0.15841567444134613 2.190153320020464e-17 -0.058145384071309481
37 35 1.7708333333333333 0.72916666666666663 0.15725414114635752 -0.14549489871610063 1.11766600262065e-16 -0.059666568153951605
37 36 1.7708333333333333 0.75 0.141608321645777 -0.1287947732199014 8.1370353023157415e-18 -0.058862748411605791
37 37 1.7708333333333333 0.77083333333333326 0.1224996072333291 -0.10950913871082228 1.3546054030734703e-17 -0.054899019218322832
37 38 1.7708333333333333 0.79166666666666663 0.10199860309231193 -0.090107357451642389 1.7791027511153404e-17 -0.047795179316170909
37 39 1.7708333333333333 0.8125 0.081746219416064594 -0.071463147371595828 -1.3112687322183053e-17 -0.039692101941884508
37 40 1.7708333333333333 0.83333333333333326 0.062724105290215132 -0.053335709823719019 -1.2969720751877004e-17 -0.033009323562563905
37 41 1.7708333333333333 0.85416666666666663 0.045745875521567149 -0.036202873905346933 5.4883121036611143e-17 -0.027964925321342558
37 42 1.7708333333333333 0.875 0.03216166540710895 -0.021504002604647535 4.004391786739169e-19 -0.023915488574104866
37 43 1.7708333333333333 0.89583333333333326 0.022559500277802475 -0.0093213245369536003 6.2244948117038951e-18 -0.020543708566394644
37 44 1.7708333333333333 0.91666666666666663 0.01772970459353267 0.0024570464706597599 3.1830530082193866e-18 -0.017558626017287114
37 45 1.7708333333333333 0.9375 0.021110366463438956 0.015274757714879388 2.8690890082920415e-17 -0.014571525279545063
37 46 1.7708333333333333 0.95833333333333326 0.030268836563443306 0.02826156080684343 2.9653698879297832e-17 -0.010839125779578983
37 47 1.7708333333333333 0.97916666666666663 0.038986736072905412 0.038529567763637688 5.6763840226877847e-17 -0.0059529822413338131
37 48 1.7708333333333333 1 0.042585535845628797 0.042585535845628797 5.0735620948980212e-17 0
38 0 1.7916666666666665 0 0.035740116246837102 0.035740116246837102 8.2204041258781621e-17 0
38 1 1.7916666666666665 0.020833333333333332 0.03473315228361365 0.032278366933556048 4.6127294295264279e-17 0.012825712286630001
38 2 1.7916666666666665 0.041666666666666664 0.033555492618175399 0.023371104100889144 5.5446593371458824e-17 0.024078259446102538
38 3 1.7916666666666665 0.0625 0.034823624143121734 0.0117912650811147 1.7364782288017022e-17 0.032766612065459194
38 4 1.7916666666666665 0.083333333333333329 0.039031514374490768 0.00056650862497898216 -8.7615462911121718e-18 0.03902740296693983
38 5 1.7916666666666665 0.10416666666666666 0.044859730215533231 -0.0090743143349168477 -2.2187126762646168e-18 0.043932359535558158
38 6 1.7916666666666665 0.125 0.051669614305147681 -0.018067830510231159 -1.7984424853938129e-17 0.048407670291972141
38 7 1.7916666666666665 0.14583333333333331 0.0602503627220356 -0.028769638873825682 3.4125712835725462e-18 0.052937832286621966
38 8 1.7916666666666665 0.16666666666666666 0.071677202981166629 -0.042334901566165303 9.1802631216130666e-18 0.057839238727584029
38 9 1.7916666666666665 0.1875 0.086059133292699236 -0.057539967924423466 -1.1291228624497927e-18 0.063994738177032121
38 10 1.7916666666666665 0.20833333333333331 0.10266463793321229 -0.073240101592164236 2.7692714411113733e-17 0.071943835043226836
38 11 1.7916666666666665 0.22916666666666666 0.12014392056718122 -0.089563219852167988 7.6314165864259988e-17 0.080081154455748024
38 12 1.7916666666666665 0.25 0.13697936052854698 -0.10649914187681522 4.4454767922579806e-17 0.086146839700082065
38 13 1.7916666666666665 0.27083333333333331 0.15142358947755555 -0.12236221617178701 6.60312357475195e-17 0.089199728159878047
38 14 1.7916666666666665 0.29166666666666663 0.16200783523943543 -0.13517715629683622 5.9290569522783655e-17 0.089295437142492176
38 15 1.7916666666666665 0.3125 0.16893268965188477 -0.14505771481197344 1.1276587330570689e-16 0.086582405871794749
38 16 1.7916666666666665 0.33333333333333331 0.1729607395304712 -0.15280777463528505 1.272438169248428e-16 0.081025930602119184
38 17 1.7916666666666665 0.35416666666666663 0.17454095336334274 -0.15826265132896955 1.5832718812872329e-16 0.07360351618849198
38 18 1.7916666666666665 0.375 0.17445323583621622 -0.16177475471990518 5.8362104789485187e-17 0.065290583004296923
38 19 1.7916666666666665 0.39583333333333331 0.17382677261647433 -0.16466621042915527 1.4954627663092904e-16 0.055684701859313422
38 20 1.7916666666666665 0.41666666666666663 0.17254045808388316 -0.16655628093536273 8.9736581374963817e-17 0.045046808508225782
38 21 1.7916666666666665 0.4375 0.17073480390344967 -0.16737012481266003 1.7254141901440316e-16 0.033728542573672166
38 22 1.7916666666666665 0.45833333333333331 0.16875125648077774 -0.16731080667184242 4.2413562658038102e-17 0.022001830257017255
38 23 1.7916666666666665 0.47916666666666663 0.16705897782797874 -0.16670745057186245 1.8558878747294616e-16 0.010831804870801914
38 24 1.7916666666666665 0.5 0.16640589826235744 -0.16640589826235744 1.0978025334613239e-16 5.5935189782715123e-17
38 25 1.7916666666666665 0.52083333333333326 0.16705897782797885 -0.16670745057186256 1.7700304648250276e-16 -0.010831804870802002
38 26 1.7916666666666665 0.54166666666666663 0.16875125648077802 -0.1673108066718427 1.3924286201704557e-16 -0.02200183025701722
38 27 1.7916666666666665 0.5625 0.17073480390344997 -0.16737012481266031 1.9159235400885479e-16 -0.033728542573672263
38 28 1.7916666666666665 0.58333333333333326 0.17254045808388227 -0.16655628093536184 1.140234060666885e-16 -0.045046808508225684
38 29 1.7916666666666665 0.60416666666666663 0.17382677261647445 -0.16466621042915544 1.3233010932448559e-16 -0.055684701859313276
38 30 1.7916666666666665 0.625 0.17445323583621625 -0.16177475471990521 1.0094835366378889e-16 -0.065290583004296937
38 31 1.7916666666666665 0.64583333333333326 0.17454095336334294 -0.15826265132896966 9.8432523463573005e-17 -0.07360351618849216
38 32 1.7916666666666665 0.66666666666666663 0.17296073953047086 -0.15280777463528475 1.4411491689104264e-16 -0.081025930602119059
38 33 1.7916666666666665 0.6875 0.16893268965188443 -0.1450577148119731 1.0362094296455809e-16 -0.086582405871794652
38 34 1.7916666666666665 0.70833333333333326 0.16200783523943554 -0.13517715629683635 9.6497924377564519e-17 -0.08929543714249219
38 35 1.7916666666666665 0.72916666666666663 0.15142358947755552 -0.12236221617178715 5.4979276820857366e-17 -0.089199728159877797
38 36 1.7916666666666665 0.75 0.13697936052854714 -0.10649914187681533 2.9174703507792177e-17 -0.086146839700082189
38 37 1.7916666666666665 0.77083333333333326 0.12014392056718125 -0.08956321985216803 4.1802355577030407e-17 -0.080081154455748038
38 38 1.7916666666666665 0.79166666666666663 0.10266463793321226 -0.073240101592164125 3.5699035887807421e-17 -0.071943835043226906
38 39 1.7916666666666665 0.8125 0.086059133292699402 -0.057539967924423646 5.3423770967922174e-17 -0.06399473817703219
38 40 1.7916666666666665 0.83333333333333326 0.071677202981166574 -0.042334901566165137 -7.259771901815896e-18 -0.057839238727584098
38 41 1.7916666666666665 0.85416666666666663 0.060250362722035461 -0.028769638873825842 3.0964038109048784e-17 -0.052937832286621724
38 42 1.7916666666666665 0.875 0.051669614305147701 -0.018067830510231093 -3.9556232483758663e-17 -0.048407670291972182
38 43 1.7916666666666665 0.89583333333333326 0.044859730215533092 -0.0090743143349169553 1.055030096242971e-17 -0.043932359535557991
38 44 1.7916666666666665 0.91666666666666663 0.039031514374490782 0.00056650862497897836 -2.1908391063572222e-18 -0.039027402966939843
38 45 1.7916666666666665 0.9375 0.034823624143121776 0.011791265081114773 4.0564580883878981e-17 -0.032766612065459215
38 46 1.7916666666666665 0.95833333333333326 0.033555492618175496 0.023371104100889231 3.5619039320381681e-17 -0.024078259446102597
38 47 1.7916666666666665 0.97916666666666663 0.034733152283613671 0.032278366933556082 2.1798937948194089e-17 -0.012825712286629971
38 48 1.7916666666666665 1 0.035740116246837136 0.035740116246837136 5.0769090060527579e-17 0
39 0 1.8125 0 0.01542672003169805 0.01542672003169805 5.8552292722868777e-17 0
39 1 1.8125 0.020833333333333332 0.020911919266257246 0.013067391509186042 2.3909309715005658e-17 0.016326409481086573
39 2 1.8125 0.041666666666666664 0.031803512631839823 0.0065556152364268632 2.1573306829568592e-17 0.031120528989648028
39 3 1.8125 0.0625 0.043275787617278891 -0.0021154295335228633 4.923191242994026e-17 0.043224052931030522
39 4 1.8125 0.083333333333333329 0.053657173670314064 -0.010452788861790754 -1.7908421073787621e-17 0.052629188586725023
39 5 1.8125 0.10416666666666666 0.062772418521835044 -0.016662233092284696 1.4817713684186048e-17 0.060520628842228599
39 6 1.8125 0.125 0.071161731986923146 -0.020821550024042328 -1.2117019002749656e-17 0.068047447813823145
39 7 1.8125 0.14583333333333331 0.079626703919855754 -0.024940631082360196 1.6668258261401958e-17 0.075619950399044691
39 8 1.8125 0.16666666666666666 0.088681575155110839 -0.031276468325125178 -1.9711013124995834e-17 0.082983156731345264
39 9 1.8125 0.1875 0.098800423214317631 -0.040214061451763344 4.5678771985276773e-17 0.090246068550835362
39 10 1.8125 0.20833333333333331 0.1103511790159981 -0.050716268557644606 -5.1510459124555906e-18 0.098006340681660642
39 11 1.8125 0.22916666666666666 0.12264463492279863 -0.062176587152786573 5.9024484075281225e-17 0.10571555460469616
39 12 1.8125 0.25 0.13443765134008773 -0.074586556042366081 4.3367867001417763e-17 0.11184957646579612
39 13 1.8125 0.27083333333333331 0.14464317627768894 -0.087346053799855661 8.3461116348320727e-17 0.11529230385976036
39 14 1.8125 0.29166666666666663 0.15197681387097567 -0.098636654319845446 3.5505966359265027e-17 0.11561903986351252
39 15 1.8125 0.3125 0.15567535231629151 -0.10748813373202928 8.00220236289832e-17 0.11261046321548845
39 16 1.8125 0.33333333333333331 0.1560300000390199 -0.11442119852138864 8.528412067237625e-17 0.10608086651750881
39 17 1.8125 0.35416666666666663 0.15389702932873117 -0.11967173536963399 1.563100872366525e-16 0.096762448242221702
39 18 1.8125 0.375 0.15010746350444645 -0.12316845082231867 1.6723365790129881e-16 0.085800835204377757
39 19 1.8125 0.39583333333333331 0.14545678030116685 -0.12569918680607786 2.327823427316868e-16 0.073194189467967075
39 20 1.8125 0.41666666666666663 0.14059548032734151 -0.12752374239564915 2.3861375212286726e-16 0.059201218010138883
39 21 1.8125 0.4375 0.1360917113720537 -0.12858350542545197 1.9055282013056542e-16 0.044578425686391601
39 22 1.8125 0.45833333333333331 0.13223043593654191 -0.1288959033601268 2.4206741329722365e-16 0.029508207077773664
39 23 1.8125 0.47916666666666663 0.12956033182891422 -0.12873142445512301 2.5338969524103514e-16 0.014632154365414625
39 24 1.8125 0.5 0.12871332208533132 -0.12871332208533132 3.1359538130506713e-16 -4.4420820784601041e-17
39 25 1.8125 0.52083333333333326 0.12956033182891419 -0.12873142445512301 2.6322963993387778e-16 -0.014632154365414377
39 26 1.8125 0.54166666666666663 0.13223043593654199 -0.12889590336012688 2.5864810449433835e-16 -0.02950820707777365
39 27 1.8125 0.5625 0.13609171137205375 -0.12858350542545208 2.2085784523382473e-16 -0.044578425686391421
39 28 1.8125 0.58333333333333326 0.14059548032734182 -0.12752374239564948 2.170286547662256e-16 -0.059201218010138855
39 29 1.8125 0.60416666666666663 0.14545678030116688 -0.12569918680607775 1.6793844897433738e-16 -0.073194189467967297
39 30 1.8125 0.625 0.15010746350444604 -0.12316845082231817 2.3047966691055801e-16 -0.085800835204377757
39 31 1.8125 0.64583333333333326 0.15389702932873109 -0.11967173536963389 1.2384619318276173e-16 -0.096762448242221702
39 32 1.8125 0.66666666666666663 0.15603000003902012 -0.11442119852138863 9.9512268902016577e-17 -0.10608086651750913
39 33 1.8125 0.6875 0.15567535231629134 -0.1074881337320292 5.6903637005578909e-17 -0.1126104632154883
39 34 1.8125 0.70833333333333326 0.15197681387097572 -0.098636654319845571 6.2741194914712233e-17 -0.1156190398635125
39 35 1.8125 0.72916666666666663 0.1446431762776888 -0.087346053799855661 2.3011919864843243e-17 -0.11529230385976019
39 36 1.8125 0.75 0.13443765134008775 -0.074586556042366067 1.8837935030998256e-17 -0.11184957646579619
39 37 1.8125 0.77083333333333326 0.12264463492279853 -0.062176587152786657 1.7094684926069261e-17 -0.10571555460469599
39 38 1.8125 0.79166666666666663 0.11035117901599836 -0.05071626855764453 -2.1224807884896665e-17 -0.098006340681660975
39 39 1.8125 0.8125 0.09880042321431759 -0.040214061451763358 5.3586460639765573e-17 -0.090246068550835307
39 40 1.8125 0.83333333333333326 0.08868157515511077 -0.031276468325125026 -3.8646680409089987e-17 -0.082983156731345251
39 41 1.8125 0.85416666666666663 0.079626703919855546 -0.024940631082360141 5.0410504904595135e-17 -0.075619950399044497
39 42 1.8125 0.875 0.071161731986922924 -0.020821550024042325 -2.2749059931929731e-17 -0.068047447813822909
39 43 1.8125 0.89583333333333326 0.062772418521835141 -0.016662233092284803 -1.4024004728719173e-17 -0.060520628842228669
39 44 1.8125 0.91666666666666663 0.053657173670314043 -0.010452788861790763 -4.2652745813948347e-18 -0.052629188586725002
39 45 1.8125 0.9375 0.043275787617278953 -0.0021154295335229665 3.220137306709105e-17 -0.043224052931030578
39 46 1.8125 0.95833333333333326 0.031803512631839843 0.0065556152364268519 6.5964027944843214e-18 -0.031120528989648049
39 47 1.8125 0.97916666666666663 0.020911919266257212 0.013067391509186054 4.1167721115987061e-17 -0.016326409481086518
39 48 1.8125 1 0.015426720031698118 0.015426720031698118 2.1603567050835482e-17 0
40 0 1.8333333333333333 0 0.0057994809976917583 -0.0057994809976917583 1.6356631148543294e-17 0
40 1 1.8333333333333333 0.020833333333333332 0.025382750627751246 -0.0061109412506659246 3.1685492576346822e-17 0.024636160952175887
40 2 1.8333333333333333 0.041666666666666664 0.048053905720876727 -0.0073033912582460957 1.6879044047171606e-17 0.04749566644610731
40 3 1.8333333333333333 0.0625 0.06769432811161101 -0.0094351718574612192 1.9563835780848945e-17 0.067033570623252797
40 4 1.8333333333333333 0.083333333333333329 0.083343429753112985 -0.012198817165835216 3.3748234265299126e-17 0.082445837631542104
40 5 1.8333333333333333 0.10416666666666666 0.095615166553037645 -0.014418111840139256 8.6391632682309246e-18 0.094521839412541928
40 6 1.8333333333333333 0.125 0.10553040822650395 -0.01558491248590748 2.7908031697450697e-17 0.10437326076758921
40 7 1.8333333333333333 0.14583333333333331 0.11385070774803449 -0.016367629644393835 3.4961939458832773e-17 0.11266802720626788
40 8 1.8333333333333333 0.16666666666666666 0.12084051643256352 -0.018399011882524258 1.6753712617231292e-17 0.1194315987225968
40 9 1.8333333333333333 0.1875 0.12660252045139808 -0.022969029472135208 1.5874924258896972e-17 0.1245014934438734
40 10 1.8333333333333333 0.20833333333333331 0.13197730839114005 -0.029788034050252609 4.1934997418269577e-17 0.12857170356494105
40 11 1.8333333333333333 0.22916666666666666 0.13746582517352274 -0.037786341460402169 7.0737736427999381e-17 0.13217051671865179
40 12 1.8333333333333333 0.25 0.14259854206266626 -0.046354851599731309 7.6306836606474735e-17 0.13485389105088844
40 13 1.8333333333333333 0.27083333333333331 0.14666959760992829 -0.055596304898464052 1.0403882852425744e-16 0.135724064722124
40 14 1.8333333333333333 0.29166666666666663 0.1489857342059803 -0.064733695764558286 1.4755301529153674e-16 0.13418754647714748
40 15 1.8333333333333333 0.3125 0.14863818336267368 -0.072511398049420528 1.5462094403933137e-16 0.12975132641431569
40 16 1.8333333333333333 0.33333333333333331 0.14506617070896669 -0.078704635069683782 1.8580070773242788e-16 0.12185965001882686
40 17 1.8333333333333333 0.35416666666666663 0.13886068236476246 -0.08366630141143104 1.9310379798820755e-16 0.11082526388391331
40 18 1.8333333333333333 0.375 0.13112830666836842 -0.087408799853112659 2.637655761156988e-16 0.097746276235732732
40 19 1.8333333333333333 0.39583333333333331 0.12259482299259977 -0.090125872646478519 1.8301478054926385e-16 0.083107266254507525
40 20 1.8333333333333333 0.41666666666666663 0.11404560655504382 -0.09221739572338522 2.0600902728438272e-16 0.067099570047090676
40 21 1.8333333333333333 0.4375 0.10651383859228916 -0.0937161178123114 2.3128979154559239e-16 0.050621014152752775
40 22 1.8333333333333333 0.45833333333333331 0.10059931261720613 -0.094761625534969154 2.2747767440826018e-16 0.033770638504841015
40 23 1.8333333333333333 0.47916666666666663 0.096721564604579244 -0.09525581936544765 2.5368174055604522e-16 0.016774681415007701
40 24 1.8333333333333333 0.5 0.09545486527281033 -0.09545486527281033 2.5216379287375081e-16 -5.2355024806234922e-17
40 25 1.8333333333333333 0.52083333333333326 0.096721564604579369 -0.095255819365447802 2.4693166812740656e-16 -0.01677468141500759
40 26 1.8333333333333333 0.54166666666666663 0.10059931261720631 -0.094761625534969404 2.3179284722842048e-16 -0.033770638504840869
40 27 1.8333333333333333 0.5625 0.10651383859228913 -0.093716117812311456 2.4258182833792697e-16 -0.050621014152752643
40 28 1.8333333333333333 0.58333333333333326 0.11404560655504373 -0.092217395723385109 2.3433167336799785e-16 -0.067099570047090676
40 29 1.8333333333333333 0.60416666666666663 0.12259482299260005 -0.090125872646478866 2.2852241708591973e-16 -0.083107266254507553
40 30 1.8333333333333333 0.625 0.13112830666836839 -0.087408799853112604 2.4795676417223231e-16 -0.097746276235732746
40 31 1.8333333333333333 0.64583333333333326 0.13886068236476201 -0.083666301411430791 2.1381944899305119e-16 -0.11082526388391296
40 32 1.8333333333333333 0.66666666666666663 0.14506617070896685 -0.07870463506968374 2.2857623458988166e-16 -0.12185965001882706
40 33 1.8333333333333333 0.6875 0.14863818336267373 -0.07251139804942075 1.6578825239191494e-16 -0.12975132641431561
40 34 1.8333333333333333 0.70833333333333326 0.1489857342059803 -0.06473369576455848 1.629499742757982e-16 -0.1341875464771474
40 35 1.8333333333333333 0.72916666666666663 0.14666959760992851 -0.05559630489846433 1.1929401868947019e-16 -0.13572406472212412
40 36 1.8333333333333333 0.75 0.14259854206266626 -0.046354851599731121 7.0262058277192142e-17 -0.13485389105088849
40 37 1.8333333333333333 0.77083333333333326 0.13746582517352299 -0.037786341460402315 7.3818418752209622e-17 -0.13217051671865201
40 38 1.8333333333333333 0.79166666666666663 0.13197730839113994 -0.02978803405025246 6.5678239869203027e-17 -0.12857170356494099
40 39 1.8333333333333333 0.8125 0.1266025204513978 -0.022969029472135208 3.7148532262823289e-17 -0.12450149344387314
40 40 1.8333333333333333 0.83333333333333326 0.12084051643256337 -0.018399011882524154 -3.338958791493458e-17 -0.11943159872259666
40 41 1.8333333333333333 0.85416666666666663 0.11385070774803452 -0.016367629644393766 3.459247953325353e-17 -0.11266802720626792
40 42 1.8333333333333333 0.875 0.105530408226504 -0.015584912485907503 1.8374853767152683e-18 -0.10437326076758927
40 43 1.8333333333333333 0.89583333333333326 0.095615166553037687 -0.014418111840139237 3.962860707087555e-17 -0.094521839412541983
40 44 1.8333333333333333 0.91666666666666663 0.083343429753113055 -0.01219881716583524 9.0409273626365987e-18 -0.08244583763154216
40 45 1.8333333333333333 0.9375 0.067694328111611038 -0.0094351718574612001 3.006320809845272e-17 -0.067033570623252825
40 46 1.8333333333333333 0.95833333333333326 0.048053905720876595 -0.0073033912582460099 1.2451442421258088e-17 -0.047495666446107185
40 47 1.8333333333333333 0.97916666666666663 0.025382750627751253 -0.0061109412506658647 2.576589807758778e-17 -0.024636160952175908
40 48 1.8333333333333333 1 0.0057994809976917305 -0.0057994809976917305 1.0338871019355856e-17 0
41 0 1.8541666666666665 0 0.030077514723764444 -0.030077514723764444 4.0649635677828717e-17 0
41 1 1.8541666666666665 0.020833333333333332 0.042548151301805844 -0.029268934006445407 1.3129484342150024e-17 0.030881623683474059
41 2 1.8541666666666665 0.041666666666666664 0.065349816914450909 -0.027359674132002035 1.7114094883388012e-17 0.059346834811495323
41 3 1.8541666666666665 0.0625 0.087008552871172248 -0.025333550914073223 2.831403180465e-17 0.083238809883489057
41 4 1.8541666666666665 0.083333333333333329 0.10435444672305047 -0.023899747026764253 1.7691251743534555e-17 0.10158076906053946
41 5 1.8541666666666665 0.10416666666666666 0.11742646461574706 -0.022562955595587054 2.0353107076025587e-17 0.11523839476036128
41 6 1.8541666666666665 0.125 0.12756797424695737 -0.0203440211646106 1.9843404970876108e-17 0.12593533601148749
41 7 1.8541666666666665 0.14583333333333331 0.13598180485339009 -0.016700487648321195 3.6169738850913289e-17 0.1349523803550487
41 8 1.8541666666666665 0.16666666666666666 0.14295469328372057 -0.012482274917721038 7.3623980141371343e-17 0.14240869757399319
41 9 1.8541666666666665 0.1875 0.14804929810486428 -0.0092673650552875762 9.1729943292408326e-17 0.14775896119787457
41 10 1.8541666666666665 0.20833333333333331 0.15115358198853932 -0.0082220627621098358 1.1649442672984352e-16 0.15092979504359635
41 11 1.8541666666666665 0.22916666666666666 0.15268472356399979 -0.0093677799805111633 1.1517210116992852e-16 0.15239707841048583
41 12 1.8541666666666665 0.25 0.15277408208219537 -0.011856173745154176 1.7035613647802545e-16 0.15231333264091521
41 13 1.8541666666666665 0.27083333333333331 0.15102763288018334 -0.015548453347602251 1.8505883414252918e-16 0.15022513601887291
41 14 1.8541666666666665 0.29166666666666663 0.14727335474139858 -0.020421990016302533 1.7749568115162506e-16 0.14585055138928979
41 15 1.8541666666666665 0.3125 0.1413200524242019 -0.02552534498166243 2.4687905070178274e-16 0.13899573367821866
41 16 1.8541666666666665 0.33333333333333331 0.1326840820422924 -0.029991176997766815 2.3555402812538454e-16 0.12925012545330239
41 17 1.8541666666666665 0.35416666666666663 0.12144442294035411 -0.033743739789664891 2.3955035308793592e-16 0.11666236706120356
41 18 1.8541666666666665 0.375 0.10856005082239928 -0.037044266120782765 2.8769777374524719e-16 0.10204414232151957
41 19 1.8541666666666665 0.39583333333333331 0.094908431816257369 -0.039874017424237254 3.294648768734487e-16 0.086125914591792863
41 20 1.8541666666666665 0.41666666666666663 0.0810099429198088 -0.042191179425417683 3.4478876196249178e-16 0.069155731726031872
41 21 1.8541666666666665 0.4375 0.068040885407081239 -0.043901591078321305 3.902841406633166e-16 0.051982808579100648
41 22 1.8541666666666665 0.45833333333333331 0.05706269967548816 -0.045261611453970514 3.3102610526022696e-16 0.034749650686658161
41 23 1.8541666666666665 0.47916666666666663 0.04913997727334897 -0.04596523414763512 3.9228811111521296e-16 0.017376265887075144
41 24 1.8541666666666665 0.5 0.046069430881642899 -0.046069430881642899 3.2677461538184525e-16 3.9526136874281438e-18
41 25 1.8541666666666665 0.52083333333333326 0.049139977273348949 -0.045965234147635085 3.8591572965576866e-16 -0.017376265887075196
41 26 1.8541666666666665 0.54166666666666663 0.057062699675488028 -0.045261611453970299 3.1895990269262916e-16 -0.034749650686658223
41 27 1.8541666666666665 0.5625 0.06804088540708142 -0.043901591078321194 3.4848128000418793e-16 -0.051982808579100974
41 28 1.8541666666666665 0.58333333333333326 0.081009942919808814 -0.042191179425417669 3.421752221680563e-16 -0.069155731726031899
41 29 1.8541666666666665 0.60416666666666663 0.094908431816257369 -0.039874017424237185 2.9050691262899362e-16 -0.08612591459179289
41 30 1.8541666666666665 0.625 0.10856005082239933 -0.037044266120782834 2.2017398238340405e-16 -0.10204414232151961
41 31 1.8541666666666665 0.64583333333333326 0.12144442294035372 -0.033743739789664585 2.7927693140399796e-16 -0.11666236706120325
41 32 1.8541666666666665 0.66666666666666663 0.13268408204229251 -0.029991176997767217 2.1801581564922664e-16 -0.12925012545330239
41 33 1.8541666666666665 0.6875 0.14132005242420162 -0.025525344981662354 2.3437332544544061e-16 -0.13899573367821841
41 34 1.8541666666666665 0.70833333333333326 0.14727335474139874 -0.020421990016302592 1.5769724051548092e-16 -0.14585055138928996
41 35 1.8541666666666665 0.72916666666666663 0.15102763288018312 -0.015548453347602166 2.0051412594785673e-16 -0.15022513601887272
41 36 1.8541666666666665 0.75 0.15277408208219556 -0.011856173745154235 8.7840288296776519e-17 -0.1523133326409154
41 37 1.8541666666666665 0.77083333333333326 0.15268472356399962 -0.009367779980511302 1.1616018752960421e-16 -0.15239707841048566
41 38 1.8541666666666665 0.79166666666666663 0.15115358198853926 -0.0082220627621097681 2.1575132841308339e-17 -0.1509297950435963
41 39 1.8541666666666665 0.8125 0.14804929810486422 -0.0092673650552877792 9.0997593991089921e-17 -0.14775896119787452
41 40 1.8541666666666665 0.83333333333333326 0.14295469328372057 -0.012482274917721135 1.8055063030083288e-17 -0.14240869757399319
41 41 1.8541666666666665 0.85416666666666663 0.13598180485339009 -0.016700487648321261 6.3234080018745713e-17 -0.1349523803550487
41 42 1.8541666666666665 0.875 0.12756797424695723 -0.02034402116461043 5.3582267387658175e-17 -0.12593533601148738
41 43 1.8541666666666665 0.89583333333333326 0.11742646461574704 -0.022562955595587162 1.4308585826714893e-17 -0.11523839476036125
41 44 1.8541666666666665 0.91666666666666663 0.10435444672305047 -0.023899747026764281 5.0585063602817908e-17 -0.10158076906053946
41 45 1.8541666666666665 0.9375 0.087008552871172234 -0.025333550914073293 1.2069570578938977e-17 -0.083238809883489029
41 46 1.8541666666666665 0.95833333333333326 0.065349816914450895 -0.027359674132001993 2.2965844466959922e-17 -0.059346834811495323
41 47 1.8541666666666665 0.97916666666666663 0.042548151301805628 -0.029268934006445185 5.2846040409132739e-17 -0.030881623683473976
41 48 1.8541666666666665 1 0.030077514723764534 -0.030077514723764534 -6.4363548849021281e-18 0
42 0 1.875 0 0.053518769084935351 -0.053518769084935351 4.1217258597810071e-17 0
42 1 1.875 0.020833333333333332 0.060591280126532462 -0.051425488626976955 -2.8303406808016442e-17 0.032042508435648293
42 2 1.875 0.041666666666666664 0.077429572031051108 -0.045850339555355502 5.0801772010180791e-17 0.062394591012124877
42 3 1.875 0.0625 0.096785665716540986 -0.038149181208778339 9.2427648451034296e-18 0.088950014397378332
42 4 1.875 0.083333333333333329 0.11420292147679986 -0.029776280409714938 5.3585339091126382e-17 0.11025280222651097
42 5 1.875 0.10416666666666666 0.12799303558408834 -0.021742272039606405 5.0037573393728131e-17 0.12613282984451532
42 6 1.875 0.125 0.13831896608712374 -0.014369706017334297 9.6356157445221909e-17 0.13757051983759555
42 7 1.875 0.14583333333333331 0.14599549427004538 -0.0072109908812310417 8.6848385505826503e-17 0.14581730335479962
42 8 1.875 0.16666666666666666 0.15106313951592126 -0.00029211097507158754 1.1767033559819351e-16 0.15106285708798486
42 9 1.875 0.1875 0.15309219266868879 0.0057183855820724175 1.4874618876299328e-16 0.1529853572157861
42 10 1.875 0.20833333333333331 0.15215139790777529 0.010019313662511667 1.5982657167598573e-16 0.15182114885292619
42 11 1.875 0.22916666666666666 0.1490696751322422 0.012170027271034608 1.4664265196683171e-16 0.14857206493905409
42 12 1.875 0.25 0.14467378596271752 0.012738509628177472 1.6436512286744728e-16 0.1441118826372032
42 13 1.875 0.27083333333333331 0.138985885245722 0.012353148595285418 1.8046413379505241e-16 0.13843581912684233
42 14 1.875 0.29166666666666663 0.13201105737953994 0.011026083870122314 2.4812334104177446e-16 0.13154978048234522
42 15 1.875 0.3125 0.12367375755953253 0.0088079044029923739 2.2047716864535203e-16 0.12335971436786718
42 16 1.875 0.33333333333333331 0.11354742371191621 0.0062014914879619867 3.1705385666862796e-16 0.11337794730430679
42 17 1.875 0.35416666666666663 0.10145592866105102 0.0036962484508618349 2.4289169533608007e-16 0.10138857533206477
42 18 1.875 0.375 0.087774257407033832 0.0012273222553268901 3.2326668127774811e-16 0.087765676340114951
42 19 1.875 0.39583333333333331 0.073356261646359514 -0.001375538981878623 2.6132329789806239e-16 0.073343363811857493
42 20 1.875 0.41666666666666663 0.058513486842420588 -0.0037301304412806413 3.8796399433158678e-16 0.058394471222446724
42 21 1.875 0.4375 0.043731276229336827 -0.0055139295125218651 2.7199250014452445e-16 0.043382267137362707
42 22 1.875 0.45833333333333331 0.02956920008910216 -0.0070011588687640515 3.6784151005433714e-16 0.028728406993839488
42 23 1.875 0.47916666666666663 0.016381707601601729 -0.0077398075397688802 3.2071889516365542e-16 0.014437995816307492
42 24 1.875 0.5 0.0078399414739838968 -0.0078399414739838968 3.9021253884763881e-16 5.4437347138592226e-17
42 25 1.875 0.52083333333333326 0.016381707601601583 -0.007739807539768875 3.1813305819107686e-16 -0.014437995816307331
42 26 1.875 0.54166666666666663 0.029569200089102195 -0.0070011588687642293 4.033760783785659e-16 -0.028728406993839481
42 27 1.875 0.5625 0.043731276229337021 -0.0055139295125218417 2.590240689923024e-16 -0.043382267137362908
42 28 1.875 0.58333333333333326 0.058513486842420435 -0.0037301304412804422 3.4602440258383782e-16 -0.058394471222446585
42 29 1.875 0.60416666666666663 0.07335626164635925 -0.0013755389818787213 2.813915035401912e-16 -0.073343363811857229
42 30 1.875 0.625 0.087774257407033748 0.0012273222553268583 3.1893455196050977e-16 -0.087765676340114868
42 31 1.875 0.64583333333333326 0.10145592866105085 0.0036962484508618796 2.5786140528897494e-16 -0.10138857533206462
42 32 1.875 0.66666666666666663 0.11354742371191619 0.0062014914879620223 3.0821587201128801e-16 -0.11337794730430677
42 33 1.875 0.6875 0.12367375755953251 0.0088079044029922959 2.1521140608317963e-16 -0.12335971436786718
42 34 1.875 0.70833333333333326 0.13201105737953991 0.01102608387012196 2.8246523849545061e-16 -0.13154978048234522
42 35 1.875 0.72916666666666663 0.13898588524572189 0.01235314859528551 1.9998857907392491e-16 -0.13843581912684222
42 36 1.875 0.75 0.14467378596271763 0.012738509628177625 1.8899502353923308e-16 -0.14411188263720329
42 37 1.875 0.77083333333333326 0.14906967513224179 0.012170027271034846 1.3649075524659976e-16 -0.14857206493905364
42 38 1.875 0.79166666666666663 0.15215139790777507 0.010019313662511829 1.4443064319672052e-16 -0.15182114885292597
42 39 1.875 0.8125 0.15309219266868887 0.0057183855820725034 1.277966782329803e-16 -0.15298535721578618
42 40 1.875 0.83333333333333326 0.15106313951592151 -0.00029211097507149755 9.0225043680045534e-17 -0.15106285708798509
42 41 1.875 0.85416666666666663 0.14599549427004541 -0.0072109908812310686 1.0976569932963309e-16 -0.14581730335479964
42 42 1.875 0.875 0.13831896608712374 -0.014369706017334314 6.2105697764023201e-17 -0.13757051983759555
42 43 1.875 0.89583333333333326 0.12799303558408823 -0.021742272039606485 6.998625641901589e-17 -0.12613282984451518
42 44 1.875 0.91666666666666663 0.11420292147679979 -0.029776280409714848 1.9436041694935626e-17 -0.11025280222651092
42 45 1.875 0.9375 0.096785665716540986 -0.038149181208778422 5.7072868378729626e-17 -0.088950014397378291
42 46 1.875 0.95833333333333326 0.077429572031051025 -0.045850339555355446 2.1608532485622884e-17 -0.062394591012124807
42 47 1.875 0.97916666666666663 0.060591280126532421 -0.051425488626976906 5.7116534354113305e-17 -0.032042508435648286
42 48 1.875 1 0.053518769084935351 -0.053518769084935351 1.3257806806749735e-17 0
43 0 1.8958333333333333 0 0.069057764800275034 -0.069057764800275034 7.2077111462407634e-17 0
43 1 1.8958333333333333 0.020833333333333332 0.072746931521162628 -0.066137709656489158 6.8476640813165753e-17 0.030297184805500765
43 2 1.8958333333333333 0.041666666666666664 0.083091052145653918 -0.058338783461137154 6.2764056078097168e-17 0.059166792129929854
43 3 1.8958333333333333 0.0625 0.097343164934306253 -0.047738511860223383 6.75073114768161e-17 0.084833520761541312
43 4 1.8958333333333333 0.083333333333333329 0.11136338136170107 -0.036436854053904399 6.8029138713058211e-17 0.10523382714206558
43 5 1.8958333333333333 0.10416666666666666 0.12222307756947449 -0.025678691331133246 9.7771928672025001e-17 0.11949512752440646
43 6 1.8958333333333333 0.125 0.129329833313267 -0.015873980532920107 1.3043763152693661e-16 0.12835194788891169
43 7 1.8958333333333333 0.14583333333333331 0.13372686655580213 -0.0067132584725452232 1.4520741623258971e-16 0.13355825320628489
43 8 1.8958333333333333 0.16666666666666666 0.1363634744780769 0.0025450192609279077 1.5027465855753845e-16 0.13633972293024008
43 9 1.8958333333333333 0.1875 0.13734561270591605 0.012081773463342648 1.6695925698855003e-16 0.1368131867896657
43 10 1.8958333333333333 0.20833333333333331 0.13658229141107078 0.021394549143964006 2.0610237416743973e-16 0.13489624010336673
43 11 1.8958333333333333 0.22916666666666666 0.13456639782580601 0.029518168020272881 2.3579087212363818e-16 0.13128896823625369
43 12 1.8958333333333333 0.25 0.13171867840112611 0.035996438270152746 2.1291956488547719e-16 0.12670464344925314
43 13 1.8958333333333333 0.27083333333333331 0.12758525399333676 0.040724156128272022 2.5373570756240234e-16 0.12091129039169327
43 14 1.8958333333333333 0.29166666666666663 0.12184738631992587 0.043783332714703325 2.8501870680366857e-16 0.11370930185957016
43 15 1.8958333333333333 0.3125 0.11439856838020626 0.04493524684728345 3.7078099464154935e-16 0.10520387843713001
43 16 1.8958333333333333 0.33333333333333331 0.10511463288836875 0.044362430584073527 3.0836153802840769e-16 0.095294600056507875
43 17 1.8958333333333333 0.35416666666666663 0.094134127482774846 0.042666204804591754 3.5531446269261521e-16 0.083909647386435485
43 18 1.8958333333333333 0.375 0.081901574095111354 0.040418336621178476 3.358751323610835e-16 0.071233600948106768
43 19 1.8958333333333333 0.39583333333333331 0.069509124051108429 0.037737095514271284 3.840457679975874e-16 0.058373195462465013
43 20 1.8958333333333333 0.41666666666666663 0.057838353264313053 0.035227453382186406 3.6839736239548664e-16 0.045872667641345601
43 21 1.8958333333333333 0.4375 0.04709003491115496 0.033097358597380458 4.2335062555807585e-16 0.033496809427320064
43 22 1.8958333333333333 0.45833333333333331 0.038092518094750588 0.031235918489167246 3.4406027000133255e-16 0.02180269091045876
43 23 1.8958333333333333 0.47916666666666663 0.031972651796234389 0.03004360241017185 4.1043916610029202e-16 0.01093766049494891
43 24 1.8958333333333333 0.5 0.029564389659348125 0.029564389659348125 3.3855589847467662e-16 2.8668124438515041e-17
43 25 1.8958333333333333 0.52083333333333326 0.03197265179623416 0.030043602410171587 4.2273485583150222e-16 -0.010937660494948986
43 26 1.8958333333333333 0.54166666666666663 0.038092518094750769 0.031235918489167406 3.3508165537117918e-16 -0.021802690910458836
43 27 1.8958333333333333 0.5625 0.04709003491115523 0.033097358597380763 4.4428865715116542e-16 -0.033496809427320154
43 28 1.8958333333333333 0.58333333333333326 0.057838353264313129 0.035227453382186427 3.2189783221053204e-16 -0.045872667641345684
43 29 1.8958333333333333 0.60416666666666663 0.069509124051108387 0.03773709551427136 4.0003012488039044e-16 -0.058373195462464909
43 30 1.8958333333333333 0.625 0.081901574095111368 0.040418336621178504 3.1406943069350843e-16 -0.071233600948106782
43 31 1.8958333333333333 0.64583333333333326 0.094134127482774763 0.042666204804591566 3.2903045444163839e-16 -0.083909647386435471
43 32 1.8958333333333333 0.66666666666666663 0.10511463288836886 0.044362430584073721 2.8018383681162622e-16 -0.095294600056507917
43 33 1.8958333333333333 0.6875 0.11439856838020616 0.04493524684728336 3.3163610466661645e-16 -0.10520387843712996
43 34 1.8958333333333333 0.70833333333333326 0.12184738631992571 0.043783332714703492 2.5101834506427815e-16 -0.11370930185956994
43 35 1.8958333333333333 0.72916666666666663 0.12758525399333667 0.040724156128272036 2.5301590366844693e-16 -0.12091129039169318
43 36 1.8958333333333333 0.75 0.13171867840112614 0.03599643827015258 2.4182921508806845e-16 -0.12670464344925322
43 37 1.8958333333333333 0.77083333333333326 0.13456639782580615 0.029518168020272947 1.7441118545499499e-16 -0.1312889682362538
43 38 1.8958333333333333 0.79166666666666663 0.13658229141107076 0.021394549143963965 1.5815683122353295e-16 -0.1348962401033667
43 39 1.8958333333333333 0.8125 0.13734561270591594 0.012081773463342646 1.4461792159796973e-16 -0.13681318678966559
43 40 1.8958333333333333 0.83333333333333326 0.13636347447807692 0.0025450192609280456 1.1800665989543898e-16 -0.1363397229302401
43 41 1.8958333333333333 0.85416666666666663 0.13372686655580193 -0.0067132584725451451 1.2354408885680835e-16 -0.1335582532062847
43 42 1.8958333333333333 0.875 0.12932983331326703 -0.015873980532920023 8.0803125006376541e-17 -0.12835194788891172
43 43 1.8958333333333333 0.89583333333333326 0.12222307756947462 -0.025678691331133069 5.7683012922435811e-17 -0.11949512752440662
43 44 1.8958333333333333 0.91666666666666663 0.11136338136170097 -0.036436854053904455 8.7742707517525077e-17 -0.10523382714206546
43 45 1.8958333333333333 0.9375 0.097343164934306253 -0.047738511860223334 4.1361975645725672e-17 -0.084833520761541339
43 46 1.8958333333333333 0.95833333333333326 0.083091052145653863 -0.058338783461137099 7.9098185981623147e-17 -0.05916679212992982
43 47 1.8958333333333333 0.97916666666666663 0.072746931521162683 -0.066137709656489255 9.9859404582306858e-17 -0.030297184805500678
43 48 1.8958333333333333 1 0.06905776480027509 -0.06905776480027509 6.45040865390167e-17 0
44 0 1.9166666666666665 0 0.07292389173859011 -0.07292389173859011 7.8040566008765895e-17 0
44 1 1.9166666666666665 0.020833333333333332 0.072891904997194376 -0.070432023172409028 7.0815156147576365e-17 0.018776579186881928
44 2 1.9166666666666665 0.041666666666666664 0.073306730588504815 -0.063364227867647699 8.9339457472520844e-17 0.03686260132318997
44 3 1.9166666666666665 0.0625 0.075531823274328017 -0.053114804957910468 8.5512985408494179e-17 0.053701711531639745
44 4 1.9166666666666665 0.083333333333333329 0.080071035482564099 -0.040920738271627607 1.2591543713768821e-16 0.068824878514640253
44 5 1.9166666666666665 0.10416666666666666 0.086246103429625867 -0.027793562104464469 1.2250514786783867e-16 0.081645013701627855
44 6 1.9166666666666665 0.125 0.092993402039400402 -0.014467622798878569 1.4468411784033349e-16 0.09186109466695315
44 7 1.9166666666666665 0.14583333333333331 0.099725290221865409 -0.001716735393491669 2.0247511729310989e-16 0.099710512632440199
44 8 1.9166666666666665 0.16666666666666666 0.10573271453515586 0.010050133240309258 1.9220455272142777e-16 0.10525398683577164
44 9 1.9166666666666665 0.1875 0.11017215204535447 0.020868599999502406 2.1099015695049054e-16 0.1081776530544339
44 10 1.9166666666666665 0.20833333333333331 0.11223771613540939 0.030853304863856464 1.9116721167828818e-16 0.10791375492619405
44 11 1.9166666666666665 0.22916666666666666 0.11212451892825626 0.039548083480349008 2.3551676011913705e-16 0.10491833413624256
44 12 1.9166666666666665 0.25 0.11065575255265356 0.046697695980123133 2.5330263123201039e-16 0.10031959311690855
44 13 1.9166666666666665 0.27083333333333331 0.10799491539422985 0.052232579812482888 2.2211801279220863e-16 0.094523327052846953
44 14 1.9166666666666665 0.29166666666666663 0.10404535563057336 0.056315298103597845 2.3770530838175497e-16 0.087487274662063824
44 15 1.9166666666666665 0.3125 0.09865738042451834 0.058652999491523354 1.8691049147434181e-16 0.079329089008228854
44 16 1.9166666666666665 0.33333333333333331 0.092085877159544374 0.059287584749482286 2.7912812543385802e-16 0.070461273525360385
44 17 1.9166666666666665 0.35416666666666663 0.084711039575356931 0.058702584421417306 2.3056119509893033e-16 0.061073454202165964
44 18 1.9166666666666665 0.375 0.076693671391375132 0.057354367707417489 3.015566206639948e-16 0.050915574595310008
44 19 1.9166666666666665 0.39583333333333331 0.068895829922874713 0.055459534981307242 2.4329438904849013e-16 0.040876342307242179
44 20 1.9166666666666665 0.41666666666666663 0.062057698700533563 0.053357015119818538 3.1450134766378408e-16 0.031688908241049599
44 21 1.9166666666666665 0.4375 0.056214824321509253 0.051360325896522473 2.9014368859074673e-16 0.022852207711754061
44 22 1.9166666666666665 0.45833333333333331 0.05200503321315781 0.049868908324777875 2.9953431193471758e-16 0.014751795212669764
44 23 1.9166666666666665 0.47916666666666663 0.049310150674312596 0.048761357288139857 2.6559347641857993e-16 0.0073362793663941826
44 24 1.9166666666666665 0.5 0.048229871676364437 0.048229871676364437 3.3614668748767233e-16 8.7413112341459675e-18
44 25 1.9166666666666665 0.52083333333333326 0.049310150674312637 0.048761357288139878 2.7599090640989408e-16 -0.0073362793663943153
44 26 1.9166666666666665 0.54166666666666663 0.052005033213157768 0.049868908324777847 3.418240007940574e-16 -0.014751795212669729
44 27 1.9166666666666665 0.5625 0.056214824321509177 0.051360325896522396 2.4162896096471761e-16 -0.022852207711754041
44 28 1.9166666666666665 0.58333333333333326 0.062057698700533494 0.053357015119818461 2.9440355480530377e-16 -0.031688908241049585
44 29 1.9166666666666665 0.60416666666666663 0.068895829922874602 0.055459534981307172 2.2023784837482322e-16 -0.040876342307242089
44 30 1.9166666666666665 0.625 0.076693671391374812 0.057354367707417302 2.8989817622951947e-16 -0.050915574595309744
44 31 1.9166666666666665 0.64583333333333326 0.084711039575357028 0.05870258442141732 1.9670282742975707e-16 -0.061073454202166075
44 32 1.9166666666666665 0.66666666666666663 0.092085877159544485 0.059287584749482293 3.2371122425488643e-16 -0.070461273525360524
44 33 1.9166666666666665 0.6875 0.098657380424518368 0.058652999491523118 2.520197183701723e-16 -0.079329089008229062
44 34 1.9166666666666665 0.70833333333333326 0.10404535563057356 0.056315298103597838 3.0600367172698842e-16 -0.087487274662064046
44 35 1.9166666666666665 0.72916666666666663 0.10799491539422969 0.052232579812482846 2.0945143259337014e-16 -0.094523327052846787
44 36 1.9166666666666665 0.75 0.11065575255265389 0.046697695980123313 2.4373332143953154e-16 -0.10031959311690884
44 37 1.9166666666666665 0.77083333333333326 0.1121245189282563 0.039548083480349168 2.2442807581311511e-16 -0.10491833413624255
44 38 1.9166666666666665 0.79166666666666663 0.11223771613540943 0.030853304863856484 2.0168465035951121e-16 -0.10791375492619408
44 39 1.9166666666666665 0.8125 0.11017215204535453 0.020868599999502229 1.3697051390260351e-16 -0.108177653054434
44 40 1.9166666666666665 0.83333333333333326 0.10573271453515583 0.010050133240309249 1.5328439032379722e-16 -0.10525398683577161
44 41 1.9166666666666665 0.85416666666666663 0.09972529022186534 -0.0017167353934915727 1.5016342927621066e-16 -0.099710512632440129
44 42 1.9166666666666665 0.875 0.092993402039400361 -0.014467622798878539 1.2226701748436895e-16 -0.091861094666953108
44 43 1.9166666666666665 0.89583333333333326 0.086246103429626089 -0.027793562104464421 1.3928820136315489e-16 -0.081645013701628105
44 44 1.9166666666666665 0.91666666666666663 0.080071035482564182 -0.040920738271627843 7.1485311371491997e-17 -0.068824878514640211
44 45 1.9166666666666665 0.9375 0.075531823274327878 -0.053114804957910398 9.2802707495041509e-17 -0.053701711531639627
44 46 1.9166666666666665 0.95833333333333326 0.073306730588504898 -0.063364227867647741 6.2766203028012757e-17 -0.036862601323190067
44 47 1.9166666666666665 0.97916666666666663 0.072891904997194279 -0.070432023172408958 6.0862718194259592e-17 -0.0187765791868818
44 48 1.9166666666666665 1 0.07292389173859011 -0.07292389173859011 9.8673582511098477e-17 0
45 0 1.9375 0 0.062019817598695341 -0.062019817598695341 1.6562362780945153e-16 0
45 1 1.9375 0.020833333333333332 0.060214939546064335 -0.059810174598148261 1.3311075035656199e-16 0.0069700759734168749
45 2 1.9375 0.041666666666666664 0.0556479110296609 -0.053709020355928075 1.5963441634064698e-16 0.014561288898018585
45 3 1.9375 0.0625 0.050525060608265927 -0.044953226858819993 1.776427743875883e-16 0.023064889864215916
45 4 1.9375 0.083333333333333329 0.047457388534086473 -0.034763636051246688 1.4724079700048256e-16 0.032306242972089838
45 5 1.9375 0.10416666666666666 0.047785415281870795 -0.024100474370308524 1.7666699782914446e-16 0.041262731959807904
45 6 1.9375 0.125 0.050536345430704559 -0.013539303065325563 1.6224485965803229e-16 0.048688905122181166
45 7 1.9375 0.14583333333333331 0.054364403618648589 -0.0033610019561206672 1.6095056177208718e-16 0.05426040956961424
45 8 1.9375 0.16666666666666666 0.058633364470655112 0.0063359257992973575 1.8462249326204974e-16 0.058290028936469736
45 9 1.9375 0.1875 0.063225642912591376 0.015951497576049894 1.9645889402002698e-16 0.061180320747702778
45 10 1.9375 0.20833333333333331 0.067958558169359556 0.026019763436794591 1.8873664989777287e-16 0.06278007278708328
45 11 1.9375 0.22916666666666666 0.072934493446245738 0.036449793253037356 2.117298891396902e-16 0.063173197687558094
45 12 1.9375 0.25 0.077981636807911633 0.046317150786798975 1.7931310059056497e-16 0.062736410657878453
45 13 1.9375 0.27083333333333331 0.082222587261220503 0.05473755383180242 2.2130798804119712e-16 0.061354332010376836
45 14 1.9375 0.29166666666666663 0.08484208592911692 0.061456259649289358 1.7430838869834505e-16 0.05849194555426232
45 15 1.9375 0.3125 0.085187834109767463 0.066022215512748006 2.365367807261034e-16 0.053833392416803148
45 16 1.9375 0.33333333333333331 0.083384254502315028 0.068246376130336212 1.9755091395466297e-16 0.047909978542924843
45 17 1.9375 0.35416666666666663 0.079877866452879531 0.068420194904723355 2.4129024208844508e-16 0.041220753004569496
45 18 1.9375 0.375 0.075237016401093648 0.067203565779930849 2.2437260988475389e-16 0.03382734667988227
45 19 1.9375 0.39583333333333331 0.070432219842720981 0.065288962707893194 2.3096868446304154e-16 0.026420615823646312
45 20 1.9375 0.41666666666666663 0.065885259425490894 0.06284394546854212 2.2507065524887699e-16 0.019786508724662429
45 21 1.9375 0.4375 0.062036878725941096 0.060489327189478678 1.8564905574894392e-16 0.013770098700492986
45 22 1.9375 0.45833333333333331 0.059503891321254811 0.058879394033623057 1.9990433524504513e-16 0.0085982579982841114
45 23 1.9375 0.47916666666666663 0.05805244254175361 0.057905978431699499 1.7724969780994737e-16 0.0041211341801931775
45 24 1.9375 0.5 0.057500794348162243 0.057500794348162243 1.7658445468656159e-16 2.6440861365612179e-17
45 25 1.9375 0.52083333333333326 0.058052442541753811 0.057905978431699701 1.7925947467154701e-16 -0.0041211341801932035
45 26 1.9375 0.54166666666666663 0.059503891321254769 0.05887939403362303 1.8622768410975789e-16 -0.0085982579982840299
45 27 1.9375 0.5625 0.062036878725941151 0.060489327189478789 2.4331717757485491e-16 -0.013770098700492736
45 28 1.9375 0.58333333333333326 0.065885259425490908 0.062843945468542134 1.9850769737922001e-16 -0.019786508724662404
45 29 1.9375 0.60416666666666663 0.070432219842720828 0.065288962707893125 2.681826223865246e-16 -0.026420615823646108
45 30 1.9375 0.625 0.075237016401094009 0.067203565779931182 1.4865165843319105e-16 -0.033827346679882402
45 31 1.9375 0.64583333333333326 0.07987786645287942 0.068420194904723147 2.0795586496381964e-16 -0.041220753004569628
45 32 1.9375 0.66666666666666663 0.083384254502315125 0.068246376130336267 1.6415643312122278e-16 -0.047909978542924954
45 33 1.9375 0.6875 0.085187834109767435 0.066022215512748006 2.3834296964021099e-16 -0.053833392416803086
45 34 1.9375 0.70833333333333326 0.084842085929116823 0.061456259649289233 1.7844539656280616e-16 -0.05849194555426232
45 35 1.9375 0.72916666666666663 0.082222587261220531 0.054737553831802448 1.8603375805535798e-16 -0.061354332010376843
45 36 1.9375 0.75 0.077981636807911439 0.046317150786798947 1.9531316800215072e-16 -0.06273641065787823
45 37 1.9375 0.77083333333333326 0.072934493446245849 0.036449793253037363 2.0413912477351819e-16 -0.063173197687558205
45 38 1.9375 0.79166666666666663 0.067958558169359459 0.026019763436794522 1.6211511992557662e-16 -0.062780072787083196
45 39 1.9375 0.8125 0.063225642912591376 0.015951497576049967 2.0165870898536936e-16 -0.06118032074770275
45 40 1.9375 0.83333333333333326 0.058633364470655078 0.0063359257992975258 1.6661570063464088e-16 -0.058290028936469687
45 41 1.9375 0.85416666666666663 0.054364403618648645 -0.0033610019561206516 1.7042627210414437e-16 -0.054260409569614303
45 42 1.9375 0.875 0.050536345430704496 -0.013539303065325435 1.6370035981681081e-16 -0.048688905122181138
45 43 1.9375 0.89583333333333326 0.047785415281870913 -0.024100474370308558 1.7314092873587477e-16 -0.041262731959808029
45 44 1.9375 0.91666666666666663 0.047457388534086431 -0.034763636051246702 1.5217194739949935e-16 -0.032306242972089755
45 45 1.9375 0.9375 0.050525060608265969 -0.044953226858820035 1.5208752343414305e-16 -0.023064889864215926
45 46 1.9375 0.95833333333333326 0.055647911029660976 -0.053709020355928172 1.4477969677793041e-16 -0.014561288898018498
45 47 1.9375 0.97916666666666663 0.060214939546064404 -0.05981017459814833 1.5742180236793445e-16 -0.0069700759734169079
45 48 1.9375 1 0.062019817598695431 -0.062019817598695431 1.3384451051096527e-16 0
46 0 1.9583333333333333 0 0.043651039861003847 -0.043651039861003847 1.1545859657228699e-16 0
46 1 1.9583333333333333 0.020833333333333332 0.042394799703096182 -0.042191263201872713 1.1907462052625834e-16 0.004149259126150778
46 2 1.9583333333333333 0.041666666666666664 0.039083527664457801 -0.038321061061423835 1.2917786139638419e-16 0.007682344292275909
46 3 1.9583333333333333 0.0625 0.034651063850944568 -0.032855828885307616 1.2072894781643122e-16 0.011008666325292229
46 4 1.9583333333333333 0.083333333333333329 0.03043550507718068 -0.026527163078885852 1.2973854989940633e-16 0.014920777067206866
46 5 1.9583333333333333 0.10416666666666666 0.027809257709568342 -0.019659853330074438 1.2460151939049292e-16 0.019668375159050309
46 6 1.9583333333333333 0.125 0.027523120969211674 -0.011999740286587646 1.2884730446401497e-16 0.024769505867907514
46 7 1.9583333333333333 0.14583333333333331 0.02961911623556282 -0.0035399510474987675 1.415704337898477e-16 0.029406815420189473
46 8 1.9583333333333333 0.16666666666666666 0.033787861256113272 0.0051634802714877765 1.3135413705417272e-16 0.03339098740301516
46 9 1.9583333333333333 0.1875 0.039191484679911223 0.013585842043875231 1.0194919255784967e-16 0.036761356984945322
46 10 1.9583333333333333 0.20833333333333331 0.044614264002304477 0.021559713245301572 1.0076346787076574e-16 0.039059074710593042
46 11 1.9583333333333333 0.22916666666666666 0.0495579798142467 0.029416236711608229 1.2351055905555475e-16 0.039883309554197173
46 12 1.9583333333333333 0.25 0.053937223716657087 0.036814549028275016 1.0501219258048794e-16 0.039419704236656201
46 13 1.9583333333333333 0.27083333333333331 0.057442660221131037 0.043054050235487279 9.1283353170032065e-17 0.038026411500435425
46 14 1.9583333333333333 0.29166666666666663 0.059653383678053042 0.047862682006368271 8.8102291232578979e-17 0.035604632499132406
46 15 1.9583333333333333 0.3125 0.060373179295574203 0.0512823090753722 8.582532765170797e-17 0.031859779568502153
46 16 1.9583333333333333 0.33333333333333331 0.059828677336826751 0.053231173538363624 7.4054253910643439e-17 0.027311404130925653
46 17 1.9583333333333333 0.35416666666666663 0.058208837145455626 0.053665261329450889 1.0117202807551186e-16 0.022545696890269709
46 18 1.9583333333333333 0.375 0.055722270682642308 0.052856238346904345 7.3835936424217244e-17 0.017640564555730553
46 19 1.9583333333333333 0.39583333333333331 0.053387489756934359 0.051790209087261216 6.6513942979798478e-17 0.012961416020039506
46 20 1.9583333333333333 0.41666666666666663 0.051161983632451946 0.050365852646232938 1.011719704095625e-16 0.0089905203645412914
46 21 1.9583333333333333 0.4375 0.049188001768158053 0.048833435100553428 7.7794167786343842e-17 0.0058953485244179179
46 22 1.9583333333333333 0.45833333333333331 0.047895359094342692 0.047765550804287051 9.0662179966346126e-17 0.0035238585583288328
46 23 1.9583333333333333 0.47916666666666663 0.046950378667284264 0.046923987686834916 9.4903120707813685e-17 0.0015739874736307956
46 24 1.9583333333333333 0.5 0.04659289724074845 0.04659289724074845 7.8860911403206732e-17 -1.267363372614107e-16
46 25 1.9583333333333333 0.52083333333333326 0.046950378667284354 0.046923987686834999 5.0803806442156082e-17 -0.0015739874736308216
46 26 1.9583333333333333 0.54166666666666663 0.047895359094342484 0.047765550804286849 9.325281104978768e-17 -0.0035238585583287235
46 27 1.9583333333333333 0.5625 0.049188001768157893 0.048833435100553262 6.8001043103523193e-17 -0.0058953485244179118
46 28 1.9583333333333333 0.58333333333333326 0.051161983632452057 0.050365852646233049 9.0603513315717679e-17 -0.0089905203645412619
46 29 1.9583333333333333 0.60416666666666663 0.053387489756934546 0.051790209087261396 6.8805090327465591e-17 -0.012961416020039569
46 30 1.9583333333333333 0.625 0.055722270682642426 0.052856238346904456 7.5631244855863273e-17 -0.017640564555730591
46 31 1.9583333333333333 0.64583333333333326 0.058208837145455716 0.053665261329451007 1.3081459719084288e-16 -0.022545696890269674
46 32 1.9583333333333333 0.66666666666666663 0.059828677336826723 0.053231173538363638 1.1258918782485841e-16 -0.02731140413092558
46 33 1.9583333333333333 0.6875 0.060373179295574265 0.051282309075372248 1.4195411652265473e-16 -0.031859779568502201
46 34 1.9583333333333333 0.70833333333333326 0.059653383678052833 0.047862682006368118 1.0184959340778111e-16 -0.035604632499132267
46 35 1.9583333333333333 0.72916666666666663 0.057442660221131273 0.043054050235487605 1.0752036839284842e-16 -0.038026411500435411
46 36 1.9583333333333333 0.75 0.053937223716656858 0.036814549028275023 1.2838342611823735e-16 -0.039419704236655882
46 37 1.9583333333333333 0.77083333333333326 0.049557979814246797 0.029416236711608312 1.1516987037009829e-16 -0.039883309554197229
46 38 1.9583333333333333 0.79166666666666663 0.044614264002304428 0.021559713245301607 1.099174531691151e-16 -0.039059074710592973
46 39 1.9583333333333333 0.8125 0.039191484679911043 0.013585842043875137 7.4648053887624509e-17 -0.036761356984945162
46 40 1.9583333333333333 0.83333333333333326 0.033787861256113216 0.00516348027148776 1.42370378079406e-16 -0.033390987403015104
46 41 1.9583333333333333 0.85416666666666663 0.02961911623556281 -0.0035399510474988715 1.1176118414627644e-16 -0.029406815420189449
46 42 1.9583333333333333 0.875 0.027523120969211619 -0.011999740286587686 1.2885743036130363e-16 -0.024769505867907434
46 43 1.9583333333333333 0.89583333333333326 0.027809257709568352 -0.019659853330074348 1.5354451549957077e-16 -0.019668375159050417
46 44 1.9583333333333333 0.91666666666666663 0.030435505077180673 -0.026527163078885828 1.3872079309397577e-16 -0.014920777067206892
46 45 1.9583333333333333 0.9375 0.034651063850944498 -0.032855828885307546 1.2444189754563216e-16 -0.011008666325292217
46 46 1.9583333333333333 0.95833333333333326 0.039083527664457759 -0.038321061061423793 1.2100762210897731e-16 -0.0076823442922758969
46 47 1.9583333333333333 0.97916666666666663 0.042394799703096064 -0.042191263201872602 8.7947303478900477e-17 -0.0041492591261506834
46 48 1.9583333333333333 1 0.043651039861003882 -0.043651039861003882 1.3728054392595709e-16 0
47 0 1.9791666666666665 0 0.020963703273941058 -0.020963703273941058 1.4985683090353622e-16 0
47 1 1.9791666666666665 0.020833333333333332 0.021140245890064562 -0.021072583822558704 1.0226636465178805e-16 0.0016900317552131347
47 2 1.9791666666666665 0.041666666666666664 0.020844329181664942 -0.020681544073536014 1.1587173838683682e-16 0.0025999603396967483
47 3 1.9791666666666665 0.0625 0.018986404835110944 -0.018737028182631434 1.1214104016917851e-16 0.0030671392935436737
47 4 1.9791666666666665 0.083333333333333329 0.015479950366565498 -0.014939172329169848 3.1207549641621967e-17 0.0040558591532124481
47 5 1.9791666666666665 0.10416666666666666 0.011548245066531833 -0.0098921080733955311 7.379946740258975e-17 0.005958872542766773
47 6 1.9791666666666665 0.125 0.0091691173444493068 -0.0045575578770725251 2.2150275874339491e-17 0.0079562163792480708
47 7 1.9791666666666665 0.14583333333333331 0.0084919349120279146 0.00049331029016184361 3.5494486583391099e-17 0.0084775942051822095
47 8 1.9791666666666665 0.16666666666666666 0.0086360565556721693 0.005118119452533083 -1.8963282369879637e-18 0.0069560280406544299
47 9 1.9791666666666665 0.1875 0.010247220013876405 0.0092030622463211455 5.5681841031179119e-17 0.0045065689058448382
47 10 1.9791666666666665 0.20833333333333331 0.013148585969878213 0.012863634683404322 1.2546492671144874e-17 0.0027225384734096197
47 11 1.9791666666666665 0.22916666666666666 0.016948047514704172 0.016795123312699174 1.04967069420535e-17 0.0022715957985299821
47 12 1.9791666666666665 0.25 0.02147593580256061 0.02125971389920275 1.2820745302352834e-17 0.0030397999144269354
47 13 1.9791666666666665 0.27083333333333331 0.026110956838821513 0.025684848219894682 -5.4276516628011021e-18 0.0046979398633627632
47 14 1.9791666666666665 0.29166666666666663 0.030013425657319955 0.029241028363444478 -3.210612066089109e-17 0.0067652036137656165
47 15 1.9791666666666665 0.3125 0.032540616855940993 0.03151564207754233 -4.6999275345577277e-17 0.0081028420819731148
47 16 1.9791666666666665 0.33333333333333331 0.033699475826325931 0.032660569754120711 -3.075085877278059e-17 0.0083031231657335475
47 17 1.9791666666666665 0.35416666666666663 0.033370618614757222 0.032516918480544041 -8.1864218426487322e-17 0.0074998799497881779
47 18 1.9791666666666665 0.375 0.031800889061220257 0.031200189659638829 -3.5274085371853342e-17 0.0061518054493461208
47 19 1.9791666666666665 0.39583333333333331 0.030046034493410308 0.02969354649410922 -6.9448113821213549e-17 0.0045888435777847129
47 20 1.9791666666666665 0.41666666666666663 0.02817050823074211 0.028030887069279819 -1.7004792662290353e-17 0.0028012326014792838
47 21 1.9791666666666665 0.4375 0.026616673798039805 0.026560341538691266 -7.9042765070799311e-17 0.0017307748031820894
47 22 1.9791666666666665 0.45833333333333331 0.025418627676059936 0.025399609687200141 -1.9934076839636515e-17 0.00098308731659443654
47 23 1.9791666666666665 0.47916666666666663 0.024559982348590949 0.024557945373177972 -8.2163943680641949e-17 0.0003163099921051988
47 24 1.9791666666666665 0.5 0.024411224352127742 0.024411224352127742 -4.4447634090163867e-17 -3.9934342305065904e-17
47 25 1.9791666666666665 0.52083333333333326 0.024559982348590869 0.024557945373177893 -7.1326400128611802e-17 -0.00031630999210522233
47 26 1.9791666666666665 0.54166666666666663 0.025418627676059683 0.025399609687199887 -5.535775515371786e-17 -0.00098308731659447839
47 27 1.9791666666666665 0.5625 0.026616673798039728 0.0265603415386912 -1.0701872729963333e-16 -0.0017307748031819279
47 28 1.9791666666666665 0.58333333333333326 0.028170508230741884 0.028030887069279579 -6.7003367036467466e-17 -0.0028012326014794234
47 29 1.9791666666666665 0.60416666666666663 0.030046034493410121 0.029693546494109036 -4.6709917220673994e-17 -0.0045888435777846842
47 30 1.9791666666666665 0.625 0.031800889061220215 0.031200189659638784 -3.8179951675147465e-17 -0.0061518054493461339
47 31 1.9791666666666665 0.64583333333333326 0.033370618614757243 0.032516918480544096 -1.9905315707219553e-17 -0.0074998799497880218
47 32 1.9791666666666665 0.66666666666666663 0.033699475826325799 0.032660569754120627 -1.9656963197993383e-17 -0.0083031231657333636
47 33 1.9791666666666665 0.6875 0.032540616855940792 0.031515642077542129 -1.0771999766469282e-17 -0.0081028420819730801
47 34 1.9791666666666665 0.70833333333333326 0.030013425657319976 0.029241028363444523 -9.8693700405578876e-18 -0.0067652036137655167
47 35 1.9791666666666665 0.72916666666666663 0.026110956838821451 0.025684848219894647 -1.1519702229012816e-17 -0.0046979398633626044
47 36 1.9791666666666665 0.75 0.021475935802560679 0.021259713899202802 1.1855003200585815e-17 -0.0030397999144270815
47 37 1.9791666666666665 0.77083333333333326 0.016948047514704266 0.01679512331269924 2.6402628451215329e-17 -0.0022715957985301777
47 38 1.9791666666666665 0.79166666666666663 0.013148585969878482 0.012863634683404601 6.0864494057027052e-17 -0.0027225384734095976
47 39 1.9791666666666665 0.8125 0.010247220013876608 0.0092030622463213779 4.7589614711123477e-17 -0.0045065689058448235
47 40 1.9791666666666665 0.83333333333333326 0.008636056555672093 0.0051181194525332322 4.3988296780877424e-17 -0.006956028040654226
47 41 1.9791666666666665 0.85416666666666663 0.0084919349120278348 0.00049331029016176609 4.4055800141374745e-17 -0.0084775942051821349
47 42 1.9791666666666665 0.875 0.0091691173444492687 -0.0045575578770724644 1.0258577076274107e-16 -0.0079562163792480621
47 43 1.9791666666666665 0.89583333333333326 0.011548245066531775 -0.0098921080733954982 7.9135576186651423e-17 -0.0059588725427667175
47 44 1.9791666666666665 0.91666666666666663 0.015479950366565406 -0.014939172329169758 1.0707526278336178e-16 -0.0040558591532124299
47 45 1.9791666666666665 0.9375 0.018986404835110934 -0.018737028182631441 1.131417184606814e-16 -0.0030671392935435683
47 46 1.9791666666666665 0.95833333333333326 0.020844329181664886 -0.020681544073535948 1.1361927117625188e-16 -0.0025999603396968151
47 47 1.9791666666666665 0.97916666666666663 0.021140245890064649 -0.021072583822558798 1.2754801552992208e-16 -0.0016900317552130588
47 48 1.9791666666666665 1 0.020963703273941234 -0.020963703273941234 1.0553212377035257e-16 0
48 0 2 0 0 0 0 0
48 1 2 0.020833333333333332 0 0 0 0
48 2 2 0.041666666666666664 0 0 0 0
48 3 2 0.0625 0 0 0 0
48 4 2 0.083333333333333329 0 0 0 0
48 5 2 0.10416666666666666 0 0 0 0
48 6 2 0.125 0 0 0 0
48 7 2 0.14583333333333331 0 0 0 0
48 8 2 0.16666666666666666 0 0 0 0
48 9 2 0.1875 0 0 0 0
48 10 2 0.20833333333333331 0 0 0 0
48 11 2 0.22916666666666666 0 0 0 0
48 12 2 0.25 0 0 0 0
48 13 2 0.27083333333333331 0 0 0 0
48 14 2 0.29166666666666663 0 0 0 0
48 15 2 0.3125 0 0 0 0
48 16 2 0.33333333333333331 0 0 0 0
48 17 2 0.35416666666666663 0 0 0 0
48 18 2 0.375 0 0 0 0
48 19 2 0.39583333333333331 0 0 0 0
48 20 2 0.41666666666666663 0 0 0 0
48 21 2 0.4375 0 0 0 0
48 22 2 0.45833333333333331 0 0 0 0
48 23 2 0.47916666666666663 0 0 0 0
48 24 2 0.5 0 0 0 0
48 25 2 0.52083333333333326 0 0 0 0
48 26 2 0.54166666666666663 0 0 0 0
48 27 2 0.5625 0 0 0 0
48 28 2 0.58333333333333326 0 0 0 0
48 29 2 0.60416666666666663 0 0 0 0
48 30 2 0.625 0 0 0 0
48 31 2 0.64583333333333326 0 0 0 0
48 32 2 0.66666666666666663 0 0 0 0
48 33 2 0.6875 0 0 0 0
48 34 2 0.70833333333333326 0 0 0 0
48 35 2 0.72916666666666663 0 0 0 0
48 36 2 0.75 0 0 0 0
48 37 2 0.77083333333333326 0 0 0 0
48 38 2 0.79166666666666663 0 0 0 0
48 39 2 0.8125 0 0 0 0
48 40 2 0.83333333333333326 0 0 0 0
48 41 2 0.85416666666666663 0 0 0 0
48 42 2 0.875 0 0 0 0
48 43 2 0.89583333333333326 0 0 0 0
48 44 2 0.91666666666666663 0 0 0 0
48 45 2 0.9375 0 0 0 0
48 46 2 0.95833333333333326 0 0 0 0
48 47 2 0.97916666666666663 0 0 0 0
48 48 2 1 0 0 0 0
