radial transverse x z speed vx vy vz
0 0 1 0 0 0 0 0
0 1 1 0.020833333333333332 0 0 0 0
0 2 1 0.041666666666666664 0 0 0 0
0 3 1 0.0625 0 0 0 0
0 4 1 0.083333333333333329 0 0 0 0
0 5 1 0.10416666666666666 0 0 0 0
0 6 1 0.125 0 0 0 0
0 7 1 0.14583333333333331 0 0 0 0
0 8 1 0.16666666666666666 0 0 0 0
0 9 1 0.1875 0 0 0 0
0 10 1 0.20833333333333331 0 0 0 0
0 11 1 0.22916666666666666 0 0 0 0
0 12 1 0.25 0 0 0 0
0 13 1 0.27083333333333331 0 0 0 0
0 14 1 0.29166666666666663 0 0 0 0
0 15 1 0.3125 0 0 0 0
0 16 1 0.33333333333333331 0 0 0 0
0 17 1 0.35416666666666663 0 0 0 0
0 18 1 0.375 0 0 0 0
0 19 1 0.39583333333333331 0 0 0 0
0 20 1 0.41666666666666663 0 0 0 0
0 21 1 0.4375 0 0 0 0
0 22 1 0.45833333333333331 0 0 0 0
0 23 1 0.47916666666666663 0 0 0 0
0 24 1 0.5 0 0 0 0
0 25 1 0.52083333333333326 0 0 0 0
0 26 1 0.54166666666666663 0 0 0 0
0 27 1 0.5625 0 0 0 0
0 28 1 0.58333333333333326 0 0 0 0
0 29 1 0.60416666666666663 0 0 0 0
0 30 1 0.625 0 0 0 0
0 31 1 0.64583333333333326 0 0 0 0
0 32 1 0.66666666666666663 0 0 0 0
0 33 1 0.6875 0 0 0 0
0 34 1 0.70833333333333326 0 0 0 0
0 35 1 0.72916666666666663 0 0 0 0
0 36 1 0.75 0 0 0 0
0 37 1 0.77083333333333326 0 0 0 0
0 38 1 0.79166666666666663 0 0 0 0
0 39 1 0.8125 0 0 0 0
0 40 1 0.83333333333333326 0 0 0 0
0 41 1 0.85416666666666663 0 0 0 0
0 42 1 0.875 0 0 0 0
0 43 1 0.89583333333333326 0 0 0 0
0 44 1 0.91666666666666663 0 0 0 0
0 45 1 0.9375 0 0 0 0
0 46 1 0.95833333333333326 0 0 0 0
0 47 1 0.97916666666666663 0 0 0 0
0 48 1 1 0 0 0 0
1 0 1.0208333333333333 0 0.0038797181502518399 0.0038797181502518399 1.3991130161383766e-16 0
1 1 1.0208333333333333 0.020833333333333332 0.008729302234800361 0.0015558366906621894 1.4585074336560718e-17 0.0085895337299809176
1 2 1.0208333333333333 0.041666666666666664 0.016243694316245987 -0.0043612058253565556 7.8961483347554015e-17 0.015647283751134517
1 3 1.0208333333333333 0.0625 0.023281244833515048 -0.011425457901419493 -3.7371993228655573e-17 0.020284853283693279
1 4 1.0208333333333333 0.083333333333333329 0.028079066263617839 -0.017081298738942974 2.7214387624041933e-18 0.022285941658983736
1 5 1.0208333333333333 0.10416666666666666 0.029016690153876996 -0.01956970954641651 -6.8806773610424823e-17 0.021424163361844419
1 6 1.0208333333333333 0.125 0.025978101609987071 -0.018398618537341548 -1.0545134417921284e-16 0.018339918188917989
1 7 1.0208333333333333 0.14583333333333331 0.019885440453720094 -0.014080229064068004 -9.1630760688760997e-17 0.014042004541440025
1 8 1.0208333333333333 0.16666666666666666 0.011969918960246633 -0.0081015840210903467 -7.2387968881598368e-17 0.0088115433531297683
1 9 1.0208333333333333 0.1875 0.003716948744279254 -0.0022391547263769301 -9.4009515896153297e-17 0.0029667986246024484
1 10 1.0208333333333333 0.20833333333333331 0.0036425933564718815 0.0025250486782773559 -1.0859007316382209e-16 -0.0026253791217542019
1 11 1.0208333333333333 0.22916666666666666 0.0089992828217319992 0.0060047985114872089 -6.5602762248656692e-17 -0.0067029460792968985
1 12 1.0208333333333333 0.25 0.011995198697680445 0.0085588119952777677 -1.1174017120417562e-16 -0.0084042566016468145
1 13 1.0208333333333333 0.27083333333333331 0.013420874286917175 0.010280557731011056 -9.3652736913182474e-17 -0.0086272822699030444
1 14 1.0208333333333333 0.29166666666666663 0.013933226301196262 0.010761141469546426 -3.848412192380274e-17 -0.0088505722658343087
1 15 1.0208333333333333 0.3125 0.013405331859068927 0.01006700400381913 -7.4618320395327313e-17 -0.0088520253410650576
1 16 1.0208333333333333 0.33333333333333331 0.011328790020247252 0.0081400052975109816 -1.5757977508434507e-17 -0.0078792002817130412
1 17 1.0208333333333333 0.35416666666666663 0.0083892183683904921 0.0057792509795453091 -1.1148078554828347e-16 -0.0060810560717662367
1 18 1.0208333333333333 0.375 0.0046291927336043065 0.0035105258895877685 1.3916779980006401e-17 -0.0030175541989148954
1 19 1.0208333333333333 0.39583333333333331 0.0022785879535542146 0.0019962986351710105 -4.5146895973147295e-17 0.0010985239284133706
1 20 1.0208333333333333 0.41666666666666663 0.005024582506560466 0.001749418623395053 3.0279818252157689e-17 0.0047101978562850214
1 21 1.0208333333333333 0.4375 0.0068627563628044447 0.0023487592582628189 5.2978857588087416e-17 0.0064483141085044538
1 22 1.0208333333333333 0.45833333333333331 0.0066275305170943174 0.0033744525169843572 1.8033727455472082e-17 0.0057041415625521084
1 23 1.0208333333333333 0.47916666666666663 0.0057091654744445414 0.004637300582639615 -3.449764736878233e-17 0.0033301672211526936
1 24 1.0208333333333333 0.5 0.0053731212522790889 0.0053731212522790889 3.524823456541017e-17 -2.3491527782335718e-16
1 25 1.0208333333333333 0.52083333333333326 0.0057091654744445813 0.004637300582639719 -6.151630903571838e-17 -0.0033301672211526168
1 26 1.0208333333333333 0.54166666666666663 0.0066275305170942463 0.0033744525169842957 -4.0262208669053975e-17 -0.0057041415625520625
1 27 1.0208333333333333 0.5625 0.0068627563628045705 0.0023487592582627568 -7.7016946501610427e-17 -0.0064483141085046099
1 28 1.0208333333333333 0.58333333333333326 0.0050245825065604417 0.0017494186233950242 3.314929860393061e-17 -0.0047101978562850066
1 29 1.0208333333333333 0.60416666666666663 0.0022785879535542454 0.0019962986351710395 -5.4919221935135778e-17 -0.0010985239284133821
1 30 1.0208333333333333 0.625 0.0046291927336042605 0.0035105258895877099 4.2785644163903731e-19 0.0030175541989148932
1 31 1.0208333333333333 0.64583333333333326 0.0083892183683905129 0.0057792509795452024 -2.6951129872421364e-16 0.0060810560717663668
1 32 1.0208333333333333 0.66666666666666663 0.011328790020247391 0.008140005297511169 -6.213897476026421e-18 0.0078792002817130464
1 33 1.0208333333333333 0.6875 0.013405331859069093 0.010067004003819251 -1.5170461866024901e-16 0.0088520253410651721
1 34 1.0208333333333333 0.70833333333333326 0.013933226301196217 0.010761141469546454 1.4210009242351556e-17 0.0088505722658342046
1 35 1.0208333333333333 0.72916666666666663 0.013420874286917187 0.010280557731011135 -6.7144283394879655e-17 0.008627282269902968
1 36 1.0208333333333333 0.75 0.01199519869768037 0.0085588119952777972 -3.3419643063781077e-17 0.0084042566016466758
1 37 1.0208333333333333 0.77083333333333326 0.0089992828217319264 0.0060047985114872315 -3.7474324873435464e-17 0.0067029460792967796
1 38 1.0208333333333333 0.79166666666666663 0.0036425933564720268 0.002525048678277382 -1.5659070477316807e-16 0.0026253791217543789
1 39 1.0208333333333333 0.8125 0.0037169487442793242 -0.0022391547263769596 -6.9734602929394159e-17 -0.0029667986246025139
1 40 1.0208333333333333 0.83333333333333326 0.011969918960246904 -0.0081015840210903883 -2.1392546076488893e-17 -0.0088115433531300996
1 41 1.0208333333333333 0.85416666666666663 0.019885440453720028 -0.014080229064067952 -1.5666046482776571e-16 -0.014042004541439985
1 42 1.0208333333333333 0.875 0.025978101609986967 -0.018398618537341593 1.1301635594950527e-17 -0.018339918188917791
1 43 1.0208333333333333 0.89583333333333326 0.029016690153877017 -0.019569709546416455 -3.2284605526946624e-17 -0.021424163361844495
1 44 1.0208333333333333 0.91666666666666663 0.028079066263617593 -0.017081298738942777 -4.7610088582725473e-17 -0.022285941658983573
1 45 1.0208333333333333 0.9375 0.023281244833515402 -0.011425457901419559 5.0047498426749732e-17 -0.020284853283693647
1 46 1.0208333333333333 0.95833333333333326 0.016243694316245727 -0.0043612058253564272 3.410936438370098e-17 -0.015647283751134281
1 47 1.0208333333333333 0.97916666666666663 0.0087293022348004061 0.0015558366906619954 7.2881831029944471e-18 -0.0085895337299809991
1 48 1.0208333333333333 1 0.0038797181502514626 0.0038797181502514626 6.8961240141774737e-17 0
2 0 1.0416666666666667 0 0.019859976592806659 -0.019859976592806659 1.2944495483079188e-16 0
2 1 1.0416666666666667 0.020833333333333332 0.020871960086827658 -0.019997826593409335 2.3036506937725652e-16 0.0059770937257213183
2 2 1.0416666666666667 0.041666666666666664 0.023031504531424482 -0.020183205353137237 1.0714560775988462e-16 0.011094522191339239
2 3 1.0416666666666667 0.0625 0.024595601361359333 -0.019935198402295934 1.7763260338333635e-17 0.014405952623412264
2 4 1.0416666666666667 0.083333333333333329 0.023779587134632921 -0.018545846596305666 9.7104670552404779e-17 0.014883559329673028
2 5 1.0416666666666667 0.10416666666666666 0.019636714534557311 -0.015276444787042308 -2.6571724686372934e-17 0.012338184322668481
2 6 1.0416666666666667 0.125 0.012834445477534507 -0.010394692918524509 1.3516027373738303e-17 0.0075281704181947399
2 7 1.0416666666666667 0.14583333333333331 0.0056616224240069917 -0.0054081712595524184 3.7222615026599892e-17 0.0016750080893446497
2 8 1.0416666666666667 0.16666666666666666 0.0042919362744465537 -0.0017088215347674917 2.9499813850332872e-17 -0.0039370859714038557
2 9 1.0416666666666667 0.1875 0.0080117731122379861 0.0004794751214135855 -4.0718082418984748e-17 -0.0079974128322805108
2 10 1.0416666666666667 0.20833333333333331 0.0095160489582857277 0.001683023153235105 3.8589720971404074e-17 -0.0093660354922542044
2 11 1.0416666666666667 0.22916666666666666 0.007938561804812401 0.0021409969595255498 -5.9067162870874743e-17 -0.0076444028902281627
2 12 1.0416666666666667 0.25 0.0039860467315226897 0.0019020141753339067 -6.7350598559309716e-17 -0.0035029859581093949
2 13 1.0416666666666667 0.27083333333333331 0.0019588588169950905 0.001159335842359581 -6.1587070607476038e-17 0.0015789453028967804
2 14 1.0416666666666667 0.29166666666666663 0.0063223968848685934 -0.00021006897214609726 -4.3947736623682048e-17 0.0063189060284781556
2 15 1.0416666666666667 0.3125 0.0098321352577524623 -0.0017612878791022427 2.9151013513921702e-18 0.009673094062070656
2 16 1.0416666666666667 0.33333333333333331 0.011756874879543503 -0.0038734057929344133 -1.2205368178953551e-16 0.011100488029654515
2 17 1.0416666666666667 0.35416666666666663 0.012095514012169063 -0.0058827708522091 -7.2924607534961409e-17 0.010568560276545579
2 18 1.0416666666666667 0.375 0.010789361366642087 -0.0068995711625003397 -7.6193978545407812e-17 0.0082949524696397468
2 19 1.0416666666666667 0.39583333333333331 0.0088611346042292063 -0.0071760132045808863 5.5323657159933773e-17 0.0051985133415188081
2 20 1.0416666666666667 0.41666666666666663 0.0074387915521829237 -0.0071679506039424856 2.0908807049757974e-17 0.0019889957004148077
2 21 1.0416666666666667 0.4375 0.0068173591901750227 -0.0067883568505420827 -4.0917240879311036e-17 -0.00062817003873331175
2 22 1.0416666666666667 0.45833333333333331 0.0064974414980864814 -0.006293809509127158 -4.2340187573193502e-17 -0.0016139107422273584
2 23 1.0416666666666667 0.47916666666666663 0.006143489992596991 -0.0060613122597470131 1.0943115072033652e-17 -0.0010014803937072035
2 24 1.0416666666666667 0.5 0.0059012478023157565 -0.0059012478023157565 -1.5919787851594299e-16 -3.5867470024821481e-17
2 25 1.0416666666666667 0.52083333333333326 0.0061434899925970395 -0.0060613122597470382 -4.4695263337614753e-17 0.0010014803937073503
2 26 1.0416666666666667 0.54166666666666663 0.0064974414980865621 -0.0062938095091272369 -4.6016560283198036e-17 0.0016139107422273738
2 27 1.0416666666666667 0.5625 0.0068173591901749351 -0.0067883568505419899 5.9925857077504762e-17 0.0006281700387333639
2 28 1.0416666666666667 0.58333333333333326 0.0074387915521829384 -0.0071679506039425619 -1.1036045040249659e-16 -0.0019889957004145856
2 29 1.0416666666666667 0.60416666666666663 0.0088611346042292861 -0.0071760132045808637 2.3593456225783433e-17 -0.0051985133415189747
2 30 1.0416666666666667 0.625 0.010789361366642377 -0.0068995711625005878 -1.133055586097746e-16 -0.0082949524696399168
2 31 1.0416666666666667 0.64583333333333326 0.012095514012168938 -0.0058827708522092587 -3.9735571724934345e-17 -0.010568560276545347
2 32 1.0416666666666667 0.66666666666666663 0.011756874879543333 -0.0038734057929345049 -4.968207819605443e-17 -0.011100488029654304
2 33 1.0416666666666667 0.6875 0.0098321352577523963 -0.0017612878791021971 2.224434736968957e-17 -0.0096730940620705971
2 34 1.0416666666666667 0.70833333333333326 0.0063223968848686489 -0.00021006897214619503 -3.7553651314735753e-17 -0.0063189060284782076
2 35 1.0416666666666667 0.72916666666666663 0.0019588588169950341 0.0011593358423594524 -2.6748205670927133e-17 -0.0015789453028968049
2 36 1.0416666666666667 0.75 0.0039860467315226307 0.0019020141753336118 3.0591431271134594e-18 0.0035029859581094886
2 37 1.0416666666666667 0.77083333333333326 0.0079385618048123611 0.0021409969595256959 -1.1630037693846102e-16 0.0076444028902280803
2 38 1.0416666666666667 0.79166666666666663 0.0095160489582857329 0.0016830231532348812 1.0712639644677078e-16 0.0093660354922542495
2 39 1.0416666666666667 0.8125 0.0080117731122380069 0.00047947512141365359 3.6659760499716811e-18 0.0079974128322805264
2 40 1.0416666666666667 0.83333333333333326 0.004291936274446349 -0.001708821534767307 5.2806381278261983e-17 0.0039370859714037126
2 41 1.0416666666666667 0.85416666666666663 0.0056616224240068061 -0.0054081712595522328 7.5672205455654418e-17 -0.0016750080893446215
2 42 1.0416666666666667 0.875 0.012834445477534597 -0.010394692918524665 -1.3172513719985468e-17 -0.007528170418194681
2 43 1.0416666666666667 0.89583333333333326 0.019636714534557391 -0.015276444787042404 9.7790961066565305e-17 -0.012338184322668489
2 44 1.0416666666666667 0.91666666666666663 0.02377958713463298 -0.018545846596305746 6.296771419461259e-17 -0.014883559329673023
2 45 1.0416666666666667 0.9375 0.02459560136135942 -0.019935198402296028 9.7556798614430185e-17 -0.014405952623412285
2 46 1.0416666666666667 0.95833333333333326 0.023031504531424302 -0.020183205353137005 1.5820408557513841e-16 -0.011094522191339287
2 47 1.0416666666666667 0.97916666666666663 0.020871960086827752 -0.019997826593409377 6.2208820049822379e-17 -0.0059770937257215074
2 48 1.0416666666666667 1 0.019859976592806517 -0.019859976592806517 7.5334720549514254e-17 0
3 0 1.0625 0 0.015440354916770375 -0.015440354916770375 1.6174996954005299e-16 0
3 1 1.0625 0.020833333333333332 0.016792064704228386 -0.016626050943759577 1.3643444807261854e-17 -0.0023553910602072074
3 2 1.0625 0.041666666666666664 0.019796050021525166 -0.019332353084060349 1.1788406743235652e-16 -0.0042595446573488122
3 3 1.0625 0.0625 0.022172704600631071 -0.021555462301419949 3.6953635062578703e-17 -0.005195274225573635
3 4 1.0625 0.083333333333333329 0.022192007803524545 -0.021636656334307718 4.7324082540818285e-17 -0.004933590277146651
3 5 1.0625 0.10416666666666666 0.019770752133789416 -0.01937189091497124 4.2772109835459225e-17 -0.0039512633820328272
3 6 1.0625 0.125 0.016248252032164096 -0.015941368521307495 -2.0740258986999218e-17 -0.0031430023494409265
3 7 1.0625 0.14583333333333331 0.013086831950755912 -0.012739075924612478 8.2120971042338445e-17 -0.0029968508628699835
3 8 1.0625 0.16666666666666666 0.01073521749751712 -0.010216547636545869 -3.2646750297974338e-17 -0.003296520758191394
3 9 1.0625 0.1875 0.0086614613442715337 -0.0080982129693892048 4.2524354254780683e-17 -0.0030724354054603863
3 10 1.0625 0.20833333333333331 0.0064703911762576125 -0.006254959413748578 -8.0034686913116857e-17 -0.0016557308676685405
3 11 1.0625 0.22916666666666666 0.0051397694473990091 -0.0049158403224031722 3.0632813960676999e-17 0.0015005811864245769
3 12 1.0625 0.25 0.0076862957377705453 -0.0041342670337210993 -2.1813816143685552e-17 0.0064797359716547553
3 13 1.0625 0.27083333333333331 0.011841577594181687 -0.0032780420618334061 5.4154855712369522e-17 0.011378813653447215
3 14 1.0625 0.29166666666666663 0.014742881565101286 -0.00248389217823493 2.4770495378975598e-18 0.014532131175072247
3 15 1.0625 0.3125 0.016102017079508427 -0.0026936549963822074 6.5968384688025379e-17 0.015875111866983687
3 16 1.0625 0.33333333333333331 0.016508905675501808 -0.0036664540343730907 -2.8973947840865321e-17 0.016096617079884988
3 17 1.0625 0.35416666666666663 0.016894704695155655 -0.0049641617532862467 5.018438292929526e-17 0.016148936337224334
3 18 1.0625 0.375 0.017342542733633649 -0.0066015801840383359 -1.7437794755287214e-17 0.016036923880271482
3 19 1.0625 0.39583333333333331 0.01742583687340326 -0.008370514441641299 -8.1868063579638958e-17 0.015283791372586031
3 20 1.0625 0.41666666666666663 0.017164885135136306 -0.01013569775543496 7.9426415747618365e-17 0.013852830494627948
3 21 1.0625 0.4375 0.016238182450029035 -0.011267710090336624 1.2113692824373635e-16 0.011692616413812487
3 22 1.0625 0.45833333333333331 0.014526090444732799 -0.011781687346747094 1.4697856837382276e-16 0.0084970081129805298
3 23 1.0625 0.47916666666666663 0.012627779182258348 -0.011849117066074088 8.5457588239245575e-17 0.0043656880134005371
3 24 1.0625 0.5 0.011693073255841869 -0.011693073255841869 7.1048313638498355e-17 1.3558034639209028e-16
3 25 1.0625 0.52083333333333326 0.012627779182258696 -0.011849117066074473 4.5769128169947746e-17 -0.0043656880134004964
3 26 1.0625 0.54166666666666663 0.014526090444732754 -0.011781687346747062 1.1841023112612218e-16 -0.0084970081129804968
3 27 1.0625 0.5625 0.016238182450028879 -0.01126771009033641 1.0548527891257389e-17 -0.011692616413812475
3 28 1.0625 0.58333333333333326 0.017164885135136556 -0.010135697755435049 2.3333691400395413e-17 -0.013852830494628194
3 29 1.0625 0.60416666666666663 0.017425836873403391 -0.0083705144416415869 -1.3517241967218263e-16 -0.015283791372586024
3 30 1.0625 0.625 0.017342542733633622 -0.0066015801840382977 1.6633670670787596e-16 -0.016036923880271465
3 31 1.0625 0.64583333333333326 0.016894704695155537 -0.00496416175328612 6.0898883754200677e-17 -0.016148936337224251
3 32 1.0625 0.66666666666666663 0.016508905675501864 -0.0036664540343727932 7.7532614304395788e-17 -0.016096617079885113
3 33 1.0625 0.6875 0.016102017079508243 -0.0026936549963823323 8.1099900966723791e-17 -0.015875111866983479
3 34 1.0625 0.70833333333333326 0.014742881565101158 -0.0024838921782347921 1.4029251307215901e-16 -0.014532131175072141
3 35 1.0625 0.72916666666666663 0.011841577594181587 -0.0032780420618332986 1.3847721323045295e-17 -0.01137881365344714
3 36 1.0625 0.75 0.0076862957377706763 -0.0041342670337210698 1.4859746265322366e-16 -0.0064797359716549287
3 37 1.0625 0.77083333333333326 0.0051397694473991765 -0.0049158403224033595 4.2259411135081341e-17 -0.0015005811864245359
3 38 1.0625 0.79166666666666663 0.0064703911762574303 -0.0062549594137484427 3.6597211053633375e-18 0.0016557308676683393
3 39 1.0625 0.8125 0.0086614613442712006 -0.0080982129693888474 2.4540111639625284e-17 0.0030724354054603885
3 40 1.0625 0.83333333333333326 0.010735217497517097 -0.010216547636545854 2.8754604615914665e-17 0.0032965207581913663
3 41 1.0625 0.85416666666666663 0.013086831950755804 -0.012739075924612403 1.9191070990850076e-17 0.00299685086286983
3 42 1.0625 0.875 0.016248252032164005 -0.01594136852130737 -8.9707849077568824e-18 0.0031430023494410891
3 43 1.0625 0.89583333333333326 0.019770752133789506 -0.019371890914971341 7.1048949092720566e-17 0.0039512633820327847
3 44 1.0625 0.91666666666666663 0.022192007803524493 -0.021636656334307666 2.7310414738215944e-17 0.0049335902771466536
3 45 1.0625 0.9375 0.02217270460063123 -0.021555462301420126 5.7851344185813021e-17 0.0051952742255735639
3 46 1.0625 0.95833333333333326 0.019796050021525353 -0.019332353084060536 8.6042894749293765e-17 0.0042595446573488408
3 47 1.0625 0.97916666666666663 0.016792064704228532 -0.016626050943759702 4.5859341927708674e-17 0.002355391060207367
3 48 1.0625 1 0.01544035491677046 -0.01544035491677046 1.0506807469528295e-16 0
4 0 1.0833333333333333 0 0.028664300440574556 -0.028664300440574556 5.4727239393772623e-17 0
4 1 1.0833333333333333 0.020833333333333332 0.030012459091840263 -0.028754032951253471 1.0232685237198589e-16 -0.0085996098619422739
4 2 1.0833333333333333 0.041666666666666664 0.031561487856352599 -0.028171516873317565 4.5280236636987205e-17 -0.01423000888134214
4 3 1.0833333333333333 0.0625 0.030023818545913402 -0.025362449840406684 7.8760349085242067e-17 -0.016067850452714215
4 4 1.0833333333333333 0.083333333333333329 0.025103500817345841 -0.020159503957551669 5.6201400107999397e-17 -0.014959283187102983
4 5 1.0833333333333333 0.10416666666666666 0.01881276234158695 -0.014196412964516951 1.051648224749416e-16 -0.012344305807210351
4 6 1.0833333333333333 0.125 0.01336914951223517 -0.009650576306817862 6.7941921874224217e-17 -0.0092520557513875567
4 7 1.0833333333333333 0.14583333333333331 0.0099681621843833168 -0.007917519660148243 8.7282510780414601e-18 -0.0060561654341122172
4 8 1.0833333333333333 0.16666666666666666 0.0091660054330111769 -0.0086022234325720832 7.909521378863994e-17 -0.0031650288488571762
4 9 1.0833333333333333 0.1875 0.010155061891848909 -0.01013731058499634 9.0465590949322448e-17 -0.00060018008181138825
4 10 1.0833333333333333 0.20833333333333331 0.011794618107666263 -0.011503893284093058 3.7842809769038045e-17 0.0026025863316876791
4 11 1.0833333333333333 0.22916666666666666 0.014334895188991661 -0.012121196614764622 5.3493932029044601e-18 0.007652830372195306
4 12 1.0833333333333333 0.25 0.018759181763191624 -0.01188338645456515 1.4430500906685612e-16 0.014515234300414124
4 13 1.0833333333333333 0.27083333333333331 0.024139365754343122 -0.011282190927931807 2.3190224862775338e-17 0.021340598559732263
4 14 1.0833333333333333 0.29166666666666663 0.028359141026071639 -0.010558284180595344 1.0297936751525815e-16 0.026320401115834266
4 15 1.0833333333333333 0.3125 0.031457234891060885 -0.01028152706941983 1.2847445214197571e-16 0.029729578337274912
4 16 1.0833333333333333 0.33333333333333331 0.033429392920146357 -0.0099901938068428231 1.0721456702394799e-16 0.031901729400006684
4 17 1.0833333333333333 0.35416666666666663 0.033565177132596491 -0.0093974315931396116 8.6839194736130693e-17 0.032222808620522819
4 18 1.0833333333333333 0.375 0.03225581475776447 -0.0093553334742032413 1.32409041859584e-16 0.030869326543895782
4 19 1.0833333333333333 0.39583333333333331 0.030147638279801988 -0.010284228705344683 6.8525076156194097e-17 0.028339278991991779
4 20 1.0833333333333333 0.41666666666666663 0.027283244577478501 -0.012125233006094967 1.977002849579322e-16 0.024440829757240549
4 21 1.0833333333333333 0.4375 0.024250224069852794 -0.014596228859103879 7.1201098270136358e-17 0.019365522728052836
4 22 1.0833333333333333 0.45833333333333331 0.021941388384440354 -0.017094846654623446 1.6022349713181949e-16 0.013754662558265967
4 23 1.0833333333333333 0.47916666666666663 0.019859532319483768 -0.018490714910827571 1.1713438955197958e-16 0.0072453078633774601
4 24 1.0833333333333333 0.5 0.018729188543026288 -0.018729188543026288 2.2741173428021512e-16 -6.1014070482598329e-17
4 25 1.0833333333333333 0.52083333333333326 0.019859532319484029 -0.01849071491082788 5.6442023211283268e-17 -0.0072453078633773855
4 26 1.0833333333333333 0.54166666666666663 0.021941388384440551 -0.017094846654623588 4.6624105700390728e-17 -0.013754662558266106
4 27 1.0833333333333333 0.5625 0.024250224069852784 -0.014596228859103786 8.0369487171154845e-17 -0.019365522728052892
4 28 1.0833333333333333 0.58333333333333326 0.027283244577478615 -0.012125233006095045 1.8003840744480664e-16 -0.024440829757240642
4 29 1.0833333333333333 0.60416666666666663 0.03014763827980204 -0.010284228705344742 1.2158432573901873e-16 -0.028339278991991814
4 30 1.0833333333333333 0.625 0.032255814757764199 -0.0093553334742032274 1.7872368533676354e-16 -0.030869326543895497
4 31 1.0833333333333333 0.64583333333333326 0.03356517713259663 -0.0093974315931394901 7.2792054742181257e-17 -0.032222808620523
4 32 1.0833333333333333 0.66666666666666663 0.033429392920146371 -0.0099901938068429359 7.452611233904745e-17 -0.031901729400006663
4 33 1.0833333333333333 0.6875 0.031457234891060858 -0.010281527069419585 1.2537033813070215e-16 -0.029729578337274961
4 34 1.0833333333333333 0.70833333333333326 0.028359141026071649 -0.010558284180595104 1.4943164928895787e-16 -0.026320401115834374
4 35 1.0833333333333333 0.72916666666666663 0.02413936575434282 -0.0112821909279318 8.0579453464234133e-17 -0.021340598559731926
4 36 1.0833333333333333 0.75 0.018759181763191409 -0.011883386454564802 1.8315527452940211e-16 -0.014515234300414133
4 37 1.0833333333333333 0.77083333333333326 0.014334895188991727 -0.0121211966147647 9.7301018931598554e-17 -0.0076528303721953043
4 38 1.0833333333333333 0.79166666666666663 0.011794618107666289 -0.011503893284093071 4.0317894376431879e-17 -0.0026025863316877429
4 39 1.0833333333333333 0.8125 0.010155061891849048 -0.010137310584996485 9.1323821764507211e-17 0.00060018008181126562
4 40 1.0833333333333333 0.83333333333333326 0.0091660054330113348 -0.0086022234325722965 3.9963860173933385e-17 0.0031650288488570557
4 41 1.0833333333333333 0.85416666666666663 0.009968162184383374 -0.0079175196601482829 1.5740061260838714e-17 0.0060561654341122605
4 42 1.0833333333333333 0.875 0.013369149512235244 -0.0096505763068179071 9.8174800619673956e-17 0.0092520557513876191
4 43 1.0833333333333333 0.89583333333333326 0.018812762341586953 -0.014196412964516852 1.4406515897474351e-16 0.012344305807210467
4 44 1.0833333333333333 0.91666666666666663 0.025103500817345893 -0.020159503957551686 1.0257517360711332e-16 0.014959283187103047
4 45 1.0833333333333333 0.9375 0.030023818545913201 -0.02536244984040667 8.016475442861673e-17 0.016067850452713868
4 46 1.0833333333333333 0.95833333333333326 0.031561487856352551 -0.028171516873317419 1.0901994277390868e-16 0.014230008881342321
4 47 1.0833333333333333 0.97916666666666663 0.030012459091840207 -0.028754032951253533 1.5632475476824586e-16 0.0085996098619418766
4 48 1.0833333333333333 1 0.028664300440574643 -0.028664300440574643 6.4513647580536803e-17 0
5 0 1.1041666666666667 0 0.036937578049749932 -0.036937578049749932 9.1560868488845829e-17 0
5 1 1.1041666666666667 0.020833333333333332 0.036963229629007978 -0.036304787070708999 6.9994994873386883e-18 -0.0069457022940271375
5 2 1.1041666666666667 0.041666666666666664 0.035869407187591594 -0.033979795824786163 -1.0793226754435071e-17 -0.011488596419715174
5 3 1.1041666666666667 0.0625 0.03222680412177685 -0.029595096075537362 -1.694425348202451e-17 -0.012755280952730378
5 4 1.1041666666666667 0.083333333333333329 0.026428777537522298 -0.023902284012311648 -1.3170160071800136e-16 -0.011276573110774133
5 5 1.1041666666666667 0.10416666666666666 0.020242642210791362 -0.018509005171165761 -2.1369266095056396e-17 -0.0081964194162982666
5 6 1.1041666666666667 0.125 0.015857144510968764 -0.015079126435233011 -8.798469542573177e-17 -0.0049060144712387271
5 7 1.1041666666666667 0.14583333333333331 0.014412648119646867 -0.014154996504586957 4.7860656627160822e-17 -0.0027130241016053306
5 8 1.1041666666666667 0.16666666666666666 0.015020086884072775 -0.014938320569376639 5.8977071689290848e-17 -0.0015651161527611315
5 9 1.1041666666666667 0.1875 0.016288664435692369 -0.016288157217763388 -2.2420611026243854e-18 -0.00012854395361846431
5 10 1.1041666666666667 0.20833333333333331 0.017677471080939408 -0.017417715868361015 5.4471154480276843e-17 0.0030192975584552675
5 11 1.1041666666666667 0.22916666666666666 0.019785263920535465 -0.01794060157470222 2.1007459792478118e-17 0.0083421510141590324
5 12 1.1041666666666667 0.25 0.022960560720025006 -0.017621894393419116 1.423008543988223e-16 0.014719245448226592
5 13 1.1041666666666667 0.27083333333333331 0.026651427018109096 -0.016690440621793305 5.9927931711893773e-17 0.020778059436626594
5 14 1.1041666666666667 0.29166666666666663 0.030538783686833975 -0.015808339366777766 1.9522768951888388e-16 0.026128790931384892
5 15 1.1041666666666667 0.3125 0.03470856987744117 -0.015280835055063287 1.6800026224085399e-16 0.031163775492664001
5 16 1.1041666666666667 0.33333333333333331 0.03894446601296201 -0.014873602208184374 1.9140023993638928e-16 0.035992324048155687
5 17 1.1041666666666667 0.35416666666666663 0.042587252182856049 -0.014517083568197994 1.0704635371456321e-16 0.040036587431499862
5 18 1.1041666666666667 0.375 0.044698405322558754 -0.01446250730409359 2.7470468385715196e-16 0.042294010460806247
5 19 1.1041666666666667 0.39583333333333331 0.044183557284884836 -0.014412360538988948 9.1728005342878395e-17 0.041766860045266682
5 20 1.1041666666666667 0.41666666666666663 0.040531833175788519 -0.014208087594438546 2.6629448156599462e-16 0.037959975599290263
5 21 1.1041666666666667 0.4375 0.034495266222042777 -0.013870392279928364 1.7432458296333127e-16 0.03158378713407417
5 22 1.1041666666666667 0.45833333333333331 0.026791996511217255 -0.013235558888184302 2.6156452177325955e-16 0.023294442641421647
5 23 1.1041666666666667 0.47916666666666663 0.017662904009039117 -0.01252631943324627 2.0599362949411776e-16 0.012452690451818309
5 24 1.1041666666666667 0.5 0.012188772278589605 -0.012188772278589605 2.0496960127291434e-16 1.2018525222510066e-16
5 25 1.1041666666666667 0.52083333333333326 0.0176629040090392 -0.012526319433246348 2.477052855528386e-16 -0.012452690451818352
5 26 1.1041666666666667 0.54166666666666663 0.026791996511217362 -0.013235558888184248 1.863394175019914e-16 -0.0232944426414218
5 27 1.1041666666666667 0.5625 0.034495266222042652 -0.013870392279928168 2.1637389827080974e-16 -0.031583787134074115
5 28 1.1041666666666667 0.58333333333333326 0.040531833175788269 -0.014208087594438538 1.3884860761785003e-16 -0.03795997559929
5 29 1.1041666666666667 0.60416666666666663 0.044183557284884704 -0.014412360538988931 1.3584173609269222e-16 -0.041766860045266543
5 30 1.1041666666666667 0.625 0.044698405322558823 -0.014462507304093597 1.3417395730514706e-16 -0.042294010460806317
5 31 1.1041666666666667 0.64583333333333326 0.042587252182856014 -0.014517083568197735 2.0097483355687406e-16 -0.040036587431499925
5 32 1.1041666666666667 0.66666666666666663 0.038944466012962094 -0.014873602208184518 1.8196903710968797e-16 -0.035992324048155715
5 33 1.1041666666666667 0.6875 0.034708569877441496 -0.015280835055063668 2.0576524220090194e-16 -0.031163775492664178
5 34 1.1041666666666667 0.70833333333333326 0.030538783686834044 -0.015808339366777918 2.357207366377896e-16 -0.026128790931384878
5 35 1.1041666666666667 0.72916666666666663 0.026651427018109002 -0.016690440621793052 1.3860008927175273e-16 -0.020778059436626677
5 36 1.1041666666666667 0.75 0.022960560720024895 -0.017621894393419102 1.2359829518511369e-16 -0.014719245448226436
5 37 1.1041666666666667 0.77083333333333326 0.019785263920535531 -0.017940601574702262 6.6885102378219309e-17 -0.0083421510141590965
5 38 1.1041666666666667 0.79166666666666663 0.017677471080939557 -0.017417715868361151 1.1581838374047544e-16 -0.0030192975584553742
5 39 1.1041666666666667 0.8125 0.016288664435692039 -0.016288157217763055 -2.8945957322683403e-17 0.00012854395361849442
5 40 1.1041666666666667 0.83333333333333326 0.015020086884072725 -0.014938320569376582 3.7506148659670029e-17 0.0015651161527612042
5 41 1.1041666666666667 0.85416666666666663 0.014412648119646626 -0.014154996504586716 -8.7459415164669533e-18 0.0027130241016053063
5 42 1.1041666666666667 0.875 0.015857144510968663 -0.015079126435232897 5.1949985639077447e-18 0.0049060144712387505
5 43 1.1041666666666667 0.89583333333333326 0.020242642210791348 -0.018509005171165799 1.1000981122834626e-17 0.0081964194162981556
5 44 1.1041666666666667 0.91666666666666663 0.026428777537522315 -0.023902284012311696 -8.2087633491921925e-17 0.01127657311077407
5 45 1.1041666666666667 0.9375 0.032226804121777267 -0.029595096075537796 2.9883716837970013e-17 0.012755280952730428
5 46 1.1041666666666667 0.95833333333333326 0.035869407187591754 -0.033979795824786316 -4.4040858579375854e-17 0.011488596419715223
5 47 1.1041666666666667 0.97916666666666663 0.036963229629008172 -0.036304787070709214 6.0331637215449143e-18 0.0069457022940270369
5 48 1.1041666666666667 1 0.036937578049749994 -0.036937578049749994 -4.3060828843078781e-19 0
6 0 1.125 0 0.044628038879422113 -0.044628038879422113 -7.9068938338502445e-17 0
6 1 1.125 0.020833333333333332 0.044164515134606092 -0.043507913093232452 -1.5818304258816055e-17 -0.0075872192103946965
6 2 1.125 0.041666666666666664 0.041956935172409948 -0.04000199377773405 3.0231223352605589e-17 -0.012657997585239823
6 3 1.125 0.0625 0.037101157066024668 -0.034218639592983026 9.2329784293779389e-17 -0.014338080765687112
6 4 1.125 0.083333333333333329 0.030508904685222174 -0.027833137022985951 2.5954062122643299e-17 -0.01249438868259109
6 5 1.125 0.10416666666666666 0.024409674639016988 -0.023154334804011668 4.5225265406784236e-17 -0.0077271596182816879
6 6 1.125 0.125 0.02160244688282251 -0.021546768444456139 3.4863424023886925e-18 -0.0015499938471352764
6 7 1.125 0.14583333333333331 0.022857689568725824 -0.022429277345886064 -2.9853272423185147e-17 0.0044047122677377563
6 8 1.125 0.16666666666666666 0.026124198936050037 -0.024299176401177881 -1.2891722160435028e-17 0.0095929034329945116
6 9 1.125 0.1875 0.030307048975393974 -0.026399380060359426 3.2146063768451336e-17 0.014885897689613015
6 10 1.125 0.20833333333333331 0.035501728278820366 -0.028380803128038423 -4.6530694048688148e-17 0.021328448715054692
6 11 1.125 0.22916666666666666 0.041308997610050094 -0.029544825680888589 -9.1390120959434383e-17 0.028871033217275587
6 12 1.125 0.25 0.047144024656137998 -0.029490075183972845 2.8922650131267873e-17 0.036781714566101679
6 13 1.125 0.27083333333333331 0.052378891195490732 -0.028355220561546636 1.202212845052097e-16 0.044040092072736396
6 14 1.125 0.29166666666666663 0.056368603586877244 -0.026407610827762742 9.307262504253534e-17 0.049800176311976432
6 15 1.125 0.3125 0.058771133422813461 -0.023024017499972016 1.8350511423203438e-16 0.054073475401190223
6 16 1.125 0.33333333333333331 0.059425651700104651 -0.018228948029878653 1.4624038454071701e-16 0.05656070662311543
6 17 1.125 0.35416666666666663 0.058443884781568992 -0.013232980678906358 3.0006407871411279e-16 0.056926056342530902
6 18 1.125 0.375 0.055894996675912363 -0.0093944591378044458 2.030023120520139e-16 0.055099861986291548
6 19 1.125 0.39583333333333331 0.051268311472596417 -0.0066241602228437144 2.7562256703296561e-16 0.050838570619100382
6 20 1.125 0.41666666666666663 0.044572442740707645 -0.0047852846378299225 1.8115937637945753e-16 0.044314824864920888
6 21 1.125 0.4375 0.03655986301913746 -0.0042591499389134238 2.9453325555341559e-16 0.036310924331059771
6 22 1.125 0.45833333333333331 0.0270030612292756 -0.0042049327025883241 2.2535102067649094e-16 0.026673654731189544
6 23 1.125 0.47916666666666663 0.014884722275579874 -0.0042168977212237212 3.1707804579343055e-16 0.014274898627656938
6 24 1.125 0.5 0.0043559402130438482 -0.0043559402130438482 2.0201679467991516e-16 1.1408198328038123e-16
6 25 1.125 0.52083333333333326 0.014884722275579866 -0.0042168977212235165 2.9630939159546096e-16 -0.014274898627656988
6 26 1.125 0.54166666666666663 0.027003061229275576 -0.0042049327025883917 1.4503623368321696e-16 -0.02667365473118951
6 27 1.125 0.5625 0.036559863019137433 -0.0042591499389134082 2.6447198634477949e-16 -0.03631092433105975
6 28 1.125 0.58333333333333326 0.044572442740707707 -0.0047852846378299832 1.2364471424456699e-16 -0.044314824864920943
6 29 1.125 0.60416666666666663 0.051268311472596535 -0.0066241602228438506 2.3284290669147198e-16 -0.050838570619100486
6 30 1.125 0.625 0.055894996675912419 -0.0093944591378043989 2.1267221942723382e-16 -0.055099861986291611
6 31 1.125 0.64583333333333326 0.058443884781569144 -0.013232980678906501 2.5121696226176156e-16 -0.05692605634253102
6 32 1.125 0.66666666666666663 0.059425651700104831 -0.018228948029878882 1.0531503156002454e-16 -0.056560706623115548
6 33 1.125 0.6875 0.05877113342281335 -0.023024017499972162 3.5404210471951542e-17 -0.054073475401190035
6 34 1.125 0.70833333333333326 0.056368603586877036 -0.026407610827762353 6.8832598493209914e-17 -0.049800176311976398
6 35 1.125 0.72916666666666663 0.052378891195490801 -0.028355220561546688 9.5574829516460385e-17 -0.044040092072736445
6 36 1.125 0.75 0.04714402465613781 -0.029490075183972619 3.6144717510927999e-17 -0.036781714566101624
6 37 1.125 0.77083333333333326 0.041308997610049948 -0.029544825680888277 5.1160061558194709e-17 -0.028871033217275702
6 38 1.125 0.79166666666666663 0.035501728278820227 -0.028380803128038343 -5.4492955110655008e-17 -0.021328448715054564
6 39 1.125 0.8125 0.030307048975393894 -0.026399380060359259 -6.152274401787654e-17 -0.014885897689613141
6 40 1.125 0.83333333333333326 0.026124198936049888 -0.024299176401177767 -1.6623876777675801e-16 -0.0095929034329943902
6 41 1.125 0.85416666666666663 0.022857689568725803 -0.022429277345886046 2.6677719019503713e-17 -0.004404712267737745
6 42 1.125 0.875 0.021602446882822472 -0.021546768444456101 6.4673866239966939e-17 0.001549993847135249
6 43 1.125 0.89583333333333326 0.024409674639017175 -0.023154334804011804 4.5196700411300418e-17 0.0077271596182818692
6 44 1.125 0.91666666666666663 0.030508904685222275 -0.027833137022986183 6.5676172019500463e-18 0.012494388682590818
6 45 1.125 0.9375 0.037101157066024716 -0.034218639592983026 1.2498444141441809e-16 0.014338080765687235
6 46 1.125 0.95833333333333326 0.041956935172410045 -0.04000199377773412 -3.4246382033919684e-17 0.012657997585239935
6 47 1.125 0.97916666666666663 0.044164515134606147 -0.043507913093232542 -1.8975306919804407e-18 0.007587219210394543
6 48 1.125 1 0.044628038879422058 -0.044628038879422058 2.0969269137520389e-17 0
7 0 1.1458333333333333 0 0.064034568524267227 -0.064034568524267227 2.3754993022972877e-17 0
7 1 1.1458333333333333 0.020833333333333332 0.061980214429234085 -0.06192015929644034 7.7530442191642303e-17 -0.0027277927702246715
7 2 1.1458333333333333 0.041666666666666664 0.056340547058196126 -0.056222102230912424 5.9945563739254041e-17 -0.0036513646152698071
7 3 1.1458333333333333 0.0625 0.048568171316999705 -0.048509787701411587 1.0068117381977476e-16 -0.0023807062484501765
7 4 1.1458333333333333 0.083333333333333329 0.041010025480669433 -0.040997913258177164 2.5483693649246254e-17 0.00099664356724838256
7 5 1.1458333333333333 0.10416666666666666 0.036083039343495257 -0.035538383508873915 6.7862844137879937e-17 0.0062457206021743388
7 6 1.1458333333333333 0.125 0.034919946435194277 -0.032619002544379029 5.0587917828066024e-17 0.012466087278959341
7 7 1.1458333333333333 0.14583333333333331 0.036614191268620776 -0.031484016129770441 1.3790328045066077e-17 0.018691060178478394
7 8 1.1458333333333333 0.16666666666666666 0.040356383243141898 -0.031674823458231451 -5.3946447467686885e-18 0.025006863604962837
7 9 1.1458333333333333 0.1875 0.046144205537680838 -0.033146538268865287 -7.1691494339903827e-17 0.032102876903704197
7 10 1.1458333333333333 0.20833333333333331 0.053181158124309347 -0.03507347269948221 -1.1900120866826919e-16 0.039976081501836444
7 11 1.1458333333333333 0.22916666666666666 0.059462733852642766 -0.036038994218691292 -8.0570316870573431e-17 0.04729701484169338
7 12 1.1458333333333333 0.25 0.063532446769855797 -0.035456304199409094 -3.9491003521269192e-18 0.052718329687913346
7 13 1.1458333333333333 0.27083333333333331 0.06610649022222792 -0.034059131612966621 -1.0449899245216747e-16 0.056657246696888944
7 14 1.1458333333333333 0.29166666666666663 0.068056660918201894 -0.032051907458319387 -2.7820967193779043e-17 0.06003652491290979
7 15 1.1458333333333333 0.3125 0.068565837389838957 -0.028087068217977452 -1.2585760378711531e-16 0.062549105955948869
7 16 1.1458333333333333 0.33333333333333331 0.067179822953235421 -0.022847150279424969 1.0072611991561998e-16 0.063175440925548179
7 17 1.1458333333333333 0.35416666666666663 0.064039764557697179 -0.017681309518545189 -9.4756847255402865e-17 0.061550489342609538
7 18 1.1458333333333333 0.375 0.058849066341028926 -0.013058240409455477 9.431267300830956e-17 0.057382009084901237
7 19 1.1458333333333333 0.39583333333333331 0.051282554421975352 -0.0084052618830708116 2.7355543505338226e-18 0.050589049810407197
7 20 1.1458333333333333 0.41666666666666663 0.042132637364415096 -0.0038683314987967717 1.4722052035340326e-16 0.041954679628102558
7 21 1.1458333333333333 0.4375 0.032430170941266524 -8.7021684702004004e-05 7.3441470025004731e-17 0.032430054185988641
7 22 1.1458333333333333 0.45833333333333331 0.022721375657708473 0.0033035496894096772 1.6539700013379134e-16 0.022479934858186498
7 23 1.1458333333333333 0.47916666666666663 0.012815106890890618 0.0052760305615221778 2.181452434281358e-16 0.011678632888263771
7 24 1.1458333333333333 0.5 0.0055999050193771818 0.0055999050193771818 1.9022376554892467e-16 -4.5416648735361675e-17
7 25 1.1458333333333333 0.52083333333333326 0.012815106890890483 0.0052760305615218448 2.2102212905661882e-16 -0.011678632888263773
7 26 1.1458333333333333 0.54166666666666663 0.022721375657708567 0.0033035496894097804 1.5520580641323122e-16 -0.022479934858186577
7 27 1.1458333333333333 0.5625 0.032430170941266497 -8.7021684702042953e-05 1.8433216568500316e-16 -0.032430054185988613
7 28 1.1458333333333333 0.58333333333333326 0.042132637364415026 -0.0038683314987966165 1.4510914449416657e-16 -0.041954679628102502
7 29 1.1458333333333333 0.60416666666666663 0.051282554421975511 -0.0084052618830707856 6.4426154407097168e-17 -0.050589049810407363
7 30 1.1458333333333333 0.625 0.058849066341028725 -0.013058240409455212 5.4063911013807651e-17 -0.057382009084901084
7 31 1.1458333333333333 0.64583333333333326 0.064039764557697262 -0.017681309518545008 6.1216806987220706e-18 -0.061550489342609691
7 32 1.1458333333333333 0.66666666666666663 0.067179822953235588 -0.022847150279425084 -7.2546730409213765e-18 -0.063175440925548318
7 33 1.1458333333333333 0.6875 0.06856583738983911 -0.028087068217977702 -1.1566189331081372e-16 -0.062549105955948925
7 34 1.1458333333333333 0.70833333333333326 0.068056660918201672 -0.032051907458319151 1.5514901566640522e-17 -0.060036524912909679
7 35 1.1458333333333333 0.72916666666666663 0.066106490222227587 -0.034059131612966434 -3.8916116422403624e-17 -0.056657246696888673
7 36 1.1458333333333333 0.75 0.063532446769855838 -0.035456304199409108 5.5336901711255371e-17 -0.05271832968791338
7 37 1.1458333333333333 0.77083333333333326 0.059462733852642877 -0.036038994218691105 -1.8120152140397888e-16 -0.047297014841693658
7 38 1.1458333333333333 0.79166666666666663 0.053181158124309361 -0.035073472699482314 -5.9421850187861702e-17 -0.039976081501836375
7 39 1.1458333333333333 0.8125 0.046144205537681143 -0.033146538268865613 -1.0221006963561308e-16 -0.032102876903704294
7 40 1.1458333333333333 0.83333333333333326 0.040356383243141898 -0.031674823458231527 -5.0816787513600034e-17 -0.025006863604962744
7 41 1.1458333333333333 0.85416666666666663 0.036614191268620873 -0.031484016129770573 -1.0875653592123751e-17 -0.018691060178478353
7 42 1.1458333333333333 0.875 0.034919946435194374 -0.032619002544379105 4.7589308234849095e-18 -0.012466087278959415
7 43 1.1458333333333333 0.89583333333333326 0.036083039343495375 -0.035538383508874054 -6.5563634704425662e-17 -0.0062457206021742364
7 44 1.1458333333333333 0.91666666666666663 0.041010025480669524 -0.040997913258177247 1.2325215290959056e-17 -0.00099664356724840099
7 45 1.1458333333333333 0.9375 0.048568171316999517 -0.048509787701411407 3.6517882480400577e-17 0.0023807062484501209
7 46 1.1458333333333333 0.95833333333333326 0.0563405470581963 -0.056222102230912598 3.5781689551444737e-17 0.0036513646152697993
7 47 1.1458333333333333 0.97916666666666663 0.061980214429234293 -0.061920159296440548 5.9525932977153152e-17 0.0027277927702246789
7 48 1.1458333333333333 1 0.064034568524267324 -0.064034568524267324 1.1433471860165137e-16 0
8 0 1.1666666666666667 0 0.064341427697692549 -0.064341427697692549 1.552699223633753e-16 0
8 1 1.1666666666666667 0.020833333333333332 0.062929452666369387 -0.062884823116736294 1.129801490757118e-16 0.0023696063946600215
8 2 1.1666666666666667 0.041666666666666664 0.059478870473760548 -0.059219575199905596 2.0043001522463059e-16 0.0055477874848547165
8 3 1.1666666666666667 0.0625 0.055973644861475928 -0.055044804428603177 1.0584945977870565e-16 0.010154724245170742
8 4 1.1666666666666667 0.083333333333333329 0.054595506303404304 -0.051905741243148694 4.6827298291886995e-17 0.016925227753987578
8 5 1.1666666666666667 0.10416666666666666 0.056528586602190234 -0.050278127511332801 1.1152957257685331e-17 0.025837782358311662
8 6 1.1666666666666667 0.125 0.061385017714418059 -0.04977751338687593 -1.9744448501964744e-17 0.035921018371126483
8 7 1.1666666666666667 0.14583333333333331 0.067667981247244491 -0.049554329504347544 -5.1602466883666736e-17 0.046079541159303912
8 8 1.1666666666666667 0.16666666666666666 0.074559172183301312 -0.04953756316801454 -1.4802973147846548e-17 0.055723424087488919
8 9 1.1666666666666667 0.1875 0.082348354851258687 -0.050489714528763961 -7.4447830430174051e-17 0.065054133408360318
8 10 1.1666666666666667 0.20833333333333331 0.089594615500892177 -0.051695185833532782 -1.2343475723556433e-16 0.073176518695475118
8 11 1.1666666666666667 0.22916666666666666 0.093754174702825724 -0.051668060350592328 -7.7839689368210933e-17 0.078232070238588969
8 12 1.1666666666666667 0.25 0.093969358099415937 -0.049778987404488668 -8.6488536362328117e-17 0.079701271474174273
8 13 1.1666666666666667 0.27083333333333331 0.091274190626348492 -0.046088662801749648 -1.240838749544385e-18 0.07878332968110463
8 14 1.1666666666666667 0.29166666666666663 0.086476111426633237 -0.040212838515756626 -8.2388954549116821e-17 0.076557465122463197
8 15 1.1666666666666667 0.3125 0.078960615932581135 -0.031441120700549677 7.9977648192457295e-19 0.072430896705384315
8 16 1.1666666666666667 0.33333333333333331 0.069456990607495592 -0.021446329528055218 -1.031539847742094e-16 0.066063064521892992
8 17 1.1666666666666667 0.35416666666666663 0.060218487270245279 -0.012619531425482174 6.7888771496815168e-17 0.058881352189958755
8 18 1.1666666666666667 0.375 0.051953528550603943 -0.0056632266884361748 -1.1497114997262888e-16 0.051643944391707761
8 19 1.1666666666666667 0.39583333333333331 0.044325456408831169 -0.00015428446618569733 -1.2721061170799523e-16 0.044325187897567744
8 20 1.1666666666666667 0.41666666666666663 0.037647694257070631 0.0037866317974867576 -1.2753870031599747e-16 0.037456779126135917
8 21 1.1666666666666667 0.4375 0.030920754883155401 0.0061890808662632092 -1.5950956100150635e-17 0.03029502204282138
8 22 1.1666666666666667 0.45833333333333331 0.023031266190550782 0.0078723382360038393 8.5927690697057009e-18 0.021644064152509794
8 23 1.1666666666666667 0.47916666666666663 0.014053191766099475 0.0081543958808482416 3.5431333167185961e-17 0.011445436935004766
8 24 1.1666666666666667 0.5 0.0077316990862809892 0.0077316990862809892 -1.2650229056096892e-16 -9.416243219602833e-17
8 25 1.1666666666666667 0.52083333333333326 0.014053191766099482 0.0081543958808482087 8.4243028472989236e-17 -0.011445436935004797
8 26 1.1666666666666667 0.54166666666666663 0.02303126619055082 0.0078723382360040475 5.1901235684177025e-17 -0.021644064152509759
8 27 1.1666666666666667 0.5625 0.030920754883155235 0.0061890808662631927 5.3596144992170268e-17 -0.030295022042821213
8 28 1.1666666666666667 0.58333333333333326 0.037647694257070492 0.0037866317974869028 -1.1174294844710165e-16 -0.037456779126135757
8 29 1.1666666666666667 0.60416666666666663 0.0443254564088311 -0.00015428446618553985 3.6131378133984521e-17 -0.044325187897567675
8 30 1.1666666666666667 0.625 0.051953528550603895 -0.0056632266884359597 -1.0840022180855186e-16 -0.051643944391707733
8 31 1.1666666666666667 0.64583333333333326 0.060218487270245147 -0.012619531425481856 1.0279532814480745e-17 -0.058881352189958686
8 32 1.1666666666666667 0.66666666666666663 0.069456990607495633 -0.02144632952805528 -7.1714723984912425e-18 -0.06606306452189302
8 33 1.1666666666666667 0.6875 0.078960615932581191 -0.031441120700549705 -3.7742122144940897e-17 -0.072430896705384357
8 34 1.1666666666666667 0.70833333333333326 0.086476111426633182 -0.040212838515756577 -9.6551990030941427e-17 -0.076557465122463156
8 35 1.1666666666666667 0.72916666666666663 0.091274190626348436 -0.046088662801749704 -6.4353776755264609e-18 -0.078783329681104519
8 36 1.1666666666666667 0.75 0.093969358099415742 -0.049778987404488509 -6.7650175927946727e-17 -0.079701271474174148
8 37 1.1666666666666667 0.77083333333333326 0.09375417470282571 -0.051668060350592321 -1.2487478924762635e-16 -0.078232070238588941
8 38 1.1666666666666667 0.79166666666666663 0.089594615500892316 -0.051695185833533171 -3.7084502247208715e-17 -0.073176518695475021
8 39 1.1666666666666667 0.8125 0.082348354851258798 -0.050489714528764128 -1.1708989778579685e-16 -0.065054133408360318
8 40 1.1666666666666667 0.83333333333333326 0.07455917218330127 -0.049537563168014762 -1.4427853868244791e-16 -0.055723424087488684
8 41 1.1666666666666667 0.85416666666666663 0.067667981247244408 -0.049554329504347384 -3.601731310587776e-17 -0.046079541159303961
8 42 1.1666666666666667 0.875 0.061385017714417983 -0.049777513386875798 -4.0970159042385987e-17 -0.035921018371126538
8 43 1.1666666666666667 0.89583333333333326 0.056528586602190414 -0.05027812751133303 1.163855054423484e-16 -0.025837782358311599
8 44 1.1666666666666667 0.91666666666666663 0.054595506303404477 -0.051905741243148895 8.4121502916457557e-17 -0.01692522775398754
8 45 1.1666666666666667 0.9375 0.055973644861475956 -0.055044804428603197 1.5823041550649419e-16 -0.01015472424517078
8 46 1.1666666666666667 0.95833333333333326 0.059478870473760631 -0.059219575199905693 9.2440476146073238e-17 -0.0055477874848546029
8 47 1.1666666666666667 0.97916666666666663 0.062929452666369443 -0.062884823116736349 1.624789242115406e-16 -0.0023696063946600943
8 48 1.1666666666666667 1 0.064341427697692577 -0.064341427697692577 9.1536234862303532e-17 0
9 0 1.1875 0 0.09553064200267411 -0.09553064200267411 1.6207659141394382e-16 0
9 1 1.1875 0.020833333333333332 0.094316234926297454 -0.093666097458459038 1.6898502543314163e-16 0.011055060270074803
9 2 1.1875 0.041666666666666664 0.091634633134908702 -0.088893539627595608 1.0192510415317777e-16 0.022245102882351361
9 3 1.1875 0.0625 0.089473741008516294 -0.08293465734674689 1.7803720097911706e-16 0.033576672569460078
9 4 1.1875 0.083333333333333329 0.089074156111751526 -0.076888856395528796 1.0619734358775857e-16 0.04497009060707384
9 5 1.1875 0.10416666666666666 0.090815299183271109 -0.071230318370454931 1.0282514502310991e-16 0.056335249272464159
9 6 1.1875 0.125 0.094266948889395338 -0.065721562910542014 5.8861829811442497e-17 0.067579093079972175
9 7 1.1875 0.14583333333333331 0.099112019302876039 -0.060308384155614916 6.368337182980541e-17 0.078651707996917966
9 8 1.1875 0.16666666666666666 0.10478184645221242 -0.055811447296215226 -3.7442049507163247e-17 0.088680988360734972
9 9 1.1875 0.1875 0.10993100466012418 -0.052849241525269416 -1.1498665558145445e-17 0.096393897399098774
9 10 1.1875 0.20833333333333331 0.11237159064358319 -0.050674448583880809 -1.7000030321268235e-17 0.10029693237825699
9 11 1.1875 0.22916666666666666 0.11037363327104566 -0.047848662967652153 -5.7180689826491361e-17 0.099462778835398072
9 12 1.1875 0.25 0.10455317560515996 -0.043942919341927275 3.2497953736220181e-17 0.094870366125741762
9 13 1.1875 0.27083333333333331 0.096940423194044251 -0.039228176881049431 -1.3432086996959464e-16 0.088648721297204788
9 14 1.1875 0.29166666666666663 0.087965602938362475 -0.032806612853695023 -4.1691872899878808e-17 0.081619075303371438
9 15 1.1875 0.3125 0.077435321568698992 -0.024638323330378752 -8.0883140779570931e-17 0.073411048554802252
9 16 1.1875 0.33333333333333331 0.065736728096194852 -0.016405348763871324 2.7242324583623635e-17 0.06365675103811691
9 17 1.1875 0.35416666666666663 0.053492300249686389 -0.0092204900680851101 -1.010176779996871e-16 0.052691638320581213
9 18 1.1875 0.375 0.041617085002453855 -0.0030908329646355884 -1.3265554189183763e-17 0.041502150735669006
9 19 1.1875 0.39583333333333331 0.031447666064765713 0.0021577458189664207 2.6025588973034382e-19 0.031373553096545347
9 20 1.1875 0.41666666666666663 0.024285797369378321 0.0064691640867273114 3.9503382743866163e-17 0.023408329070770954
9 21 1.1875 0.4375 0.019304920110562101 0.0097546426557485275 2.8509805398969667e-17 0.016659138247035358
9 22 1.1875 0.45833333333333331 0.015962718329660428 0.011977278092727811 7.2246864469787937e-17 0.010552401904852727
9 23 1.1875 0.47916666666666663 0.013764357772643829 0.012713394621648961 -6.5622287419025414e-17 0.0052751437978094829
9 24 1.1875 0.5 0.012642210375118377 0.012642210375118377 3.073449548332574e-17 -5.1324450589435871e-17
9 25 1.1875 0.52083333333333326 0.013764357772643836 0.012713394621648999 -8.1626805695669084e-17 -0.0052751437978094109
9 26 1.1875 0.54166666666666663 0.015962718329660591 0.011977278092728062 -7.1732805649051047e-17 -0.010552401904852689
9 27 1.1875 0.5625 0.019304920110562063 0.0097546426557482899 3.7655254978851361e-19 -0.016659138247035455
9 28 1.1875 0.58333333333333326 0.024285797369378307 0.0064691640867267693 3.652169820634443e-17 -0.023408329070771089
9 29 1.1875 0.60416666666666663 0.031447666064765602 0.0021577458189665217 -5.8214843010505903e-17 -0.031373553096545229
9 30 1.1875 0.625 0.041617085002453834 -0.0030908329646355146 2.146084715528395e-17 -0.041502150735668993
9 31 1.1875 0.64583333333333326 0.053492300249686493 -0.0092204900680848099 -7.9920555961457113e-17 -0.052691638320581366
9 32 1.1875 0.66666666666666663 0.065736728096194838 -0.016405348763871619 -4.3745797388427761e-17 -0.063656751038116827
9 33 1.1875 0.6875 0.077435321568698895 -0.024638323330378888 -1.14895600164595e-16 -0.0734110485548021
9 34 1.1875 0.70833333333333326 0.0879656029383626 -0.032806612853694968 -1.4488227793140947e-16 -0.081619075303371591
9 35 1.1875 0.72916666666666663 0.096940423194044431 -0.039228176881049667 -1.2354660493042141e-16 -0.088648721297204885
9 36 1.1875 0.75 0.10455317560515996 -0.043942919341926859 1.3605913253804109e-17 -0.094870366125741956
9 37 1.1875 0.77083333333333326 0.11037363327104557 -0.047848662967652028 -5.3233274756782664e-17 -0.099462778835398044
9 38 1.1875 0.79166666666666663 0.11237159064358304 -0.05067444858388049 2.9371394709123865e-17 -0.10029693237825699
9 39 1.1875 0.8125 0.10993100466012405 -0.052849241525269548 -2.8190482559479164e-17 -0.096393897399098566
9 40 1.1875 0.83333333333333326 0.10478184645221253 -0.055811447296215302 -9.9430460720917418e-18 -0.088680988360735041
9 41 1.1875 0.85416666666666663 0.099112019302876164 -0.060308384155614916 9.28465733060541e-17 -0.078651707996918119
9 42 1.1875 0.875 0.094266948889395172 -0.065721562910541889 -2.9584135993344252e-17 -0.06757909307997205
9 43 1.1875 0.89583333333333326 0.090815299183271303 -0.071230318370455195 9.7848681761418358e-17 -0.056335249272464132
9 44 1.1875 0.91666666666666663 0.089074156111751665 -0.076888856395528879 4.5468591944458861e-17 -0.044970090607073979
9 45 1.1875 0.9375 0.089473741008516169 -0.082934657346746765 1.0866498399013167e-16 -0.03357667256946005
9 46 1.1875 0.95833333333333326 0.091634633134908855 -0.088893539627595691 1.8970534866615765e-16 -0.022245102882351656
9 47 1.1875 0.97916666666666663 0.094316234926297204 -0.093666097458458761 1.5067961764900925e-16 -0.011055060270074923
9 48 1.1875 1 0.095530642002674332 -0.095530642002674332 2.9486317018171825e-16 0
10 0 1.2083333333333333 0 0.11042465104271577 -0.11042465104271577 2.200035859593101e-16 0
10 1 1.2083333333333333 0.020833333333333332 0.11002629836989909 -0.10876954742182511 1.1889721929924695e-16 0.016582276280215507
10 2 1.2083333333333333 0.041666666666666664 0.10983022385246123 -0.10482530457421063 1.4275282817398019e-16 0.032777028425495187
10 3 1.2083333333333333 0.0625 0.11147926392828501 -0.10045836563641578 1.2301421321428289e-16 0.048329525754474606
10 4 1.2083333333333333 0.083333333333333329 0.11488706647356153 -0.096035109050126757 1.2804459265628335e-16 0.063057877165591358
10 5 1.2083333333333333 0.10416666666666666 0.11893782940206295 -0.090927251440592508 6.3951306118901124e-17 0.076670999786969618
10 6 1.2083333333333333 0.125 0.12273629285027632 -0.084280505198907382 8.7546845109873768e-17 0.089224402637651398
10 7 1.2083333333333333 0.14583333333333331 0.12639917877261825 -0.07647127884633359 4.9502186791168606e-17 0.10064241603816257
10 8 1.2083333333333333 0.16666666666666666 0.1297384047278699 -0.069111746291746878 2.663471697758479e-17 0.10979808826130712
10 9 1.2083333333333333 0.1875 0.13107095623015685 -0.062958477426304699 2.3377778538173076e-17 0.11496010476356211
10 10 1.2083333333333333 0.20833333333333331 0.12835985091689051 -0.057296358217121417 -3.7284105944606613e-17 0.11486243364330073
10 11 1.2083333333333333 0.22916666666666666 0.12113930146253649 -0.051233320397645922 -3.7233097816497355e-17 0.10977193284197674
10 12 1.2083333333333333 0.25 0.10977556586444059 -0.044097231139835047 -1.1493196551172356e-16 0.10052914535923449
10 13 1.2083333333333333 0.27083333333333331 0.095527312766716874 -0.035512594248267734 -1.3809135214316481e-17 0.088681019018660642
10 14 1.2083333333333333 0.29166666666666663 0.079693363720563862 -0.025053020663108116 -1.1861379175716321e-16 0.075653013005114095
10 15 1.2083333333333333 0.3125 0.063813085944839296 -0.013956416735094327 -1.3828915122508705e-17 0.062268197097072153
10 16 1.2083333333333333 0.33333333333333331 0.049643979579208124 -0.0046598060212479841 -2.5529213596553281e-17 0.04942480061978171
10 17 1.2083333333333333 0.35416666666666663 0.03782967668710082 0.0022447963310505909 -2.7317064483312896e-17 0.037763015341504197
10 18 1.2083333333333333 0.375 0.029396864322368887 0.0070782497578012835 -8.1394350756383201e-17 0.028531982271723617
10 19 1.2083333333333333 0.39583333333333331 0.024756009304219163 0.0095843049813388245 9.6483726988381572e-18 0.022825448400749317
10 20 1.2083333333333333 0.41666666666666663 0.022367946345888588 0.010687901180931795 -8.3908373080180388e-17 0.019649269504976193
10 21 1.2083333333333333 0.4375 0.019820881403624323 0.011516642304608608 -1.6942135273452139e-17 0.016131778874142799
10 22 1.2083333333333333 0.45833333333333331 0.016574140481865535 0.012064137722010211 -2.9728658962895839e-17 0.011364801526510886
10 23 1.2083333333333333 0.47916666666666663 0.013607516380019603 0.012205495549073249 7.0608846422320293e-17 0.0060158441165022647
10 24 1.2083333333333333 0.5 0.012220183707255649 0.012220183707255649 -1.063298814710637e-16 -4.413378464870539e-18
10 25 1.2083333333333333 0.52083333333333326 0.013607516380019556 0.01220549554907315 2.6078262897216868e-17 -0.0060158441165023592
10 26 1.2083333333333333 0.54166666666666663 0.016574140481865878 0.01206413772201048 -5.5077763759917875e-18 -0.011364801526511101
10 27 1.2083333333333333 0.5625 0.019820881403624358 0.011516642304608624 -1.0239424814001629e-18 -0.01613177887414283
10 28 1.2083333333333333 0.58333333333333326 0.022367946345888852 0.01068790118093184 -4.3975227258709035e-18 -0.019649269504976471
10 29 1.2083333333333333 0.60416666666666663 0.024756009304219007 0.0095843049813386233 1.3611536548489306e-17 -0.022825448400749234
10 30 1.2083333333333333 0.625 0.029396864322368911 0.0070782497578012358 -1.3661130916274356e-16 -0.028531982271723655
10 31 1.2083333333333333 0.64583333333333326 0.037829676687100786 0.0022447963310504079 -7.2874358067235308e-17 -0.037763015341504169
10 32 1.2083333333333333 0.66666666666666663 0.049643979579208047 -0.0046598060212476424 -2.9884869661511103e-17 -0.049424800619781661
10 33 1.2083333333333333 0.6875 0.063813085944839476 -0.013956416735094297 3.7351450582388498e-17 -0.062268197097072348
10 34 1.2083333333333333 0.70833333333333326 0.079693363720563973 -0.025053020663108154 -7.2477557760878747e-17 -0.075653013005114192
10 35 1.2083333333333333 0.72916666666666663 0.095527312766716749 -0.035512594248267665 9.9003273436970067e-17 -0.088681019018660531
10 36 1.2083333333333333 0.75 0.10977556586444054 -0.04409723113983495 -4.3246803815878245e-17 -0.10052914535923446
10 37 1.2083333333333333 0.77083333333333326 0.12113930146253656 -0.051233320397645832 -1.9071671681994396e-17 -0.10977193284197687
10 38 1.2083333333333333 0.79166666666666663 0.12835985091689051 -0.057296358217121444 4.6885493717218226e-17 -0.11486243364330072
10 39 1.2083333333333333 0.8125 0.13107095623015705 -0.062958477426304935 2.6520806336556527e-17 -0.11496010476356219
10 40 1.2083333333333333 0.83333333333333326 0.12973840472786977 -0.06911174629174692 5.3385330360641087e-17 -0.10979808826130692
10 41 1.2083333333333333 0.85416666666666663 0.12639917877261847 -0.076471278846333784 4.0309492851800718e-18 -0.10064241603816271
10 42 1.2083333333333333 0.875 0.12273629285027612 -0.084280505198907368 3.8814624771692932e-17 -0.089224402637651162
10 43 1.2083333333333333 0.89583333333333326 0.11893782940206291 -0.090927251440592521 7.0356318007977103e-17 -0.076670999786969549
10 44 1.2083333333333333 0.91666666666666663 0.11488706647356117 -0.096035109050126521 1.4578345671478538e-16 -0.063057877165591067
10 45 1.2083333333333333 0.9375 0.11147926392828518 -0.100458365636416 7.6768104068551028e-17 -0.048329525754474544
10 46 1.2083333333333333 0.95833333333333326 0.1098302238524612 -0.10482530457421058 1.911664439331793e-16 -0.032777028425495285
10 47 1.2083333333333333 0.97916666666666663 0.11002629836989916 -0.10876954742182519 1.281399807423918e-16 -0.016582276280215445
10 48 1.2083333333333333 1 0.11042465104271579 -0.11042465104271579 1.1391606825742197e-16 0
11 0 1.2291666666666667 0 0.14802328440401777 -0.14802328440401777 1.0885998055703001e-16 0
11 1 1.2291666666666667 0.020833333333333332 0.1470413768936083 -0.14567802139074096 6.3949001191201973e-17 0.019977001838288634
11 2 1.2291666666666667 0.041666666666666664 0.14506390534374466 -0.13974651083916276 5.2968981230140623e-17 0.038915926583581104
11 3 1.2291666666666667 0.0625 0.14372574739565952 -0.13220171760507304 9.7737393076634741e-17 0.056389682803766952
11 4 1.2291666666666667 0.083333333333333329 0.14329985597529682 -0.12367000424025129 4.3344723704813257e-17 0.072391841900569423
11 5 1.2291666666666667 0.10416666666666666 0.14284540234833493 -0.11364694430050523 4.215498958071217e-17 0.08654005444426037
11 6 1.2291666666666667 0.125 0.14177522142236296 -0.1016036153784034 3.7624833380976933e-17 0.098878302733195769
11 7 1.2291666666666667 0.14583333333333331 0.14052227632882092 -0.088377895795500525 -2.4091637260688193e-17 0.10925135092708535
11 8 1.2291666666666667 0.16666666666666666 0.13861614301885597 -0.075528823860729358 5.6157743624413846e-17 0.11623180232466007
11 9 1.2291666666666667 0.1875 0.13418635148292002 -0.063711524110755965 -4.7411809856297477e-17 0.11809664948584406
11 10 1.2291666666666667 0.20833333333333331 0.12612547108147282 -0.052747538321316963 8.6661760909725566e-17 0.11456583983266842
11 11 1.2291666666666667 0.22916666666666666 0.11488452798437754 -0.042414523642366614 -8.4100509346202209e-17 0.10676826754417415
11 12 1.2291666666666667 0.25 0.10114721085009723 -0.03250399750922639 3.1961343341173881e-17 0.095782296948205572
11 13 1.2291666666666667 0.27083333333333331 0.085734075309160662 -0.022258048215303767 -9.8963091064698771e-19 0.082794389657524767
11 14 1.2291666666666667 0.29166666666666663 0.069825361718055548 -0.011660290381910302 6.2589427639338698e-17 0.068844889187700972
11 15 1.2291666666666667 0.3125 0.054612268816527344 -0.0018326162830903585 5.0630926988600102e-17 0.054581511731057769
11 16 1.2291666666666667 0.33333333333333331 0.040840458400119677 0.0061706968710469687 1.2367244360404892e-16 0.040371593261321219
11 17 1.2291666666666667 0.35416666666666663 0.029614910199343421 0.012351081673714527 4.6630118329257692e-17 0.026916420408449711
11 18 1.2291666666666667 0.375 0.02332571261145594 0.016790521760968954 8.8906680018515162e-17 0.016191579534642772
11 19 1.2291666666666667 0.39583333333333331 0.020852963980820066 0.018420938426835544 9.6840554083603864e-17 0.0097731844482805471
11 20 1.2291666666666667 0.41666666666666663 0.019334168969556972 0.018191547174331843 1.2666310905753072e-16 0.0065481066841827536
11 21 1.2291666666666667 0.4375 0.018036628923854804 0.017543933664967131 4.457555178027441e-17 0.0041869290053771638
11 22 1.2291666666666667 0.45833333333333331 0.016925603938109875 0.016786139536814015 7.0771438254853545e-17 0.0021683145805832423
11 23 1.2291666666666667 0.47916666666666663 0.016471549545032924 0.016448053090301236 5.1707270237065341e-17 0.00087948504996180981
11 24 1.2291666666666667 0.5 0.016406386886034463 0.016406386886034463 4.1657980248286089e-17 6.7409932751705739e-17
11 25 1.2291666666666667 0.52083333333333326 0.016471549545032934 0.016448053090301253 9.1534937314718354e-18 -0.00087948504996166322
11 26 1.2291666666666667 0.54166666666666663 0.016925603938109896 0.016786139536814002 2.8574567618468005e-17 -0.0021683145805834994
11 27 1.2291666666666667 0.5625 0.018036628923854669 0.017543933664966961 -9.2846632307875833e-18 -0.0041869290053773026
11 28 1.2291666666666667 0.58333333333333326 0.019334168969557107 0.018191547174332034 -4.5366458499108614e-17 -0.0065481066841826191
11 29 1.2291666666666667 0.60416666666666663 0.020852963980820184 0.018420938426835516 4.4940117972388596e-17 -0.0097731844482808507
11 30 1.2291666666666667 0.625 0.023325712611456082 0.01679052176096902 2.9751384544761764e-17 -0.016191579534642907
11 31 1.2291666666666667 0.64583333333333326 0.02961491019934322 0.012351081673714589 5.1460965280414113e-17 -0.026916420408449462
11 32 1.2291666666666667 0.66666666666666663 0.040840458400119586 0.0061706968710469002 3.8262917429251721e-17 -0.040371593261321143
11 33 1.2291666666666667 0.6875 0.054612268816527594 -0.0018326162830903316 6.6317564164828207e-17 -0.054581511731058019
11 34 1.2291666666666667 0.70833333333333326 0.069825361718055631 -0.011660290381910536 -2.2524726895428305e-17 -0.068844889187701028
11 35 1.2291666666666667 0.72916666666666663 0.085734075309160621 -0.022258048215303864 5.7573035423367399e-17 -0.082794389657524697
11 36 1.2291666666666667 0.75 0.10114721085009701 -0.032503997509226036 1.679239446271853e-17 -0.095782296948205461
11 37 1.2291666666666667 0.77083333333333326 0.1148845279843778 -0.042414523642366635 -2.5751176173527282e-17 -0.10676826754417441
11 38 1.2291666666666667 0.79166666666666663 0.12612547108147285 -0.052747538321316949 4.6861116332877364e-17 -0.11456583983266846
11 39 1.2291666666666667 0.8125 0.13418635148292021 -0.063711524110756076 -2.2198856841761299e-18 -0.11809664948584422
11 40 1.2291666666666667 0.83333333333333326 0.13861614301885589 -0.07552882386072915 9.695621837562973e-17 -0.11623180232466011
11 41 1.2291666666666667 0.85416666666666663 0.14052227632882075 -0.088377895795500358 1.0089322820277815e-17 -0.10925135092708525
11 42 1.2291666666666667 0.875 0.14177522142236276 -0.10160361537840328 9.8172407601738465e-17 -0.098878302733195644
11 43 1.2291666666666667 0.89583333333333326 0.14284540234833487 -0.11364694430050522 3.389157150009576e-17 -0.086540054444260314
11 44 1.2291666666666667 0.91666666666666663 0.14329985597529674 -0.12367000424025119 2.5031152798697349e-17 -0.072391841900569423
11 45 1.2291666666666667 0.9375 0.1437257473956598 -0.13220171760507327 9.4076769908303013e-17 -0.056389682803767112
11 46 1.2291666666666667 0.95833333333333326 0.14506390534374486 -0.13974651083916298 9.2932040011326727e-17 -0.038915926583581083
11 47 1.2291666666666667 0.97916666666666663 0.14704137689360847 -0.1456780213907411 9.5685916815002509e-17 -0.019977001838288783
11 48 1.2291666666666667 1 0.14802328440401813 -0.14802328440401813 1.599176078721463e-16 0
12 0 1.25 0 0.17276054770859001 -0.17276054770859001 7.0144335051127601e-18 0
12 1 1.25 0.020833333333333332 0.17112543217679077 -0.17019811003201818 1.4259893522692821e-17 0.017790921258396045
12 2 1.25 0.041666666666666664 0.16713837426157535 -0.16351451341300721 5.2880427202134075e-18 0.034615604199694699
12 3 1.25 0.0625 0.16243181916434724 -0.15453264918510404 -1.187859795376526e-17 0.050037548030182018
12 4 1.25 0.083333333333333329 0.15736278811381862 -0.1439206496220565 -3.2075266389414294e-17 0.063638775092861644
12 5 1.25 0.10416666666666666 0.15107694885406758 -0.13113422633463231 4.1098699055407911e-17 0.07502039161902567
12 6 1.25 0.125 0.14336740247143626 -0.11586749279589295 -6.7102606887123813e-17 0.084433027925098589
12 7 1.25 0.14583333333333331 0.1353131464443299 -0.099274399814256883 3.2703317541647838e-17 0.091946947432656731
12 8 1.25 0.16666666666666666 0.12730926817928148 -0.082857897782129403 -1.0316536378956086e-17 0.096655152679360062
12 9 1.25 0.1875 0.11774112088752223 -0.06682733157596471 3.3636620141497692e-17 0.096938533629750107
12 10 1.25 0.20833333333333331 0.10527826622578122 -0.05100298520002676 2.9388978036149623e-17 0.092098907920736592
12 11 1.25 0.22916666666666666 0.089958171160969588 -0.035509829687334481 1.0634902823663162e-16 0.082653037174702779
12 12 1.25 0.25 0.07256716942376229 -0.020585667337502035 3.96671532878459e-17 0.069586093283404857
12 13 1.25 0.27083333333333331 0.054833653067200408 -0.0063430480001750861 1.4181310144418572e-16 0.05446554186604198
12 14 1.25 0.29166666666666663 0.039496481522276063 0.0064069739599540172 9.8463763052356081e-17 0.03897335932808417
12 15 1.25 0.3125 0.029557952867613303 0.016129557380099545 1.1713935419413925e-16 0.024769133138770234
12 16 1.25 0.33333333333333331 0.025673076801400619 0.022089915348460741 -7.5761127104609391e-18 0.013082144791602529
12 17 1.25 0.35416666666666663 0.02551362413665801 0.025050719967878724 -4.2047669764305193e-17 0.0048380208430287329
12 18 1.25 0.375 0.025963374906811998 0.025950266000808419 2.7804891492177152e-17 0.00082494305195063029
12 19 1.25 0.39583333333333331 0.024631109902411626 0.024623867961698513 -8.5103764175525419e-17 0.00059724503306240041
12 20 1.25 0.41666666666666663 0.022570475814342818 0.022458692092800863 3.6458487597819331e-17 0.0022435525326138716
12 21 1.25 0.4375 0.021397154920334047 0.021106061733156923 7.3813375436324024e-18 0.0035174417978048353
12 22 1.25 0.45833333333333331 0.021076267576209687 0.020801408335976435 3.5626909841484898e-17 0.0033927077952511388
12 23 1.25 0.47916666666666663 0.02153354830919256 0.021434733747931652 -4.0212117010070076e-17 0.0020605562209291104
12 24 1.25 0.5 0.021854517753013787 0.021854517753013787 1.7864489323937392e-16 3.7904087955655427e-17
12 25 1.25 0.52083333333333326 0.021533548309192733 0.021434733747931853 5.9518630968542568e-17 -0.0020605562209288545
12 26 1.25 0.54166666666666663 0.021076267576209604 0.020801408335976386 4.7784250450579762e-17 -0.0033927077952509146
12 27 1.25 0.5625 0.021397154920333762 0.021106061733156625 1.933310474538168e-17 -0.003517441797804886
12 28 1.25 0.58333333333333326 0.022570475814343016 0.022458692092801037 5.6006738382243047e-17 -0.0022435525326141275
12 29 1.25 0.60416666666666663 0.024631109902411612 0.024623867961698499 1.088346971875824e-16 -0.00059724503306231801
12 30 1.25 0.625 0.025963374906811772 0.025950266000808193 4.9215159422783583e-17 -0.00082494305195061836
12 31 1.25 0.64583333333333326 0.025513624136657847 0.025050719967878547 1.0489192428467191e-16 -0.0048380208430287815
12 32 1.25 0.66666666666666663 0.025673076801400487 0.022089915348460713 7.0428082840729673e-18 -0.013082144791602317
12 33 1.25 0.6875 0.02955795286761333 0.016129557380099576 1.5362234029018001e-16 -0.024769133138770247
12 34 1.25 0.70833333333333326 0.039496481522275952 0.0064069739599541238 7.8511858153294672e-18 -0.038973359328084045
12 35 1.25 0.72916666666666663 0.05483365306720038 -0.0063430480001749855 1.9355356307791453e-17 -0.05446554186604196
12 36 1.25 0.75 0.072567169423762332 -0.02058566733750216 2.5621774486803667e-19 -0.069586093283404857
12 37 1.25 0.77083333333333326 0.089958171160969602 -0.035509829687334425 1.8968703684483637e-17 -0.08265303717470282
12 38 1.25 0.79166666666666663 0.10527826622578144 -0.05100298520002701 -6.6824687836335582e-19 -0.092098907920736717
12 39 1.25 0.8125 0.11774112088752212 -0.066827331575964571 1.489708127979455e-16 -0.096938533629750065
12 40 1.25 0.83333333333333326 0.12730926817928143 -0.082857897782129389 6.9782760869170815e-18 -0.096655152679360007
12 41 1.25 0.85416666666666663 0.13531314644432985 -0.099274399814256842 1.1559047761717548e-16 -0.091946947432656703
12 42 1.25 0.875 0.14336740247143631 -0.1158674927958931 -4.1950459699463525e-17 -0.084433027925098506
12 43 1.25 0.89583333333333326 0.15107694885406786 -0.13113422633463256 7.4776874513763986e-17 -0.075020391619025795
12 44 1.25 0.91666666666666663 0.15736278811381846 -0.14392064962205622 2.5805609321726987e-17 -0.063638775092861824
12 45 1.25 0.9375 0.1624318191643474 -0.15453264918510412 -4.1372782049237119e-17 -0.050037548030182198
12 46 1.25 0.95833333333333326 0.16713837426157546 -0.16351451341300727 7.2607201518940407e-18 -0.034615604199694956
12 47 1.25 0.97916666666666663 0.17112543217679094 -0.17019811003201835 -8.8714147410076657e-17 -0.017790921258396077
12 48 1.25 1 0.17276054770859034 -0.17276054770859034 -4.0106038735453872e-17 0
13 0 1.2708333333333333 0 0.19323848183973008 -0.19323848183973008 -2.5427891723506327e-17 0
13 1 1.2708333333333333 0.020833333333333332 0.19081856813217546 -0.19046868549382356 -1.1402444894522954e-18 0.011550142434992408
13 2 1.2708333333333333 0.041666666666666664 0.18464916901514805 -0.18326425992081999 -2.4587449327473666e-17 0.022572697084284016
13 3 1.2708333333333333 0.0625 0.17627588857223764 -0.17324879867203233 -8.0217881651285739e-17 0.032527567548612558
13 4 1.2708333333333333 0.083333333333333329 0.16619550427190932 -0.1610330252622742 -5.9576466283346722e-17 0.041101221576420169
13 5 1.2708333333333333 0.10416666666666666 0.15374304823336393 -0.14595986171039674 -3.5577185287666643e-18 0.048297449721163628
13 6 1.2708333333333333 0.125 0.13865476496308807 -0.12762250973418943 -8.852900913410833e-17 0.054199989447562803
13 7 1.2708333333333333 0.14583333333333331 0.12245862809758043 -0.10732517317531486 -4.4142700659878092e-18 0.05896967694018844
13 8 1.2708333333333333 0.16666666666666666 0.10663898135796754 -0.086571607740397863 -4.196590972709843e-17 0.062267399803650328
13 9 1.2708333333333333 0.1875 0.090847484132616618 -0.065835519994803665 -1.015964384444056e-16 0.0626015149995576
13 10 1.2708333333333333 0.20833333333333331 0.074495160563851248 -0.045710173672373032 1.5244589947647269e-17 0.05882269094724818
13 11 1.2708333333333333 0.22916666666666666 0.057862863620543131 -0.026997092822826564 -4.9330586075014619e-17 0.051178784329888691
13 12 1.2708333333333333 0.25 0.041923810247682484 -0.010239043067014264 -5.6204803851450906e-18 0.040654247782433685
13 13 1.2708333333333333 0.27083333333333331 0.028637810867510917 0.0048303361835381527 -6.0478017684816426e-18 0.028227505444819747
13 14 1.2708333333333333 0.29166666666666663 0.023225541131781189 0.017945325282671773 -3.74164027460234e-17 0.014744187375476517
13 15 1.2708333333333333 0.3125 0.027684625244393829 0.027628045299546284 3.7820941472811537e-18 0.0017690641166296071
13 16 1.2708333333333333 0.33333333333333331 0.034324207702139606 0.033231684447491354 -1.8875207788080938e-17 -0.0085910641460753383
13 17 1.2708333333333333 0.35416666666666663 0.03831500559372554 0.035300866453968946 6.7138004638235571e-18 -0.014895921631314708
13 18 1.2708333333333333 0.375 0.038381023771416597 0.034461907412430666 -1.1604219659468775e-16 -0.016896151136844822
13 19 1.2708333333333333 0.39583333333333331 0.034441284151558858 0.030810343844273929 -1.8633987137484906e-17 -0.015392360644359627
13 20 1.2708333333333333 0.41666666666666663 0.02857012910643442 0.026151356136787998 1.8054065794749955e-17 -0.011504731607700021
13 21 1.2708333333333333 0.4375 0.023561166516929792 0.022507666059943948 8.9219628373930929e-17 -0.0069666014793829502
13 22 1.2708333333333333 0.45833333333333331 0.020845598790459809 0.020561234781247054 7.0476838114283451e-17 -0.0034314156267138212
13 23 1.2708333333333333 0.47916666666666663 0.020439301816095639 0.020404946975659938 1.7572179149101359e-16 -0.0011845664396549777
13 24 1.2708333333333333 0.5 0.020669476891425537 0.020669476891425537 6.5055927985224211e-17 1.7002282930841135e-16
13 25 1.2708333333333333 0.52083333333333326 0.020439301816095334 0.020404946975659644 1.8788167056018266e-17 0.0011845664396547954
13 26 1.2708333333333333 0.54166666666666663 0.020845598790459843 0.020561234781247124 5.5320083166649121e-17 0.0034314156267136174
13 27 1.2708333333333333 0.5625 0.023561166516929896 0.022507666059944 5.4884157666499689e-17 0.0069666014793831462
13 28 1.2708333333333333 0.58333333333333326 0.028570129106434188 0.026151356136787721 3.9230748039307025e-17 0.011504731607700077
13 29 1.2708333333333333 0.60416666666666663 0.034441284151558803 0.030810343844273842 -6.1316303456232997e-17 0.015392360644359674
13 30 1.2708333333333333 0.625 0.038381023771416729 0.034461907412430881 -4.3715473617334124e-17 0.016896151136844666
13 31 1.2708333333333333 0.64583333333333326 0.038315005593725311 0.035300866453968752 2.0960649267687145e-18 0.014895921631314564
13 32 1.2708333333333333 0.66666666666666663 0.034324207702139641 0.033231684447491396 5.8795131414906913e-17 0.0085910641460753244
13 33 1.2708333333333333 0.6875 0.027684625244394061 0.02762804529954652 -1.0802100589981596e-16 -0.0017690641166295483
13 34 1.2708333333333333 0.70833333333333326 0.02322554113178104 0.017945325282671527 -1.450523699626668e-17 -0.014744187375476581
13 35 1.2708333333333333 0.72916666666666663 0.028637810867510952 0.0048303361835383401 -4.3543106946601338e-17 -0.02822750544481975
13 36 1.2708333333333333 0.75 0.041923810247682596 -0.010239043067014007 -9.0938812366952547e-18 -0.040654247782433865
13 37 1.2708333333333333 0.77083333333333326 0.057862863620543076 -0.026997092822826439 -8.4826375840629435e-17 -0.051178784329888698
13 38 1.2708333333333333 0.79166666666666663 0.07449516056385104 -0.04571017367237263 -1.4041174134934783e-17 -0.058822690947248242
13 39 1.2708333333333333 0.8125 0.090847484132616854 -0.065835519994803637 -9.9129348372372521e-17 -0.062601514999557975
13 40 1.2708333333333333 0.83333333333333326 0.10663898135796744 -0.086571607740397724 -6.2521353509795866e-17 -0.062267399803650349
13 41 1.2708333333333333 0.85416666666666663 0.1224586280975806 -0.10732517317531497 -7.6098327608597575e-17 -0.058969676940188565
13 42 1.2708333333333333 0.875 0.13865476496308815 -0.12762250973418951 -4.063015253543407e-17 -0.054199989447562803
13 43 1.2708333333333333 0.89583333333333326 0.1537430482333641 -0.14595986171039699 9.3815538206091031e-18 -0.04829744972116342
13 44 1.2708333333333333 0.91666666666666663 0.16619550427190916 -0.161033025262274 -5.0003668936599024e-17 -0.041101221576420294
13 45 1.2708333333333333 0.9375 0.17627588857223792 -0.17324879867203258 3.2891663693951381e-18 -0.032527567548612642
13 46 1.2708333333333333 0.95833333333333326 0.18464916901514811 -0.18326425992082007 -1.4234455928421448e-17 -0.022572697084283777
13 47 1.2708333333333333 0.97916666666666663 0.19081856813217532 -0.19046868549382343 -4.2905870365946529e-17 -0.011550142434992522
13 48 1.2708333333333333 1 0.19323848183973052 -0.19323848183973052 -5.8256516958656343e-18 0
14 0 1.2916666666666667 0 0.20417488363978273 -0.20417488363978273 -1.0048117596820098e-16 0
14 1 1.2916666666666667 0.020833333333333332 0.20158239927005908 -0.20143244599015242 -8.2888316912079874e-17 0.0077738920688316141
14 2 1.2916666666666667 0.041666666666666664 0.19470382330425184 -0.194105233394577 -1.3351793616992968e-16 0.015255726076791962
14 3 1.2916666666666667 0.0625 0.18487728433994224 -0.18360762921764459 -3.9324771106703337e-17 0.02162981178808061
14 4 1.2916666666666667 0.083333333333333329 0.17254859403170736 -0.17048314280061225 -9.2205475270721051e-17 0.026617951144763351
14 5 1.2916666666666667 0.10416666666666666 0.15707686256886566 -0.15406471904998581 -8.7578983823984684e-17 0.030613773020117085
14 6 1.2916666666666667 0.125 0.13808171449856821 -0.13391845116288134 -6.9121828766174255e-17 0.033651275116985818
14 7 1.2916666666666667 0.14583333333333331 0.11683513500883214 -0.1111667438917872 -1.0767345443848901e-16 0.03595001842878285
14 8 1.2916666666666667 0.16666666666666666 0.094209627175363686 -0.086677527848583194 -8.8066045790872677e-17 0.036911516069908445
14 9 1.2916666666666667 0.1875 0.069964578733091837 -0.060796359137443301 -1.7787195927405802e-17 0.034624341046870795
14 10 1.2916666666666667 0.20833333333333331 0.044996080444935943 -0.035162348294437325 -5.6236275632419713e-17 0.028075906358082669
14 11 1.2916666666666667 0.22916666666666666 0.021566467874617249 -0.011969974195723921 -5.3259288061148989e-17 0.017939683785970179
14 12 1.2916666666666667 0.25 0.0094552218991634431 0.0075171079279342471 -4.1743316967058578e-17 0.0057353560972452297
14 13 1.2916666666666667 0.27083333333333331 0.024341419080732282 0.023316921891197356 -1.1956949866061787e-16 -0.0069875486677116651
14 14 1.2916666666666667 0.29166666666666663 0.03975571695241939 0.034944249756179296 -6.427145430020857e-17 -0.018958281551307594
14 15 1.2916666666666667 0.3125 0.049855449273325698 0.041136745816952883 -2.3195759609791447e-17 -0.028166184793765751
14 16 1.2916666666666667 0.33333333333333331 0.05338947245262899 0.042071414305844122 -3.3966204675077889e-18 -0.032869923441895085
14 17 1.2916666666666667 0.35416666666666663 0.051445186724068767 0.039478695559796828 3.9209624333620585e-17 -0.032985448821733196
14 18 1.2916666666666667 0.375 0.045529323045536127 0.034876391843646153 -2.6197624301426883e-17 -0.029266987356973372
14 19 1.2916666666666667 0.39583333333333331 0.037144982715016796 0.029081293990904533 -2.6298716294013971e-17 -0.023109047594253567
14 20 1.2916666666666667 0.41666666666666663 0.029280986844539281 0.02436991113809216 2.83062605077089e-17 -0.016232178587964528
14 21 1.2916666666666667 0.4375 0.02470786203951009 0.022466803773921684 1.9028178303062614e-17 -0.010282080273347512
14 22 1.2916666666666667 0.45833333333333331 0.023562695853124 0.022842545106264423 2.9522654744853355e-17 -0.0057808968971174435
14 23 1.2916666666666667 0.47916666666666663 0.024734993306247614 0.024618433265375203 3.764608819010728e-17 -0.0023984656383575554
14 24 1.2916666666666667 0.5 0.025772882119811567 0.025772882119811567 -5.8072546089495128e-17 -2.5721767612760063e-16
14 25 1.2916666666666667 0.52083333333333326 0.024734993306248169 0.024618433265375751 2.3455992782868483e-17 0.0023984656383576413
14 26 1.2916666666666667 0.54166666666666663 0.023562695853123816 0.02284254510626426 -3.0375571625135583e-17 0.0057808968971173411
14 27 1.2916666666666667 0.5625 0.024707862039509972 0.022466803773921407 -6.1262874993392189e-17 0.01028208027334784
14 28 1.2916666666666667 0.58333333333333326 0.029280986844539617 0.024369911138092507 -5.6743674302909838e-17 0.016232178587964611
14 29 1.2916666666666667 0.60416666666666663 0.037144982715016719 0.029081293990904533 -2.3185343004560687e-17 0.023109047594253435
14 30 1.2916666666666667 0.625 0.045529323045535829 0.034876391843645868 -8.112663133301393e-17 0.029266987356973254
14 31 1.2916666666666667 0.64583333333333326 0.051445186724068587 0.0394786955597968 -3.2737163226911377e-17 0.032985448821732939
14 32 1.2916666666666667 0.66666666666666663 0.053389472452629129 0.042071414305844344 -1.1755076887422101e-16 0.032869923441895023
14 33 1.2916666666666667 0.6875 0.049855449273325587 0.041136745816952661 -5.2351304752979993e-17 0.028166184793765883
14 34 1.2916666666666667 0.70833333333333326 0.039755716952419376 0.034944249756179248 -7.0126825233007359e-17 0.018958281551307642
14 35 1.2916666666666667 0.72916666666666663 0.024341419080732275 0.023316921891197415 -5.6521595164830268e-17 0.0069875486677114492
14 36 1.2916666666666667 0.75 0.0094552218991637016 0.0075171079279348196 4.1943288618249822e-17 -0.0057353560972449045
14 37 1.2916666666666667 0.77083333333333326 0.021566467874616999 -0.011969974195723697 -1.0986815646418892e-16 -0.017939683785970027
14 38 1.2916666666666667 0.79166666666666663 0.044996080444936193 -0.035162348294437692 2.2538529869933568e-17 -0.028075906358082613
14 39 1.2916666666666667 0.8125 0.069964578733091989 -0.060796359137443377 -4.8612578963028276e-17 -0.034624341046870975
14 40 1.2916666666666667 0.83333333333333326 0.094209627175363617 -0.086677527848583041 -5.221794425363446e-17 -0.036911516069908612
14 41 1.2916666666666667 0.85416666666666663 0.11683513500883203 -0.11116674389178713 -6.2217187911008098e-17 -0.03595001842878269
14 42 1.2916666666666667 0.875 0.1380817144985684 -0.13391845116288154 -1.0071416379265851e-16 -0.033651275116985853
14 43 1.2916666666666667 0.89583333333333326 0.15707686256886563 -0.15406471904998578 -2.8687571188763757e-17 -0.030613773020117054
14 44 1.2916666666666667 0.91666666666666663 0.17254859403170739 -0.17048314280061225 -4.3757590862787721e-17 -0.026617951144763494
14 45 1.2916666666666667 0.9375 0.1848772843399426 -0.18360762921764495 -4.0879901679741319e-17 -0.021629811788080811
14 46 1.2916666666666667 0.95833333333333326 0.1947038233042519 -0.19410523339457705 -8.2642130686089373e-17 -0.015255726076791959
14 47 1.2916666666666667 0.97916666666666663 0.20158239927005936 -0.2014324459901527 -2.5384662544240689e-17 -0.0077738920688317035
14 48 1.2916666666666667 1 0.20417488363978287 -0.20417488363978287 -1.2030880446132556e-16 0
15 0 1.3125 0 0.20392953713143611 -0.20392953713143611 -5.7146480281413156e-17 0
15 1 1.3125 0.020833333333333332 0.20132885603947159 -0.20131119110191883 -5.3112534075750319e-17 0.0026669479351869359
15 2 1.3125 0.041666666666666664 0.19402808515558362 -0.19395814369270056 -7.3863146240217873e-17 0.0052092537300586789
15 3 1.3125 0.0625 0.18338460870030859 -0.18325296927771881 1.9161549514749022e-17 0.006947226717528834
15 4 1.3125 0.083333333333333329 0.17002460075746792 -0.16984519339672716 -8.016573075857785e-17 0.0078086581923342774
15 5 1.3125 0.10416666666666666 0.15301156045473996 -0.1527883851715901 -6.6602301355200979e-17 0.0082611736122883087
15 6 1.3125 0.125 0.13192806776873708 -0.13164427417848887 -1.3066205999701905e-16 0.0086487074879043647
15 7 1.3125 0.14583333333333331 0.10817535086570582 -0.10778143900371374 -1.3401333385869835e-16 0.0092232283505989925
15 8 1.3125 0.16666666666666666 0.082271913063077101 -0.081781021591591688 -4.8462670539107508e-17 0.0089739727263977408
15 9 1.3125 0.1875 0.054408843591662565 -0.05406725590812974 -8.8213739230846652e-17 0.0060872078613113294
15 10 1.3125 0.20833333333333331 0.026743086084538254 -0.026740440917420085 -4.4933922786196924e-17 -0.00037612879042870761
15 11 1.3125 0.22916666666666666 0.01047078057808915 -0.0024213141543542359 -8.0806677800346089e-17 -0.010186976179436801
15 12 1.3125 0.25 0.028490373660300515 0.017849802726545305 -1.8634443838002838e-16 -0.022205538361565594
15 13 1.3125 0.27083333333333331 0.048664224561615725 0.034193136456885952 -1.5983734746681416e-16 -0.034627101689632359
15 14 1.3125 0.29166666666666663 0.064393746141583261 0.04562046099276032 -1.5013778108568734e-16 -0.045445880791934304
15 15 1.3125 0.3125 0.072881925281758034 0.050343528648491481 -1.1804839329187148e-16 -0.052700134307174941
15 16 1.3125 0.33333333333333331 0.07342265228430539 0.048627751553201773 -1.1519807824021718e-16 -0.055011159298292353
15 17 1.3125 0.35416666666666663 0.067342091984407729 0.042723526386942309 -5.4596514405221534e-17 -0.052054372015236876
15 18 1.3125 0.375 0.056469793890726108 0.034858684217605233 -2.0773301766199256e-16 -0.044426453343457066
15 19 1.3125 0.39583333333333331 0.043089320266805377 0.02629321642511797 9.4768485114882204e-18 -0.034137315229485043
15 20 1.3125 0.41666666666666663 0.03097854287433156 0.019458018857007542 -2.0244449952361128e-17 -0.024105095328107243
15 21 1.3125 0.4375 0.022624781765349967 0.015840111365074846 1.4269838407984646e-17 -0.016154616116507974
15 22 1.3125 0.45833333333333331 0.017694036649304717 0.014579647216493262 -1.7097365845483036e-16 -0.010025608210454806
15 23 1.3125 0.47916666666666663 0.015792883987720718 0.015036867985199948 -3.1041082694665348e-17 -0.0048278137749165825
15 24 1.3125 0.5 0.01574639715006123 0.01574639715006123 -8.2497200933453041e-17 -2.2570423368099565e-16
15 25 1.3125 0.52083333333333326 0.015792883987720562 0.015036867985199751 -7.8161833151480211e-17 0.0048278137749166875
15 26 1.3125 0.54166666666666663 0.017694036649304776 0.014579647216493359 -9.3831263833605088e-17 0.01002560821045477
15 27 1.3125 0.5625 0.022624781765349874 0.015840111365074613 -9.1170389793186421e-17 0.016154616116508071
15 28 1.3125 0.58333333333333326 0.030978542874331407 0.01945801885700767 4.2317368448535402e-17 0.024105095328106944
15 29 1.3125 0.60416666666666663 0.043089320266805307 0.02629321642511806 -4.9047349356514487e-17 0.034137315229484884
15 30 1.3125 0.625 0.056469793890726545 0.034858684217605636 -1.3699775592731429e-16 0.044426453343457309
15 31 1.3125 0.64583333333333326 0.067342091984407618 0.042723526386942212 -1.2550089035452324e-16 0.052054372015236806
15 32 1.3125 0.66666666666666663 0.073422652284305237 0.04862775155320162 -1.2590533244267359e-16 0.055011159298292291
15 33 1.3125 0.6875 0.072881925281758173 0.050343528648491731 -1.2326788467762072e-16 0.052700134307174899
15 34 1.3125 0.70833333333333326 0.064393746141583219 0.045620460992760382 -5.7961025167650159e-17 0.045445880791934172
15 35 1.3125 0.72916666666666663 0.04866422456161551 0.034193136456885972 -2.2483392298871677e-16 0.034627101689632039
15 36 1.3125 0.75 0.028490373660300394 0.017849802726545041 -1.2335970005430901e-16 0.022205538361565649
15 37 1.3125 0.77083333333333326 0.010470780578089204 -0.0024213141543538153 -8.084620555225215e-17 0.010186976179436955
15 38 1.3125 0.79166666666666663 0.026743086084538209 -0.026740440917420043 -1.716064453126819e-16 0.00037612879042853766
15 39 1.3125 0.8125 0.054408843591662835 -0.054067255908129989 -6.7561541372942371e-17 -0.0060872078613115003
15 40 1.3125 0.83333333333333326 0.082271913063077129 -0.081781021591591715 -1.4078141364860059e-16 -0.0089739727263977078
15 41 1.3125 0.85416666666666663 0.10817535086570598 -0.1077814390037139 -7.0984793176658824e-17 -0.009223228350599192
15 42 1.3125 0.875 0.13192806776873706 -0.13164427417848884 -8.5094354623205505e-17 -0.0086487074879044029
15 43 1.3125 0.89583333333333326 0.1530115604547401 -0.15278838517159024 -7.0659425568972846e-17 -0.0082611736122882567
15 44 1.3125 0.91666666666666663 0.17002460075746795 -0.16984519339672718 -9.3567917259428167e-17 -0.0078086581923341109
15 45 1.3125 0.9375 0.18338460870030882 -0.18325296927771903 -8.2612872340207461e-17 -0.0069472267175287195
15 46 1.3125 0.95833333333333326 0.19402808515558367 -0.19395814369270062 -9.6916556852970279e-17 -0.0052092537300586286
15 47 1.3125 0.97916666666666663 0.20132885603947154 -0.20131119110191878 -5.9439923672666966e-17 -0.0026669479351869867
15 48 1.3125 1 0.20392953713143624 -0.20392953713143624 -6.7068826920395284e-17 0
16 0 1.3333333333333333 0 0.19872248907938003 -0.19872248907938003 -5.5520877134559141e-17 0
16 1 1.3333333333333333 0.020833333333333332 0.19645416232618715 -0.19643047400857883 -9.0515397866638444e-17 0.0030507009110906148
16 2 1.3333333333333333 0.041666666666666664 0.1895482800806467 -0.18946479728078591 -8.6287441905255574e-17 0.0056250398115914885
16 3 1.3333333333333333 0.0625 0.17874655827045091 -0.17860645919182824 -2.4992203723586081e-17 0.0070756503933911922
16 4 1.3333333333333333 0.083333333333333329 0.16475846668031827 -0.16459501823006384 -6.7024869864687515e-17 0.007337050953516634
16 5 1.3333333333333333 0.10416666666666666 0.14638079738191798 -0.14622371929182923 -5.1041637020902309e-17 0.0067795102057928948
16 6 1.3333333333333333 0.125 0.12320337743828938 -0.12306967510683638 -7.5247455906227808e-17 0.0057382298053782243
16 7 1.3333333333333333 0.14583333333333331 0.097056096910273892 -0.09696658749739287 -6.7777701725104012e-17 0.0041673560643326474
16 8 1.3333333333333333 0.16666666666666666 0.068725942897186795 -0.068718335492556501 -5.3685054087830564e-17 0.0010225430259065763
16 9 1.3333333333333333 0.1875 0.03933635408812957 -0.039053966644117942 -1.2084512726324999e-16 -0.0047049380768327941
16 10 1.3333333333333333 0.20833333333333331 0.017044362444359772 -0.010497569482485366 -6.0695272782001324e-17 -0.013428005290998876
16 11 1.3333333333333333 0.22916666666666666 0.028496835708323828 0.013830970367072976 -1.7459431394862606e-16 -0.024915334717646266
16 12 1.3333333333333333 0.25 0.049568425623628593 0.032397149337410322 -1.2665150297086045e-16 -0.037516043682866318
16 13 1.3333333333333333 0.27083333333333331 0.066561688037998543 0.045390660116222795 -1.2294235674826762e-16 -0.048684148227953833
16 14 1.3333333333333333 0.29166666666666663 0.076752498198806057 0.051940921896336791 -6.6701611587091084e-17 -0.056507403163801193
16 15 1.3333333333333333 0.3125 0.078612057973251048 0.050453794344086776 -1.1863164050057121e-16 -0.060284909347815892
16 16 1.3333333333333333 0.33333333333333331 0.073212999733089534 0.042481141616227465 -4.4668452210981809e-17 -0.059627979480269121
16 17 1.3333333333333333 0.35416666666666663 0.062783825789243256 0.031643002772647061 -1.0736642550278946e-16 -0.054226646183074018
16 18 1.3333333333333333 0.375 0.049957007119047762 0.021728994878422891 -7.9998242321984824e-17 -0.044983923148899103
16 19 1.3333333333333333 0.39583333333333331 0.037514470939663896 0.014657500189772249 -7.0578028218519315e-17 -0.034532495103448774
16 20 1.3333333333333333 0.41666666666666663 0.02798054375363377 0.011335800057479438 -2.4505732543548682e-17 -0.025581447687843293
16 21 1.3333333333333333 0.4375 0.021795250563671428 0.011023568723595896 -5.1358842284975995e-17 -0.018801964783750076
16 22 1.3333333333333333 0.45833333333333331 0.017592797691108754 0.011761416025589758 5.617762272425292e-17 -0.013083410246311241
16 23 1.3333333333333333 0.47916666666666663 0.014845575902440572 0.013093886209624948 -8.5585042103958108e-17 -0.0069958035853301239
16 24 1.3333333333333333 0.5 0.013924697846800978 0.013924697846800978 -1.7207672670854308e-17 2.4179217723943336e-16
16 25 1.3333333333333333 0.52083333333333326 0.014845575902440683 0.013093886209625056 -7.5982350500013692e-17 0.006995803585330156
16 26 1.3333333333333333 0.54166666666666663 0.017592797691108386 0.011761416025589473 3.1976465290813017e-17 0.013083410246311
16 27 1.3333333333333333 0.5625 0.021795250563671362 0.011023568723595957 7.2684542485423934e-17 0.018801964783749962
16 28 1.3333333333333333 0.58333333333333326 0.027980543753633898 0.011335800057479632 -3.0961981272941335e-17 0.025581447687843348
16 29 1.3333333333333333 0.60416666666666663 0.037514470939664014 0.014657500189772412 -7.3121971060392803e-17 0.034532495103448836
16 30 1.3333333333333333 0.625 0.049957007119047686 0.02172899487842295 -4.6028891961345838e-17 0.044983923148898992
16 31 1.3333333333333333 0.64583333333333326 0.062783825789243325 0.031643002772647227 -1.4328459644880978e-16 0.054226646183074004
16 32 1.3333333333333333 0.66666666666666663 0.073212999733089201 0.042481141616227368 -5.6197314018332241e-17 0.059627979480268774
16 33 1.3333333333333333 0.6875 0.07861205797325159 0.050453794344087401 -1.1735226995139814e-16 0.060284909347816086
16 34 1.3333333333333333 0.70833333333333326 0.07675249819880603 0.051940921896336804 -1.249564837762621e-16 0.056507403163801144
16 35 1.3333333333333333 0.72916666666666663 0.066561688037998612 0.045390660116222739 -1.4758731211059379e-16 0.048684148227953972
16 36 1.3333333333333333 0.75 0.049568425623628634 0.032397149337410218 -1.5167659420464988e-16 0.037516043682866464
16 37 1.3333333333333333 0.77083333333333326 0.028496835708323603 0.013830970367072887 -1.4720455943145478e-16 0.024915334717646054
16 38 1.3333333333333333 0.79166666666666663 0.017044362444359685 -0.010497569482485522 -1.6002694623755125e-16 0.013428005290998642
16 39 1.3333333333333333 0.8125 0.039336354088129875 -0.039053966644118247 -1.0743440751666243e-16 0.0047049380768328401
16 40 1.3333333333333333 0.83333333333333326 0.068725942897186948 -0.06871833549255664 -8.0783755805618128e-17 -0.0010225430259068898
16 41 1.3333333333333333 0.85416666666666663 0.097056096910273879 -0.096966587497392842 -7.6338491898610976e-17 -0.0041673560643327324
16 42 1.3333333333333333 0.875 0.12320337743828937 -0.12306967510683636 -8.3355501471642954e-17 -0.0057382298053782607
16 43 1.3333333333333333 0.89583333333333326 0.14638079738191809 -0.14622371929182937 -9.1654188381461348e-17 -0.0067795102057927482
16 44 1.3333333333333333 0.91666666666666663 0.16475846668031841 -0.16459501823006398 -2.9156856644573632e-17 -0.0073370509535166878
16 45 1.3333333333333333 0.9375 0.17874655827045099 -0.17860645919182833 -8.365775052062882e-17 -0.0070756503933912538
16 46 1.3333333333333333 0.95833333333333326 0.18954828008064675 -0.18946479728078597 -7.3796648646517372e-17 -0.0056250398115913966
16 47 1.3333333333333333 0.97916666666666663 0.19645416232618718 -0.19643047400857885 -3.6278567102995722e-17 -0.0030507009110908477
16 48 1.3333333333333333 1 0.19872248907938023 -0.19872248907938023 -8.0646047439522507e-17 0
17 0 1.3541666666666667 0 0.18297109604841552 -0.18297109604841552 -3.3670380186858532e-18 0
17 1 1.3541666666666667 0.020833333333333332 0.18126994024721949 -0.18125031086370885 -7.6687379931328929e-17 0.0026675923675518508
17 2 1.3541666666666667 0.041666666666666664 0.17545171809755278 -0.17537933361636926 -3.8298281239164881e-17 0.0050393177773757833
17 3 1.3541666666666667 0.0625 0.16556675458775694 -0.16543774890679677 -4.0724265662522799e-17 0.0065346355196139192
17 4 1.3541666666666667 0.083333333333333329 0.15233056678550094 -0.15217492086859449 -3.282522835922607e-17 0.0068844052632722266
17 5 1.3541666666666667 0.10416666666666666 0.1347041207237579 -0.13456198435238795 -1.8334357492199545e-18 0.0061864777627047536
17 6 1.3541666666666667 0.125 0.11216656760249831 -0.11206534411990865 -1.6358586160374531e-17 0.0047641930074545967
17 7 1.3541666666666667 0.14583333333333331 0.086413664690265096 -0.086381564214875237 -9.6461903897880283e-18 0.0023551664469744589
17 8 1.3541666666666667 0.16666666666666666 0.058356154543363042 -0.05831993095141684 1.5069235441187773e-18 -0.0020558275489064252
17 9 1.3541666666666667 0.1875 0.029684469287047759 -0.028233423722287238 -2.5455800724714915e-17 -0.0091674152175774213
17 10 1.3541666666666667 0.20833333333333331 0.019237830874032479 0.0015834234915344263 -1.0990536390140966e-16 -0.019172556083744654
17 11 1.3541666666666667 0.22916666666666666 0.041704937782242539 0.02724106266377721 -6.0349493630644125e-18 -0.031578890740000427
17 12 1.3541666666666667 0.25 0.064122138194598069 0.046204917102736838 -7.534747538495206e-17 -0.044460704472335452
17 13 1.3541666666666667 0.27083333333333331 0.080355189748287148 0.058360088345239855 -9.8410626675667795e-18 -0.05523637033530563
17 14 1.3541666666666667 0.29166666666666663 0.088381991200214394 0.06269086593508312 -5.2053296700706546e-17 -0.062299532075483603
17 15 1.3541666666666667 0.3125 0.086525106782247549 0.057343110370862496 -7.8675018490889996e-18 -0.064794766738328666
17 16 1.3541666666666667 0.33333333333333331 0.076342277258536484 0.044193360617441071 -3.7008169405014967e-17 -0.062250222283587592
17 17 1.3541666666666667 0.35416666666666663 0.061666583565104516 0.028177886058042213 -2.191948873353137e-18 -0.054852294992023883
17 18 1.3541666666666667 0.375 0.046463535136395229 0.014844740591283963 -7.1230019302709825e-18 -0.044028329222768836
17 19 1.3541666666666667 0.39583333333333331 0.033554914618583516 0.0069006468122845928 -6.6594479128060586e-17 -0.032837682144641944
17 20 1.3541666666666667 0.41666666666666663 0.02423730996314663 0.0039695195258681003 -1.2428433369078517e-16 -0.023910042011326512
17 21 1.3541666666666667 0.4375 0.018078314241805973 0.0036277458016848057 -1.1717757836695405e-16 -0.017710587404822092
17 22 1.3541666666666667 0.45833333333333331 0.013179394092702744 0.0033896215866680399 -2.2016575502936352e-17 -0.012736047037835641
17 23 1.3541666666666667 0.47916666666666663 0.0077266514082579918 0.0032936260931271089 -5.0189824500748862e-18 -0.006989504212990179
17 24 1.3541666666666667 0.5 0.0034228020790233438 0.0034228020790233438 -1.3002882450372433e-16 -8.238992571881587e-17
17 25 1.3541666666666667 0.52083333333333326 0.0077266514082579233 0.0032936260931272954 8.0938366890581171e-18 0.0069895042129900159
17 26 1.3541666666666667 0.54166666666666663 0.013179394092702685 0.0033896215866680368 -8.4707331166188977e-17 0.01273604703783558
17 27 1.3541666666666667 0.5625 0.018078314241805782 0.003627745801684604 -9.8036160565509916e-17 0.01771058740482194
17 28 1.3541666666666667 0.58333333333333326 0.024237309963146627 0.0039695195258679719 -1.4857636357776019e-16 0.023910042011326533
17 29 1.3541666666666667 0.60416666666666663 0.033554914618583648 0.0069006468122847541 1.5149101535050246e-17 0.032837682144642041
17 30 1.3541666666666667 0.625 0.046463535136395277 0.014844740591284118 -1.3437506827839551e-16 0.044028329222768836
17 31 1.3541666666666667 0.64583333333333326 0.061666583565104349 0.028177886058042032 -6.5341729935161281e-17 0.054852294992023792
17 32 1.3541666666666667 0.66666666666666663 0.076342277258536248 0.044193360617440614 -8.0998205360700437e-17 0.062250222283587626
17 33 1.3541666666666667 0.6875 0.086525106782247993 0.057343110370862808 -9.4060697891339022e-17 0.064794766738328971
17 34 1.3541666666666667 0.70833333333333326 0.08838199120021456 0.06269086593508337 -6.3922611344056129e-17 0.062299532075483575
17 35 1.3541666666666667 0.72916666666666663 0.080355189748286829 0.058360088345239619 -1.1832953205504449e-16 0.055236370335305415
17 36 1.3541666666666667 0.75 0.064122138194598444 0.046204917102737372 -7.0331423123691518e-18 0.044460704472335445
17 37 1.3541666666666667 0.77083333333333326 0.041704937782242504 0.027241062663777557 -1.0425957537401211e-16 0.03157889074000008
17 38 1.3541666666666667 0.79166666666666663 0.019237830874032802 0.001583423491534678 -1.3905833432626816e-16 0.019172556083744959
17 39 1.3541666666666667 0.8125 0.029684469287047554 -0.02823342372228695 -7.9551424736104181e-17 0.0091674152175776416
17 40 1.3541666666666667 0.83333333333333326 0.058356154543363271 -0.058319930951417076 -8.9102413027007691e-17 0.0020558275489062682
17 41 1.3541666666666667 0.85416666666666663 0.086413664690265513 -0.086381564214875653 -3.5381836001309483e-17 -0.0023551664469747373
17 42 1.3541666666666667 0.875 0.11216656760249805 -0.11206534411990839 -3.802017098451365e-17 -0.0047641930074544302
17 43 1.3541666666666667 0.89583333333333326 0.13470412072375804 -0.13456198435238809 1.9678156142909771e-17 -0.0061864777627048291
17 44 1.3541666666666667 0.91666666666666663 0.15233056678550108 -0.1521749208685946 -6.2020267756193582e-17 -0.0068844052632723992
17 45 1.3541666666666667 0.9375 0.1655667545877573 -0.16543774890679713 -4.8117584213870165e-17 -0.00653463551961375
17 46 1.3541666666666667 0.95833333333333326 0.17545171809755314 -0.17537933361636965 -1.3891599373902261e-17 -0.0050393177773758032
17 47 1.3541666666666667 0.97916666666666663 0.18126994024721918 -0.18125031086370855 -6.352002601928708e-17 -0.0026675923675518421
17 48 1.3541666666666667 1 0.18297109604841572 -0.18297109604841572 3.5561419440464683e-18 0
18 0 1.375 0 0.17052576528268892 -0.17052576528268892 -5.89033080580433e-17 0
18 1 1.375 0.020833333333333332 0.1687628899620176 -0.16872602189672223 -7.8490870275250883e-18 0.0035274017688486283
18 2 1.375 0.041666666666666664 0.16258524319692916 -0.1624448817068932 -4.2029931462995553e-17 0.0067543846972223506
18 3 1.375 0.0625 0.1519846660526005 -0.15170818618846316 3.2572424036489989e-18 0.0091632395214299098
18 4 1.375 0.083333333333333329 0.13797883658443599 -0.13759864072149747 -3.9624086295771393e-18 0.01023588866639091
18 5 1.375 0.10416666666666666 0.11979345256418934 -0.11939983005336847 -7.3820184283194566e-18 0.0097031881603630386
18 6 1.375 0.125 0.09679673029061743 -0.096469523560420725 -3.8920040964481118e-17 0.0079522335843437604
18 7 1.375 0.14583333333333331 0.070328485349939546 -0.070156257261694804 -1.1203524014566192e-16 0.0049188838823005093
18 8 1.375 0.16666666666666666 0.0415846554224054 -0.041584064736112904 -5.1357685672636582e-17 -0.00022164526379308834
18 9 1.375 0.1875 0.013700119438703024 -0.01129219933491739 2.2093446930107201e-17 -0.0077575451539272193
18 10 1.375 0.20833333333333331 0.02528015924745855 0.01841360215057055 -8.4596383226043351e-17 -0.017321250169008231
18 11 1.375 0.22916666666666666 0.051085841502836182 0.042761535638262689 -2.8702567409909789e-17 -0.0279502105879453
18 12 1.375 0.25 0.069658657725166565 0.058329475065211529 -1.1883509484946347e-16 -0.038078877802382428
18 13 1.375 0.27083333333333331 0.079745789295769462 0.065048537504106205 -9.44265058079356e-17 -0.04613110316242338
18 14 1.375 0.29166666666666663 0.081194004417923779 0.063207465197215498 -1.0380561905695919e-16 -0.050963542819947465
18 15 1.375 0.3125 0.073860639374997081 0.052472359257112383 -7.9492379798239728e-17 -0.051981203938307366
18 16 1.375 0.33333333333333331 0.060618670385547295 0.035181714686627036 -3.4049716470814785e-17 -0.04936466500464072
18 17 1.375 0.35416666666666663 0.04715397061125081 0.017132235693557114 -1.7555125483389886e-18 -0.043931576850223718
18 18 1.375 0.375 0.037079459944774969 0.0045005617330612325 4.2683380969572021e-17 -0.036805316108995401
18 19 1.375 0.39583333333333331 0.029788714285709533 -0.00046207459938759932 -9.0004532607232654e-17 -0.029785130281068706
18 20 1.375 0.41666666666666663 0.024465554843901272 0.00030761332659541107 -4.0270086504745172e-17 -0.024463620906587845
18 21 1.375 0.4375 0.020840533165717597 0.0023143043753285795 -1.0217129763544842e-16 -0.020711634843481336
18 22 1.375 0.45833333333333331 0.016621331343624576 0.0021872910817152054 -3.8597749226749739e-17 -0.01647678407209386
18 23 1.375 0.47916666666666663 0.0095705976290120578 0.00098497155500375114 -6.4142152026999272e-17 -0.009519777834187346
18 24 1.375 0.5 0.00055681031810711013 0.00055681031810711013 -2.0325147093106476e-17 -8.4205175900117445e-17
18 25 1.375 0.52083333333333326 0.0095705976290118896 0.00098497155500324981 -1.9766482475415523e-17 0.0095197778341872281
18 26 1.375 0.54166666666666663 0.016621331343624667 0.002187291081715025 -3.7585194846479743e-17 0.016476784072093974
18 27 1.375 0.5625 0.020840533165717687 0.0023143043753288762 -8.0107760593443856e-17 0.020711634843481392
18 28 1.375 0.58333333333333326 0.02446555484390122 0.00030761332659570175 -5.0642790672913832e-17 0.024463620906587789
18 29 1.375 0.60416666666666663 0.029788714285709578 -0.0004620745993878418 -7.7764385391225217e-17 0.029785130281068748
18 30 1.375 0.625 0.037079459944775156 0.0045005617330614511 -1.4288023286152304e-17 0.03680531610899556
18 31 1.375 0.64583333333333326 0.047153970611250602 0.017132235693556739 -1.1311611179140303e-17 0.043931576850223641
18 32 1.375 0.66666666666666663 0.060618670385547517 0.035181714686626953 1.6313405250986843e-17 0.049364665004641053
18 33 1.375 0.6875 0.073860639374997109 0.052472359257112647 -5.8005035748222353e-17 0.051981203938307144
18 34 1.375 0.70833333333333326 0.08119400441792389 0.063207465197215776 -3.8980666258209465e-18 0.050963542819947277
18 35 1.375 0.72916666666666663 0.079745789295769462 0.06504853750410601 -9.2338123045820286e-17 0.046131103162423658
18 36 1.375 0.75 0.069658657725166703 0.058329475065211571 -1.1152169042198754e-16 0.03807887780238263
18 37 1.375 0.77083333333333326 0.051085841502836231 0.042761535638262842 -8.1280883772535796e-17 0.027950210587945154
18 38 1.375 0.79166666666666663 0.025280159247458644 0.018413602150570432 -1.3413487420197919e-16 0.017321250169008491
18 39 1.375 0.8125 0.013700119438703069 -0.011292199334917314 -1.2662793147690036e-16 0.0077575451539274136
18 40 1.375 0.83333333333333326 0.041584655422405581 -0.041584064736113084 -8.1057176495297181e-17 0.00022164526379298661
18 41 1.375 0.85416666666666663 0.070328485349939407 -0.070156257261694679 -1.6559009861437618e-17 -0.0049188838823003922
18 42 1.375 0.875 0.09679673029061743 -0.096469523560420725 -7.2826870661599683e-17 -0.0079522335843438437
18 43 1.375 0.89583333333333326 0.11979345256418934 -0.11939983005336847 -5.9842126677748968e-17 -0.0097031881603630247
18 44 1.375 0.91666666666666663 0.13797883658443591 -0.13759864072149741 -9.2590798761260147e-17 -0.010235888666390806
18 45 1.375 0.9375 0.15198466605260075 -0.15170818618846341 -1.2421424117136253e-16 -0.0091632395214298404
18 46 1.375 0.95833333333333326 0.16258524319692905 -0.16244488170689309 -3.8742528111259839e-17 -0.006754384697222315
18 47 1.375 0.97916666666666663 0.16876288996201799 -0.16872602189672262 -7.685095572602538e-17 -0.0035274017688485542
18 48 1.375 1 0.17052576528268931 -0.17052576528268931 -2.0996170089037635e-17 0
19 0 1.3958333333333333 0 0.15566182044190419 -0.15566182044190419 -1.3782835840169513e-17 0
19 1 1.3958333333333333 0.020833333333333332 0.15406064110222215 -0.1539794057018038 -3.5511027713463471e-17 0.0050023750905954494
19 2 1.3958333333333333 0.041666666666666664 0.14839826156655647 -0.1481103461174274 -4.4702731588019058e-17 0.0092395567508387622
19 3 1.3958333333333333 0.0625 0.13847207299266143 -0.13790065064621121 4.4263030359546913e-17 0.012566843288453896
19 4 1.3958333333333333 0.083333333333333329 0.1250550047070412 -0.12421611403392779 -5.0716888638954972e-17 0.014460678289359092
19 5 1.3958333333333333 0.10416666666666666 0.10748924759239391 -0.10650661892553542 1.7745371908806126e-17 0.014500981795373022
19 6 1.3958333333333333 0.125 0.084959200022909118 -0.083930979488719623 -1.008199113857459e-16 0.013177873523327159
19 7 1.3958333333333333 0.14583333333333331 0.057861414865649975 -0.056920452500484747 2.0601098917547447e-17 0.010392565486679382
19 8 1.3958333333333333 0.16666666666666666 0.027148540709731359 -0.02663888705972883 -6.0951674658424698e-17 0.0052357386190443975
19 9 1.3958333333333333 0.1875 0.0061141798852621092 0.0056754816200648185 1.6129350497378708e-17 -0.0022742260331044934
19 10 1.3958333333333333 0.20833333333333331 0.038987112126029282 0.037321160013797115 -3.181736489643e-17 -0.011275013399199608
19 11 1.3958333333333333 0.22916666666666666 0.066515466243064911 0.063164624805581882 1.4043393582688295e-17 -0.020845561223012857
19 12 1.3958333333333333 0.25 0.083932792898234659 0.078368633544891181 -2.3529164778811882e-17 -0.030051139745515598
19 13 1.3958333333333333 0.27083333333333331 0.089955944184849188 0.081921845159211235 8.5410747598687392e-17 -0.037160236542545341
19 14 1.3958333333333333 0.29166666666666663 0.085118956404532181 0.075006503096466906 -3.7470637649488887e-17 -0.04024004513710628
19 15 1.3958333333333333 0.3125 0.070862793401786806 0.059062993718888221 3.3029822681256735e-17 -0.039154798705482961
19 16 1.3958333333333333 0.33333333333333331 0.051727313526152514 0.037835307222869756 -5.1293795332146721e-17 -0.035273282977119388
19 17 1.3958333333333333 0.35416666666666663 0.034609177560215088 0.017264737078113278 -7.2400079147898249e-17 -0.029995400064311794
19 18 1.3958333333333333 0.375 0.02452628901053806 0.0037198337175730106 -4.6834539274784045e-17 -0.024242559471764669
19 19 1.3958333333333333 0.39583333333333331 0.019205747134398082 -0.00024522995112097432 -1.5482429902055931e-17 -0.019204181452525212
19 20 1.3958333333333333 0.41666666666666663 0.016385222254345681 0.0023431664039278775 -1.3702865948609209e-17 -0.016216814715837653
19 21 1.3958333333333333 0.4375 0.015679832290631211 0.005049999860551024 1.5490431887711846e-17 -0.014844347141951236
19 22 1.3958333333333333 0.45833333333333331 0.013203302134658212 0.0034944061032135135 4.5620796706630188e-17 -0.012732490457286597
19 23 1.3958333333333333 0.47916666666666663 0.0077023809485024701 -5.7442242689484553e-05 -2.0965418755791133e-17 -0.007702166751285551
19 24 1.3958333333333333 0.5 0.0016480426525588678 -0.0016480426525588678 4.918874864677235e-17 1.3648635931713524e-16
19 25 1.3958333333333333 0.52083333333333326 0.0077023809485026054 -5.7442242689416655e-05 -2.3156294636095609e-17 0.0077021667512856863
19 26 1.3958333333333333 0.54166666666666663 0.013203302134657818 0.0034944061032135387 -1.5564458301623543e-17 0.012732490457286182
19 27 1.3958333333333333 0.5625 0.015679832290630968 0.0050499998605507803 5.413629481109807e-18 0.014844347141951065
19 28 1.3958333333333333 0.58333333333333326 0.016385222254345626 0.0023431664039279742 6.7317357111387209e-17 0.016216814715837583
19 29 1.3958333333333333 0.60416666666666663 0.019205747134398144 -0.00024522995112128646 -2.5845081782441697e-17 0.019204181452525271
19 30 1.3958333333333333 0.625 0.024526289010538001 0.0037198337175733853 -4.2486700455753841e-17 0.024242559471764555
19 31 1.3958333333333333 0.64583333333333326 0.034609177560215018 0.017264737078113098 4.0329575007169078e-17 0.029995400064311818
19 32 1.3958333333333333 0.66666666666666663 0.051727313526152396 0.037835307222869367 2.5955476224176597e-17 0.035273282977119631
19 33 1.3958333333333333 0.6875 0.070862793401786861 0.059062993718888478 -3.1053679800697359e-17 0.03915479870548267
19 34 1.3958333333333333 0.70833333333333326 0.08511895640453214 0.075006503096466795 -6.5546756592523015e-17 0.040240045137106384
19 35 1.3958333333333333 0.72916666666666663 0.089955944184848979 0.081921845159210915 -1.6066053580366861e-17 0.037160236542545536
19 36 1.3958333333333333 0.75 0.083932792898234618 0.078368633544891209 -3.3533992829564456e-17 0.030051139745515421
19 37 1.3958333333333333 0.77083333333333326 0.066515466243065133 0.063164624805582117 5.4433339455013164e-17 0.020845561223012853
19 38 1.3958333333333333 0.79166666666666663 0.038987112126029337 0.037321160013797261 3.504292867554554e-17 0.011275013399199308
19 39 1.3958333333333333 0.8125 0.0061141798852622723 0.005675481620064953 -5.5618849067227655e-18 0.0022742260331045979
19 40 1.3958333333333333 0.83333333333333326 0.027148540709731415 -0.026638887059728854 -3.7550079004665365e-17 -0.0052357386190445563
19 41 1.3958333333333333 0.85416666666666663 0.057861414865649941 -0.056920452500484775 2.1499612500804006e-17 -0.010392565486679044
19 42 1.3958333333333333 0.875 0.084959200022909367 -0.083930979488719901 -4.8189589379736987e-17 -0.01317787352332702
19 43 1.3958333333333333 0.89583333333333326 0.10748924759239409 -0.10650661892553562 -2.9390360730803175e-17 -0.014500981795372934
19 44 1.3958333333333333 0.91666666666666663 0.12505500470704098 -0.12421611403392757 -4.146363420217282e-17 -0.014460678289359073
19 45 1.3958333333333333 0.9375 0.13847207299266176 -0.13790065064621154 -9.0125070568888321e-18 -0.012566843288454017
19 46 1.3958333333333333 0.95833333333333326 0.14839826156655628 -0.14811034611742721 -4.8687752754118432e-17 -0.0092395567508386702
19 47 1.3958333333333333 0.97916666666666663 0.15406064110222201 -0.15397940570180366 7.3885728170467874e-18 -0.0050023750905954355
19 48 1.3958333333333333 1 0.15566182044190452 -0.15566182044190452 -6.3771597678622928e-17 0
20 0 1.4166666666666667 0 0.14343156322655362 -0.14343156322655362 -4.1718718716665209e-17 0
20 1 1.4166666666666667 0.020833333333333332 0.14178427759375825 -0.14171742939374626 -1.5303773087534437e-17 0.0043533411091295302
20 2 1.4166666666666667 0.041666666666666664 0.13613543283962076 -0.1359058331001603 -6.7599150164742121e-17 0.0079032021220684836
20 3 1.4166666666666667 0.0625 0.1259172203859722 -0.12545583430164534 -4.4677166100673194e-18 0.01076940246288542
20 4 1.4166666666666667 0.083333333333333329 0.11132286432046447 -0.1106279267851145 -5.9506033783115855e-17 0.012419417689243239
20 5 1.4166666666666667 0.10416666666666666 0.092373757726191788 -0.091522071076761594 -3.7189290589632332e-17 0.012514856062990746
20 6 1.4166666666666667 0.125 0.068965389091923762 -0.067952028906937467 -3.1381954156535095e-17 0.011779077214755514
20 7 1.4166666666666667 0.14583333333333331 0.041385075480361841 -0.040062957978680765 -7.5951025310282334e-17 0.010377083911856282
20 8 1.4166666666666667 0.16666666666666666 0.011753572713676273 -0.0091096324287922095 1.9754897566255127e-17 0.0074270497876325553
20 9 1.4166666666666667 0.1875 0.022889600197491932 0.022721325780880562 -8.9863960615868328e-17 0.0027704064611740594
20 10 1.4166666666666667 0.20833333333333331 0.052699532749136871 0.052617557094588603 1.2012424879001682e-17 -0.0029382711541071247
20 11 1.4166666666666667 0.22916666666666666 0.076562736851793586 0.075987047527259113 -5.1696216492477179e-17 -0.0093713009943686854
20 12 1.4166666666666667 0.25 0.08912175075631526 0.087624766722335365 -3.1982842230318776e-17 -0.016266121686717133
20 13 1.4166666666666667 0.27083333333333331 0.089077777063638758 0.086307253032084322 -9.382444563736451e-17 -0.022043330979121551
20 14 1.4166666666666667 0.29166666666666663 0.078290372482727313 0.074216390481221708 3.05966772163761e-17 -0.024926086885490261
20 15 1.4166666666666667 0.3125 0.060147522971764837 0.05468242817179593 1.5011853562435006e-16 -0.025051079195822237
20 16 1.4166666666666667 0.33333333333333331 0.040192805131778656 0.032356461920689888 5.1901885956227763e-17 -0.023843677491865174
20 17 1.4166666666666667 0.35416666666666663 0.025420971927223365 0.012149179623834631 1.4058437692503403e-16 -0.022329873447748862
20 18 1.4166666666666667 0.375 0.020701284853950411 -0.00014919821993267609 4.5349264961032258e-17 -0.020700747196552245
20 19 1.4166666666666667 0.39583333333333331 0.019297960147872911 -0.0019879707380564523 1.6830050176377816e-16 -0.019195292084610807
20 20 1.4166666666666667 0.41666666666666663 0.018270827459283698 0.0026197009340864679 2.104435242287251e-17 -0.018082043663891028
20 21 1.4166666666666667 0.4375 0.017667681109783062 0.0056389788142735056 1.5907026682487434e-16 -0.016743621882052872
20 22 1.4166666666666667 0.45833333333333331 0.013877654513508411 0.0020239437672763495 -4.5522913864175189e-17 -0.013729273339226793
20 23 1.4166666666666667 0.47916666666666663 0.0092438813859532561 -0.0046177327138372387 7.5284699982178737e-17 -0.0080078641135530298
20 24 1.4166666666666667 0.5 0.0077639098610401041 -0.0077639098610401041 4.7955065007084952e-17 -1.8440542971264597e-17
20 25 1.4166666666666667 0.52083333333333326 0.0092438813859534175 -0.0046177327138373272 -2.3802269854335867e-17 0.0080078641135531668
20 26 1.4166666666666667 0.54166666666666663 0.013877654513508414 0.002023943767276284 3.3777080837428439e-17 0.013729273339226805
20 27 1.4166666666666667 0.5625 0.017667681109783208 0.0056389788142736114 5.7115298841971383e-17 0.01674362188205299
20 28 1.4166666666666667 0.58333333333333326 0.018270827459283469 0.0026197009340861786 2.5928836439417105e-17 0.018082043663890837
20 29 1.4166666666666667 0.60416666666666663 0.01929796014787272 -0.0019879707380568378 1.7286054275076691e-16 0.019195292084610578
20 30 1.4166666666666667 0.625 0.020701284853950282 -0.00014919821993223135 8.9842077842639508e-17 0.02070074719655212
20 31 1.4166666666666667 0.64583333333333326 0.025420971927223326 0.012149179623834118 6.3152976701997917e-17 0.022329873447749102
20 32 1.4166666666666667 0.66666666666666663 0.040192805131778517 0.032356461920689722 5.4413559320323095e-17 0.02384367749186516
20 33 1.4166666666666667 0.6875 0.060147522971765115 0.054682428171796388 1.9548369415139886e-17 0.025051079195821904
20 34 1.4166666666666667 0.70833333333333326 0.078290372482727591 0.074216390481221889 -4.7073588996122391e-17 0.024926086885490608
20 35 1.4166666666666667 0.72916666666666663 0.089077777063638938 0.086307253032084474 5.3239567470072939e-18 0.022043330979121634
20 36 1.4166666666666667 0.75 0.089121750756315454 0.087624766722335601 -6.3716827731871936e-18 0.016266121686716904
20 37 1.4166666666666667 0.77083333333333326 0.076562736851793781 0.075987047527259335 -3.5029951366677497e-17 0.009371300994368512
20 38 1.4166666666666667 0.79166666666666663 0.052699532749136919 0.052617557094588659 -6.1660108005580047e-17 0.0029382711541070293
20 39 1.4166666666666667 0.8125 0.022889600197492341 0.022721325780880978 -7.6294160868628763e-17 -0.0027704064611740529
20 40 1.4166666666666667 0.83333333333333326 0.011753572713676459 -0.0091096324287924749 -4.9229082701236216e-17 -0.0074270497876325232
20 41 1.4166666666666667 0.85416666666666663 0.041385075480361723 -0.040062957978680633 -4.8083540156981866e-17 -0.010377083911856324
20 42 1.4166666666666667 0.875 0.068965389091923915 -0.067952028906937606 -4.5775668946474565e-17 -0.011779077214755584
20 43 1.4166666666666667 0.89583333333333326 0.092373757726191552 -0.091522071076761372 -2.3726154976004406e-17 -0.012514856062990708
20 44 1.4166666666666667 0.91666666666666663 0.11132286432046443 -0.11062792678511445 -5.2207540779592074e-17 -0.012419417689243272
20 45 1.4166666666666667 0.9375 0.12591722038597272 -0.12545583430164586 -8.7189990233033549e-17 -0.010769402462885583
20 46 1.4166666666666667 0.95833333333333326 0.13613543283962071 -0.13590583310016027 -5.5801305151371673e-17 -0.0079032021220683257
20 47 1.4166666666666667 0.97916666666666663 0.14178427759375836 -0.14171742939374637 -4.9113372020776634e-17 -0.0043533411091295406
20 48 1.4166666666666667 1 0.14343156322655398 -0.14343156322655398 -4.1390552701242434e-17 0
21 0 1.4375 0 0.13974814524399398 -0.13974814524399398 -7.1281967609263682e-17 0
21 1 1.4375 0.020833333333333332 0.13771300811332612 -0.13765011842352481 4.2744491776116752e-17 0.004161430236183805
21 2 1.4375 0.041666666666666664 0.13140678832575156 -0.13117530125207683 -1.6291069475045617e-18 0.0077964324864498386
21 3 1.4375 0.0625 0.12015414816908028 -0.11966479206466875 4.2007411659074005e-17 0.01083313723520982
21 4 1.4375 0.083333333333333329 0.10354485623478393 -0.10276616610356125 -1.4297771677622567e-17 0.012674871086418717
21 5 1.4375 0.10416666666666666 0.082049828407411554 -0.081013652186390825 4.1713266358536717e-17 0.01299855765491594
21 6 1.4375 0.125 0.056002799958953936 -0.054635884128045348 -1.3609814872690264e-17 0.012297713965994382
21 7 1.4375 0.14583333333333331 0.025966138047625723 -0.023544531610401626 1.3480731892580851e-17 0.010949673801312747
21 8 1.4375 0.16666666666666666 0.013627424835686739 0.010632419043493832 -5.6171502384432108e-17 0.0085239880886731345
21 9 1.4375 0.1875 0.04485173191266198 0.044595924613346903 -1.9634530414438516e-17 0.004783446816468309
21 10 1.4375 0.20833333333333331 0.074812375484204566 0.074811809088175543 -3.4750524984840795e-17 0.00029111259675071216
21 11 1.4375 0.22916666666666666 0.09686603156091686 0.096768174949708671 6.2378149380417739e-17 -0.0043529745304925231
21 12 1.4375 0.25 0.10582199480099294 0.10546466254821914 4.1661918318141113e-17 -0.0086890469702747553
21 13 1.4375 0.27083333333333331 0.10060792866077881 0.0999037842872815 7.7300262112867086e-17 -0.011882305941722113
21 14 1.4375 0.29166666666666663 0.084178032210875775 0.083136093585780377 5.7149778353068493e-17 -0.013203448420454589
21 15 1.4375 0.3125 0.061391076860360161 0.060070297518861233 1.2037798521952063e-16 -0.012665846756934272
21 16 1.4375 0.33333333333333331 0.037711215291549985 0.035963480067329662 1.0686080401430159e-16 -0.011347416455405844
21 17 1.4375 0.35416666666666663 0.018781032417841969 0.015543309745225871 8.295757202744127e-17 -0.0105419495751022
21 18 1.4375 0.375 0.011184677389942232 0.0040123783470821864 6.9929675176868673e-17 -0.010440202503637131
21 19 1.4375 0.39583333333333331 0.011176668791318569 0.0035389020603900988 1.4043370667305698e-16 -0.010601608249591247
21 20 1.4375 0.41666666666666663 0.014128064185025492 0.0096779678262807652 9.9427436080539515e-17 -0.010292673917387765
21 21 1.4375 0.4375 0.016364435525108627 0.013632950163119797 1.2502279870673714e-16 -0.0090519290709400266
21 22 1.4375 0.45833333333333331 0.01196680951006473 0.0097907926686438603 4.1024870423825133e-17 -0.0068807636763520159
21 23 1.4375 0.47916666666666663 0.0042526021137354389 0.0019544012010508345 1.033617233110676e-16 -0.0037768956410097142
21 24 1.4375 0.5 0.0019005440929919862 -0.0019005440929919862 1.8135010083636383e-16 1.2399381336253319e-16
21 25 1.4375 0.52083333333333326 0.0042526021137353643 0.0019544012010508515 9.600438095717368e-17 0.0037768956410096218
21 26 1.4375 0.54166666666666663 0.011966809510064883 0.0097907926686440407 5.6338222463735516e-17 0.0068807636763520237
21 27 1.4375 0.5625 0.016364435525108637 0.01363295016311987 1.1437522931650924e-16 0.0090519290709399382
21 28 1.4375 0.58333333333333326 0.014128064185025631 0.0096779678262809178 1.0920270801262947e-16 0.010292673917387812
21 29 1.4375 0.60416666666666663 0.011176668791318616 0.0035389020603901187 2.2206100157725756e-17 0.010601608249591289
21 30 1.4375 0.625 0.011184677389942558 0.004012378347082418 1.4210288252713773e-16 0.01044020250363739
21 31 1.4375 0.64583333333333326 0.018781032417841972 0.015543309745225728 5.8186175692682307e-17 0.010541949575102414
21 32 1.4375 0.66666666666666663 0.037711215291549804 0.035963480067329578 5.0164012203667917e-17 0.011347416455405516
21 33 1.4375 0.6875 0.061391076860360549 0.060070297518861629 -5.5181491755086715e-17 0.012665846756934267
21 34 1.4375 0.70833333333333326 0.08417803221087572 0.083136093585780307 5.6838516009677308e-17 0.013203448420454726
21 35 1.4375 0.72916666666666663 0.10060792866077883 0.099903784287281513 -1.9223842741133134e-17 0.011882305941722241
21 36 1.4375 0.75 0.10582199480099343 0.10546466254821961 -1.1411099317842853e-17 0.0086890469702749322
21 37 1.4375 0.77083333333333326 0.096866031560917415 0.09676817494970924 -4.8672713153635715e-17 0.0043529745304923904
21 38 1.4375 0.79166666666666663 0.074812375484204385 0.074811809088175363 5.6987948847484622e-17 -0.0002911125967507616
21 39 1.4375 0.8125 0.044851731912662313 0.044595924613347229 -7.2323384454655419e-17 -0.0047834468164683983
21 40 1.4375 0.83333333333333326 0.013627424835686483 0.010632419043493567 -4.6504087283545604e-17 -0.0085239880886730547
21 41 1.4375 0.85416666666666663 0.025966138047625785 -0.023544531610401671 -2.8581382840296929e-17 -0.010949673801312799
21 42 1.4375 0.875 0.056002799958953998 -0.054635884128045417 -1.088730731586845e-16 -0.012297713965994359
21 43 1.4375 0.89583333333333326 0.082049828407411804 -0.081013652186391075 -3.2449792729085228e-17 -0.012998557654915912
21 44 1.4375 0.91666666666666663 0.10354485623478364 -0.10276616610356099 -4.1846801119501102e-17 -0.012674871086418387
21 45 1.4375 0.9375 0.12015414816908074 -0.11966479206466922 -3.215996365604138e-17 -0.01083313723520974
21 46 1.4375 0.95833333333333326 0.13140678832575162 -0.13117530125207685 -3.6516308357003517e-17 -0.0077964324864499912
21 47 1.4375 0.97916666666666663 0.13771300811332612 -0.13765011842352481 2.1083452017796972e-17 -0.0041614302361839047
21 48 1.4375 1 0.1397481452439942 -0.1397481452439942 -1.0462339805058197e-16 0
22 0 1.4583333333333333 0 0.13295633835036433 -0.13295633835036433 8.524585883576307e-17 0
22 1 1.4583333333333333 0.020833333333333332 0.1307089531005583 -0.13067860471237566 -2.9919333252146626e-17 0.0028165033411346957
22 2 1.4583333333333333 0.041666666666666664 0.12406454838844098 -0.12394265518602904 5.5613754455763613e-18 0.0054982171896828594
22 3 1.4583333333333333 0.0625 0.1124946419885962 -0.11222709869526087 -1.944568248064602e-17 0.0077538889975680494
22 4 1.4583333333333333 0.083333333333333329 0.095491302420701848 -0.095011923001084089 -6.6338829621906645e-17 0.0095563238558562108
22 5 1.4583333333333333 0.10416666666666666 0.07360067988582826 -0.072813055065546292 -3.7609169074175232e-17 0.01073867271490697
22 6 1.4583333333333333 0.125 0.047236018446313664 -0.045889240296817541 3.3721466448842835e-17 0.011199065302132218
22 7 1.4583333333333333 0.14583333333333331 0.017912796636341377 -0.014069801347395749 -8.260179656835273e-17 0.011086431949899106
22 8 1.4583333333333333 0.16666666666666666 0.023224133959637381 0.020842144459516831 -7.8510273546670682e-18 0.010245262929950316
22 9 1.4583333333333333 0.1875 0.055661480264900108 0.0550405894440711 -4.4261015385418856e-17 0.0082905909879256012
22 10 1.4583333333333333 0.20833333333333331 0.084823847281305015 0.084650683531793697 -7.1928678893700624e-17 0.0054172728565458064
22 11 1.4583333333333333 0.22916666666666666 0.10537462459085754 0.10534635184428985 5.2907163204652207e-18 0.0024408319817733146
22 12 1.4583333333333333 0.25 0.11267500630149303 0.11267475331689954 -4.1886015152094962e-17 -0.00023876770579344954
22 13 1.4583333333333333 0.27083333333333331 0.10546780145376851 0.10543372699480603 1.907174665147985e-17 -0.0026807378604112894
22 14 1.4583333333333333 0.29166666666666663 0.086811368324966928 0.086681185402074257 4.4429057563869536e-17 -0.0047524486051193325
22 15 1.4583333333333333 0.3125 0.06241596231283715 0.06211438840468983 5.5213593799113072e-18 -0.0061282219728760875
22 16 1.4583333333333333 0.33333333333333331 0.038171525912013636 0.037497833594991009 6.1732127166567939e-17 -0.0071398785797723479
22 17 1.4583333333333333 0.35416666666666663 0.019289616476071161 0.017279800145603125 6.8250869555297467e-17 -0.0085730864175004237
22 18 1.4583333333333333 0.375 0.011643637326120971 0.0053567540340471028 1.2983786335183781e-16 -0.010338253063306083
22 19 1.4583333333333333 0.39583333333333331 0.011872650552480039 0.0034308366153973989 3.8468426486889888e-17 -0.011366142320935151
22 20 1.4583333333333333 0.41666666666666663 0.013102894926262626 0.0077193359262863644 2.9992702763355077e-17 -0.010587620521430844
22 21 1.4583333333333333 0.4375 0.012954701221054266 0.010110397264865532 8.2307565034268717e-17 -0.0080996389347540946
22 22 1.4583333333333333 0.45833333333333331 0.0072538939157155589 0.0052868879402583223 1.3443546555123778e-16 -0.0049666681837632681
22 23 1.4583333333333333 0.47916666666666663 0.0034980691834408614 -0.0027446264235456092 7.8681782526664907e-17 -0.0021687585866836012
22 24 1.4583333333333333 0.5 0.0064217553722841058 -0.0064217553722841058 2.2306788292486816e-17 -2.7629144366913083e-17
22 25 1.4583333333333333 0.52083333333333326 0.0034980691834405478 -0.00274462642354527 6.7948243515432452e-17 0.0021687585866835249
22 26 1.4583333333333333 0.54166666666666663 0.0072538939157154366 0.0052868879402583153 8.4892857525721562e-17 0.0049666681837630964
22 27 1.4583333333333333 0.5625 0.012954701221053917 0.010110397264865328 9.2952724301035491e-17 0.008099638934753791
22 28 1.4583333333333333 0.58333333333333326 0.013102894926262642 0.0077193359262863461 9.1095979621293604e-17 0.010587620521430875
22 29 1.4583333333333333 0.60416666666666663 0.01187265055248043 0.0034308366153973846 4.5325862647575754e-17 0.011366142320935564
22 30 1.4583333333333333 0.625 0.011643637326121037 0.0053567540340469701 6.0383416787020089e-17 0.010338253063306225
22 31 1.4583333333333333 0.64583333333333326 0.019289616476071018 0.01727980014560308 5.8774439931142544e-17 0.0085730864175001947
22 32 1.4583333333333333 0.66666666666666663 0.038171525912013733 0.03749783359499119 3.9671563464677449e-18 0.0071398785797719203
22 33 1.4583333333333333 0.6875 0.062415962312837102 0.062114388404689774 3.9783158469896478e-17 0.0061282219728761604
22 34 1.4583333333333333 0.70833333333333326 0.086811368324966776 0.086681185402074076 1.1255997292446152e-17 0.004752448605119643
22 35 1.4583333333333333 0.72916666666666663 0.10546780145376851 0.10543372699480605 1.1568071081721812e-16 0.0026807378604110843
22 36 1.4583333333333333 0.75 0.11267500630149309 0.11267475331689959 -6.1960731872147039e-18 0.00023876770579355519
22 37 1.4583333333333333 0.77083333333333326 0.10537462459085789 0.1053463518442902 2.9677969574195179e-17 -0.0024408319817733337
22 38 1.4583333333333333 0.79166666666666663 0.084823847281305265 0.08465068353179396 -6.329581695768961e-17 -0.005417272856545678
22 39 1.4583333333333333 0.8125 0.055661480264899872 0.055040589444070843 -8.4324323635470751e-17 -0.0082905909879257018
22 40 1.4583333333333333 0.83333333333333326 0.023224133959637367 0.020842144459516827 -8.0849635996346079e-17 -0.010245262929950292
22 41 1.4583333333333333 0.85416666666666663 0.017912796636341106 -0.014069801347395359 -7.8428323725274196e-17 -0.011086431949899165
22 42 1.4583333333333333 0.875 0.047236018446313539 -0.045889240296817436 -7.0786593492048755e-17 -0.011199065302132124
22 43 1.4583333333333333 0.89583333333333326 0.073600679885828121 -0.072813055065546181 -1.7653832054942859e-17 -0.010738672714906831
22 44 1.4583333333333333 0.91666666666666663 0.095491302420701821 -0.095011923001084062 -4.7861617437531782e-17 -0.0095563238558562091
22 45 1.4583333333333333 0.9375 0.11249464198859656 -0.11222709869526123 -1.3601118163167841e-17 -0.0077538889975679436
22 46 1.4583333333333333 0.95833333333333326 0.12406454838844123 -0.12394265518602927 -2.4642577556357551e-17 -0.0054982171896830571
22 47 1.4583333333333333 0.97916666666666663 0.13070895310055819 -0.13067860471237552 -7.6572087048896312e-17 -0.0028165033411346801
22 48 1.4583333333333333 1 0.13295633835036452 -0.13295633835036452 1.5837802873311891e-18 0
23 0 1.4791666666666667 0 0.13052899610878865 -0.13052899610878865 1.7993821913695374e-17 0
23 1 1.4791666666666667 0.020833333333333332 0.12814794983893454 -0.12813699072840884 6.3115647133934481e-17 0.0016759042304829858
23 2 1.4791666666666667 0.041666666666666664 0.12069992382657743 -0.12065618700764269 3.7661128797830527e-17 0.0032490227020370507
23 3 1.4791666666666667 0.0625 0.10765343379207573 -0.10756384600847888 3.9418399744686567e-17 0.0043909952276309037
23 4 1.4791666666666667 0.083333333333333329 0.088948930733857401 -0.088785671504716168 4.6136451820569837e-17 0.0053867257358429232
23 5 1.4791666666666667 0.10416666666666666 0.06522024265318499 -0.064923049907604932 -3.1892417198073252e-17 0.0062191351838474726
23 6 1.4791666666666667 0.125 0.037358598692730012 -0.036759273634247969 7.3832967081652593e-19 0.0066648854579002721
23 7 1.4791666666666667 0.14583333333333331 0.008172581019681071 -0.0045863149724354804 3.1322477952192543e-17 0.0067643769481649562
23 8 1.4791666666666667 0.16666666666666666 0.030806982779943613 0.030114119391881179 -4.3002701336067137e-17 0.0064969224449171522
23 9 1.4791666666666667 0.1875 0.064064894641270756 0.063821272818682231 -1.6446853188239679e-17 0.005581743562763742
23 10 1.4791666666666667 0.20833333333333331 0.092536821417010084 0.092445715235498202 -4.6356350414434209e-17 0.0041052469549092245
23 11 1.4791666666666667 0.22916666666666666 0.11157565939675838 0.11153795067752237 -5.2998501416028415e-17 0.0029005738190956767
23 12 1.4791666666666667 0.25 0.1170315750713271 0.11700856831692337 -5.8996169198680611e-17 0.0023204534254206168
23 13 1.4791666666666667 0.27083333333333331 0.10815594886883835 0.1081387717695102 -4.8232410767037553e-18 0.0019275154734940869
23 14 1.4791666666666667 0.29166666666666663 0.087966671293361096 0.087954051919562903 4.818677313786652e-17 0.0014899695852844861
23 15 1.4791666666666667 0.3125 0.062538501411492295 0.062529686548002339 7.1929076382368393e-17 0.0010499804778185268
23 16 1.4791666666666667 0.33333333333333331 0.038499003615597362 0.038495730513769061 5.627071342184033e-17 0.00050200757469247574
23 17 1.4791666666666667 0.35416666666666663 0.020079177438288999 0.020071857693332716 1.4196187412768274e-16 -0.0005421211459574304
23 18 1.4791666666666667 0.375 0.010273974266005589 0.010067352792390748 3.5768616693308135e-17 -0.0020501109657985097
23 19 1.4791666666666667 0.39583333333333331 0.0095210752321953137 0.0090238839539440764 7.7541749471773898e-17 -0.0030365098325007408
23 20 1.4791666666666667 0.41666666666666663 0.013576837831830066 0.013285220047519027 5.1942018622091923e-17 -0.0027988307917433406
23 21 1.4791666666666667 0.4375 0.016257494410204222 0.016187613283442048 3.5829785099616002e-17 -0.0015057558512428474
23 22 1.4791666666666667 0.45833333333333331 0.013249071146870652 0.013248332243751992 9.6836481158777374e-17 -0.00013992502993282385
23 23 1.4791666666666667 0.47916666666666663 0.0075710079698649594 0.0075652705865457068 9.7666401874726524e-17 0.00029469073976817799
23 24 1.4791666666666667 0.5 0.0048785465089668323 0.0048785465089668323 6.6821411581845666e-17 5.789601827472107e-17
23 25 1.4791666666666667 0.52083333333333326 0.0075710079698649508 0.0075652705865456981 8.5838651540657439e-18 -0.00029469073976816183
23 26 1.4791666666666667 0.54166666666666663 0.013249071146870364 0.013248332243751706 1.361124317039991e-16 0.00013992502993279273
23 27 1.4791666666666667 0.5625 0.016257494410204184 0.016187613283442009 -5.4237157266150722e-17 0.001505755851242856
23 28 1.4791666666666667 0.58333333333333326 0.0135768378318299 0.013285220047518838 1.7242051724764937e-16 0.0027988307917434321
23 29 1.4791666666666667 0.60416666666666663 0.0095210752321953258 0.0090238839539441146 3.7004296255176259e-17 0.0030365098325006636
23 30 1.4791666666666667 0.625 0.010273974266006037 0.010067352792391236 1.1789532908389438e-16 0.0020501109657983544
23 31 1.4791666666666667 0.64583333333333326 0.020079177438288805 0.020071857693332529 7.4707639307923913e-17 0.00054212114595713137
23 32 1.4791666666666667 0.66666666666666663 0.038499003615596848 0.038495730513768547 9.2652545285343214e-17 -0.00050200757469229295
23 33 1.4791666666666667 0.6875 0.06253850141149267 0.062529686548002714 5.8194814951248037e-17 -0.0010499804778184168
23 34 1.4791666666666667 0.70833333333333326 0.087966671293360818 0.087954051919562612 9.8830288807036633e-17 -0.0014899695852847753
23 35 1.4791666666666667 0.72916666666666663 0.10815594886883839 0.10813877176951024 3.4711303574521092e-19 -0.001927515473493862
23 36 1.4791666666666667 0.75 0.11703157507132736 0.11700856831692363 5.2583458304367053e-17 -0.0023204534254204772
23 37 1.4791666666666667 0.77083333333333326 0.11157565939675854 0.11153795067752253 -4.5019677559815759e-17 -0.0029005738190953797
23 38 1.4791666666666667 0.79166666666666663 0.092536821417010015 0.092445715235498133 -6.3512802333560514e-17 -0.0041052469549093962
23 39 1.4791666666666667 0.8125 0.064064894641271061 0.063821272818682537 -6.9560213263388452e-17 -0.0055817435627638114
23 40 1.4791666666666667 0.83333333333333326 0.030806982779943513 0.030114119391881081 1.0447265128019594e-17 -0.0064969224449171279
23 41 1.4791666666666667 0.85416666666666663 0.0081725810196810814 -0.0045863149724354587 -2.3960377408833193e-17 -0.0067643769481649813
23 42 1.4791666666666667 0.875 0.037358598692730269 -0.036759273634248218 7.2455406494017714e-17 -0.0066648854579003597
23 43 1.4791666666666667 0.89583333333333326 0.065220242653185198 -0.064923049907605127 6.1566494818962731e-17 -0.0062191351838476469
23 44 1.4791666666666667 0.91666666666666663 0.088948930733857123 -0.088785671504715905 3.388894992814955e-18 -0.0053867257358428183
23 45 1.4791666666666667 0.9375 0.10765343379207601 -0.10756384600847914 2.7738077113854703e-19 -0.0043909952276310893
23 46 1.4791666666666667 0.95833333333333326 0.12069992382657722 -0.12065618700764248 -4.2382841221625275e-17 -0.0032490227020366171
23 47 1.4791666666666667 0.97916666666666663 0.12814794983893452 -0.12813699072840881 4.2466366246549452e-17 -0.0016759042304830029
23 48 1.4791666666666667 1 0.13052899610878854 -0.13052899610878854 2.6921644494978078e-17 0
24 0 1.5 0 0.12885275222188286 -0.12885275222188286 6.6559600204201072e-17 0
24 1 1.5 0.020833333333333332 0.12659953091198969 -0.12659646438266073 7.0750908437655627e-17 0.00088115432561402781
24 2 1.5 0.041666666666666664 0.11922964188100309 -0.11921577841398777 7.9317991276160962e-17 0.001818152969145975
24 3 1.5 0.0625 0.10618812557896896 -0.10615200018103015 4.4464060876853318e-17 0.0027696338280460294
24 4 1.5 0.083333333333333329 0.087747666708482053 -0.087671702371370563 1.4441076801158777e-17 0.0036504268365036003
24 5 1.5 0.10416666666666666 0.064369160253553145 -0.064223555278188266 1.0972970378638743e-17 0.0043270936177879568
24 6 1.5 0.125 0.036947151768444028 -0.036631149346297208 -3.5942096156636035e-17 0.0048219209211377767
24 7 1.5 0.14583333333333331 0.0074207895405507783 -0.0052445698496593439 -5.8081567792698988e-17 0.0052500099521040908
24 8 1.5 0.16666666666666666 0.029492813321144899 0.028961800585199132 -5.041808575254869e-17 0.0055713682753037695
24 9 1.5 0.1875 0.063229857453287852 0.062970829201821649 -1.3597495190793619e-16 0.0057174769958528602
24 10 1.5 0.20833333333333331 0.092689765189744311 0.092512950690086623 5.0550467486897765e-17 0.0057224579984075487
24 11 1.5 0.22916666666666666 0.11288549910342642 0.11273897423982034 -1.4046337627905847e-17 0.0057497474016529881
24 12 1.5 0.25 0.11948583691059235 0.11934070544999584 4.0305762902081338e-17 0.0058873801407762043
24 13 1.5 0.27083333333333331 0.11168192503234274 0.11151923345614399 -1.8032566329105123e-17 0.0060260225923803156
24 14 1.5 0.29166666666666663 0.092252885291450717 0.092050585916143429 3.6645517013664831e-17 0.0061061016280651668
24 15 1.5 0.3125 0.066810772854499545 0.066526399577237091 -1.9658623896544635e-17 0.0061577210642673203
24 16 1.5 0.33333333333333331 0.042321311327577923 0.041884070019773852 4.4961473664477297e-17 0.0060677896358110875
24 17 1.5 0.35416666666666663 0.02331475627475596 0.022600020406506941 -4.2557961103014535e-17 0.0057286069665095996
24 18 1.5 0.375 0.012456640636815182 0.01130351310711797 9.0865964177020266e-17 0.0052343564448714755
24 19 1.5 0.39583333333333331 0.0094193169563364341 0.0081642297407281284 3.630213376292989e-17 0.0046977531506601508
24 20 1.5 0.41666666666666663 0.010561241832144873 0.0097176961716898339 1.6388328499425572e-16 0.0041359654437351781
24 21 1.5 0.4375 0.0110860414747153 0.010549025771099651 6.1612938734962603e-17 0.0034085731413280836
24 22 1.5 0.45833333333333331 0.0074963889319365094 0.0070905982075475625 1.1943258253375102e-16 0.0024329537763762565
24 23 1.5 0.47916666666666663 0.0021194421929518759 0.001699683862322901 1.2515201407422499e-16 0.001266139793792045
24 24 1.5 0.5 0.0008989294710081443 -0.0008989294710081443 1.1519363228447826e-16 -2.0123898629785677e-16
24 25 1.5 0.52083333333333326 0.002119442192952048 0.0016996838623231313 1.1723497608071052e-16 -0.001266139793792024
24 26 1.5 0.54166666666666663 0.0074963889319361278 0.0070905982075473847 1.5194990806291973e-16 -0.0024329537763755999
24 27 1.5 0.5625 0.011086041474714953 0.010549025771099349 7.8320713242065458e-17 -0.0034085731413278871
24 28 1.5 0.58333333333333326 0.010561241832145157 0.0097176961716900542 6.1526920803980976e-17 -0.0041359654437353888
24 29 1.5 0.60416666666666663 0.0094193169563363318 0.0081642297407278717 1.2072623446149054e-16 -0.004697753150660392
24 30 1.5 0.625 0.012456640636815099 0.01130351310711788 1.4391138526939585e-16 -0.0052343564448714798
24 31 1.5 0.64583333333333326 0.023314756274755908 0.022600020406506906 3.416145362214622e-17 -0.0057286069665095189
24 32 1.5 0.66666666666666663 0.04232131132757766 0.041884070019773595 8.0895919133523502e-17 -0.0060677896358110458
24 33 1.5 0.6875 0.066810772854499573 0.066526399577237105 3.0776569309476436e-17 -0.0061577210642674192
24 34 1.5 0.70833333333333326 0.092252885291450662 0.092050585916143374 9.0917733385951362e-17 -0.0061061016280651113
24 35 1.5 0.72916666666666663 0.11168192503234256 0.11151923345614381 2.2193599939439015e-17 -0.0060260225923801786
24 36 1.5 0.75 0.11948583691059289 0.11934070544999638 5.3192312274431434e-17 -0.0058873801407762971
24 37 1.5 0.77083333333333326 0.11288549910342696 0.11273897423982088 -1.0509531365149551e-16 -0.0057497474016529561
24 38 1.5 0.79166666666666663 0.09268976518974481 0.092512950690087123 -1.3511588711754002e-17 -0.0057224579984075478
24 39 1.5 0.8125 0.063229857453288255 0.062970829201822065 -1.5698610164605637e-16 -0.0057174769958528481
24 40 1.5 0.83333333333333326 0.029492813321144735 0.028961800585198944 -5.1479496952753457e-17 -0.0055713682753038805
24 41 1.5 0.85416666666666663 0.0074207895405510003 -0.0052445698496594384 -4.9708348862091649e-17 -0.0052500099521043102
24 42 1.5 0.875 0.036947151768444146 -0.036631149346297333 -4.232951786747159e-17 -0.0048219209211377741
24 43 1.5 0.89583333333333326 0.064369160253553104 -0.064223555278188224 -1.5750717042543564e-17 -0.0043270936177880531
24 44 1.5 0.91666666666666663 0.087747666708482192 -0.087671702371370688 -1.7798921528391045e-17 -0.0036504268365038488
24 45 1.5 0.9375 0.10618812557896906 -0.10615200018103026 -1.0581896912481604e-17 -0.0027696338280458303
24 46 1.5 0.95833333333333326 0.11922964188100312 -0.1192157784139878 -2.0517240736820809e-18 -0.0018181529691460947
24 47 1.5 0.97916666666666663 0.12659953091199005 -0.12659646438266109 -3.8631296580230881e-17 -0.00088115432561390985
24 48 1.5 1 0.12885275222188292 -0.12885275222188292 -2.1890784733533647e-18 0
25 0 1.5208333333333333 0 0.12037284766116735 -0.12037284766116735 2.2096196785867813e-17 0
25 1 1.5208333333333333 0.020833333333333332 0.11821547407100962 -0.11821312292700661 1.5936592045401595e-17 -0.00074557204747119831
25 2 1.5208333333333333 0.041666666666666664 0.11127700226149337 -0.11126800875737471 6.5468782078706755e-17 -0.0014147294699646447
25 3 1.5208333333333333 0.0625 0.099275482633245732 -0.099260200784279204 8.480410177408882e-17 -0.001741835907441622
25 4 1.5208333333333333 0.083333333333333329 0.082294005402857293 -0.082269532734539588 1.0173365883715509e-16 -0.0020068156083765188
25 5 1.5208333333333333 0.10416666666666666 0.060676359496784384 -0.060638207483097437 4.8001530973946987e-17 -0.0021513704980413227
25 6 1.5208333333333333 0.125 0.034806536586724654 -0.034758224914448917 -3.7018811194207563e-18 -0.0018332457444610417
25 7 1.5208333333333333 0.14583333333333331 0.0050230732737399668 -0.0049274707411687997 -4.2439906476089228e-17 -0.00097534466127935696
25 8 1.5208333333333333 0.16666666666666666 0.027563511861100235 0.027560999509555904 -8.0151838801859699e-17 0.0003721453362232104
25 9 1.5208333333333333 0.1875 0.059544956381097192 0.059498100703520462 -1.2208310184458542e-17 0.0023617457738938003
25 10 1.5208333333333333 0.20833333333333331 0.087071627986571615 0.086937478084802941 -9.110738672137987e-17 0.0048314909175461171
25 11 1.5208333333333333 0.22916666666666666 0.10575111499408302 0.10551690195549479 -8.7938683117686737e-17 0.007034324715725712
25 12 1.5208333333333333 0.25 0.111412085164459 0.11108267005250187 -8.1550367987858858e-17 0.0085611409695010091
25 13 1.5208333333333333 0.27083333333333331 0.10311176262539068 0.1026532644306698 -3.4998737920679862e-17 0.0097130269968685838
25 14 1.5208333333333333 0.29166666666666663 0.083777477876112741 0.083103920143693055 -7.1485007969802405e-17 0.010602087343219152
25 15 1.5208333333333333 0.3125 0.059282356406839112 0.05824082856737639 5.408705916798186e-18 0.011063619160698375
25 16 1.5208333333333333 0.33333333333333331 0.036303303593630216 0.034530626764854827 -2.9955827076477833e-17 0.011205608731237049
25 17 1.5208333333333333 0.35416666666666663 0.019907907160030179 0.016290117672159665 -7.4158949417475711e-18 0.011443637259174737
25 18 1.5208333333333333 0.375 0.013470369902735625 0.0062841325700132991 1.5573872993642309e-16 0.011914719600520351
25 19 1.5208333333333333 0.39583333333333331 0.012790891808370598 0.0050150490425785255 5.5056983334235761e-17 0.011766741110178905
25 20 1.5208333333333333 0.41666666666666663 0.013688665846892321 0.0089831560439851375 1.4271945912830833e-16 0.010328721128837275
25 21 1.5208333333333333 0.4375 0.013974085067914414 0.011684144421509154 5.3906663761726026e-18 0.0076652346749871347
25 22 1.5208333333333333 0.45833333333333331 0.0099362389788588412 0.0088166353857582948 5.6633120996354797e-18 0.0045821158343704559
25 23 1.5208333333333333 0.47916666666666663 0.0039819425810885987 0.0034240013481500989 8.3162600336132663e-17 0.0020327521951661594
25 24 1.5208333333333333 0.5 0.00097362571543649335 0.00097362571543649335 6.0617634976769827e-17 5.0605660989136212e-17
25 25 1.5208333333333333 0.52083333333333326 0.0039819425810882075 0.0034240013481497723 3.9519312071551313e-17 -0.0020327521951659434
25 26 1.5208333333333333 0.54166666666666663 0.0099362389788588985 0.0088166353857584059 6.6538358668242571e-17 -0.0045821158343703691
25 27 1.5208333333333333 0.5625 0.013974085067914758 0.011684144421509526 9.9949619243815251e-17 -0.0076652346749871919
25 28 1.5208333333333333 0.58333333333333326 0.013688665846892056 0.0089831560439850491 3.0364343030262732e-17 -0.010328721128836999
25 29 1.5208333333333333 0.60416666666666663 0.01279089180837031 0.0050150490425785567 8.6421383272042999e-17 -0.011766741110178579
25 30 1.5208333333333333 0.625 0.013470369902735988 0.0062841325700140069 6.6714844609219292e-17 -0.011914719600520388
25 31 1.5208333333333333 0.64583333333333326 0.019907907160029954 0.016290117672159352 1.0122630783960003e-17 -0.011443637259174789
25 32 1.5208333333333333 0.66666666666666663 0.036303303593630168 0.03453062676485473 2.3190205871398359e-17 -0.011205608731237205
25 33 1.5208333333333333 0.6875 0.059282356406839237 0.058240828567376543 -2.1840774711831977e-17 -0.011063619160698247
25 34 1.5208333333333333 0.70833333333333326 0.083777477876112574 0.083103920143692875 2.3187998439518218e-17 -0.01060208734321926
25 35 1.5208333333333333 0.72916666666666663 0.10311176262539046 0.10265326443066956 -9.2575812236030484e-17 -0.009713026996868733
25 36 1.5208333333333333 0.75 0.11141208516445945 0.11108267005250234 -4.5663026205759153e-18 -0.0085611409695009189
25 37 1.5208333333333333 0.77083333333333326 0.10575111499408335 0.10551690195549512 1.6681863973956718e-17 -0.0070343247157259228
25 38 1.5208333333333333 0.79166666666666663 0.087071627986571448 0.086937478084802775 -2.2782520837264667e-18 -0.0048314909175461032
25 39 1.5208333333333333 0.8125 0.059544956381097781 0.059498100703521052 1.9324615657978503e-17 -0.002361745773893799
25 40 1.5208333333333333 0.83333333333333326 0.027563511861100239 0.027560999509555904 -2.3760377518096678e-17 -0.0003721453362233758
25 41 1.5208333333333333 0.85416666666666663 0.0050230732737400127 -0.0049274707411688448 2.6529268667862991e-17 0.00097534466127937019
25 42 1.5208333333333333 0.875 0.034806536586724682 -0.034758224914448944 2.7027353962898127e-17 0.0018332457444610575
25 43 1.5208333333333333 0.89583333333333326 0.060676359496784529 -0.060638207483097589 -3.359396183113647e-17 0.0021513704980411163
25 44 1.5208333333333333 0.91666666666666663 0.082294005402857417 -0.082269532734539727 2.551733445094602e-17 0.0020068156083761532
25 45 1.5208333333333333 0.9375 0.099275482633246037 -0.099260200784279523 5.7138360374129551e-17 0.0017418359074413683
25 46 1.5208333333333333 0.95833333333333326 0.1112770022614934 -0.11126800875737473 3.5142041223319983e-17 0.0014147294699647533
25 47 1.5208333333333333 0.97916666666666663 0.11821547407100945 -0.11821312292700645 1.326754302763367e-16 0.00074557204747116362
25 48 1.5208333333333333 1 0.12037284766116732 -0.12037284766116732 4.8398592431446649e-18 0
26 0 1.5416666666666667 0 0.12470883268651603 -0.12470883268651603 3.0499787568679972e-17 0
26 1 1.5416666666666667 0.020833333333333332 0.12256907097553821 -0.12256096587524364 6.5152584816277462e-17 -0.0014095401852685634
26 2 1.5416666666666667 0.041666666666666664 0.11610425107296508 -0.11607132256076366 8.6328715793940478e-17 -0.0027649947937151385
26 3 1.5416666666666667 0.0625 0.10494442824007501 -0.10487543073424231 8.4588568188477526e-17 -0.003804871475279623
26 4 1.5416666666666667 0.083333333333333329 0.088708129416297618 -0.088589947298350888 7.9763183216546132e-17 -0.0045774951899504677
26 5 1.5416666666666667 0.10416666666666666 0.067872540078749224 -0.067702669979260333 2.859025243710604e-17 -0.0047989763930219309
26 6 1.5416666666666667 0.125 0.042571863630270247 -0.042360835058949102 -1.8582239311748709e-17 -0.0042335831234115422
26 7 1.5416666666666667 0.14583333333333331 0.012818886460590392 -0.012449079152806792 -7.7775124010979193e-17 -0.0030568412351083922
26 8 1.5416666666666667 0.16666666666666666 0.020560032591890431 0.020528549244507564 -4.7519992436598893e-18 -0.0011373680562705797
26 9 1.5416666666666667 0.1875 0.053085600481967463 0.053052718292148075 -1.2083952482030557e-16 0.0018681703201370785
26 10 1.5416666666666667 0.20833333333333331 0.081560733922706616 0.08135655989447238 -7.1775420374011938e-17 0.0057674500559324431
26 11 1.5416666666666667 0.22916666666666666 0.10162662369193259 0.10116627135206148 -7.7472082673645073e-18 0.0096621003794589554
26 12 1.5416666666666667 0.25 0.10894009751725532 0.10815987699730982 1.1038945729585661e-17 0.013014832115548365
26 13 1.5416666666666667 0.27083333333333331 0.10260513019666878 0.10134814659028171 -6.2575149562182633e-18 0.016011431085013059
26 14 1.5416666666666667 0.29166666666666663 0.085581611971976043 0.083555103440155098 -1.8713180981980027e-17 0.018513697546056404
26 15 1.5416666666666667 0.3125 0.063206808017265692 0.059984031210712226 9.8037853175867998e-17 0.01992527489004315
26 16 1.5416666666666667 0.33333333333333331 0.041611837262497064 0.036159080514258632 4.0760555714479248e-17 0.020592860333715206
26 17 1.5416666666666667 0.35416666666666663 0.027002409661324851 0.016480920176007465 7.4587459723146267e-17 0.021389469317168196
26 18 1.5416666666666667 0.375 0.022749575160933573 0.0047778639119869879 2.4470706552878654e-17 0.022242193831578265
26 19 1.5416666666666667 0.39583333333333331 0.022206710731917437 0.0026149507475264006 1.6310168850653696e-16 0.022052211547123071
26 20 1.5416666666666667 0.41666666666666663 0.020744757383260985 0.0064495363713501196 6.1328630711369314e-17 0.019716704579746412
26 21 1.5416666666666667 0.4375 0.017626988211872727 0.0085715984028121861 1.5514289718080714e-16 0.015402545706551489
26 22 1.5416666666666667 0.45833333333333331 0.010924047108600643 0.0039530793809497691 1.0520017341578437e-16 0.010183710946351327
26 23 1.5416666666666667 0.47916666666666663 0.0061717459624555894 -0.003725409464687687 1.5400030118535877e-16 0.0049205459601046582
26 24 1.5416666666666667 0.5 0.0072266436271489105 -0.0072266436271489105 1.4822947774992033e-17 2.491486021490893e-16
26 25 1.5416666666666667 0.52083333333333326 0.0061717459624556267 -0.0037254094646876437 8.4122589525627666e-17 -0.0049205459601047372
26 26 1.5416666666666667 0.54166666666666663 0.010924047108601058 0.0039530793809499712 5.4794739631736731e-17 -0.010183710946351694
26 27 1.5416666666666667 0.5625 0.017626988211872582 0.0085715984028122069 1.559015314903141e-16 -0.015402545706551311
26 28 1.5416666666666667 0.58333333333333326 0.020744757383260686 0.0064495363713494942 5.0483264345243218e-17 -0.019716704579746301
26 29 1.5416666666666667 0.60416666666666663 0.022206710731917489 0.0026149507475263056 6.5920502963213468e-17 -0.022052211547123137
26 30 1.5416666666666667 0.625 0.022749575160933642 0.004777863911987321 1.2550907756172233e-17 -0.022242193831578265
26 31 1.5416666666666667 0.64583333333333326 0.027002409661324816 0.016480920176007482 9.3953011560919779e-17 -0.02138946931716814
26 32 1.5416666666666667 0.66666666666666663 0.041611837262496544 0.036159080514258125 8.19565061102291e-17 -0.020592860333715036
26 33 1.5416666666666667 0.6875 0.063206808017265387 0.059984031210711837 3.0438515595044897e-18 -0.019925274890043341
26 34 1.5416666666666667 0.70833333333333326 0.085581611971976113 0.083555103440155098 6.2181615747676079e-17 -0.018513697546056744
26 35 1.5416666666666667 0.72916666666666663 0.10260513019666877 0.10134814659028163 -3.7720657294904076e-17 -0.016011431085013409
26 36 1.5416666666666667 0.75 0.10894009751725525 0.10815987699730978 -4.1038230586495547e-17 -0.013014832115548205
26 37 1.5416666666666667 0.77083333333333326 0.10162662369193323 0.10116627135206213 -1.2167234844294051e-16 -0.0096621003794588114
26 38 1.5416666666666667 0.79166666666666663 0.081560733922706782 0.081356559894472519 -6.9629881918480358e-18 -0.0057674500559326677
26 39 1.5416666666666667 0.8125 0.053085600481967546 0.053052718292148165 -1.1282348377386629e-16 -0.0018681703201368935
26 40 1.5416666666666667 0.83333333333333326 0.020560032591890483 0.020528549244507612 -3.4199077465211166e-17 0.0011373680562706168
26 41 1.5416666666666667 0.85416666666666663 0.012818886460590713 -0.012449079152807054 -6.5005636346395972e-17 0.0030568412351086702
26 42 1.5416666666666667 0.875 0.042571863630270025 -0.042360835058948887 -9.2517479662812587e-18 0.0042335831234114807
26 43 1.5416666666666667 0.89583333333333326 0.067872540078749544 -0.067702669979260666 1.6371622922137062e-17 0.0047989763930216291
26 44 1.5416666666666667 0.91666666666666663 0.088708129416297687 -0.088589947298350957 5.4889772831038719e-17 0.004577495189950485
26 45 1.5416666666666667 0.9375 0.10494442824007513 -0.10487543073424244 4.9691624108005592e-17 0.0038048714752796082
26 46 1.5416666666666667 0.95833333333333326 0.11610425107296536 -0.11607132256076393 1.1464306017503957e-16 0.0027649947937152756
26 47 1.5416666666666667 0.97916666666666663 0.12256907097553778 -0.12256096587524321 8.596091819620811e-17 0.0014095401852687163
26 48 1.5416666666666667 1 0.12470883268651624 -0.12470883268651624 1.093470547188228e-16 0
27 0 1.5625 0 0.11703209918419689 -0.11703209918419689 2.323190269298083e-17 0
27 1 1.5625 0.020833333333333332 0.11529898929566101 -0.11526119133044474 3.3353053813475465e-17 -0.0029520680357275715
27 2 1.5625 0.041666666666666664 0.11010631275547376 -0.10997557836747318 5.1740959476731216e-17 -0.0053639790590538925
27 3 1.5625 0.0625 0.10084154585567744 -0.10058505409028222 4.3212072795960034e-17 -0.0071877857659849876
27 4 1.5625 0.083333333333333329 0.087061050440142132 -0.086684292191556322 6.0460238611261893e-17 -0.0080907348856491066
27 5 1.5625 0.10416666666666666 0.069109389862014856 -0.068664112470436064 1.250397119404826e-17 -0.0078324597507595725
27 6 1.5625 0.125 0.047023688227009315 -0.046548426273998945 -3.3871330812225841e-17 -0.0066686779713118031
27 7 1.5625 0.14583333333333331 0.020541275075996041 -0.019979447951887417 -2.8038470046472862e-17 -0.0047713353776021534
27 8 1.5625 0.16666666666666666 0.0099646501981381242 0.0098251618593568259 -6.9342824345699998e-17 -0.0016614596018844634
27 9 1.5625 0.1875 0.040107389640201864 0.039999783971952078 -5.6855615419185895e-17 0.0029359812581380277
27 10 1.5625 0.20833333333333331 0.067969305542731145 0.06742193773133931 -1.4825262048673782e-17 0.0086086473102658396
27 11 1.5625 0.22916666666666666 0.088802155048410589 0.087577004625775778 -8.0064399227849668e-17 0.014700034082232636
27 12 1.5625 0.25 0.097730495142888979 0.095544827374434177 2.2663444423089001e-17 0.020553239230442947
27 13 1.5625 0.27083333333333331 0.093833876607808217 0.090399968142542211 -2.1170319328890049e-17 0.025152378795587745
27 14 1.5625 0.29166666666666663 0.079710317393526686 0.074797272616914004 -3.9706305591413102e-17 0.027551818597831412
27 15 1.5625 0.3125 0.059878304663993714 0.053137859991244839 -2.678541948874173e-17 0.027600347914200518
27 16 1.5625 0.33333333333333331 0.03995697657322398 0.030135457953384636 2.5178268847827131e-17 0.026237647585348741
27 17 1.5625 0.35416666666666663 0.02672379593158614 0.010211812143814693 1.7369457352708885e-17 0.024695751896480062
27 18 1.5625 0.375 0.02341700334228633 -0.0014506286158758543 2.2175608969228417e-17 0.023372028627217007
27 19 1.5625 0.39583333333333331 0.022123496347149524 -0.0025544405665681568 -1.1304731291379546e-17 0.021975530119071288
27 20 1.5625 0.41666666666666663 0.020008327817453667 0.0029148781258031995 1.5153452199565382e-17 0.019794864676536798
27 21 1.5625 0.4375 0.017683158242656618 0.0065575984430205122 5.0677654719282758e-17 0.0164223015468274
27 22 1.5625 0.45833333333333331 0.01224799547794304 0.0028675126511291389 7.7684647850376997e-17 0.011907592721592702
27 23 1.5625 0.47916666666666663 0.0078502143554630734 -0.0046263665725763065 2.9992262551285383e-17 0.0063421288037115
27 24 1.5625 0.5 0.0083095754347505425 -0.0083095754347505425 8.9311485331224939e-17 -1.0148226599224312e-16
27 25 1.5625 0.52083333333333326 0.0078502143554631271 -0.0046263665725759726 6.7694389230697873e-17 -0.0063421288037118113
27 26 1.5625 0.54166666666666663 0.012247995477942973 0.0028675126511290699 7.885056671252114e-17 -0.01190759272159265
27 27 1.5625 0.5625 0.017683158242656399 0.006557598443020324 1.2970797926089123e-16 -0.01642230154682724
27 28 1.5625 0.58333333333333326 0.020008327817453569 0.0029148781258034025 3.8389077619769201e-17 -0.019794864676536669
27 29 1.5625 0.60416666666666663 0.02212349634714994 -0.0025544405665681082 4.8924522440361753e-17 -0.021975530119071714
27 30 1.5625 0.625 0.02341700334228649 -0.0014506286158759837 6.4163916992895436e-17 -0.023372028627217156
27 31 1.5625 0.64583333333333326 0.026723795931585612 0.01021181214381453 6.9988000490678479e-17 -0.024695751896479559
27 32 1.5625 0.66666666666666663 0.039956976573223627 0.030135457953384386 -3.0326196293135338e-17 -0.026237647585348488
27 33 1.5625 0.6875 0.05987830466399402 0.053137859991245137 7.6129763233154701e-17 -0.027600347914200594
27 34 1.5625 0.70833333333333326 0.079710317393526853 0.074797272616914212 -6.4646162279442935e-17 -0.027551818597831342
27 35 1.5625 0.72916666666666663 0.093833876607808064 0.0903999681425421 6.8562864555449723e-18 -0.025152378795587557
27 36 1.5625 0.75 0.097730495142889201 0.095544827374434399 -2.9141285127495207e-17 -0.020553239230442985
27 37 1.5625 0.77083333333333326 0.088802155048410381 0.08757700462577557 -5.5838764188474985e-17 -0.014700034082232628
27 38 1.5625 0.79166666666666663 0.067969305542731145 0.067421937731339324 -8.4898577980629573e-17 -0.0086086473102657702
27 39 1.5625 0.8125 0.040107389640201815 0.039999783971952037 -6.3936892252644419e-17 -0.0029359812581378117
27 40 1.5625 0.83333333333333326 0.0099646501981383289 0.0098251618593569803 -4.5201804446484352e-17 0.0016614596018847804
27 41 1.5625 0.85416666666666663 0.020541275075996433 -0.019979447951887833 -4.8173005873640659e-17 0.0047713353776020996
27 42 1.5625 0.875 0.047023688227009246 -0.046548426273998869 -5.2484260761312417e-17 0.0066686779713118144
27 43 1.5625 0.89583333333333326 0.069109389862015036 -0.068664112470436245 -2.5223085556530487e-17 0.0078324597507595326
27 44 1.5625 0.91666666666666663 0.087061050440142382 -0.086684292191556586 2.7532328236800077e-17 0.0080907348856489886
27 45 1.5625 0.9375 0.10084154585567753 -0.1005850540902823 9.1296745531179657e-17 0.0071877857659850448
27 46 1.5625 0.95833333333333326 0.11010631275547358 -0.109975578367473 4.7059797854759951e-17 0.0053639790590539636
27 47 1.5625 0.97916666666666663 0.11529898929566078 -0.1152611913304445 9.6907812116193377e-17 0.0029520680357275749
27 48 1.5625 1 0.11703209918419702 -0.11703209918419702 6.6015522444243253e-17 0
28 0 1.5833333333333333 0 0.12847206795060068 -0.12847206795060068 7.9044572993870599e-17 0
28 1 1.5833333333333333 0.020833333333333332 0.12667296869271932 -0.12662708257754529 6.5597005880576135e-17 -0.0034092455655428816
28 2 1.5833333333333333 0.041666666666666664 0.12091210282978741 -0.12075974942573864 9.4826779528093884e-17 -0.0060679098010684961
28 3 1.5833333333333333 0.0625 0.11112506642566633 -0.11083101949969011 9.6524344643642941e-17 -0.0080787068747458293
28 4 1.5833333333333333 0.083333333333333329 0.097653929401310902 -0.097237870494370854 8.2028786634767161e-17 -0.009004802565085868
28 5 1.5833333333333333 0.10416666666666666 0.080344555317056893 -0.07988700207422357 3.8420286977382721e-17 -0.0085623868569818015
28 6 1.5833333333333333 0.125 0.058698638273769033 -0.058255587043123676 3.2344576345600076e-17 -0.007198382697233041
28 7 1.5833333333333333 0.14583333333333331 0.032685070949087944 -0.032336849523427587 -6.6613300673265933e-17 -0.0047583637782449718
28 8 1.5833333333333333 0.16666666666666666 0.0033977154880847639 -0.0033702584116912107 2.6615123068539556e-18 -0.00043107861973858228
28 9 1.5833333333333333 0.1875 0.027192948300580239 0.026565034457405653 -9.2313237973793125e-17 0.0058099381713474438
28 10 1.5833333333333333 0.20833333333333331 0.056353238510196885 0.054778314192193832 -1.1973492271238648e-16 0.013229655507549409
28 11 1.5833333333333333 0.22916666666666666 0.079700432199625776 0.076757241629031345 -1.4146791259561013e-16 0.021458908413748454
28 12 1.5833333333333333 0.25 0.092511797163240123 0.087470068838691337 -5.2294074878176316e-17 0.030123407372458406
28 13 1.5833333333333333 0.27083333333333331 0.093693280986531333 0.085933109693161522 1.2387457001526149e-17 0.037335392866343076
28 14 1.5833333333333333 0.29166666666666663 0.085028756750471973 0.074380884859452101 -5.1941419881070451e-17 0.041199192250041289
28 15 1.5833333333333333 0.3125 0.069770616692158782 0.055902838336561365 -1.008448081729892e-17 0.041746995335238554
28 16 1.5833333333333333 0.33333333333333331 0.053082438585952678 0.034559342974084639 -4.288533036740252e-17 0.040291402301620434
28 17 1.5833333333333333 0.35416666666666663 0.040729956542768044 0.014996589438244209 7.4850289056921171e-17 0.037868610552758808
28 18 1.5833333333333333 0.375 0.034984296321550631 0.0028676633700774824 4.8588928954458072e-17 0.034866567022148555
28 19 1.5833333333333333 0.39583333333333331 0.031732123729343829 0.0006281595711792108 7.2582244536687178e-17 0.03172590569120954
28 20 1.5833333333333333 0.41666666666666663 0.029077345627292167 0.0047007853769122348 1.5032312138469531e-17 0.028694853991076779
28 21 1.5833333333333333 0.4375 0.026152664173329579 0.0074247143537828249 1.0454940675276589e-16 0.025076591876243625
28 22 1.5833333333333333 0.45833333333333331 0.019765655006514771 0.0039263618333254752 3.9401968261272245e-17 0.01937175264632417
28 23 1.5833333333333333 0.47916666666666663 0.011054220820485646 -0.0023820501864649495 1.5744983251734002e-17 0.010794518741343712
28 24 1.5833333333333333 0.5 0.005312068250302655 -0.005312068250302655 4.091514862371779e-17 -1.5727215939301075e-16
28 25 1.5833333333333333 0.52083333333333326 0.011054220820485471 -0.0023820501864648212 6.9385024786668642e-17 -0.010794518741343562
28 26 1.5833333333333333 0.54166666666666663 0.019765655006514671 0.0039263618333254657 -4.6701474578491563e-17 -0.01937175264632407
28 27 1.5833333333333333 0.5625 0.026152664173330026 0.0074247143537827121 1.942142822118816e-17 -0.025076591876244128
28 28 1.5833333333333333 0.58333333333333326 0.029077345627292122 0.0047007853769121567 -2.3223991116438611e-17 -0.028694853991076748
28 29 1.5833333333333333 0.60416666666666663 0.03173212372934367 0.00062815957117931119 -8.0167504567915155e-17 -0.031725905691209373
28 30 1.5833333333333333 0.625 0.034984296321550562 0.0028676633700776039 -2.7085085744266688e-17 -0.034866567022148472
28 31 1.5833333333333333 0.64583333333333326 0.040729956542767759 0.014996589438243991 -6.7145943161296533e-17 -0.037868610552758586
28 32 1.5833333333333333 0.66666666666666663 0.053082438585952511 0.034559342974084466 -6.5533215388007858e-17 -0.040291402301620365
28 33 1.5833333333333333 0.6875 0.069770616692158921 0.05590283833656165 -4.1986620389599595e-17 -0.041746995335238422
28 34 1.5833333333333333 0.70833333333333326 0.085028756750471723 0.07438088485945181 -4.2071016491111756e-17 -0.041199192250041303
28 35 1.5833333333333333 0.72916666666666663 0.093693280986530972 0.085933109693161161 -7.5593509224977658e-17 -0.03733539286634302
28 36 1.5833333333333333 0.75 0.092511797163240747 0.087470068838691989 1.4930216101769509e-17 -0.030123407372458447
28 37 1.5833333333333333 0.77083333333333326 0.079700432199626359 0.076757241629031886 -1.7013291363923176e-16 -0.021458908413748666
28 38 1.5833333333333333 0.79166666666666663 0.05635323851019685 0.054778314192193825 2.3209293688642044e-17 -0.013229655507549313
28 39 1.5833333333333333 0.8125 0.027192948300580364 0.02656503445740576 -9.4347081310767277e-17 -0.0058099381713475392
28 40 1.5833333333333333 0.83333333333333326 0.0033977154880846096 -0.0033702584116910446 3.8103850988421454e-17 0.00043107861973866587
28 41 1.5833333333333333 0.85416666666666663 0.032685070949088089 -0.032336849523427739 -5.1436841242561867e-17 0.0047583637782449189
28 42 1.5833333333333333 0.875 0.058698638273768887 -0.05825558704312353 8.4986772082962966e-17 0.0071983826972330201
28 43 1.5833333333333333 0.89583333333333326 0.080344555317056962 -0.079887002074223598 -1.4940926174666796e-17 0.0085623868569820998
28 44 1.5833333333333333 0.91666666666666663 0.097653929401310888 -0.097237870494370826 1.0769914790738752e-16 0.0090048025650859252
28 45 1.5833333333333333 0.9375 0.11112506642566639 -0.11083101949969015 1.0489793940396036e-16 0.0080787068747458172
28 46 1.5833333333333333 0.95833333333333326 0.12091210282978759 -0.1207597494257388 9.100276392900274e-17 0.0060679098010687363
28 47 1.5833333333333333 0.97916666666666663 0.12667296869271899 -0.12662708257754496 9.8707412724730846e-17 0.0034092455655427641
28 48 1.5833333333333333 1 0.12847206795060093 -0.12847206795060093 6.777242466478757e-17 0
29 0 1.6041666666666667 0 0.13219561052858678 -0.13219561052858678 -1.0679497099471743e-17 0
29 1 1.6041666666666667 0.020833333333333332 0.13056803945192647 -0.13054806345887321 6.2681345327089829e-17 -0.0022838680911647907
29 2 1.6041666666666667 0.041666666666666664 0.1249740779012237 -0.1249065935671857 2.3077898601040726e-17 -0.0041064620664281234
29 3 1.6041666666666667 0.0625 0.11574852554469137 -0.1156186986483928 3.6390760500679943e-17 -0.00548066497992731
29 4 1.6041666666666667 0.083333333333333329 0.10394718817379943 -0.10377900932799031 5.5275011367773887e-18 -0.0059105965976513648
29 5 1.6041666666666667 0.10416666666666666 0.088795128997372075 -0.088655514932855672 -1.1730779557673243e-17 -0.0049774095320910946
29 6 1.6041666666666667 0.125 0.069102437370987049 -0.069033620095959328 -2.8545021103148938e-17 -0.0030832040247033626
29 7 1.6041666666666667 0.14583333333333331 0.045330999018737397 -0.045330989433820357 -7.4513478611481736e-17 -2.9478596270738071e-05
29 8 1.6041666666666667 0.16666666666666666 0.019326917399682335 -0.01860812468141777 -8.4835337573899026e-17 0.0052218226717262858
29 9 1.6041666666666667 0.1875 0.016354044975609029 0.010202158059558715 -1.1149498488551876e-16 0.012781657091004438
29 10 1.6041666666666667 0.20833333333333331 0.044397568274067517 0.038588288336918533 -6.9091075124346858e-17 0.021956504090526876
29 11 1.6041666666666667 0.22916666666666666 0.069628727517431432 0.061793553256758421 -6.8749595569112059e-17 0.032089195558643639
29 12 1.6041666666666667 0.25 0.086335855021219404 0.075247460594058374 -1.9564001437826788e-17 0.04232847193545556
29 13 1.6041666666666667 0.27083333333333331 0.093362491195195324 0.07834443516330343 -9.4635760216691026e-17 0.050780943680832365
29 14 1.6041666666666667 0.29166666666666663 0.091083366476731417 0.072319711641276277 3.4393621631297969e-17 0.055371824575836476
29 15 1.6041666666666667 0.3125 0.080339021908846661 0.058065692591949526 1.2755220612416623e-17 0.055522371933188888
29 16 1.6041666666666667 0.33333333333333331 0.064879785959565187 0.038620021378755941 -3.3478202156066291e-17 0.052133296220970196
29 17 1.6041666666666667 0.35416666666666663 0.050464807639159316 0.01957813179129016 -6.2655591710399818e-17 0.046512294779125073
29 18 1.6041666666666667 0.375 0.040222881614000512 0.0069383529433509504 -7.376918358903928e-17 0.039619937705243725
29 19 1.6041666666666667 0.39583333333333331 0.032991535866823039 0.0029134151661239049 -5.3040392217651285e-17 0.032862645221005418
29 20 1.6041666666666667 0.41666666666666663 0.02808702595275496 0.0048950057108124272 -1.7715541412802836e-17 0.027657186154087413
29 21 1.6041666666666667 0.4375 0.024708741733775495 0.0070811704967038225 -3.179042758082432e-17 0.023672324399243733
29 22 1.6041666666666667 0.45833333333333331 0.019465902848257902 0.0055559956707525102 2.858578452161963e-17 0.018656159460199585
29 23 1.6041666666666667 0.47916666666666663 0.010885427128966093 0.0023741551036348418 -2.8871071767125372e-17 0.01062336628964264
29 24 1.6041666666666667 0.5 0.0010418522235327789 0.0010418522235327789 -2.6385770874722322e-17 1.4372282685412834e-17
29 25 1.6041666666666667 0.52083333333333326 0.010885427128966049 0.0023741551036348743 3.8774941130428208e-17 -0.010623366289642588
29 26 1.6041666666666667 0.54166666666666663 0.019465902848257947 0.0055559956707530089 4.8070545408674247e-17 -0.018656159460199481
29 27 1.6041666666666667 0.5625 0.024708741733775293 0.0070811704967033437 1.0388390168815802e-16 -0.023672324399243667
29 28 1.6041666666666667 0.58333333333333326 0.02808702595275497 0.0048950057108122459 5.186618432380492e-17 -0.027657186154087455
29 29 1.6041666666666667 0.60416666666666663 0.03299153586682297 0.0029134151661241287 2.8294906338692122e-17 -0.032862645221005328
29 30 1.6041666666666667 0.625 0.040222881614000804 0.006938352943351208 -3.9101832879144219e-18 -0.039619937705243975
29 31 1.6041666666666667 0.64583333333333326 0.050464807639159462 0.019578131791289938 -8.9568361308250358e-17 -0.046512294779125329
29 32 1.6041666666666667 0.66666666666666663 0.064879785959565381 0.038620021378755968 -2.6607788637088622e-17 -0.052133296220970418
29 33 1.6041666666666667 0.6875 0.080339021908846786 0.058065692591949838 4.3433453333566628e-18 -0.055522371933188756
29 34 1.6041666666666667 0.70833333333333326 0.091083366476731584 0.072319711641276554 -4.5881836633317555e-17 -0.055371824575836399
29 35 1.6041666666666667 0.72916666666666663 0.093362491195195296 0.078344435163303278 -1.0914326593355943e-16 -0.050780943680832552
29 36 1.6041666666666667 0.75 0.08633585502121946 0.075247460594058305 -1.0664877111431137e-16 -0.042328471935455775
29 37 1.6041666666666667 0.77083333333333326 0.069628727517431641 0.061793553256758817 -1.0103554841333576e-16 -0.032089195558643327
29 38 1.6041666666666667 0.79166666666666663 0.044397568274067531 0.038588288336918478 -1.2721559395138495e-16 -0.021956504090527011
29 39 1.6041666666666667 0.8125 0.016354044975608918 0.010202158059558658 -1.3677047438053442e-16 -0.012781657091004345
29 40 1.6041666666666667 0.83333333333333326 0.019326917399682422 -0.018608124681417825 -1.033641349917647e-16 -0.0052218226717264116
29 41 1.6041666666666667 0.85416666666666663 0.045330999018737647 -0.045330989433820607 -1.0671272100637228e-16 2.9478596270429832e-05
29 42 1.6041666666666667 0.875 0.069102437370986869 -0.069033620095959161 -6.8745305197349106e-18 0.0030832040247032932
29 43 1.6041666666666667 0.89583333333333326 0.088795128997372047 -0.088655514932855645 -6.9430993715913565e-18 0.004977409532091066
29 44 1.6041666666666667 0.91666666666666663 0.10394718817379954 -0.1037790093279904 6.3102681426919983e-17 0.0059105965976516883
29 45 1.6041666666666667 0.9375 0.11574852554469146 -0.11561869864839289 1.2017490067387878e-16 0.0054806649799275034
29 46 1.6041666666666667 0.95833333333333326 0.12497407790122356 -0.12490659356718556 5.3120743181311581e-17 0.0041064620664282769
29 47 1.6041666666666667 0.97916666666666663 0.13056803945192652 -0.13054806345887326 1.8137213157849639e-16 0.002283868091164906
29 48 1.6041666666666667 1 0.13219561052858683 -0.13219561052858683 5.8964230909895061e-17 0
30 0 1.625 0 0.14455100803593127 -0.14455100803593127 6.7518702132408602e-17 0
30 1 1.625 0.020833333333333332 0.14307683675039604 -0.14307080280655649 2.5041867410719458e-17 -0.0013140010604661321
30 2 1.625 0.041666666666666664 0.13783055416994067 -0.13780806769101167 5.9661988736524546e-17 -0.002489606808814888
30 3 1.625 0.0625 0.12900836135853724 -0.12896753526342378 5.2942373844475395e-17 -0.0032453271780312942
30 4 1.625 0.083333333333333329 0.11777906080492469 -0.11773475734998644 3.8597027105924288e-17 -0.0032301820118937853
30 5 1.625 0.10416666666666666 0.10287728202304396 -0.10285487927178801 2.8080015963862975e-17 -0.0021468503522221755
30 6 1.625 0.125 0.083198348754165333 -0.083198012241591734 4.9321401819791625e-17 -0.00023663150186822065
30 7 1.625 0.14583333333333331 0.05992350303895401 -0.059861719980602683 2.1349880467290476e-17 0.0027204222877052621
30 8 1.625 0.16666666666666666 0.034657121587437417 -0.033764243312328322 -5.0332719186017739e-17 0.0078161339722597322
30 9 1.625 0.1875 0.016426752696463799 -0.0051818711339742685 -8.6208953167292445e-18 0.015588021545458068
30 10 1.625 0.20833333333333331 0.034955282855385024 0.023389837148915089 -1.0974024388326044e-16 0.025976668717277929
30 11 1.625 0.22916666666666666 0.060573324607975369 0.047116659734141239 -5.3516170350273166e-17 0.038067676965639868
30 12 1.625 0.25 0.079975016175462821 0.062386895267512989 -1.2728885955105041e-16 0.05003877008026781
30 13 1.625 0.27083333333333331 0.091667806388652406 0.06934407993759141 -7.2628696292255615e-17 0.059953192623215613
30 14 1.625 0.29166666666666663 0.095210696457484228 0.068351857524408657 -7.3588592139649705e-17 0.066280466903018573
30 15 1.625 0.3125 0.090017836654814998 0.05881192266124495 -1.0059639064801241e-16 0.068149605053152706
30 16 1.625 0.33333333333333331 0.078511943944203605 0.043016809064595048 -9.6077110520655956e-18 0.065678607474564665
30 17 1.625 0.35416666666666663 0.065304225465642976 0.026502955486860932 -5.0120221665408481e-17 0.059684463758410362
30 18 1.625 0.375 0.053531300624494481 0.014962632048119422 4.715765662528713e-17 0.051397663261500449
30 19 1.625 0.39583333333333331 0.043991023027058221 0.010269385434990508 -7.4088498303148297e-17 0.042775575153991462
30 20 1.625 0.41666666666666663 0.036948652053866916 0.010709000524365067 2.4296258034014004e-17 0.035362694981673451
30 21 1.625 0.4375 0.031772660073833579 0.012541025519760779 8.351111571509748e-18 0.029192886241002056
30 22 1.625 0.45833333333333331 0.025702697311938399 0.012806495536340532 -2.1859657984418385e-17 0.022285024594709681
30 23 1.625 0.47916666666666663 0.017541427533409641 0.012325621343081012 -4.6150408521176611e-17 0.012481215422259473
30 24 1.625 0.5 0.012199343557664931 0.012199343557664931 9.8446300718791394e-19 -1.4559890521504806e-17
30 25 1.625 0.52083333333333326 0.017541427533409593 0.012325621343080918 2.9226538727502706e-18 -0.012481215422259497
30 26 1.625 0.54166666666666663 0.025702697311938288 0.012806495536340227 -1.4153053431973541e-17 -0.02228502459470973
30 27 1.625 0.5625 0.031772660073833427 0.012541025519760695 -4.0170685666162122e-17 -0.029192886241001928
30 28 1.625 0.58333333333333326 0.036948652053867014 0.01070900052436506 -6.0475440100937816e-17 -0.035362694981673555
30 29 1.625 0.60416666666666663 0.043991023027058186 0.010269385434990596 -5.5756519578664106e-17 -0.042775575153991399
30 30 1.625 0.625 0.053531300624494536 0.014962632048119632 8.414507293487988e-19 -0.051397663261500443
30 31 1.625 0.64583333333333326 0.065304225465642726 0.026502955486860713 -6.68425607454536e-17 -0.059684463758410196
30 32 1.625 0.66666666666666663 0.07851194394420323 0.043016809064594805 -2.8447409768797173e-17 -0.065678607474564374
30 33 1.625 0.6875 0.09001783665481479 0.058811922661244811 -7.2867871355270939e-17 -0.068149605053152554
30 34 1.625 0.70833333333333326 0.095210696457484187 0.068351857524409004 -4.6761250994747566e-17 -0.066280466903018156
30 35 1.625 0.72916666666666663 0.091667806388652393 0.069344079937591341 -1.7102747844859215e-16 -0.059953192623215662
30 36 1.625 0.75 0.079975016175463237 0.062386895267513454 -5.4456849720719483e-17 -0.0500387700802679
30 37 1.625 0.77083333333333326 0.060573324607975237 0.047116659734141357 -1.0249973759519255e-16 -0.038067676965639514
30 38 1.625 0.79166666666666663 0.034955282855385184 0.02338983714891513 -1.7396620461170298e-18 -0.025976668717278113
30 39 1.625 0.8125 0.016426752696463789 -0.0051818711339741419 -1.0890344020035868e-16 -0.015588021545458098
30 40 1.625 0.83333333333333326 0.034657121587437383 -0.033764243312328267 4.5390489588946542e-17 -0.0078161339722598294
30 41 1.625 0.85416666666666663 0.059923503038954128 -0.059861719980602808 -5.4586113862216894e-17 -0.0027204222877052074
30 42 1.625 0.875 0.083198348754164986 -0.083198012241591388 7.1640642076059801e-17 0.00023663150186817078
30 43 1.625 0.89583333333333326 0.10287728202304394 -0.10285487927178799 1.0903373148079054e-17 0.0021468503522220597
30 44 1.625 0.91666666666666663 0.1177790608049248 -0.11773475734998654 7.067249416604495e-17 0.0032301820118939705
30 45 1.625 0.9375 0.12900836135853758 -0.12896753526342411 1.2881798807271236e-16 0.0032453271780312769
30 46 1.625 0.95833333333333326 0.13783055416994081 -0.13780806769101181 9.8857444886807603e-17 0.0024896068088148026
30 47 1.625 0.97916666666666663 0.14307683675039595 -0.1430708028065564 1.5014068011683144e-16 0.001314001060466059
30 48 1.625 1 0.14455100803593152 -0.14455100803593152 8.7024421008404198e-17 0
31 0 1.6458333333333333 0 0.15883018794802972 -0.15883018794802972 3.6025322193453818e-17 0
31 1 1.6458333333333333 0.020833333333333332 0.1571175267701822 -0.15711727209414597 1.7241109988242445e-16 0.00028289233467191917
31 2 1.6458333333333333 0.041666666666666664 0.15167767804622181 -0.15167549003706163 6.8625341843210575e-17 0.00081470209925974034
31 3 1.6458333333333333 0.0625 0.14310458649635405 -0.14309070251574393 1.1703704379902195e-16 0.001993371476505679
31 4 1.6458333333333333 0.083333333333333329 0.13227734117743833 -0.13222342056452441 2.627372674595063e-17 0.0037765120401404479
31 5 1.6458333333333333 0.10416666666666666 0.11757072166653894 -0.11742110793572368 3.5032720248539881e-17 0.0059294185497313426
31 6 1.6458333333333333 0.125 0.097857698245185629 -0.097504457382450144 9.5640066027811619e-18 0.0083072195348243977
31 7 1.6458333333333333 0.14583333333333331 0.074716008640230938 -0.0738638583185727 2.2149145869091779e-18 0.011252216733643329
31 8 1.6458333333333333 0.16666666666666666 0.04998085707091509 -0.047456971475913864 -8.1800613497864517e-17 0.015681898223032207
31 9 1.6458333333333333 0.1875 0.029028233276734251 -0.018669343951251329 -1.2608051756951879e-16 0.022228223581707493
31 10 1.6458333333333333 0.20833333333333331 0.032903848773927512 0.0099006889525741805 -6.4047427900572913e-17 0.031378967835189647
31 11 1.6458333333333333 0.22916666666666666 0.054883250763733751 0.0342099727923997 -1.0113348052964679e-16 0.042916768004337809
31 12 1.6458333333333333 0.25 0.075709850428203343 0.0518680441808319 -7.8981831813391461e-17 0.055151495398730509
31 13 1.6458333333333333 0.27083333333333331 0.091363696262180216 0.063358876590772578 -1.3010060529696102e-16 0.065825357969730589
31 14 1.6458333333333333 0.29166666666666663 0.10001944164902679 0.068124631848316144 -7.2658033786715574e-17 0.073231982380067132
31 15 1.6458333333333333 0.3125 0.099928153736164149 0.064401849507263423 -6.4156661453850768e-17 0.076407052614024126
31 16 1.6458333333333333 0.33333333333333331 0.092056175814536415 0.053786844079545405 6.4188788730887864e-18 0.074708198409274396
31 17 1.6458333333333333 0.35416666666666663 0.079177828197570826 0.040622469425083782 -5.138998852474439e-17 0.067962809358443801
31 18 1.6458333333333333 0.375 0.064590471112564787 0.029743235846186981 5.9083046540245097e-17 0.057334709207784114
31 19 1.6458333333333333 0.39583333333333331 0.051134564836851047 0.023138225364630127 -3.2307082402055809e-17 0.045600068509046243
31 20 1.6458333333333333 0.41666666666666663 0.04077362029681128 0.020626486910594349 3.1437235814316847e-17 0.035171524701605145
31 21 1.6458333333333333 0.4375 0.033652617836940485 0.020546008955047303 1.4916180272886316e-17 0.026652583426345015
31 22 1.6458333333333333 0.45833333333333331 0.028062868401766292 0.02078587737127716 1.4846802762354808e-17 0.0188539620462406
31 23 1.6458333333333333 0.47916666666666663 0.023548285556886456 0.021281952166927954 -1.2018345528025423e-17 0.010079695661737902
31 24 1.6458333333333333 0.5 0.021609405272487663 0.021609405272487663 5.7151841528367779e-17 8.6246069759449182e-17
31 25 1.6458333333333333 0.52083333333333326 0.023548285556887059 0.021281952166928558 3.6679454331823681e-17 -0.010079695661738036
31 26 1.6458333333333333 0.54166666666666663 0.028062868401766552 0.020785877371277489 7.0780921874163334e-17 -0.018853962046240628
31 27 1.6458333333333333 0.5625 0.033652617836940277 0.02054600895504707 4.8730599788329539e-18 -0.026652583426344932
31 28 1.6458333333333333 0.58333333333333326 0.040773620296811364 0.020626486910594197 -6.5156968823073801e-18 -0.035171524701605332
31 29 1.6458333333333333 0.60416666666666663 0.051134564836851089 0.023138225364630512 -1.7758256939116843e-17 -0.045600068509046091
31 30 1.6458333333333333 0.625 0.064590471112564773 0.029743235846186947 1.0732067745502411e-17 -0.057334709207784121
31 31 1.6458333333333333 0.64583333333333326 0.079177828197570729 0.040622469425083553 -6.5450322844741324e-17 -0.067962809358443815
31 32 1.6458333333333333 0.66666666666666663 0.092056175814536137 0.053786844079545301 -3.0860785053951385e-17 -0.074708198409274146
31 33 1.6458333333333333 0.6875 0.09992815373616433 0.064401849507263645 -4.6125759432511642e-17 -0.076407052614024182
31 34 1.6458333333333333 0.70833333333333326 0.10001944164902668 0.068124631848316075 -9.6936448280402679e-17 -0.073231982380067048
31 35 1.6458333333333333 0.72916666666666663 0.091363696262180397 0.063358876590772689 -9.9802177168288074e-17 -0.065825357969730741
31 36 1.6458333333333333 0.75 0.075709850428203371 0.051868044180831879 -1.1371999598897579e-16 -0.05515149539873055
31 37 1.6458333333333333 0.77083333333333326 0.054883250763733939 0.034209972792399922 -5.7141561946450256e-17 -0.042916768004337871
31 38 1.6458333333333333 0.79166666666666663 0.032903848773927415 0.0099006889525742343 -1.298160857073941e-16 -0.031378967835189529
31 39 1.6458333333333333 0.8125 0.029028233276733959 -0.0186693439512511 -7.9807359228332236e-17 -0.022228223581707306
31 40 1.6458333333333333 0.83333333333333326 0.049980857070915194 -0.047456971475913913 -6.9122787263616615e-17 -0.015681898223032387
31 41 1.6458333333333333 0.85416666666666663 0.07471600864023091 -0.0738638583185727 -3.6834265498524761e-17 -0.01125221673364318
31 42 1.6458333333333333 0.875 0.09785769824518567 -0.097504457382450185 -6.1425615450624238e-18 -0.0083072195348244948
31 43 1.6458333333333333 0.89583333333333326 0.11757072166653917 -0.11742110793572393 5.0097298191114749e-17 -0.0059294185497312133
31 44 1.6458333333333333 0.91666666666666663 0.13227734117743839 -0.13222342056452446 8.4201601980256663e-17 -0.0037765120401405464
31 45 1.6458333333333333 0.9375 0.14310458649635432 -0.14309070251574421 1.4765906681836315e-16 -0.0019933714765056664
31 46 1.6458333333333333 0.95833333333333326 0.15167767804622179 -0.1516754900370616 1.1088975273416854e-16 -0.00081470209926005682
31 47 1.6458333333333333 0.97916666666666663 0.15711752677018215 -0.15711727209414592 2.7111233691450458e-16 -0.00028289233467186279
31 48 1.6458333333333333 1 0.15883018794802975 -0.15883018794802975 1.2287588462317824e-16 0
32 0 1.6666666666666665 0 0.16960244114598572 -0.16960244114598572 1.5214666995034061e-16 0
32 1 1.6666666666666665 0.020833333333333332 0.16749491017937995 -0.16749434228487964 1.6998720003581398e-16 -0.00043616344887628292
32 2 1.6666666666666665 0.041666666666666664 0.16153977211767645 -0.16153803968390265 9.362048696967644e-17 -0.00074813829786086691
32 3 1.6666666666666665 0.0625 0.15318365321091296 -0.15318309245551121 9.773525775140397e-17 -0.00041448378441807341
32 4 1.6666666666666665 0.083333333333333329 0.14322733594225329 -0.14322637796815599 5.0321824865938705e-17 0.00052384657868184421
32 5 1.6666666666666665 0.10416666666666666 0.12966502306054953 -0.12965504427392174 6.4979573652315071e-17 0.0016086328419607566
32 6 1.6666666666666665 0.125 0.11113391254235234 -0.111102228697824 1.8130998953355788e-17 0.0026535439223106809
32 7 1.6666666666666665 0.14583333333333331 0.088719800369544882 -0.088638512793575902 -5.5421992416149412e-17 0.0037969760803800248
32 8 1.6666666666666665 0.16666666666666666 0.063205191562232213 -0.062913340978532281 -4.9457852968810322e-17 0.006066940525289488
32 9 1.6666666666666665 0.1875 0.036070144533426975 -0.034494941894934253 -8.3288055029959395e-17 0.010542974453512695
32 10 1.6666666666666665 0.20833333333333331 0.01898730615295172 -0.0059652781125470967 -8.4096847143950479e-17 0.018025905025431728
32 11 1.6666666666666665 0.22916666666666666 0.034551524929203999 0.019224177518943387 -7.9499141550586454e-17 0.028709560666327814
32 12 1.6666666666666665 0.25 0.057065790190645282 0.039402991772506772 -6.5336560135944445e-17 0.041278428379221403
32 13 1.6666666666666665 0.27083333333333331 0.076261246118694642 0.054465683250844193 -1.3094034693022487e-16 0.053378525715823487
32 14 1.6666666666666665 0.29166666666666663 0.089317002933120379 0.06358735865550115 -1.0356522588856703e-16 0.062723000822439104
32 15 1.6666666666666665 0.3125 0.094145537160538029 0.065106369799331654 -1.0116133911356392e-16 0.068003990903467718
32 16 1.6666666666666665 0.33333333333333331 0.091040230976658795 0.060116767319095724 -3.575037377889403e-17 0.068368837516701184
32 17 1.6666666666666665 0.35416666666666663 0.082150083563335516 0.052074298226807078 -3.2006014628324318e-17 0.063536632690508285
32 18 1.6666666666666665 0.375 0.070327506260565664 0.044474183105383217 -1.7004856055004471e-20 0.054479401372800974
32 19 1.6666666666666665 0.39583333333333331 0.05842712885999863 0.038884549136883016 -4.9548127933031318e-17 0.043608728773540446
32 20 1.6666666666666665 0.41666666666666663 0.049540507205143088 0.036475726867178343 4.4764229020391217e-17 0.033522875826125634
32 21 1.6666666666666665 0.4375 0.044656159694882736 0.037001163367219661 2.5002836985736214e-17 0.025001730103478653
32 22 1.6666666666666665 0.45833333333333331 0.042186311974646458 0.038550073946537609 6.6177211560581706e-17 0.017134080562979777
32 23 1.6666666666666665 0.47916666666666663 0.041472485320918843 0.040510341843184028 9.3783823585740591e-17 0.0088813986760083053
32 24 1.6666666666666665 0.5 0.04154303551289535 0.04154303551289535 1.0349469259519791e-16 1.8371535008625152e-16
32 25 1.6666666666666665 0.52083333333333326 0.041472485320918795 0.040510341843183958 6.1487373294731195e-17 -0.0088813986760084025
32 26 1.6666666666666665 0.54166666666666663 0.042186311974646375 0.038550073946537533 7.168226406823439e-17 -0.017134080562979739
32 27 1.6666666666666665 0.5625 0.044656159694882507 0.037001163367219592 2.9251418271333357e-17 -0.025001730103478351
32 28 1.6666666666666665 0.58333333333333326 0.049540507205142921 0.036475726867178343 5.7370397727931348e-17 -0.033522875826125384
32 29 1.6666666666666665 0.60416666666666663 0.058427128859998505 0.038884549136882919 5.1174600254865715e-18 -0.04360872877354037
32 30 1.6666666666666665 0.625 0.070327506260565553 0.044474183105383189 -5.6130926237668938e-17 -0.054479401372800856
32 31 1.6666666666666665 0.64583333333333326 0.082150083563335627 0.052074298226806828 -8.1477700988938996e-17 -0.063536632690508632
32 32 1.6666666666666665 0.66666666666666663 0.09104023097665874 0.060116767319095647 -1.1221567212412616e-16 -0.068368837516701184
32 33 1.6666666666666665 0.6875 0.094145537160538112 0.065106369799331779 -7.2691291794803161e-17 -0.068003990903467731
32 34 1.6666666666666665 0.70833333333333326 0.089317002933120587 0.063587358655501094 -1.2653727008665859e-16 -0.062723000822439465
32 35 1.6666666666666665 0.72916666666666663 0.076261246118694379 0.054465683250844305 -1.3683738168733053e-16 -0.053378525715823001
32 36 1.6666666666666665 0.75 0.057065790190645213 0.039402991772506599 -1.0764571686836769e-16 -0.04127842837922148
32 37 1.6666666666666665 0.77083333333333326 0.034551524929204255 0.019224177518943713 -5.9418824734776313e-17 -0.028709560666327908
32 38 1.6666666666666665 0.79166666666666663 0.018987306152951487 -0.0059652781125470247 -1.0832255042082448e-16 -0.018025905025431506
32 39 1.6666666666666665 0.8125 0.036070144533427162 -0.034494941894934475 -4.4724942439825505e-17 -0.010542974453512636
32 40 1.6666666666666665 0.83333333333333326 0.063205191562232102 -0.062913340978532156 -3.9067949048787365e-17 -0.0060669405252896172
32 41 1.6666666666666665 0.85416666666666663 0.088719800369544785 -0.088638512793575791 4.2225438137109193e-17 -0.0037969760803802629
32 42 1.6666666666666665 0.875 0.11113391254235237 -0.11110222869782403 5.6763851956617047e-17 -0.0026535439223108314
32 43 1.6666666666666665 0.89583333333333326 0.12966502306054961 -0.12965504427392183 6.4719134683380522e-17 -0.0016086328419606874
32 44 1.6666666666666665 0.91666666666666663 0.14322733594225356 -0.14322637796815629 1.4146174421136297e-16 -0.00052384657868187272
32 45 1.6666666666666665 0.9375 0.15318365321091343 -0.15318309245551168 1.3174900196747043e-16 0.00041448378441799361
32 46 1.6666666666666665 0.95833333333333326 0.16153977211767659 -0.16153803968390282 1.6758215521861575e-16 0.0007481382978610264
32 47 1.6666666666666665 0.97916666666666663 0.16749491017937995 -0.16749434228487964 2.1197250037552468e-16 0.0004361634488764893
32 48 1.6666666666666665 1 0.16960244114598583 -0.16960244114598583 8.6581231729881992e-17 0
33 0 1.6875 0 0.18115820232216492 -0.18115820232216492 2.3826470200295925e-16 0
33 1 1.6875 0.020833333333333332 0.17878358357889479 -0.17878043699238466 2.3278467128531805e-16 -0.0010607101977608885
33 2 1.6875 0.041666666666666664 0.17239402765430759 -0.17238000687379929 1.9045573361039945e-16 -0.0021986361825177573
33 3 1.6875 0.0625 0.16383501136712933 -0.16381048187180111 1.7648216320124369e-16 -0.0028349565421210282
33 4 1.6875 0.083333333333333329 0.15366357609396269 -0.15363552416736093 1.4474457785367802e-16 -0.0029360401573074969
33 5 1.6875 0.10416666666666666 0.14024180608751477 -0.1402109750296191 6.7895396896942986e-17 -0.0029405196703343205
33 6 1.6875 0.125 0.12219313429274824 -0.12215748651475176 4.3570456887075694e-17 -0.0029513652237307801
33 7 1.6875 0.14583333333333331 0.1001659374336689 -0.10011700260496609 1.893637699431603e-17 -0.0031306247560009058
33 8 1.6875 0.16666666666666666 0.074596084990835934 -0.074551640347801693 -6.1581269019690121e-17 -0.0025746489881233871
33 9 1.6875 0.1875 0.046118056887825089 -0.0461166379084006 -4.9918720007577972e-17 0.00036177221305679628
33 10 1.6875 0.20833333333333331 0.01845311548718874 -0.017334072044288749 -1.2499442330419969e-16 0.0063283028962694407
33 11 1.6875 0.22916666666666666 0.017595075857360552 0.0088394080226595409 -3.6324646135823378e-17 0.015213532141985118
33 12 1.6875 0.25 0.040298291717952295 0.03086823617304606 -6.2338454588587012e-17 0.02590568105551817
33 13 1.6875 0.27083333333333331 0.061002252928525812 0.048586699664034373 -6.380791229247037e-17 0.036886413191211179
33 14 1.6875 0.29166666666666663 0.077248624674739363 0.061556583789291373 -1.0695671283480717e-16 0.046670515385312625
33 15 1.6875 0.3125 0.08682472397837375 0.068429599650092487 -3.0904864674454169e-17 0.053440832568821865
33 16 1.6875 0.33333333333333331 0.08923109693376767 0.069548861195987188 -9.1865058833480273e-17 0.055902992463237142
33 17 1.6875 0.35416666666666663 0.085928038743794316 0.067021480529658214 6.3334297651159888e-17 0.053774984797465647
33 18 1.6875 0.375 0.078612151943435515 0.062622378531573583 -8.8239721964085501e-17 0.047521659695617793
33 19 1.6875 0.39583333333333331 0.068933930462971846 0.057111956341360154 9.8190641052288442e-18 0.038601958654146146
33 20 1.6875 0.41666666666666663 0.060228349539719069 0.052649509288925256 5.6295888245599143e-18 0.029248645437249757
33 21 1.6875 0.4375 0.054867515086107294 0.050700569856086453 -1.0336622346632961e-17 0.020973708017236935
33 22 1.6875 0.45833333333333331 0.052347307262262797 0.050548737761678467 -3.4739479709002702e-17 0.013603885044751466
33 23 1.6875 0.47916666666666663 0.052057502435369052 0.051633018615426816 2.3931560680480789e-17 0.0066343762681538255
33 24 1.6875 0.5 0.05249002102759024 0.05249002102759024 3.5586337108473754e-17 -5.8196254606299957e-17
33 25 1.6875 0.52083333333333326 0.052057502435369177 0.051633018615426948 6.0054851532728216e-17 -0.0066343762681537579
33 26 1.6875 0.54166666666666663 0.052347307262262763 0.050548737761678397 -1.191991636231869e-19 -0.013603885044751593
33 27 1.6875 0.5625 0.054867515086107294 0.050700569856086383 1.3595194165730451e-16 -0.020973708017237108
33 28 1.6875 0.58333333333333326 0.060228349539719242 0.052649509288925513 5.2852125147617572e-18 -0.02924864543724966
33 29 1.6875 0.60416666666666663 0.068933930462971457 0.057111956341359814 3.6263905270156802e-17 -0.038601958654145972
33 30 1.6875 0.625 0.078612151943435626 0.062622378531573875 -7.6359440636009576e-17 -0.047521659695617592
33 31 1.6875 0.64583333333333326 0.085928038743794247 0.067021480529658034 -4.6728282835252854e-17 -0.053774984797465765
33 32 1.6875 0.66666666666666663 0.089231096933767615 0.069548861195987188 -2.7602921960319373e-17 -0.055902992463237065
33 33 1.6875 0.6875 0.086824723978373791 0.068429599650092779 -8.1286209151756915e-17 -0.05344083256882156
33 34 1.6875 0.70833333333333326 0.077248624674739017 0.061556583789290978 -8.8110740935446625e-17 -0.046670515385312576
33 35 1.6875 0.72916666666666663 0.061002252928525853 0.048586699664034297 -7.8035318267807045e-17 -0.036886413191211345
33 36 1.6875 0.75 0.040298291717952482 0.030868236173046053 -9.1275391163441269e-17 -0.025905681055518475
33 37 1.6875 0.77083333333333326 0.017595075857360611 0.0088394080226598289 -7.2858921183073866e-17 -0.015213532141985021
33 38 1.6875 0.79166666666666663 0.018453115487188466 -0.01733407204428852 -5.5214253658598914e-17 -0.0063283028962692733
33 39 1.6875 0.8125 0.046118056887824929 -0.04611663790840044 -3.5128809664272128e-17 -0.00036177221305701637
33 40 1.6875 0.83333333333333326 0.074596084990835879 -0.074551640347801623 1.7448835445692864e-17 0.0025746489881235774
33 41 1.6875 0.85416666666666663 0.10016593743366908 -0.10011700260496628 7.1426881506919859e-17 0.0031306247560009661
33 42 1.6875 0.875 0.12219313429274847 -0.122157486514752 7.4592191486565637e-17 0.0029513652237305749
33 43 1.6875 0.89583333333333326 0.14024180608751485 -0.14021097502961918 1.1341942221926835e-16 0.0029405196703343435
33 44 1.6875 0.91666666666666663 0.15366357609396261 -0.15363552416736084 1.3241470803440549e-16 0.0029360401573074245
33 45 1.6875 0.9375 0.16383501136712958 -0.16381048187180136 1.4839437707420176e-16 0.0028349565421211757
33 46 1.6875 0.95833333333333326 0.17239402765430775 -0.17238000687379948 1.6769579999600512e-16 0.0021986361825177972
33 47 1.6875 0.97916666666666663 0.17878358357889448 -0.17878043699238436 3.0116569264510101e-16 0.001060710197760916
33 48 1.6875 1 0.18115820232216487 -0.18115820232216487 2.1575575367833059e-16 0
34 0 1.7083333333333333 0 0.18341244598781617 -0.18341244598781617 2.0371663016193885e-16 0
34 1 1.7083333333333333 0.020833333333333332 0.18082688246145634 -0.18065670206903894 2.0346636626474871e-16 -0.0078433040402526612
34 2 1.7083333333333333 0.041666666666666664 0.17427330852064132 -0.17359015772676148 1.9451190189777415e-16 -0.015415680430286091
34 3 1.7083333333333333 0.0625 0.16570674841519437 -0.16424298157990683 1.9643881834906195e-16 -0.021976566430607591
34 4 1.7083333333333333 0.083333333333333329 0.15565748557484527 -0.15321303892022647 9.9410591059174721e-17 -0.027477582140944059
34 5 1.7083333333333333 0.10416666666666666 0.14298389034749237 -0.13930389972206114 1.0642964443930297e-16 -0.032230675157831457
34 6 1.7083333333333333 0.125 0.12655596701370372 -0.12136313369273248 5.4592514472598488e-17 -0.035880392515322504
34 7 1.7083333333333333 0.14583333333333331 0.10748178930628828 -0.10028998471197471 4.6714293780266814e-17 -0.038655581730886207
34 8 1.7083333333333333 0.16666666666666666 0.086863284045912703 -0.076977932625150597 -8.6463450132871428e-18 -0.040244602172200543
34 9 1.7083333333333333 0.1875 0.06506767837254511 -0.052004214935348368 -3.8994163093638596e-17 -0.039107088842702989
34 10 1.7083333333333333 0.20833333333333331 0.043279114658262792 -0.026552385104409444 -8.1882704189183991e-17 -0.034176784677178058
34 11 1.7083333333333333 0.22916666666666666 0.025717809454811332 -0.0023127973707217147 -1.3688819117220631e-16 -0.025613603640955444
34 12 1.7083333333333333 0.25 0.024193659336538029 0.019309402772460228 -1.6631428059107373e-16 -0.014576697728338851
34 13 1.7083333333333333 0.27083333333333331 0.038150612242460094 0.0380880112871693 -1.8185422239658427e-16 -0.002184630555267885
34 14 1.7083333333333333 0.29166666666666663 0.054444145680983325 0.053453551727440367 -1.0217563443689112e-16 0.010338414126644008
34 15 1.7083333333333333 0.3125 0.06737822461842477 0.064043381927528023 -1.6686111059324644e-16 0.020934908263846742
34 16 1.7083333333333333 0.33333333333333331 0.074817705283129241 0.06952933506093846 -7.6719406139453015e-17 0.027628980976810168
34 17 1.7083333333333333 0.35416666666666663 0.077114085236615532 0.071144395509816077 -1.0253061973897523e-16 0.029749909738062526
34 18 1.7083333333333333 0.375 0.07543034775356483 0.070091367451575723 -2.3002817511716725e-17 0.027873599892943742
34 19 1.7083333333333333 0.39583333333333331 0.070986706438460667 0.067068618841548772 -1.5811596617857563e-16 0.023257533353028697
34 20 1.7083333333333333 0.41666666666666663 0.066544702510814069 0.064251575830973087 -3.1318356700591664e-17 0.017318557546443035
34 21 1.7083333333333333 0.4375 0.064556848415126628 0.063503844611722662 -1.2267324854276349e-16 0.011612424244050814
34 22 1.7083333333333333 0.45833333333333331 0.065117088788525568 0.064743493664590215 -5.215732703363559e-17 0.0069652911206846847
34 23 1.7083333333333333 0.47916666666666663 0.067014313497897465 0.066941294458089676 -7.2962890716618765e-17 0.0031275085723006411
34 24 1.7083333333333333 0.5 0.068156018898030926 0.068156018898030926 1.0071202976910078e-17 -3.1369227975262669e-16
34 25 1.7083333333333333 0.52083333333333326 0.067014313497897854 0.06694129445809005 -8.034766513176996e-17 -0.0031275085723010622
34 26 1.7083333333333333 0.54166666666666663 0.065117088788525498 0.06474349366459016 -3.8632219173301578e-17 -0.0069652911206845494
34 27 1.7083333333333333 0.5625 0.064556848415126433 0.063503844611722482 -3.5308246836027229e-17 -0.011612424244050774
34 28 1.7083333333333333 0.58333333333333326 0.06654470251081368 0.064251575830972685 -4.5382890343681848e-17 -0.017318557546443059
34 29 1.7083333333333333 0.60416666666666663 0.070986706438460778 0.067068618841548869 -1.185931779614304e-16 -0.023257533353028728
34 30 1.7083333333333333 0.625 0.075430347753564955 0.070091367451575889 -7.3142344366915273e-17 -0.02787359989294368
34 31 1.7083333333333333 0.64583333333333326 0.077114085236615199 0.071144395509815828 -3.8818752789167958e-17 -0.029749909738062262
34 32 1.7083333333333333 0.66666666666666663 0.074817705283129227 0.069529335060938405 -6.3783967963227492e-17 -0.027628980976810304
34 33 1.7083333333333333 0.6875 0.067378224618424951 0.064043381927528231 -5.507804343662585e-17 -0.020934908263846693
34 34 1.7083333333333333 0.70833333333333326 0.054444145680983408 0.053453551727440519 -1.1432931967109835e-16 -0.010338414126643675
34 35 1.7083333333333333 0.72916666666666663 0.038150612242460143 0.038088011287169356 -7.376274150623557e-17 0.0021846305552677787
34 36 1.7083333333333333 0.75 0.024193659336537901 0.019309402772460172 -1.3936695142913588e-16 0.014576697728338712
34 37 1.7083333333333333 0.77083333333333326 0.025717809454811245 -0.002312797370721772 -3.9613906470555769e-17 0.02561360364095535
34 38 1.7083333333333333 0.79166666666666663 0.043279114658263076 -0.026552385104409649 -1.509520734323004e-17 0.03417678467717826
34 39 1.7083333333333333 0.8125 0.065067678372544957 -0.052004214935348098 -3.3124476689361459e-17 0.039107088842703093
34 40 1.7083333333333333 0.83333333333333326 0.086863284045912537 -0.076977932625150403 3.069419576118249e-17 0.040244602172200543
34 41 1.7083333333333333 0.85416666666666663 0.10748178930628835 -0.10028998471197476 4.0295245906373979e-17 0.038655581730886283
34 42 1.7083333333333333 0.875 0.12655596701370386 -0.12136313369273258 7.987944517258973e-17 0.03588039251532265
34 43 1.7083333333333333 0.89583333333333326 0.14298389034749279 -0.13930389972206156 1.6179730022069417e-16 0.032230675157831512
34 44 1.7083333333333333 0.91666666666666663 0.15565748557484552 -0.1532130389202267 1.7299497139772931e-16 0.027477582140944326
34 45 1.7083333333333333 0.9375 0.16570674841519473 -0.16424298157990716 1.9211493230660932e-16 0.021976566430607688
34 46 1.7083333333333333 0.95833333333333326 0.17427330852064141 -0.17359015772676156 2.3315686511914989e-16 0.015415680430286214
34 47 1.7083333333333333 0.97916666666666663 0.18082688246145617 -0.18065670206903878 2.0524130685511424e-16 0.0078433040402527288
34 48 1.7083333333333333 1 0.1834124459878162 -0.1834124459878162 2.1787040675045425e-16 0
35 0 1.7291666666666665 0 0.17892756461134493 -0.17892756461134493 3.2322167823342213e-16 0
35 1 1.7291666666666665 0.020833333333333332 0.17648741380488503 -0.17602355519484963 2.9796512139548629e-16 -0.012787308086631985
35 2 1.7291666666666665 0.041666666666666664 0.17066324256178794 -0.16879917629773616 3.1006949079366346e-16 -0.02515512756694855
35 3 1.7291666666666665 0.0625 0.16358641415999403 -0.1594241377098076 2.7654806814133862e-16 -0.036666868058362938
35 4 1.7291666666666665 0.083333333333333329 0.15587709181970508 -0.14857134788110768 2.2844584438021644e-16 -0.047161661791752497
35 5 1.7291666666666665 0.10416666666666666 0.14658987718361319 -0.13517795506853916 1.5398489407205229e-16 -0.056705489647782797
35 6 1.7291666666666665 0.125 0.1347357745387428 -0.11807272034204107 6.7928776639221283e-17 -0.064904249873063716
35 7 1.7291666666666665 0.14583333333333331 0.12121845700319392 -0.09799688917853068 2.6998410408191978e-17 -0.071347908375550495
35 8 1.7291666666666665 0.16666666666666666 0.10757149613801845 -0.076564538984083455 -3.8545467410927073e-17 -0.075561221215160901
35 9 1.7291666666666665 0.1875 0.093439294388809491 -0.054356162305494053 3.5078777424155416e-18 -0.076002035204969287
35 10 1.7291666666666665 0.20833333333333331 0.07835601415602704 -0.031723849537917237 -1.0281234524439601e-16 -0.071646788657378765
35 11 1.7291666666666665 0.22916666666666666 0.063905636347136627 -0.0096819184044611515 -8.4600039790939548e-17 -0.06316795716929452
35 12 1.7291666666666665 0.25 0.053057581703510763 0.010832422388508718 -1.936447302842491e-16 -0.051940019266666193
35 13 1.7291666666666665 0.27083333333333331 0.048973224557873063 0.029296775945606389 -1.2518602326940204e-16 -0.039243797507234189
35 14 1.7291666666666665 0.29166666666666663 0.052333914901017235 0.045339793959253763 -2.2385748613013565e-16 -0.026136980173679773
35 15 1.7291666666666665 0.3125 0.059514517032434988 0.057863210730399316 -1.3473208960503361e-16 -0.013922161526623506
35 16 1.7291666666666665 0.33333333333333331 0.066209657031537153 0.066096390184472331 -2.0394987975952023e-16 -0.0038711611715049245
35 17 1.7291666666666665 0.35416666666666663 0.070851136022468494 0.070781269943201081 -1.3219655556834321e-16 0.0031456797201928751
35 18 1.7291666666666665 0.375 0.073048438386523556 0.072709378721053028 -1.1791260774677709e-16 0.0070299784287157297
35 19 1.7291666666666665 0.39583333333333331 0.072320844321829197 0.071859098012806072 -8.4050489558357778e-17 0.008159323269008565
35 20 1.7291666666666665 0.41666666666666663 0.070031559878792768 0.069674769087253258 -7.4341486311711363e-17 0.0070601651322667247
35 21 1.7291666666666665 0.4375 0.068232342821361605 0.068053892801352198 -1.5835562454355209e-16 0.0049315597404755449
35 22 1.7291666666666665 0.45833333333333331 0.067800623395892462 0.067738517881158186 -9.9422498505251124e-17 0.0029013321312205249
35 23 1.7291666666666665 0.47916666666666663 0.06841416116698576 0.068402850068768645 -9.937700321078777e-17 0.0012440058889971171
35 24 1.7291666666666665 0.5 0.068827087616890492 0.068827087616890492 -1.2993646169995735e-16 -5.7072672940693171e-17
35 25 1.7291666666666665 0.52083333333333326 0.068414161166985371 0.06840285006876827 -1.5564020054275421e-16 -0.0012440058889968406
35 26 1.7291666666666665 0.54166666666666663 0.067800623395891824 0.067738517881157548 -1.7718207367841906e-16 -0.0029013321312204767
35 27 1.7291666666666665 0.5625 0.068232342821361563 0.06805389280135217 -1.4361562876578573e-16 -0.0049315597404754417
35 28 1.7291666666666665 0.58333333333333326 0.070031559878793004 0.069674769087253507 -1.013274665732939e-16 -0.0070601651322666804
35 29 1.7291666666666665 0.60416666666666663 0.072320844321829031 0.071859098012805891 -4.9270042201532457e-17 -0.0081593232690087211
35 30 1.7291666666666665 0.625 0.073048438386523473 0.072709378721052959 -1.6837522639394082e-16 -0.0070299784287157141
35 31 1.7291666666666665 0.64583333333333326 0.070851136022468356 0.070781269943200942 -1.1422445611172619e-16 -0.0031456797201927988
35 32 1.7291666666666665 0.66666666666666663 0.066209657031536903 0.066096390184472095 -1.685681092635847e-16 0.0038711611715046652
35 33 1.7291666666666665 0.6875 0.059514517032434967 0.057863210730399288 -1.0039914018713948e-16 0.013922161526623525
35 34 1.7291666666666665 0.70833333333333326 0.052333914901017013 0.045339793959253631 -1.7874696365226691e-16 0.026136980173679561
35 35 1.7291666666666665 0.72916666666666663 0.048973224557872896 0.029296775945606285 -1.2339984223711553e-16 0.039243797507234057
35 36 1.7291666666666665 0.75 0.053057581703511103 0.010832422388509079 -1.4424293379921259e-16 0.051940019266666464
35 37 1.7291666666666665 0.77083333333333326 0.06390563634713653 -0.0096819184044610249 -4.1118356511310634e-17 0.063167957169294436
35 38 1.7291666666666665 0.79166666666666663 0.078356014156026998 -0.031723849537917091 -9.5367028823055449e-17 0.071646788657378779
35 39 1.7291666666666665 0.8125 0.093439294388809296 -0.054356162305493914 2.1498464802166387e-17 0.076002035204969148
35 40 1.7291666666666665 0.83333333333333326 0.10757149613801839 -0.076564538984083469 3.3728610639934849e-17 0.075561221215160804
35 41 1.7291666666666665 0.85416666666666663 0.12121845700319399 -0.097996889178530652 1.0835418987004002e-17 0.071347908375550648
35 42 1.7291666666666665 0.875 0.13473577453874278 -0.11807272034204093 9.5128993159334161e-17 0.06490424987306391
35 43 1.7291666666666665 0.89583333333333326 0.1465898771836131 -0.13517795506853908 1.573225114854296e-16 0.056705489647782784
35 44 1.7291666666666665 0.91666666666666663 0.15587709181970513 -0.14857134788110776 1.7068802866236488e-16 0.047161661791752477
35 45 1.7291666666666665 0.9375 0.16358641415999425 -0.15942413770980784 2.5701921862700502e-16 0.036666868058362882
35 46 1.7291666666666665 0.95833333333333326 0.17066324256178816 -0.16879917629773636 2.2473127795549718e-16 0.025155127566948661
35 47 1.7291666666666665 0.97916666666666663 0.17648741380488508 -0.17602355519484969 3.4438399003366499e-16 0.012787308086632039
35 48 1.7291666666666665 1 0.1789275646113454 -0.1789275646113454 2.5846913573342326e-16 0
36 0 1.75 0 0.15769403790314945 -0.15769403790314945 2.6790240707718365e-16 0
36 1 1.75 0.020833333333333332 0.15631106293110883 -0.15501364943732598 3.0780345892411907e-16 -0.020097683517631439
36 2 1.75 0.041666666666666664 0.15348210426366773 -0.14839191703304411 2.6247979030076709e-16 -0.039199429695615837
36 3 1.75 0.0625 0.15135041174212302 -0.14015279275819781 2.4498172035748127e-16 -0.057132668558258548
36 4 1.75 0.083333333333333329 0.15031779249292804 -0.13099885646934586 1.9543813367154933e-16 -0.073720677856831285
36 5 1.75 0.10416666666666666 0.14893824566634981 -0.11964808409683793 1.5347093093304453e-16 -0.088695755220449923
36 6 1.75 0.125 0.1457619218321799 -0.10463233918820072 1.1843136550481113e-16 -0.10148207453642162
36 7 1.75 0.14583333333333331 0.14099896560398764 -0.08667003054794345 5.0680225486644682e-17 -0.11121606946036637
36 8 1.75 0.16666666666666666 0.1350970228972832 -0.067947178328258057 -1.5402885350744571e-17 -0.11676637595188505
36 9 1.75 0.1875 0.12709238046776897 -0.04979190370818911 -5.0380229644336749e-17 -0.11693262803032592
36 10 1.75 0.20833333333333331 0.1165359349059399 -0.032607946687114489 -1.3817545178455142e-16 -0.11188094537163941
36 11 1.75 0.22916666666666666 0.1038132171864716 -0.016399920447868699 -1.2453561895760822e-16 -0.10250964184850662
36 12 1.75 0.25 0.089927703080040652 -0.00090253774831980252 -2.0636373357554408e-16 -0.089923173914541132
36 13 1.75 0.27083333333333331 0.076710261382880701 0.014380742880122361 -1.7094705096474929e-16 -0.075350238457789154
36 14 1.75 0.29166666666666663 0.066542895535135788 0.029208422444065896 -1.9996056647471373e-16 -0.059789840311954189
36 15 1.75 0.3125 0.061660076528796841 0.042455046000907611 -2.2402849354159043e-16 -0.04471615040002775
36 16 1.75 0.33333333333333331 0.061147311739521128 0.05259230753224417 -2.6601749795475986e-16 -0.031193635911897666
36 17 1.75 0.35416666666666663 0.062990443103651803 0.059694511678626862 -2.5423848457409098e-16 -0.020108734367052447
36 18 1.75 0.375 0.065491059430698176 0.064277125206104679 -2.5180659335817463e-16 -0.012551097186859117
36 19 1.75 0.39583333333333331 0.066571043005545269 0.065998879796907869 -2.6997623950070428e-16 -0.0087092842644768322
36 20 1.75 0.41666666666666663 0.06655388434753097 0.066162127957188677 -2.337158659861445e-16 -0.0072105718165150368
36 21 1.75 0.4375 0.066551254033182072 0.066268244522586228 -2.3015010153271861e-16 -0.0061310016542040803
36 22 1.75 0.45833333333333331 0.06697188359703736 0.066810759248932303 -2.3169601691518194e-16 -0.0046428053067438498
36 23 1.75 0.47916666666666663 0.067638617795385256 0.067589079624270354 -2.7398225767763013e-16 -0.002588229667987157
36 24 1.75 0.5 0.067959752275189286 0.067959752275189286 -1.771801657031467e-16 -1.055164020827131e-16
36 25 1.75 0.52083333333333326 0.0676386177953852 0.067589079624270298 -3.0885383706961354e-16 0.0025882296679871812
36 26 1.75 0.54166666666666663 0.066971883597037735 0.066810759248932677 -1.8714722581356682e-16 0.0046428053067439261
36 27 1.75 0.5625 0.066551254033182031 0.0662682445225862 -2.673227807988442e-16 0.0061310016542039884
36 28 1.75 0.58333333333333326 0.066553884347530567 0.06616212795718826 -2.2695366939151988e-16 0.007210571816515042
36 29 1.75 0.60416666666666663 0.066571043005545269 0.065998879796907883 -2.5713095738371764e-16 0.0087092842644767264
36 30 1.75 0.625 0.065491059430698398 0.064277125206104888 -2.7624374258701042e-16 0.012551097186859194
36 31 1.75 0.64583333333333326 0.062990443103651941 0.059694511678627001 -2.154747429494542e-16 0.020108734367052499
36 32 1.75 0.66666666666666663 0.061147311739520753 0.052592307532243691 -3.169061570810667e-16 0.031193635911897732
36 33 1.75 0.6875 0.061660076528796813 0.042455046000907652 -2.3961452030796828e-16 0.044716150400027674
36 34 1.75 0.70833333333333326 0.066542895535135815 0.029208422444065747 -3.0137843699381923e-16 0.0597898403119543
36 35 1.75 0.72916666666666663 0.076710261382880507 0.01438074288012264 -1.5278083494370949e-16 0.075350238457788904
36 36 1.75 0.75 0.089927703080040736 -0.00090253774831971004 -1.6773428437108918e-16 0.089923173914541216
36 37 1.75 0.77083333333333326 0.10381321718647182 -0.016399920447868442 -7.276073613905215e-17 0.10250964184850689
36 38 1.75 0.79166666666666663 0.11653593490593987 -0.032607946687114607 -9.0340868780453183e-17 0.11188094537163934
36 39 1.75 0.8125 0.12709238046776902 -0.049791903708189006 -8.1805301408676216e-17 0.11693262803032604
36 40 1.75 0.83333333333333326 0.1350970228972834 -0.067947178328258168 1.010088333525908e-17 0.11676637595188522
36 41 1.75 0.85416666666666663 0.14099896560398759 -0.08667003054794338 2.1532050325913029e-17 0.11121606946036637
36 42 1.75 0.875 0.14576192183217984 -0.10463233918820058 9.1086840121756348e-17 0.1014820745364217
36 43 1.75 0.89583333333333326 0.14893824566635003 -0.11964808409683804 1.8442171844534484e-16 0.088695755220450131
36 44 1.75 0.91666666666666663 0.15031779249292793 -0.13099885646934584 2.1773865119565797e-16 0.073720677856831077
36 45 1.75 0.9375 0.15135041174212316 -0.14015279275819797 2.8911576455848823e-16 0.057132668558258493
36 46 1.75 0.95833333333333326 0.15348210426366779 -0.14839191703304419 2.9809595589986339e-16 0.039199429695615677
36 47 1.75 0.97916666666666663 0.15631106293110872 -0.15501364943732587 2.9124937361667902e-16 0.020097683517631304
36 48 1.75 1 0.1576940379031494 -0.1576940379031494 3.1912172686622001e-16 0
37 0 1.7708333333333333 0 0.13413005454489726 -0.13413005454489726 3.3677649529752388e-16 0
37 1 1.7708333333333333 0.020833333333333332 0.1339641151588036 -0.13195233975759743 3.0127634221343672e-16 -0.023129292742683848
37 2 1.7708333333333333 0.041666666666666664 0.13456175107453869 -0.12660855033999627 3.3312453563223173e-16 -0.045575649562576107
37 3 1.7708333333333333 0.0625 0.13761931230930607 -0.12019033805180157 2.4195970774730912e-16 -0.067032512704507677
37 4 1.7708333333333333 0.083333333333333329 0.14280404615211159 -0.11308320023382623 2.529741826118681e-16 -0.087207714236131564
37 5 1.7708333333333333 0.10416666666666666 0.14797569698235344 -0.10392018340662489 1.892190842607925e-16 -0.10534420903944713
37 6 1.7708333333333333 0.125 0.15186130013285851 -0.0913579089313339 8.3201647486151103e-17 -0.12130781901318742
37 7 1.7708333333333333 0.14583333333333331 0.15464101820150575 -0.076137798877891433 4.9327772161291883e-17 -0.13459896022045709
37 8 1.7708333333333333 0.16666666666666666 0.15594573758791055 -0.060584933794950335 -6.9316248097839428e-17 -0.14369599461675661
37 9 1.7708333333333333 0.1875 0.15405626691949098 -0.046390267355126157 -1.0096918629601311e-16 -0.14690567202082214
37 10 1.7708333333333333 0.20833333333333331 0.14751017231152244 -0.033417327418573999 -2.1263730438499031e-16 -0.14367509583631696
37 11 1.7708333333333333 0.22916666666666666 0.13637636300716954 -0.020856773684913073 -1.7960733664349268e-16 -0.13477205711318499
37 12 1.7708333333333333 0.25 0.12158205411265378 -0.0082729859797350102 -3.0055436849105416e-16 -0.12130026209877447
37 13 1.7708333333333333 0.27083333333333331 0.10545825572254114 0.0048724498032589394 -3.1895009556845186e-16 -0.10534563556671725
37 14 1.7708333333333333 0.29166666666666663 0.090645852594737009 0.018452339463181516 -3.5183073548741413e-16 -0.088747854965414819
37 15 1.7708333333333333 0.3125 0.079232883315529148 0.031425200929871513 -3.3291111165046619e-16 -0.07273449350211672
37 16 1.7708333333333333 0.33333333333333331 0.071380620559586355 0.042036840174563467 -3.4715640450448349e-16 -0.057689661635425195
37 17 1.7708333333333333 0.35416666666666663 0.066405677697486301 0.050100871782862398 -3.3158661863237812e-16 -0.043584592197927152
37 18 1.7708333333333333 0.375 0.064276670741370431 0.05602867785384992 -3.9334952111043035e-16 -0.031500439037322234
37 19 1.7708333333333333 0.39583333333333331 0.063534696196437784 0.059395168631290324 -3.7543905681096803e-16 -0.022558181753728108
37 20 1.7708333333333333 0.41666666666666663 0.063135521167418815 0.061038364882247897 -3.913691762204076e-16 -0.016137287429526536
37 21 1.7708333333333333 0.4375 0.062930194314685356 0.062027302567503127 -3.4302865239013512e-16 -0.01062182153321533
37 22 1.7708333333333333 0.45833333333333331 0.062928683611124345 0.062636877774666685 -3.8612847817708597e-16 -0.006053161460795169
37 23 1.7708333333333333 0.47916666666666663 0.0629620097499103 0.06290232681355945 -3.4341134340630942e-16 -0.002740794262245677
37 24 1.7708333333333333 0.5 0.062969112360323057 0.062969112360323057 -4.6230215192122157e-16 -2.9039627913568839e-17
37 25 1.7708333333333333 0.52083333333333326 0.062962009749909967 0.062902326813559117 -3.3353334033340349e-16 0.0027407942622459242
37 26 1.7708333333333333 0.54166666666666663 0.062928683611124123 0.062636877774666436 -4.1166897202865263e-16 0.0060531614607954361
37 27 1.7708333333333333 0.5625 0.062930194314685037 0.062027302567502829 -3.3991479935864268e-16 0.010621821533215217
37 28 1.7708333333333333 0.58333333333333326 0.063135521167419204 0.061038364882248307 -3.6386500385707549e-16 0.016137287429526508
37 29 1.7708333333333333 0.60416666666666663 0.063534696196437812 0.059395168631290345 -3.1407485576162628e-16 0.022558181753728125
37 30 1.7708333333333333 0.625 0.064276670741370376 0.056028677853849795 -3.9030495214234614e-16 0.031500439037322317
37 31 1.7708333333333333 0.64583333333333326 0.066405677697486218 0.050100871782862176 -3.2617374056292207e-16 0.043584592197927284
37 32 1.7708333333333333 0.66666666666666663 0.071380620559586189 0.042036840174563384 -3.4872602433057675e-16 0.057689661635425035
37 33 1.7708333333333333 0.6875 0.079232883315528885 0.031425200929871541 -2.4451676878792263e-16 0.072734493502116429
37 34 1.7708333333333333 0.70833333333333326 0.090645852594737009 0.018452339463181738 -2.4435408027721151e-16 0.088747854965414777
37 35 1.7708333333333333 0.72916666666666663 0.10545825572254115 0.0048724498032591823 -2.5180893652710271e-16 0.10534563556671725
37 36 1.7708333333333333 0.75 0.12158205411265363 -0.0082729859797348992 -2.0280971261261508e-16 0.12130026209877431
37 37 1.7708333333333333 0.77083333333333326 0.13637636300716952 -0.020856773684912663 -1.3484261568367366e-16 0.13477205711318502
37 38 1.7708333333333333 0.79166666666666663 0.14751017231152264 -0.033417327418574054 -1.4132451220698925e-16 0.14367509583631716
37 39 1.7708333333333333 0.8125 0.15405626691949065 -0.046390267355126351 -2.792091332009864e-17 0.14690567202082175
37 40 1.7708333333333333 0.83333333333333326 0.15594573758791086 -0.060584933794950252 -6.7113350724447582e-18 0.14369599461675697
37 41 1.7708333333333333 0.85416666666666663 0.15464101820150594 -0.07613779887789153 7.3881040940011402e-17 0.13459896022045725
37 42 1.7708333333333333 0.875 0.15186130013285848 -0.091357908931333831 9.1844835144044544e-17 0.12130781901318741
37 43 1.7708333333333333 0.89583333333333326 0.14797569698235388 -0.10392018340662514 2.1856734958038946e-16 0.1053442090394475
37 44 1.7708333333333333 0.91666666666666663 0.14280404615211154 -0.11308320023382602 2.3958645382365231e-16 0.087207714236131717
37 45 1.7708333333333333 0.9375 0.13761931230930619 -0.12019033805180172 2.6746029194739042e-16 0.067032512704507649
37 46 1.7708333333333333 0.95833333333333326 0.13456175107453877 -0.12660855033999635 2.6209679922122665e-16 0.045575649562576148
37 47 1.7708333333333333 0.97916666666666663 0.13396411515880344 -0.13195233975759726 3.1348388656545577e-16 0.023129292742683771
37 48 1.7708333333333333 1 0.13413005454489776 -0.13413005454489776 2.5602839265838122e-16 0
38 0 1.7916666666666665 0 0.092837294157350592 -0.092837294157350592 1.753202936029868e-16 0
38 1 1.7916666666666665 0.020833333333333332 0.0937845341770914 -0.091730188628643489 2.0311449552587947e-16 -0.019522073275333979
38 2 1.7916666666666665 0.041666666666666664 0.097259974243865663 -0.089149175633585931 2.0114497262763157e-16 -0.038883506449000481
38 3 1.7916666666666665 0.0625 0.103857202804754 -0.086187816736854272 1.3880775578642166e-16 -0.057948070033110012
38 4 1.7916666666666665 0.083333333333333329 0.11275712027559909 -0.082927537549935648 1.4639257649247795e-16 -0.076401516272584097
38 5 1.7916666666666665 0.10416666666666666 0.12247357229290066 -0.078747794876537464 7.2638069696981416e-17 -0.093800643453374813
38 6 1.7916666666666665 0.125 0.13170467484998483 -0.072558627561038286 1.0136622523268863e-16 -0.10991527165866791
38 7 1.7916666666666665 0.14583333333333331 0.13968196947429395 -0.064002292848437364 2.3418529176950279e-17 -0.12415618835305976
38 8 1.7916666666666665 0.16666666666666666 0.14563871000593948 -0.054487087696834302 -7.3200096877242688e-17 -0.13506217503991125
38 9 1.7916666666666665 0.1875 0.14791049373292023 -0.045472361761156002 -1.2290665814142847e-16 -0.14074721479368177
38 10 1.7916666666666665 0.20833333333333331 0.14493812391581373 -0.037282320662680016 -1.9784094747213822e-16 -0.14006101645440419
38 11 1.7916666666666665 0.22916666666666666 0.13670016686390499 -0.029181480702025694 -1.7900572813505712e-16 -0.13354915501288944
38 12 1.7916666666666665 0.25 0.12447367272283773 -0.020880479938813572 -2.823774109789992e-16 -0.12270982339909434
38 13 1.7916666666666665 0.27083333333333331 0.11051793851389335 -0.012172848246679283 -2.1312051718766079e-16 -0.10984551196532351
38 14 1.7916666666666665 0.29166666666666663 0.096287995869881515 -0.0018433620793790902 -3.3915813575545759e-16 -0.096270349354734483
38 15 1.7916666666666665 0.3125 0.08311697636656247 0.0099248629920308477 -3.7456696689559173e-16 -0.08252229307835017
38 16 1.7916666666666665 0.33333333333333331 0.072151354081256114 0.021396310810404284 -3.114108342589e-16 -0.068905847208080753
38 17 1.7916666666666665 0.35416666666666663 0.063669570510285711 0.031201698391301973 -4.1264352436949295e-16 -0.055500164202121678
38 18 1.7916666666666665 0.375 0.058227629670742374 0.038934699841040678 -3.9345145467248674e-16 -0.04329602759331605
38 19 1.7916666666666665 0.39583333333333331 0.055622546507644886 0.044424342818664253 -4.5056024730185118e-16 -0.03347156173716595
38 20 1.7916666666666665 0.41666666666666663 0.054682939740547387 0.048057698980427305 -3.6602468980542122e-16 -0.026089872889206889
38 21 1.7916666666666665 0.4375 0.054090755286688039 0.050504496273442168 -3.8654060525013266e-16 -0.019367644762599209
38 22 1.7916666666666665 0.45833333333333331 0.053530905088675994 0.051991212993607136 -3.7391176058407293e-16 -0.012746433660683853
38 23 1.7916666666666665 0.47916666666666663 0.052862013809713802 0.052465227843077826 -3.715329783259461e-16 -0.0064647019569585781
38 24 1.7916666666666665 0.5 0.052407861343731946 0.052407861343731946 -4.3142556550958482e-16 1.7751708145629406e-16
38 25 1.7916666666666665 0.52083333333333326 0.052862013809713726 0.052465227843077722 -3.1969469167973722e-16 0.0064647019569588253
38 26 1.7916666666666665 0.54166666666666663 0.053530905088676306 0.051991212993607483 -4.1239993047167253e-16 0.012746433660683747
38 27 1.7916666666666665 0.5625 0.054090755286687831 0.050504496273442105 -3.5480447842007298e-16 0.01936764476259879
38 28 1.7916666666666665 0.58333333333333326 0.054682939740547158 0.048057698980427048 -4.2860476743803121e-16 0.026089872889206892
38 29 1.7916666666666665 0.60416666666666663 0.055622546507645081 0.044424342818664364 -3.0568497091194511e-16 0.033471561737166131
38 30 1.7916666666666665 0.625 0.058227629670742687 0.038934699841041025 -3.8920371926067962e-16 0.043296027593316154
38 31 1.7916666666666665 0.64583333333333326 0.063669570510285628 0.031201698391302143 -3.2719967311419135e-16 0.055500164202121484
38 32 1.7916666666666665 0.66666666666666663 0.072151354081256086 0.021396310810404478 -3.9155291514157079e-16 0.06890584720808067
38 33 1.7916666666666665 0.6875 0.083116976366562317 0.0099248629920307765 -3.0485757243885547e-16 0.082522293078350031
38 34 1.7916666666666665 0.70833333333333326 0.096287995869881432 -0.0018433620793787222 -3.6821247407765783e-16 0.096270349354734414
38 35 1.7916666666666665 0.72916666666666663 0.11051793851389342 -0.012172848246679479 -2.3582821102863503e-16 0.10984551196532355
38 36 1.7916666666666665 0.75 0.12447367272283794 -0.020880479938813833 -2.4459945461748778e-16 0.12270982339909452
38 37 1.7916666666666665 0.77083333333333326 0.13670016686390507 -0.029181480702025493 -2.0216501551181157e-16 0.13354915501288955
38 38 1.7916666666666665 0.79166666666666663 0.14493812391581387 -0.037282320662679815 -1.9915504774490088e-16 0.14006101645440439
38 39 1.7916666666666665 0.8125 0.14791049373292026 -0.04547236176115578 -1.2228146028699982e-16 0.14074721479368188
38 40 1.7916666666666665 0.83333333333333326 0.14563871000593975 -0.054487087696834219 -8.8607445499277687e-17 0.13506217503991158
38 41 1.7916666666666665 0.85416666666666663 0.13968196947429395 -0.064002292848437087 -9.2419187988259832e-18 0.1241561883530599
38 42 1.7916666666666665 0.875 0.13170467484998494 -0.072558627561038286 6.0188334508246756e-17 0.109915271658668
38 43 1.7916666666666665 0.89583333333333326 0.12247357229290058 -0.078747794876537519 8.999906859282902e-17 0.093800643453374646
38 44 1.7916666666666665 0.91666666666666663 0.1127571202755993 -0.082927537549935884 2.0780978963639905e-16 0.076401516272584138
38 45 1.7916666666666665 0.9375 0.10385720280475408 -0.086187816736854481 1.889891832972899e-16 0.057948070033109866
38 46 1.7916666666666665 0.95833333333333326 0.097259974243865663 -0.089149175633586014 2.2919261289800134e-16 0.038883506449000273
38 47 1.7916666666666665 0.97916666666666663 0.093784534177091511 -0.091730188628643655 2.4816802855290419e-16 0.019522073275333778
38 48 1.7916666666666665 1 0.092837294157350911 -0.092837294157350911 2.1269315441930436e-16 0
39 0 1.8125 0 0.078480924699003488 -0.078480924699003488 1.6877993093399903e-16 0
39 1 1.8125 0.020833333333333332 0.078164009313674107 -0.076957840166457417 1.4780178187960353e-16 -0.013678566770759511
39 2 1.8125 0.041666666666666664 0.078228087254237105 -0.073204651933602233 1.8055243890083144e-16 -0.027581018304926305
39 3 1.8125 0.0625 0.080296960642202528 -0.068452744030581311 1.1989362041916373e-16 -0.041974083945443483
39 4 1.8125 0.083333333333333329 0.085533265477392512 -0.063417712200686024 7.5351935630494691e-17 -0.057394540528320839
39 5 1.8125 0.10416666666666666 0.093802126183402904 -0.058282615079565531 3.2592252006792019e-17 -0.073498133690687958
39 6 1.8125 0.125 0.10315868082359522 -0.052518527769109848 3.3287021960479953e-18 -0.088789175411362123
39 7 1.8125 0.14583333333333331 0.11150147352632658 -0.045649644779008153 -8.4967706662777925e-17 -0.10172850401973127
39 8 1.8125 0.16666666666666666 0.11832582488331141 -0.038681716150254203 -7.4313579756835144e-17 -0.11182453071659743
39 9 1.8125 0.1875 0.12403388446178545 -0.033447753548731904 -1.8922604297619105e-16 -0.11943890604498535
39 10 1.8125 0.20833333333333331 0.12703877981145278 -0.02989098862346809 -2.3171276028303976e-16 -0.12347218462104931
39 11 1.8125 0.22916666666666666 0.12527468894577207 -0.026342349793080058 -3.1189457700928196e-16 -0.1224737861660158
39 12 1.8125 0.25 0.11875271009160386 -0.0220468855654814 -3.5419447281294248e-16 -0.11668822130345068
39 13 1.8125 0.27083333333333331 0.10917067303751396 -0.016722777942129011 -2.9583946033012166e-16 -0.10788227171023987
39 14 1.8125 0.29166666666666663 0.098133941865915397 -0.0094675072162150268 -4.2033114061864085e-16 -0.097676183654224424
39 15 1.8125 0.3125 0.086469253842894778 -5.7255278649157655e-05 -4.1865561768610213e-16 -0.086469234887213156
39 16 1.8125 0.33333333333333331 0.075249431734182554 0.0100177647322411 -4.4343175554702146e-16 -0.074579631040163144
39 17 1.8125 0.35416666666666663 0.065530228287731557 0.018664537515924447 -4.4157937184777304e-16 -0.062815968182929907
39 18 1.8125 0.375 0.057264610567284005 0.025567688918766728 -3.6020789600288037e-16 -0.051239915171435127
39 19 1.8125 0.39583333333333331 0.050815559453605691 0.031462035602605215 -4.3564087430084432e-16 -0.039904403244796639
39 20 1.8125 0.41666666666666663 0.047041067742349521 0.036243921637911611 -3.5634433091192937e-16 -0.029987333970282172
39 21 1.8125 0.4375 0.04534252889883033 0.039921072206126076 -4.2762324844361406e-16 -0.021500067926742274
39 22 1.8125 0.45833333333333331 0.044975762097115006 0.042770061188281153 -3.733686220320127e-16 -0.01391190289525387
39 23 1.8125 0.47916666666666663 0.044536624493693069 0.043994433290232948 -3.6713258962184694e-16 -0.0069282581334318225
39 24 1.8125 0.5 0.043988474531225764 0.043988474531225764 -4.1484208335351266e-16 4.1851765872794905e-17
39 25 1.8125 0.52083333333333326 0.044536624493693104 0.043994433290232997 -4.0511340105117951e-16 0.0069282581334317679
39 26 1.8125 0.54166666666666663 0.044975762097115041 0.042770061188281187 -3.6076411267462883e-16 0.01391190289525387
39 27 1.8125 0.5625 0.045342528898830191 0.039921072206125875 -3.9879484143499275e-16 0.021500067926742358
39 28 1.8125 0.58333333333333326 0.047041067742349681 0.036243921637911729 -3.8808317181456996e-16 0.029987333970282276
39 29 1.8125 0.60416666666666663 0.050815559453605788 0.031462035602605243 -4.2356798299814053e-16 0.039904403244796743
39 30 1.8125 0.625 0.05726461056728404 0.025567688918766752 -4.1933859228398314e-16 0.051239915171435155
39 31 1.8125 0.64583333333333326 0.065530228287731307 0.018664537515924295 -3.8905110238913327e-16 0.062815968182929685
39 32 1.8125 0.66666666666666663 0.075249431734182429 0.010017764732241344 -4.1081118174625874e-16 0.074579631040162991
39 33 1.8125 0.6875 0.086469253842894958 -5.725527864883646e-05 -3.7941771711473944e-16 0.086469234887213337
39 34 1.8125 0.70833333333333326 0.098133941865915716 -0.0094675072162151343 -3.3840796179148121e-16 0.09767618365422473
39 35 1.8125 0.72916666666666663 0.10917067303751385 -0.016722777942128866 -3.2570871442869289e-16 0.10788227171023979
39 36 1.8125 0.75 0.11875271009160361 -0.0220468855654814 -2.7625894811529294e-16 0.11668822130345043
39 37 1.8125 0.77083333333333326 0.12527468894577209 -0.026342349793080005 -2.1560983709137998e-16 0.12247378616601584
39 38 1.8125 0.79166666666666663 0.12703877981145292 -0.029890988623468295 -1.9592979490609824e-16 0.12347218462104939
39 39 1.8125 0.8125 0.12403388446178548 -0.033447753548731841 -1.4896080389388104e-16 0.11943890604498539
39 40 1.8125 0.83333333333333326 0.11832582488331127 -0.038681716150254404 -1.0865882549401503e-16 0.1118245307165972
39 41 1.8125 0.85416666666666663 0.11150147352632662 -0.045649644779008215 -1.1677063229356418e-16 0.10172850401973128
39 42 1.8125 0.875 0.10315868082359525 -0.052518527769109834 4.1794893008230922e-19 0.088789175411362151
39 43 1.8125 0.89583333333333326 0.093802126183402876 -0.058282615079565746 2.8611746166213898e-17 0.07349813369068775
39 44 1.8125 0.91666666666666663 0.085533265477392359 -0.063417712200685955 6.5875208225348343e-17 0.057394540528320687
39 45 1.8125 0.9375 0.080296960642202458 -0.068452744030581381 8.2914284602740636e-17 0.041974083945443226
39 46 1.8125 0.95833333333333326 0.078228087254237064 -0.073204651933602288 1.6183559490736984e-16 0.027581018304926066
39 47 1.8125 0.97916666666666663 0.078164009313673899 -0.07695784016645725 1.5831955683286404e-16 0.013678566770759269
39 48 1.8125 1 0.078480924699003571 -0.078480924699003571 2.1453835867691885e-16 0
40 0 1.8333333333333333 0 0.045979145521674834 -0.045979145521674834 9.8634755576681561e-18 0
40 1 1.8333333333333333 0.020833333333333332 0.045413661674815677 -0.045339880716737779 -1.0258098312106702e-17 -0.0025876404902172847
40 2 1.8333333333333333 0.041666666666666664 0.043847695293058223 -0.043295100654816281 -6.2278553623527931e-18 -0.006939354566687519
40 3 1.8333333333333333 0.0625 0.042617335661091965 -0.040356616335058285 -5.7368626512201732e-17 -0.013696014633282471
40 4 1.8333333333333333 0.083333333333333329 0.043992358341700302 -0.037494668331114367 -4.4028629528628841e-17 -0.023010376772323773
40 5 1.8333333333333333 0.10416666666666666 0.049489950385650149 -0.035484630132173706 -8.9030003104968086e-17 -0.034497771138972774
40 6 1.8333333333333333 0.125 0.0581170368833814 -0.034484338121957343 -4.2395713265931009e-17 -0.046780555793992373
40 7 1.8333333333333333 0.14583333333333331 0.067012498981546223 -0.033774098124913686 -6.3660809660233058e-17 -0.057879057659920789
40 8 1.8333333333333333 0.16666666666666666 0.075186402831823443 -0.033468545926028735 -4.2991171976433179e-17 -0.067326455456874698
40 9 1.8333333333333333 0.1875 0.08324403059532616 -0.034231892291500678 -4.6237901168739964e-17 -0.075879814047602245
40 10 1.8333333333333333 0.20833333333333331 0.090148994198535934 -0.035390776882929027 -1.4718789325035773e-16 -0.082911603932323025
40 11 1.8333333333333333 0.22916666666666666 0.09385894109882989 -0.035164312184855856 -7.9255719391644101e-17 -0.087022824435659507
40 12 1.8333333333333333 0.25 0.093385798972395906 -0.032828577329016034 -1.72377467857489e-16 -0.087425350787203343
40 13 1.8333333333333333 0.27083333333333331 0.09028986231563127 -0.029412323931799839 -7.7138161468243009e-17 -0.085364948532208038
40 14 1.8333333333333333 0.29166666666666663 0.086350069790504622 -0.024739665979022017 -1.9890415844618965e-16 -0.082730184818308239
40 15 1.8333333333333333 0.3125 0.081088058711207875 -0.01748468906019679 -2.1367825483668193e-16 -0.079180546310445035
40 16 1.8333333333333333 0.33333333333333331 0.074537436098118276 -0.0084360435238496762 -2.6140493344590277e-16 -0.074058507612189836
40 17 1.8333333333333333 0.35416666666666663 0.067760530154657578 0.00038229946383554084 -2.7394898709475143e-16 -0.067759451694654443
40 18 1.8333333333333333 0.375 0.06055842650590456 0.0081892833603079487 -2.2386049736212547e-16 -0.060002155452247109
40 19 1.8333333333333333 0.39583333333333331 0.052885723800989978 0.015311474938493823 -1.6237234249181114e-16 -0.050620732088369418
40 20 1.8333333333333333 0.41666666666666663 0.045828834223303173 0.021138958046513442 -2.7484758193863855e-16 -0.040662347435616024
40 21 1.8333333333333333 0.4375 0.039834753310883292 0.025058346981048907 -1.6147919120389839e-16 -0.030965897660430973
40 22 1.8333333333333333 0.45833333333333331 0.035103614780614321 0.027816927282028971 -2.7957338201813211e-16 -0.021412200429943594
40 23 1.8333333333333333 0.47916666666666663 0.031032173813980598 0.02895596810412859 -2.0309597998761039e-16 -0.011160095105947392
40 24 1.8333333333333333 0.5 0.028930168786153704 0.028930168786153704 -2.3205804310958001e-16 3.8876230674216875e-17
40 25 1.8333333333333333 0.52083333333333326 0.031032173813980529 0.028955968104128475 -2.4771525887039494e-16 0.011160095105947494
40 26 1.8333333333333333 0.54166666666666663 0.035103614780614537 0.027816927282029027 -2.7231335836321895e-16 0.021412200429943871
40 27 1.8333333333333333 0.5625 0.039834753310883236 0.025058346981048828 -2.3339872060562438e-16 0.030965897660430973
40 28 1.8333333333333333 0.58333333333333326 0.045828834223303139 0.021138958046513168 -2.7530088041787495e-16 0.040662347435616128
40 29 1.8333333333333333 0.60416666666666663 0.052885723800989472 0.015311474938493738 -1.9863458677903105e-16 0.050620732088368918
40 30 1.8333333333333333 0.625 0.060558426505904518 0.0081892833603080632 -2.710530334862718e-16 0.060002155452247047
40 31 1.8333333333333333 0.64583333333333326 0.067760530154657647 0.00038229946383579942 -2.0083318140377172e-16 0.067759451694654513
40 32 1.8333333333333333 0.66666666666666663 0.074537436098118165 -0.0084360435238496571 -2.8322818559975354e-16 0.074058507612189725
40 33 1.8333333333333333 0.6875 0.081088058711208083 -0.017484689060196967 -1.6952462416958308e-16 0.079180546310445202
40 34 1.8333333333333333 0.70833333333333326 0.086350069790504677 -0.024739665979022142 -1.8806463476386782e-16 0.082730184818308267
40 35 1.8333333333333333 0.72916666666666663 0.090289862315631325 -0.029412323931799517 -1.4088702560169535e-16 0.085364948532208204
40 36 1.8333333333333333 0.75 0.093385798972396114 -0.032828577329016118 -2.0558099287864322e-16 0.087425350787203523
40 37 1.8333333333333333 0.77083333333333326 0.093858941098829668 -0.035164312184855911 -8.7243190339119563e-17 0.087022824435659243
40 38 1.8333333333333333 0.79166666666666663 0.090148994198535948 -0.035390776882929 -2.1707312106098121e-16 0.082911603932323039
40 39 1.8333333333333333 0.8125 0.083244030595326091 -0.03423189229150092 -6.201386525538757e-17 0.075879814047602051
40 40 1.8333333333333333 0.83333333333333326 0.07518640283182336 -0.033468545926028652 -1.1573835329830102e-16 0.067326455456874656
40 41 1.8333333333333333 0.85416666666666663 0.067012498981546278 -0.033774098124913672 -1.6654336668866919e-17 0.057879057659920859
40 42 1.8333333333333333 0.875 0.058117036883381289 -0.034484338121957551 -3.6490596181340677e-17 0.046780555793992082
40 43 1.8333333333333333 0.89583333333333326 0.049489950385650121 -0.035484630132173768 1.5555316498101176e-17 0.034497771138972677
40 44 1.8333333333333333 0.91666666666666663 0.043992358341700601 -0.037494668331114721 6.1541063609030237e-19 0.023010376772323766
40 45 1.8333333333333333 0.9375 0.042617335661091875 -0.040356616335058181 6.1303897191946507e-17 0.013696014633282502
40 46 1.8333333333333333 0.95833333333333326 0.043847695293058375 -0.043295100654816433 5.000481907035186e-17 0.0069393545666875268
40 47 1.8333333333333333 0.97916666666666663 0.045413661674815711 -0.045339880716737814 7.9998310962494061e-17 0.0025876404902171767
40 48 1.8333333333333333 1 0.045979145521675042 -0.045979145521675042 5.8112289016406812e-17 0
41 0 1.8541666666666665 0 0.045901240132188 -0.045901240132188 -1.1086004796006697e-17 0
41 1 1.8541666666666665 0.020833333333333332 0.045232571489909175 -0.045028621258412879 -1.7125583445057223e-17 0.0042905467199591046
41 2 1.8541666666666665 0.041666666666666664 0.042254744940602051 -0.041725317176477067 1.3177838366379694e-18 0.006667936451236073
41 3 1.8541666666666665 0.0625 0.035930489606499645 -0.0354179253094715 -4.3125506845334602e-17 0.0060473672069320536
41 4 1.8541666666666665 0.083333333333333329 0.027660354224915768 -0.027611735881605693 -2.4083014978461097e-17 0.0016392795528110107
41 5 1.8541666666666665 0.10416666666666666 0.022023522156243504 -0.021131728448560282 -6.8810882147990152e-17 -0.0062036747934475639
41 6 1.8541666666666665 0.125 0.023292624919712446 -0.017568997890976646 -5.9625599836595535e-17 -0.015293027455584697
41 7 1.8541666666666665 0.14583333333333331 0.028515384700516681 -0.016492584314267204 -5.4678408253376375e-17 -0.023262025433208697
41 8 1.8541666666666665 0.16666666666666666 0.03387302659171057 -0.016900316300336192 -1.4200744332692998e-17 -0.029355770121584655
41 9 1.8541666666666665 0.1875 0.039493028580485694 -0.018466137035501616 -4.1541512586297616e-17 -0.034909899590877307
41 10 1.8541666666666665 0.20833333333333331 0.046226996127613912 -0.021151428846700963 2.2740833393300656e-18 -0.041104163155638848
41 11 1.8541666666666665 0.22916666666666666 0.053209930610078164 -0.023580767744454837 -8.7673687619083501e-17 -0.047699518950524142
41 12 1.8541666666666665 0.25 0.059197566302915283 -0.02445938050958334 -4.043453175939007e-17 -0.053908167853076457
41 13 1.8541666666666665 0.27083333333333331 0.063374708255069329 -0.024195867349671708 -9.1616093379705436e-17 -0.058574001481990642
41 14 1.8541666666666665 0.29166666666666663 0.065636584605448467 -0.022924584902957432 -7.2984751207736641e-17 -0.061503045824538569
41 15 1.8541666666666665 0.3125 0.066018233089552833 -0.019645505060335511 -5.2822923119317796e-17 -0.063027464102491548
41 16 1.8541666666666665 0.33333333333333331 0.064557375230230196 -0.014438735743081133 -1.4024806039645597e-16 -0.062921996207671374
41 17 1.8541666666666665 0.35416666666666663 0.061605046991187892 -0.0084822687414815613 -5.8329841747834902e-17 -0.061018299974546594
41 18 1.8541666666666665 0.375 0.057099922181642719 -0.003205258692351822 -1.2547953244500225e-16 -0.057009888877849579
41 19 1.8541666666666665 0.39583333333333331 0.050614909533362368 0.0017338521672728235 -7.3466188330047244e-17 -0.050585203604735049
41 20 1.8541666666666665 0.41666666666666663 0.042575060008666489 0.0064322403429213802 -6.0609883946368603e-17 -0.042086363811957517
41 21 1.8541666666666665 0.4375 0.034255594925882239 0.010008071530721412 -8.6190335414443573e-17 -0.032761017810228249
41 22 1.8541666666666665 0.45833333333333331 0.026322661057464777 0.012913169715408694 -6.399188753990147e-17 -0.022937579058113881
41 23 1.8541666666666665 0.47916666666666663 0.019059485709416776 0.014924089752469288 -9.2595491727854307e-17 -0.011854768684698303
41 24 1.8541666666666665 0.5 0.015622574698243201 0.015622574698243201 -1.0833706247955683e-16 1.3187256822758768e-16
41 25 1.8541666666666665 0.52083333333333326 0.019059485709416804 0.014924089752469482 -9.0435611911746334e-17 0.011854768684698098
41 26 1.8541666666666665 0.54166666666666663 0.026322661057464666 0.012913169715408585 -1.3135619986348708e-16 0.022937579058113815
41 27 1.8541666666666665 0.5625 0.034255594925882489 0.010008071530721228 -1.198031588289877e-16 0.032761017810228568
41 28 1.8541666666666665 0.58333333333333326 0.042575060008666538 0.0064322403429215337 -1.503422373610357e-16 0.042086363811957545
41 29 1.8541666666666665 0.60416666666666663 0.05061490953336225 0.0017338521672724502 -1.3207930305946454e-16 0.050585203604734945
41 30 1.8541666666666665 0.625 0.057099922181642615 -0.0032052586923517574 -1.6240036174584061e-16 0.057009888877849482
41 31 1.8541666666666665 0.64583333333333326 0.061605046991188003 -0.008482268741481459 -1.3722685117276489e-16 0.061018299974546719
41 32 1.8541666666666665 0.66666666666666663 0.06455737523023046 -0.014438735743081001 -1.1416915264529873e-16 0.062921996207671679
41 33 1.8541666666666665 0.6875 0.066018233089552569 -0.019645505060335793 -1.3486927256251148e-16 0.063027464102491187
41 34 1.8541666666666665 0.70833333333333326 0.065636584605448328 -0.022924584902957536 -8.7020441360666475e-17 0.061503045824538374
41 35 1.8541666666666665 0.72916666666666663 0.063374708255069273 -0.024195867349671517 -5.561393942107893e-17 0.05857400148199067
41 36 1.8541666666666665 0.75 0.059197566302915249 -0.024459380509583337 -1.1007221124359013e-16 0.053908167853076422
41 37 1.8541666666666665 0.77083333333333326 0.053209930610078476 -0.023580767744454841 -7.8367114136838092e-17 0.047699518950524489
41 38 1.8541666666666665 0.79166666666666663 0.046226996127613995 -0.021151428846700765 -6.1179218604877704e-17 0.041104163155639042
41 39 1.8541666666666665 0.8125 0.039493028580485465 -0.018466137035501585 -5.2119777319501815e-17 0.034909899590877064
41 40 1.8541666666666665 0.83333333333333326 0.033873026591710355 -0.016900316300335949 -4.564021267899212e-17 0.029355770121584544
41 41 1.8541666666666665 0.85416666666666663 0.028515384700516386 -0.016492584314267287 -8.7382129018197092e-17 0.023262025433208273
41 42 1.8541666666666665 0.875 0.023292624919712592 -0.017568997890976604 -4.4840453922394904e-17 0.01529302745558497
41 43 1.8541666666666665 0.89583333333333326 0.022023522156243973 -0.021131728448560733 -6.8986717240676275e-17 0.0062036747934476827
41 44 1.8541666666666665 0.91666666666666663 0.027660354224915931 -0.027611735881605856 -7.1280121207361451e-17 -0.0016392795528110148
41 45 1.8541666666666665 0.9375 0.035930489606499784 -0.035417925309471639 -1.126873897953764e-16 -0.0060473672069320614
41 46 1.8541666666666665 0.95833333333333326 0.042254744940602225 -0.041725317176477213 -5.0906318276744367e-17 -0.0066679364512362361
41 47 1.8541666666666665 0.97916666666666663 0.045232571489909161 -0.045028621258412858 -7.1786776247871976e-18 -0.0042905467199591558
41 48 1.8541666666666665 1 0.045901240132187715 -0.045901240132187715 1.5385344939771979e-17 0
42 0 1.875 0 0.027526776144566927 -0.027526776144566927 -9.3075203174734403e-17 0
42 1 1.875 0.020833333333333332 0.029905187450028986 -0.027833194995961714 -1.2202603260918652e-16 0.010937709666019797
42 2 1.875 0.041666666666666664 0.033806997632351121 -0.027746735954189691 -6.6508376598400262e-17 0.019314029429465807
42 3 1.875 0.0625 0.034783257980004458 -0.025613919220301779 -4.5155899151643121e-17 0.023533001888399168
42 4 1.875 0.083333333333333329 0.031259719104164717 -0.021386332502092376 -8.2047624302373477e-17 0.02279900920174445
42 5 1.875 0.10416666666666666 0.024491341589517684 -0.01662693793839343 -2.3489307742120189e-18 0.017982512272962638
42 6 1.875 0.125 0.01774405608230167 -0.013599696481529533 -2.7433507340184173e-17 0.011397358547581986
42 7 1.875 0.14583333333333331 0.014290208144936076 -0.013226561236137951 -1.8850236222413233e-17 0.0054100024669393914
42 8 1.875 0.16666666666666666 0.015105727629771136 -0.01509776920991163 -2.1951715453794889e-17 0.00049027758369666859
42 9 1.875 0.1875 0.018902522529139151 -0.018274637277307233 6.5655350842166593e-17 -0.004831458407920537
42 10 1.875 0.20833333333333331 0.024490949338985719 -0.021580640233005377 1.5418685259095512e-17 -0.011579402690050753
42 11 1.875 0.22916666666666666 0.031322821097769425 -0.024200497767811302 3.8822894142945586e-17 -0.019886051124168157
42 12 1.875 0.25 0.038432541565189514 -0.024997929668595178 -8.6489887490405214e-18 -0.029191844125440045
42 13 1.875 0.27083333333333331 0.044762842186587957 -0.023794307761938478 5.2285717399537487e-17 -0.037914943739263719
42 14 1.875 0.29166666666666663 0.050331649494657724 -0.021740699543190148 6.6074279128561715e-17 -0.045394018595248983
42 15 1.875 0.3125 0.055306337488500792 -0.01887030404880646 4.2105807664826186e-17 -0.051987523421466682
42 16 1.875 0.33333333333333331 0.059156483929645294 -0.015164440094475259 1.1847782411408809e-17 -0.057179798421640601
42 17 1.875 0.35416666666666663 0.061125010338836272 -0.010799209588827794 -3.0867687956128429e-17 -0.060163476970496073
42 18 1.875 0.375 0.060232626750103622 -0.006707778659397025 -5.9579002899008625e-17 -0.059857957120785843
42 19 1.875 0.39583333333333331 0.05557846508419103 -0.0031520621981395158 -1.9308828166380406e-17 -0.055489010488687769
42 20 1.875 0.41666666666666663 0.047614104984854626 -0.00019481055472122058 -5.8771394548294609e-17 -0.047613706454722966
42 21 1.875 0.4375 0.037949776945639155 0.0017190438960466221 -8.498511759222831e-17 -0.037910822443033731
42 22 1.875 0.45833333333333331 0.027000526699904832 0.003060206620500874 -7.3952285084491619e-17 -0.026826546134605483
42 23 1.875 0.47916666666666663 0.014344526878970738 0.0040280007470592724 -1.44932147354911e-16 -0.013767376705937988
42 24 1.875 0.5 0.0044501364842535049 0.0044501364842535049 -6.5115673174289189e-17 -3.4777517528643039e-17
42 25 1.875 0.52083333333333326 0.014344526878970783 0.0040280007470591753 -1.1601974200248276e-16 0.013767376705938063
42 26 1.875 0.54166666666666663 0.027000526699904874 0.0030602066205010015 2.3564591566807778e-18 0.02682654613460551
42 27 1.875 0.5625 0.037949776945639196 0.0017190438960466609 -9.2875796461887852e-17 0.037910822443033773
42 28 1.875 0.58333333333333326 0.047614104984854654 -0.00019481055472103027 5.9620969244949996e-18 0.047613706454722994
42 29 1.875 0.60416666666666663 0.055578465084191314 -0.0031520621981393124 -2.961044068610409e-17 0.055489010488688068
42 30 1.875 0.625 0.060232626750103567 -0.0067077786593968524 -2.9181216539599599e-17 0.059857957120785801
42 31 1.875 0.64583333333333326 0.061125010338836293 -0.01079920958882763 -5.1136772320965737e-17 0.060163476970496121
42 32 1.875 0.66666666666666663 0.059156483929645169 -0.015164440094475365 -1.2724255411930812e-17 0.057179798421640449
42 33 1.875 0.6875 0.05530633748850055 -0.018870304048806248 -3.9831735627289903e-17 0.051987523421466494
42 34 1.875 0.70833333333333326 0.050331649494657522 -0.021740699543189961 -4.5666598473173253e-18 0.045394018595248851
42 35 1.875 0.72916666666666663 0.044762842186587999 -0.023794307761938461 2.4550064893201318e-17 0.037914943739263775
42 36 1.875 0.75 0.03843254156518941 -0.024997929668595223 -6.9596734764363549e-18 0.029191844125439868
42 37 1.875 0.77083333333333326 0.031322821097769529 -0.024200497767811448 -5.0792013026561791e-17 0.019886051124168143
42 38 1.875 0.79166666666666663 0.024490949338985719 -0.02158064023300537 -7.0453157896061757e-17 0.011579402690050769
42 39 1.875 0.8125 0.018902522529138925 -0.018274637277307038 2.7519929230276973e-17 0.0048314584079203861
42 40 1.875 0.83333333333333326 0.015105727629771174 -0.015097769209911667 1.3821059295917698e-17 -0.00049027758369672822
42 41 1.875 0.85416666666666663 0.014290208144935999 -0.013226561236137855 3.0712152073312333e-17 -0.0054100024669394208
42 42 1.875 0.875 0.017744056082301798 -0.013599696481529661 -6.3394972158036696e-17 -0.011397358547582032
42 43 1.875 0.89583333333333326 0.024491341589518049 -0.016626937938393802 2.0837229867836194e-17 -0.01798251227296279
42 44 1.875 0.91666666666666663 0.031259719104164758 -0.021386332502092417 -5.8128614006001681e-17 -0.022799009201744467
42 45 1.875 0.9375 0.034783257980004624 -0.025613919220301914 1.1875155484681917e-17 -0.023533001888399265
42 46 1.875 0.95833333333333326 0.033806997632351066 -0.027746735954189583 -5.3214547671122247e-17 -0.019314029429465876
42 47 1.875 0.97916666666666663 0.029905187450028917 -0.027833194995961676 -2.1449526151706875e-17 -0.010937709666019703
42 48 1.875 1 0.027526776144566768 -0.027526776144566768 -1.0025854211868449e-16 0
43 0 1.8958333333333333 0 0.027347792125037698 -0.027347792125037698 4.8778164253455188e-17 0
43 1 1.8958333333333333 0.020833333333333332 0.029642448631865399 -0.028014433184254974 3.3477755355438828e-17 0.0096884619139310478
43 2 1.8958333333333333 0.041666666666666664 0.033122965879303308 -0.02852568300265711 3.2518451567314675e-17 0.016834971870288651
43 3 1.8958333333333333 0.0625 0.033178424401791959 -0.026295355984145643 4.4687755262629048e-17 0.020232698768391726
43 4 1.8958333333333333 0.083333333333333329 0.029150569999396355 -0.020568554332875626 3.697376970050934e-18 0.020656483339263006
43 5 1.8958333333333333 0.10416666666666666 0.023269900097489915 -0.013173664131136083 2.4642121327161559e-17 0.01918183578042466
43 6 1.8958333333333333 0.125 0.018181824782149601 -0.0070293702083390336 4.5634867350899071e-17 0.016768026326401834
43 7 1.8958333333333333 0.14583333333333331 0.014747486534652667 -0.0041336815856653393 3.0519428891451991e-17 0.014156307274077269
43 8 1.8958333333333333 0.16666666666666666 0.012542182503523354 -0.0043888057839816131 1.2456480479206299e-16 0.01174924362425841
43 9 1.8958333333333333 0.1875 0.011349518050032504 -0.0060162406835241157 1.1453570519444878e-16 0.0096237418921084374
43 10 1.8958333333333333 0.20833333333333331 0.010215720615678062 -0.0078151095702653998 1.6973642323541911e-16 0.0065791344493281115
43 11 1.8958333333333333 0.22916666666666666 0.0094034759045101696 -0.0093351765710945368 1.4937370776983993e-16 0.0011312990202377992
43 12 1.8958333333333333 0.25 0.012302707702400885 -0.01009511156795901 1.6815138421622508e-16 -0.0070317379957713323
43 13 1.8958333333333333 0.27083333333333331 0.019194562293954293 -0.010046001698364922 1.526886017030935e-16 -0.016355704556299033
43 14 1.8958333333333333 0.29166666666666663 0.026574572018499897 -0.0097801372519607816 1.4458354366833631e-16 -0.024709447450302218
43 15 1.8958333333333333 0.3125 0.033405405643009353 -0.0096221992333401975 1.0026119268108331e-16 -0.031989598435865192
43 16 1.8958333333333333 0.33333333333333331 0.039426033337374371 -0.0094416691306465333 1.2255444073807572e-16 -0.038278805999497317
43 17 1.8958333333333333 0.35416666666666663 0.043417470889920838 -0.0088308175245610503 1.0378425091065675e-16 -0.042509921669241273
43 18 1.8958333333333333 0.375 0.044840186913531151 -0.0080723419174489903 1.2521779107598896e-16 -0.044107591845488528
43 19 1.8958333333333333 0.39583333333333331 0.043596252963882282 -0.0075396460841435 1.0065016456510208e-16 -0.042939341045440768
43 20 1.8958333333333333 0.41666666666666663 0.039383590972190081 -0.0072620172635843366 8.0915302673166591e-17 -0.038708272282913576
43 21 1.8958333333333333 0.4375 0.032764160870632421 -0.0071549802344132189 5.6718247952464615e-17 -0.031973371661459742
43 22 1.8958333333333333 0.45833333333333331 0.024312805452589056 -0.0071201685938668486 6.1244392641543989e-17 -0.023246842972118955
43 23 1.8958333333333333 0.47916666666666663 0.014059024531308865 -0.006846254607655174 8.992297324912821e-17 -0.0122794531074924
43 24 1.8958333333333333 0.5 0.0065237724378051963 -0.0065237724378051963 2.7320901096288962e-17 5.4635554520920037e-17
43 25 1.8958333333333333 0.52083333333333326 0.014059024531308839 -0.006846254607655259 1.0462707730607814e-16 0.012279453107492322
43 26 1.8958333333333333 0.54166666666666663 0.024312805452589022 -0.0071201685938668789 4.0574342759417728e-17 0.023246842972118906
43 27 1.8958333333333333 0.5625 0.032764160870632275 -0.0071549802344132536 1.8333876948681191e-17 0.031973371661459582
43 28 1.8958333333333333 0.58333333333333326 0.039383590972189936 -0.0072620172635840374 2.4669822141246323e-18 0.038708272282913479
43 29 1.8958333333333333 0.60416666666666663 0.043596252963882164 -0.0075396460841432667 8.103949325255355e-18 0.042939341045440692
43 30 1.8958333333333333 0.625 0.044840186913531213 -0.0080723419174491776 4.4988514346665529e-17 0.044107591845488556
43 31 1.8958333333333333 0.64583333333333326 0.043417470889921012 -0.0088308175245609861 1.0415657534868196e-16 0.042509921669241467
43 32 1.8958333333333333 0.66666666666666663 0.039426033337374274 -0.0094416691306466911 3.2771998597576491e-17 0.038278805999497179
43 33 1.8958333333333333 0.6875 0.033405405643009138 -0.0096221992333402079 7.8126638857203412e-17 0.031989598435864956
43 34 1.8958333333333333 0.70833333333333326 0.026574572018499897 -0.0097801372519606029 8.2974342174879621e-17 0.024709447450302287
43 35 1.8958333333333333 0.72916666666666663 0.019194562293954477 -0.010046001698364936 1.5346808948128062e-16 0.016355704556299241
43 36 1.8958333333333333 0.75 0.012302707702400967 -0.010095111567959112 1.538863056452733e-16 0.007031737995771328
43 37 1.8958333333333333 0.77083333333333326 0.0094034759045103257 -0.0093351765710946617 9.1441091425194335e-17 -0.0011312990202380609
43 38 1.8958333333333333 0.79166666666666663 0.010215720615677883 -0.0078151095702652315 1.3425333596658622e-16 -0.0065791344493280335
43 39 1.8958333333333333 0.8125 0.011349518050032497 -0.006016240683524153 1.0123613053731623e-16 -0.0096237418921084061
43 40 1.8958333333333333 0.83333333333333326 0.012542182503523508 -0.0043888057839816755 9.3986873828740283e-17 -0.011749243624258551
43 41 1.8958333333333333 0.85416666666666663 0.014747486534652509 -0.0041336815856654928 3.4417273683890336e-17 -0.01415630727407706
43 42 1.8958333333333333 0.875 0.018181824782149577 -0.007029370208339024 9.1826234749992987e-17 -0.016768026326401814
43 43 1.8958333333333333 0.89583333333333326 0.023269900097489932 -0.013173664131136239 1.9060973597663781e-18 -0.019181835780424577
43 44 1.8958333333333333 0.91666666666666663 0.029150569999396147 -0.020568554332875397 7.9789555398308103e-17 -0.02065648333926294
43 45 1.8958333333333333 0.9375 0.033178424401792105 -0.026295355984145775 1.2302609650785769e-17 -0.020232698768391795
43 46 1.8958333333333333 0.95833333333333326 0.03312296587930337 -0.028525683002657135 1.3284769567985881e-17 -0.016834971870288738
43 47 1.8958333333333333 0.97916666666666663 0.029642448631865395 -0.028014433184254971 7.6127684580691218e-17 -0.009688461913931053
43 48 1.8958333333333333 1 0.02734779212503775 -0.02734779212503775 -1.9752737453623198e-17 0
44 0 1.9166666666666665 0 0.026398260664954248 -0.026398260664954248 1.0287610097516482e-16 0
44 1 1.9166666666666665 0.020833333333333332 0.02807461544827574 -0.027003561162102417 8.2183452862611125e-17 0.0076806065602370768
44 2 1.9166666666666665 0.041666666666666664 0.031185996081805768 -0.027805767116248555 1.0487556932368906e-16 0.014121107134051325
44 3 1.9166666666666665 0.0625 0.032332993687150278 -0.027004912344979669 9.9082998150671989e-17 0.017780809599488558
44 4 1.9166666666666665 0.083333333333333329 0.029495273405313997 -0.023560957114185113 7.3822937912779701e-17 0.017744082199926629
44 5 1.9166666666666665 0.10416666666666666 0.023417467528271337 -0.017718543467516799 1.0150798659794266e-16 0.01531113982782994
44 6 1.9166666666666665 0.125 0.016721176333319678 -0.011384962044993278 5.7561961213486313e-17 0.012246647590423782
44 7 1.9166666666666665 0.14583333333333331 0.01144651983744184 -0.0066333676406202472 6.9860205452003299e-17 0.0093285181102531912
44 8 1.9166666666666665 0.16666666666666666 0.0077827253964632432 -0.0037305868806636736 5.3181964918273085e-17 0.006830339385606986
44 9 1.9166666666666665 0.1875 0.0044795380940194657 -0.0018992490751782026 4.6050994288163181e-17 0.0040569834219782424
44 10 1.9166666666666665 0.20833333333333331 0.00060913541101902775 -0.00058379691744280839 6.4860059497545915e-17 0.00017385944938827632
44 11 1.9166666666666665 0.22916666666666666 0.0054419285991529542 0.00031286555350725788 1.5960588037322474e-17 -0.0054329275739427481
44 12 1.9166666666666665 0.25 0.013161822638431049 0.0011447858073324435 7.5632218231473299e-17 -0.013111942671505481
44 13 1.9166666666666665 0.27083333333333331 0.02157237076089075 0.002789596754536498 9.1923912412777719e-18 -0.021391244241334199
44 14 1.9166666666666665 0.29166666666666663 0.028622719979520109 0.0047592438819019853 8.922150213233927e-17 -0.028224274954347331
44 15 1.9166666666666665 0.3125 0.033955876764601878 0.00555531784905898 9.0604781259445781e-17 -0.033498358324681468
44 16 1.9166666666666665 0.33333333333333331 0.037856613321467739 0.005537516055074701 6.4962145498281558e-17 -0.037449420397529763
44 17 1.9166666666666665 0.35416666666666663 0.039872179584635362 0.0051956929025622741 2.6580050714857404e-17 -0.039532208135793237
44 18 1.9166666666666665 0.375 0.039588947044574802 0.0044175607021972674 3.6288954557834801e-17 -0.039341706693286072
44 19 1.9166666666666665 0.39583333333333331 0.036777154133843866 0.0031057747934661421 -9.6975146977477853e-18 -0.03664578050904059
44 20 1.9166666666666665 0.41666666666666663 0.031617906176212338 0.0011675484953909594 5.0160230578191792e-17 -0.031596341900268721
44 21 1.9166666666666665 0.4375 0.024944951034935582 -0.00080871364524138167 -4.158117776352922e-18 -0.024931838367343355
44 22 1.9166666666666665 0.45833333333333331 0.017267481387702333 -0.0026126820966361321 8.5160798975201316e-17 -0.017068679085874325
44 23 1.9166666666666665 0.47916666666666663 0.0092263898838120459 -0.0037062361802246563 -3.7500324742431099e-17 -0.0084492652736497149
44 24 1.9166666666666665 0.5 0.0039299540044645514 -0.0039299540044645514 3.9687452485814968e-17 1.3762434252410854e-16
44 25 1.9166666666666665 0.52083333333333326 0.0092263898838120788 -0.0037062361802245422 -1.0520120928596052e-17 0.0084492652736498017
44 26 1.9166666666666665 0.54166666666666663 0.017267481387702382 -0.0026126820966360814 3.27889695267804e-17 0.01706867908587438
44 27 1.9166666666666665 0.5625 0.024944951034935374 -0.0008087136452413344 4.2158458829321452e-18 0.024931838367343147
44 28 1.9166666666666665 0.58333333333333326 0.031617906176212456 0.0011675484953905474 4.9551785384350417e-17 0.031596341900268853
44 29 1.9166666666666665 0.60416666666666663 0.03677715413384379 0.0031057747934662744 5.0911882213135451e-17 0.0366457805090405
44 30 1.9166666666666665 0.625 0.039588947044574843 0.0044175607021974166 1.4579811886122354e-17 0.039341706693286099
44 31 1.9166666666666665 0.64583333333333326 0.039872179584635514 0.0051956929025620381 3.1702864909876584e-17 0.039532208135793417
44 32 1.9166666666666665 0.66666666666666663 0.037856613321467718 0.0055375160550745432 -8.0595662547469379e-18 0.03744942039752977
44 33 1.9166666666666665 0.6875 0.03395587676460203 0.0055553178490591066 6.5155017661502253e-17 0.033498358324681607
44 34 1.9166666666666665 0.70833333333333326 0.02862271997952031 0.0047592438819020009 -2.8550882763152471e-17 0.028224274954347536
44 35 1.9166666666666665 0.72916666666666663 0.021572370760890622 0.002789596754536335 4.2253254138668097e-17 0.021391244241334092
44 36 1.9166666666666665 0.75 0.013161822638431221 0.0011447858073324506 2.8960972185323995e-19 0.013111942671505653
44 37 1.9166666666666665 0.77083333333333326 0.0054419285991529004 0.0003128655535071602 1.6688306985660837e-17 0.0054329275739426995
44 38 1.9166666666666665 0.79166666666666663 0.00060913541101885189 -0.0005837969174426283 8.4564267924574931e-17 -0.00017385944938826483
44 39 1.9166666666666665 0.8125 0.0044795380940195534 -0.0018992490751783631 4.7863523951823847e-18 -0.0040569834219782641
44 40 1.9166666666666665 0.83333333333333326 0.0077827253964630706 -0.0037305868806633219 1.2386327804849327e-16 -0.0068303393856069816
44 41 1.9166666666666665 0.85416666666666663 0.011446519837441866 -0.0066333676406205543 6.6343891858633994e-17 -0.0093285181102530038
44 42 1.9166666666666665 0.875 0.016721176333319668 -0.011384962044993237 8.9481305690230416e-17 -0.012246647590423803
44 43 1.9166666666666665 0.89583333333333326 0.023417467528271597 -0.017718543467517021 8.052743146625985e-17 -0.01531113982783008
44 44 1.9166666666666665 0.91666666666666663 0.029495273405313962 -0.023560957114185238 7.8504837253792651e-17 -0.017744082199926403
44 45 1.9166666666666665 0.9375 0.032332993687150251 -0.027004912344979596 1.1767411105600199e-16 -0.017780809599488624
44 46 1.9166666666666665 0.95833333333333326 0.031185996081805806 -0.027805767116248669 9.2861888905482031e-17 -0.014121107134051186
44 47 1.9166666666666665 0.97916666666666663 0.028074615448275449 -0.027003561162102174 1.5962655882112005e-16 -0.0076806065602368677
44 48 1.9166666666666665 1 0.026398260664954404 -0.026398260664954404 8.1521477264362758e-17 0
45 0 1.9375 0 0.0083505844008767548 -0.0083505844008767548 2.2283313168115596e-16 0
45 1 1.9375 0.020833333333333332 0.0099903116223667154 -0.0093056669125919159 2.1360790956267892e-16 -0.0036346787511260881
45 2 1.9375 0.041666666666666664 0.014221419940616986 -0.012139275312590897 1.8699836789107277e-16 -0.0074085612646788328
45 3 1.9375 0.0625 0.019410527550231715 -0.015772741581862825 1.6240618274809375e-16 -0.0113132313142656
45 4 1.9375 0.083333333333333329 0.02288998367902649 -0.018064897151460479 1.3912347327850432e-16 -0.014057412412434023
45 5 1.9375 0.10416666666666666 0.022652849866841976 -0.017242398521296429 6.3355892189650418e-17 -0.014691878719975782
45 6 1.9375 0.125 0.018869171017754989 -0.013368712961971884 1.2997436530441977e-16 -0.013316273076115923
45 7 1.9375 0.14583333333333331 0.013639494099716494 -0.0082848956204978116 7.7921667962633666e-17 -0.010834957492009705
45 8 1.9375 0.16666666666666666 0.0093113975266931898 -0.0040059497384504657 9.8490119826144081e-17 -0.0084056225583306263
45 9 1.9375 0.1875 0.0069620660494858436 -0.00099857541452598106 2.8496107441263807e-17 -0.0068900806104796545
45 10 1.9375 0.20833333333333331 0.0070347728042233926 0.0015776172090609976 7.6290703769496044e-17 -0.0068555927787986096
45 11 1.9375 0.22916666666666666 0.0093433411746819978 0.0036099096802113999 2.978236301020432e-17 -0.0086178057768334509
45 12 1.9375 0.25 0.012638892256573405 0.0046654085289170189 2.5401832479434489e-17 -0.011746299874070111
45 13 1.9375 0.27083333333333331 0.01637929428107059 0.005368905725940989 9.6336279963631683e-17 -0.015474370179489367
45 14 1.9375 0.29166666666666663 0.020029295435838857 0.0056977356709671098 -5.1567151957819688e-19 -0.01920178335155108
45 15 1.9375 0.3125 0.022446617842624878 0.0052442513156263958 2.5489552820426992e-17 -0.021825409061719699
45 16 1.9375 0.33333333333333331 0.023127884454524485 0.0038581108018406291 -3.9921751993449809e-17 -0.022803815917134485
45 17 1.9375 0.35416666666666663 0.022339319808927723 0.0019722375695292874 -1.3633240291668115e-17 -0.022252089530983104
45 18 1.9375 0.375 0.020461899559084288 0.0003511241015911106 -8.036048049485877e-18 -0.020458886710457529
45 19 1.9375 0.39583333333333331 0.018157122443986158 -0.0013636254536924448 -4.2175631506832304e-17 -0.018105844942116013
45 20 1.9375 0.41666666666666663 0.015780646202812446 -0.0037305763430862332 -1.7181350750167161e-17 -0.015333349103400219
45 21 1.9375 0.4375 0.01329398264049503 -0.0057939727801762254 -6.9274837313075754e-17 -0.011964942702259805
45 22 1.9375 0.45833333333333331 0.010876893411335496 -0.007213041838825744 -2.18981137882961e-17 -0.0081411815919375501
45 23 1.9375 0.47916666666666663 0.0092100992277483803 -0.0082081939808517964 -3.71068557849786e-17 -0.0041774967812889634
45 24 1.9375 0.5 0.0085609180418396626 -0.0085609180418396626 -6.0607854788412842e-17 -5.9431269756768771e-17
45 25 1.9375 0.52083333333333326 0.0092100992277481999 -0.0082081939808515518 -7.4034977009330818e-17 0.0041774967812890449
45 26 1.9375 0.54166666666666663 0.010876893411335204 -0.0072130418388255324 -7.0977453111017058e-17 0.0081411815919373506
45 27 1.9375 0.5625 0.013293982640495286 -0.0057939727801763884 -1.0974807487667074e-16 0.011964942702260012
45 28 1.9375 0.58333333333333326 0.01578064620281229 -0.0037305763430861235 -7.6013421142127587e-17 0.015333349103400083
45 29 1.9375 0.60416666666666663 0.018157122443985971 -0.001363625453692474 -1.2119241624282559e-16 0.018105844942115822
45 30 1.9375 0.625 0.020461899559084208 0.00035112410159117554 -5.4382768377163403e-17 0.020458886710457445
45 31 1.9375 0.64583333333333326 0.02233931980892789 0.0019722375695295012 -4.3417308319511581e-17 0.02225208953098325
45 32 1.9375 0.66666666666666663 0.023127884454524787 0.0038581108018407228 -5.464394459045717e-17 0.022803815917134772
45 33 1.9375 0.6875 0.022446617842624927 0.005244251315626329 -3.0894639824697281e-17 0.021825409061719765
45 34 1.9375 0.70833333333333326 0.020029295435838902 0.0056977356709672728 -1.7907617804132123e-17 0.01920178335155108
45 35 1.9375 0.72916666666666663 0.016379294281070364 0.0053689057259407504 -1.1597943287311863e-18 0.015474370179489209
45 36 1.9375 0.75 0.012638892256573728 0.004665408528917293 2.0337577581769365e-17 0.011746299874070351
45 37 1.9375 0.77083333333333326 0.0093433411746818903 0.0036099096802114658 7.7100681024939277e-18 0.008617805776833307
45 38 1.9375 0.79166666666666663 0.0070347728042232634 0.0015776172090605997 8.6795412526875271e-17 0.0068555927787985688
45 39 1.9375 0.8125 0.0069620660494857092 -0.00099857541452584467 2.1715351418446643e-17 0.0068900806104795383
45 40 1.9375 0.83333333333333326 0.0093113975266932436 -0.0040059497384505776 1.2237954225716592e-16 0.0084056225583306332
45 41 1.9375 0.85416666666666663 0.01363949409971644 -0.0082848956204975861 6.186944127555962e-17 0.010834957492009811
45 42 1.9375 0.875 0.018869171017755103 -0.01336871296197195 1.5169117473446823e-16 0.013316273076116016
45 43 1.9375 0.89583333333333326 0.022652849866842052 -0.017242398521296349 1.2235312980370741e-16 0.014691878719975994
45 44 1.9375 0.91666666666666663 0.022889983679026397 -0.018064897151460271 1.8966007188220548e-16 0.014057412412434137
45 45 1.9375 0.9375 0.019410527550231808 -0.015772741581862971 1.7918640401612569e-16 0.01131323131426556
45 46 1.9375 0.95833333333333326 0.014221419940617012 -0.012139275312590802 2.1950767342623343e-16 0.0074085612646790384
45 47 1.9375 0.97916666666666663 0.0099903116223670051 -0.0093056669125922819 2.3498329695110518e-16 0.0036346787511259493
45 48 1.9375 1 0.0083505844008766403 -0.0083505844008766403 2.1684039159213572e-16 0
46 0 1.9583333333333333 0 0.014563601990955298 -0.014563601990955298 1.5530269393714836e-16 0
46 1 1.9583333333333333 0.020833333333333332 0.020302600498728625 -0.014767614152192386 1.2832779804481486e-16 -0.013932449865796859
46 2 1.9583333333333333 0.041666666666666664 0.029989760589112225 -0.015105193538837465 1.5266248836585072e-16 -0.025907892008932946
46 3 1.9583333333333333 0.0625 0.037548105194310073 -0.014874404207685493 1.5527778462516605e-16 -0.034476257093097609
46 4 1.9583333333333333 0.083333333333333329 0.040430446178872377 -0.01332891543784985 9.0773044984172714e-17 -0.038170158389419138
46 5 1.9583333333333333 0.10416666666666666 0.037962139457602663 -0.010180622247942464 1.0482315388450278e-16 -0.036571559480601479
46 6 1.9583333333333333 0.125 0.03126523132984925 -0.0057874798236620395 3.7711644146778054e-17 -0.030724904676820264
46 7 1.9583333333333333 0.14583333333333331 0.022835391983510284 -0.00089817210893459467 7.4083719545008679e-17 -0.022817721487985991
46 8 1.9583333333333333 0.16666666666666666 0.015292124382609835 0.0035701169484147859 3.642545019523399e-17 -0.014869543809675256
46 9 1.9583333333333333 0.1875 0.010441684634810596 0.0066806909323246285 5.1545718103921377e-18 -0.0080247832792914222
46 10 1.9583333333333333 0.20833333333333331 0.0089965474740910326 0.00838800941878904 5.4011362299560314e-17 -0.0032525627501833192
46 11 1.9583333333333333 0.22916666666666666 0.0094061614004566033 0.0093217730060257981 -1.9645640287383003e-17 -0.0012571476904359707
46 12 1.9583333333333333 0.25 0.0099242298883806708 0.0097538846779195321 -3.6618330821692861e-17 -0.0018308666164619436
46 13 1.9583333333333333 0.27083333333333331 0.01027229437335537 0.0095258331563173575 -8.08517801115222e-17 -0.0038442859377097985
46 14 1.9583333333333333 0.29166666666666663 0.010501024238276894 0.0086570521407819678 7.1906185659132994e-18 -0.0059436485667190304
46 15 1.9583333333333333 0.3125 0.010515554101080283 0.0074394764052484914 -6.609474167106813e-17 -0.0074317608188434947
46 16 1.9583333333333333 0.33333333333333331 0.01003396744600801 0.0056098892088705492 -5.2460522582302953e-17 -0.0083192334846274307
46 17 1.9583333333333333 0.35416666666666663 0.0085795332513273308 0.0034252439082078242 4.1576479582213323e-18 -0.0078661359624606353
46 18 1.9583333333333333 0.375 0.0062381582786552063 0.0009989135996477886 -6.7733496281834141e-18 -0.006157661108732209
46 19 1.9583333333333333 0.39583333333333331 0.0045122892537904314 -0.0011272712669203532 2.2279576058298376e-17 -0.0043692120342973045
46 20 1.9583333333333333 0.41666666666666663 0.003669659631526124 -0.0026581090854737375 -2.0356859016870949e-17 -0.0025299916800207902
46 21 1.9583333333333333 0.4375 0.0039431451003258044 -0.0038776886649214038 3.2998065432933167e-17 -0.00071548857444648432
46 22 1.9583333333333333 0.45833333333333331 0.0049263556910574859 -0.0049094786606105915 2.1131825123209829e-17 0.00040743057791937281
46 23 1.9583333333333333 0.47916666666666663 0.0054760637798306607 -0.0054617336347703264 7.8945960131927526e-17 0.00039590431115584391
46 24 1.9583333333333333 0.5 0.0053931798253482616 -0.0053931798253482616 5.7961354702391795e-17 1.2316626319149811e-16
46 25 1.9583333333333333 0.52083333333333326 0.0054760637798307917 -0.005461733634770447 8.3917284921750199e-17 -0.00039590431115599397
46 26 1.9583333333333333 0.54166666666666663 0.0049263556910575127 -0.0049094786606106227 -3.162322292822843e-17 -0.00040743057791932353
46 27 1.9583333333333333 0.5625 0.0039431451003257073 -0.0038776886649213378 6.2050086615747805e-17 0.00071548857444630348
46 28 1.9583333333333333 0.58333333333333326 0.0036696596315263894 -0.0026581090854739895 -4.5461029870521014e-17 0.0025299916800209103
46 29 1.9583333333333333 0.60416666666666663 0.0045122892537904323 -0.001127271266920072 3.461206392238853e-17 0.0043692120342973782
46 30 1.9583333333333333 0.625 0.0062381582786551898 0.00099891359964764375 -9.2010170921927254e-17 0.006157661108732216
46 31 1.9583333333333333 0.64583333333333326 0.0085795332513274574 0.0034252439082080315 -2.0367623495097586e-17 0.0078661359624606839
46 32 1.9583333333333333 0.66666666666666663 0.010033967446007912 0.0056098892088702846 -7.7210126155840148e-17 0.0083192334846274914
46 33 1.9583333333333333 0.6875 0.010515554101080064 0.0074394764052486337 -4.6495814178661413e-17 0.0074317608188430445
46 34 1.9583333333333333 0.70833333333333326 0.010501024238276745 0.0086570521407818828 -5.9829274133903077e-17 0.005943648566718889
46 35 1.9583333333333333 0.72916666666666663 0.01027229437335524 0.0095258331563172847 -9.8552824566194067e-18 0.0038442859377096333
46 36 1.9583333333333333 0.75 0.0099242298883807454 0.0097538846779196518 -2.4588932832567318e-17 0.0018308666164617085
46 37 1.9583333333333333 0.77083333333333326 0.0094061614004563952 0.0093217730060256021 -1.5827948757624348e-18 0.0012571476904358612
46 38 1.9583333333333333 0.79166666666666663 0.0089965474740911575 0.0083880094187892898 1.3485035067850404e-17 0.0032525627501830221
46 39 1.9583333333333333 0.8125 0.010441684634810504 0.00668069093232456 1.7658110058803055e-17 0.0080247832792913597
46 40 1.9583333333333333 0.83333333333333326 0.015292124382609823 0.0035701169484148392 1.2681890670858852e-16 0.01486954380967523
46 41 1.9583333333333333 0.85416666666666663 0.022835391983510062 -0.00089817210893470417 5.8048767820270355e-17 0.022817721487985766
46 42 1.9583333333333333 0.875 0.031265231329849222 -0.0057874798236622277 1.0156753990856497e-16 0.030724904676820201
46 43 1.9583333333333333 0.89583333333333326 0.037962139457602885 -0.010180622247942268 6.52464164738206e-17 0.036571559480601763
46 44 1.9583333333333333 0.91666666666666663 0.040430446178872349 -0.013328915437849887 1.0485117968442603e-16 0.03817015838941909
46 45 1.9583333333333333 0.9375 0.037548105194310191 -0.014874404207685503 1.1946417918488801e-16 0.034476257093097734
46 46 1.9583333333333333 0.95833333333333326 0.029989760589112031 -0.015105193538837297 1.1828950881569181e-16 0.025907892008932822
46 47 1.9583333333333333 0.97916666666666663 0.020302600498728753 -0.014767614152192628 1.3482723366588262e-16 0.013932449865796791
46 48 1.9583333333333333 1 0.014563601990955228 -0.014563601990955228 1.1308427906783423e-16 0
47 0 1.9791666666666665 0 0.019010377192809243 0.019010377192809243 1.8132729432166699e-16 0
47 1 1.9791666666666665 0.020833333333333332 0.025999379244361208 0.016579079599526179 9.4229860075984197e-17 -0.020027527074621451
47 2 1.9791666666666665 0.041666666666666664 0.037084304482690754 0.010048188122129795 1.1361032310570686e-16 -0.035697052461333659
47 3 1.9791666666666665 0.0625 0.045022359590619829 0.0013091164121618775 6.054253463204534e-17 -0.045003322958715897
47 4 1.9791666666666665 0.083333333333333329 0.048404614372328236 -0.0069226055197233842 9.7841204922570167e-17 -0.04790703732597227
47 5 1.9791666666666665 0.10416666666666666 0.047066918521741524 -0.012662095246349425 4.880374438805326e-17 -0.045331734613895266
47 6 1.9791666666666665 0.125 0.041258955299146534 -0.015296532148620139 8.8202685055686769e-17 -0.038318631194279404
47 7 1.9791666666666665 0.14583333333333331 0.032046420924084287 -0.014819138580689995 5.8498556754452651e-17 -0.028414190570380367
47 8 1.9791666666666665 0.16666666666666666 0.021619186127296783 -0.011976017805025352 1.3967765693973478e-17 -0.017999005704216479
47 9 1.9791666666666665 0.1875 0.011836770249243216 -0.0080275906658071605 -4.2550403886798191e-17 -0.0086986733491731406
47 10 1.9791666666666665 0.20833333333333331 0.0043725151301135211 -0.004297921127399823 -3.1564111711367791e-17 -0.00080421548463201144
47 11 1.9791666666666665 0.22916666666666666 0.0059840081964038574 -0.0015090602694162157 -2.9577382513070557e-17 0.0057906036989158567
47 12 1.9791666666666665 0.25 0.010650551075412195 0.00060422398458460837 -5.8032057983141312e-18 0.010633397932289403
47 13 1.9791666666666665 0.27083333333333331 0.013306333990313671 0.0021433459775894483 1.2486808389669515e-17 0.013132577518603425
47 14 1.9791666666666665 0.29166666666666663 0.013707481248823082 0.0029705509890340367 -1.4978315642604787e-17 0.013381736397358353
47 15 1.9791666666666665 0.3125 0.012870809177674723 0.0026045213650250274 -1.9806566525492391e-18 0.012604530826145178
47 16 1.9791666666666665 0.33333333333333331 0.011820015335500637 0.0015564184754792039 -1.3047507433139707e-17 0.011717095376442801
47 17 1.9791666666666665 0.35416666666666663 0.010465561591881226 0.00065157574820404955 -2.9731235894024505e-17 0.010445258660167867
47 18 1.9791666666666665 0.375 0.0089010725337138035 -0.0005386411988902378 1.7410162932900433e-18 0.0088847598678463095
47 19 1.9791666666666665 0.39583333333333331 0.0074394403902224666 -0.0014632215638327151 -3.3656209449221629e-17 0.0072941247572829706
47 20 1.9791666666666665 0.41666666666666663 0.0055349105458727434 -0.0016651801057310581 2.2566478286358646e-18 0.005278485575076511
47 21 1.9791666666666665 0.4375 0.0034702014608551843 -0.0017473314462525093 -4.8579359053640374e-17 0.0029981879520568034
47 22 1.9791666666666665 0.45833333333333331 0.002529684725349101 -0.0019150947685502462 3.4352347522210344e-17 0.0016527906210818217
47 23 1.9791666666666665 0.47916666666666663 0.0023013142621595853 -0.0020975668793622006 -1.5004861857043098e-17 0.0009467103674418259
47 24 1.9791666666666665 0.5 0.0020907259933506308 -0.0020907259933506308 3.1181107424059645e-17 -8.8424336039204076e-17
47 25 1.9791666666666665 0.52083333333333326 0.0023013142621595051 -0.0020975668793621997 -8.2019126951660895e-18 -0.00094671036744163183
47 26 1.9791666666666665 0.54166666666666663 0.0025296847253490811 -0.0019150947685502226 5.5248244485483433e-17 -0.0016527906210818191
47 27 1.9791666666666665 0.5625 0.0034702014608552472 -0.0017473314462525535 -1.1127722733345406e-17 -0.0029981879520568507
47 28 1.9791666666666665 0.58333333333333326 0.005534910545872595 -0.0016651801057309137 3.6340141388700614e-17 -0.0052784855750764017
47 29 1.9791666666666665 0.60416666666666663 0.0074394403902224467 -0.0014632215638325516 -1.0266130322554436e-17 -0.0072941247572829828
47 30 1.9791666666666665 0.625 0.0089010725337135398 -0.00053864119889041745 1.1620614285152254e-18 -0.0088847598678460336
47 31 1.9791666666666665 0.64583333333333326 0.010465561591881225 0.00065157574820421977 8.5183931811197379e-18 -0.010445258660167855
47 32 1.9791666666666665 0.66666666666666663 0.011820015335500806 0.0015564184754790211 2.3936510469226293e-17 -0.011717095376442993
47 33 1.9791666666666665 0.6875 0.012870809177674761 0.002604521365025105 -2.0238437777798964e-18 -0.012604530826145202
47 34 1.9791666666666665 0.70833333333333326 0.013707481248822673 0.0029705509890339977 1.5659879486772048e-17 -0.013381736397357942
47 35 1.9791666666666665 0.72916666666666663 0.013306333990313736 0.0021433459775893151 -1.6220385447648251e-17 -0.013132577518603512
47 36 1.9791666666666665 0.75 0.010650551075412266 0.00060422398458457585 2.5481888321698109e-17 -0.010633397932289478
47 37 1.9791666666666665 0.77083333333333326 0.0059840081964040647 -0.0015090602694162122 -4.4082326089424189e-17 -0.0057906036989160727
47 38 1.9791666666666665 0.79166666666666663 0.0043725151301136026 -0.004297921127399895 -6.8048108128031086e-18 0.00080421548463206565
47 39 1.9791666666666665 0.8125 0.011836770249243185 -0.0080275906658071102 -3.589935839502824e-17 0.0086986733491731458
47 40 1.9791666666666665 0.83333333333333326 0.0216191861272968 -0.011976017805025201 -7.9702384650758364e-18 0.0179990057042166
47 41 1.9791666666666665 0.85416666666666663 0.03204642092408444 -0.014819138580689969 1.4123221838941949e-17 0.028414190570380554
47 42 1.9791666666666665 0.875 0.041258955299146589 -0.015296532148619996 7.9418898152233148e-17 0.038318631194279522
47 43 1.9791666666666665 0.89583333333333326 0.04706691852174151 -0.012662095246349607 1.7364101586148039e-17 0.045331734613895204
47 44 1.9791666666666665 0.91666666666666663 0.048404614372328181 -0.0069226055197234649 5.4944512972398833e-17 0.047907037325972207
47 45 1.9791666666666665 0.9375 0.045022359590619801 0.0013091164121618655 6.9935986533080262e-17 0.045003322958715876
47 46 1.9791666666666665 0.95833333333333326 0.037084304482690719 0.010048188122129946 6.3524691822924383e-17 0.035697052461333575
47 47 1.9791666666666665 0.97916666666666663 0.025999379244361458 0.016579079599526314 6.8914114760822753e-17 0.020027527074621663
47 48 1.9791666666666665 1 0.019010377192809704 0.019010377192809704 7.4534428823362404e-17 0
48 0 2 0 0 0 0 0
48 1 2 0.020833333333333332 0 0 0 0
48 2 2 0.041666666666666664 0 0 0 0
48 3 2 0.0625 0 0 0 0
48 4 2 0.083333333333333329 0 0 0 0
48 5 2 0.10416666666666666 0 0 0 0
48 6 2 0.125 0 0 0 0
48 7 2 0.14583333333333331 0 0 0 0
48 8 2 0.16666666666666666 0 0 0 0
48 9 2 0.1875 0 0 0 0
48 10 2 0.20833333333333331 0 0 0 0
48 11 2 0.22916666666666666 0 0 0 0
48 12 2 0.25 0 0 0 0
48 13 2 0.27083333333333331 0 0 0 0
48 14 2 0.29166666666666663 0 0 0 0
48 15 2 0.3125 0 0 0 0
48 16 2 0.33333333333333331 0 0 0 0
48 17 2 0.35416666666666663 0 0 0 0
48 18 2 0.375 0 0 0 0
48 19 2 0.39583333333333331 0 0 0 0
48 20 2 0.41666666666666663 0 0 0 0
48 21 2 0.4375 0 0 0 0
48 22 2 0.45833333333333331 0 0 0 0
48 23 2 0.47916666666666663 0 0 0 0
48 24 2 0.5 0 0 0 0
48 25 2 0.52083333333333326 0 0 0 0
48 26 2 0.54166666666666663 0 0 0 0
48 27 2 0.5625 0 0 0 0
48 28 2 0.58333333333333326 0 0 0 0
48 29 2 0.60416666666666663 0 0 0 0
48 30 2 0.625 0 0 0 0
48 31 2 0.64583333333333326 0 0 0 0
48 32 2 0.66666666666666663 0 0 0 0
48 33 2 0.6875 0 0 0 0
48 34 2 0.70833333333333326 0 0 0 0
48 35 2 0.72916666666666663 0 0 0 0
48 36 2 0.75 0 0 0 0
48 37 2 0.77083333333333326 0 0 0 0
48 38 2 0.79166666666666663 0 0 0 0
48 39 2 0.8125 0 0 0 0
48 40 2 0.83333333333333326 0 0 0 0
48 41 2 0.85416666666666663 0 0 0 0
48 42 2 0.875 0 0 0 0
48 43 2 0.89583333333333326 0 0 0 0
48 44 2 0.91666666666666663 0 0 0 0
48 45 2 0.9375 0 0 0 0
48 46 2 0.95833333333333326 0 0 0 0
48 47 2 0.97916666666666663 0 0 0 0
48 48 2 1 0 0 0 0
