radial transverse x z speed vx vy vz
0 0 1 0 0 0 0 0
0 1 1 0.020833333333333332 0 0 0 0
0 2 1 0.041666666666666664 0 0 0 0
0 3 1 0.0625 0 0 0 0
0 4 1 0.083333333333333329 0 0 0 0
0 5 1 0.10416666666666666 0 0 0 0
0 6 1 0.125 0 0 0 0
0 7 1 0.14583333333333331 0 0 0 0
0 8 1 0.16666666666666666 0 0 0 0
0 9 1 0.1875 0 0 0 0
0 10 1 0.20833333333333331 0 0 0 0
0 11 1 0.22916666666666666 0 0 0 0
0 12 1 0.25 0 0 0 0
0 13 1 0.27083333333333331 0 0 0 0
0 14 1 0.29166666666666663 0 0 0 0
0 15 1 0.3125 0 0 0 0
0 16 1 0.33333333333333331 0 0 0 0
0 17 1 0.35416666666666663 0 0 0 0
0 18 1 0.375 0 0 0 0
0 19 1 0.39583333333333331 0 0 0 0
0 20 1 0.41666666666666663 0 0 0 0
0 21 1 0.4375 0 0 0 0
0 22 1 0.45833333333333331 0 0 0 0
0 23 1 0.47916666666666663 0 0 0 0
0 24 1 0.5 0 0 0 0
0 25 1 0.52083333333333326 0 0 0 0
0 26 1 0.54166666666666663 0 0 0 0
0 27 1 0.5625 0 0 0 0
0 28 1 0.58333333333333326 0 0 0 0
0 29 1 0.60416666666666663 0 0 0 0
0 30 1 0.625 0 0 0 0
0 31 1 0.64583333333333326 0 0 0 0
0 32 1 0.66666666666666663 0 0 0 0
0 33 1 0.6875 0 0 0 0
0 34 1 0.70833333333333326 0 0 0 0
0 35 1 0.72916666666666663 0 0 0 0
0 36 1 0.75 0 0 0 0
0 37 1 0.77083333333333326 0 0 0 0
0 38 1 0.79166666666666663 0 0 0 0
0 39 1 0.8125 0 0 0 0
0 40 1 0.83333333333333326 0 0 0 0
0 41 1 0.85416666666666663 0 0 0 0
0 42 1 0.875 0 0 0 0
0 43 1 0.89583333333333326 0 0 0 0
0 44 1 0.91666666666666663 0 0 0 0
0 45 1 0.9375 0 0 0 0
0 46 1 0.95833333333333326 0 0 0 0
0 47 1 0.97916666666666663 0 0 0 0
0 48 1 1 0 0 0 0
1 0 1.0208333333333333 0 0 0 0 0
1 1 1.0208333333333333 0.020833333333333332 0 0 0 0
1 2 1.0208333333333333 0.041666666666666664 0 0 0 0
1 3 1.0208333333333333 0.0625 0 0 0 0
1 4 1.0208333333333333 0.083333333333333329 0 0 0 0
1 5 1.0208333333333333 0.10416666666666666 0 0 0 0
1 6 1.0208333333333333 0.125 0 0 0 0
1 7 1.0208333333333333 0.14583333333333331 0 0 0 0
1 8 1.0208333333333333 0.16666666666666666 0 0 0 0
1 9 1.0208333333333333 0.1875 0 0 0 0
1 10 1.0208333333333333 0.20833333333333331 0 0 0 0
1 11 1.0208333333333333 0.22916666666666666 0 0 0 0
1 12 1.0208333333333333 0.25 0 0 0 0
1 13 1.0208333333333333 0.27083333333333331 0 0 0 0
1 14 1.0208333333333333 0.29166666666666663 0 0 0 0
1 15 1.0208333333333333 0.3125 0 0 0 0
1 16 1.0208333333333333 0.33333333333333331 0 0 0 0
1 17 1.0208333333333333 0.35416666666666663 0 0 0 0
1 18 1.0208333333333333 0.375 0 0 0 0
1 19 1.0208333333333333 0.39583333333333331 0 0 0 0
1 20 1.0208333333333333 0.41666666666666663 0 0 0 0
1 21 1.0208333333333333 0.4375 0 0 0 0
1 22 1.0208333333333333 0.45833333333333331 0 0 0 0
1 23 1.0208333333333333 0.47916666666666663 0 0 0 0
1 24 1.0208333333333333 0.5 0 0 0 0
1 25 1.0208333333333333 0.52083333333333326 0 0 0 0
1 26 1.0208333333333333 0.54166666666666663 0 0 0 0
1 27 1.0208333333333333 0.5625 0 0 0 0
1 28 1.0208333333333333 0.58333333333333326 0 0 0 0
1 29 1.0208333333333333 0.60416666666666663 0 0 0 0
1 30 1.0208333333333333 0.625 0 0 0 0
1 31 1.0208333333333333 0.64583333333333326 0 0 0 0
1 32 1.0208333333333333 0.66666666666666663 0 0 0 0
1 33 1.0208333333333333 0.6875 0 0 0 0
1 34 1.0208333333333333 0.70833333333333326 0 0 0 0
1 35 1.0208333333333333 0.72916666666666663 0 0 0 0
1 36 1.0208333333333333 0.75 0 0 0 0
1 37 1.0208333333333333 0.77083333333333326 0 0 0 0
1 38 1.0208333333333333 0.79166666666666663 0 0 0 0
1 39 1.0208333333333333 0.8125 0 0 0 0
1 40 1.0208333333333333 0.83333333333333326 0 0 0 0
1 41 1.0208333333333333 0.85416666666666663 0 0 0 0
1 42 1.0208333333333333 0.875 0 0 0 0
1 43 1.0208333333333333 0.89583333333333326 0 0 0 0
1 44 1.0208333333333333 0.91666666666666663 0 0 0 0
1 45 1.0208333333333333 0.9375 0 0 0 0
1 46 1.0208333333333333 0.95833333333333326 0 0 0 0
1 47 1.0208333333333333 0.97916666666666663 0 0 0 0
1 48 1.0208333333333333 1 0 0 0 0
2 0 1.0416666666666667 0 0 0 0 0
2 1 1.0416666666666667 0.020833333333333332 0 0 0 0
2 2 1.0416666666666667 0.041666666666666664 0 0 0 0
2 3 1.0416666666666667 0.0625 0 0 0 0
2 4 1.0416666666666667 0.083333333333333329 0 0 0 0
2 5 1.0416666666666667 0.10416666666666666 0 0 0 0
2 6 1.0416666666666667 0.125 0 0 0 0
2 7 1.0416666666666667 0.14583333333333331 0 0 0 0
2 8 1.0416666666666667 0.16666666666666666 0 0 0 0
2 9 1.0416666666666667 0.1875 0 0 0 0
2 10 1.0416666666666667 0.20833333333333331 0 0 0 0
2 11 1.0416666666666667 0.22916666666666666 0 0 0 0
2 12 1.0416666666666667 0.25 0 0 0 0
2 13 1.0416666666666667 0.27083333333333331 0 0 0 0
2 14 1.0416666666666667 0.29166666666666663 0 0 0 0
2 15 1.0416666666666667 0.3125 0 0 0 0
2 16 1.0416666666666667 0.33333333333333331 0 0 0 0
2 17 1.0416666666666667 0.35416666666666663 0 0 0 0
2 18 1.0416666666666667 0.375 0 0 0 0
2 19 1.0416666666666667 0.39583333333333331 0 0 0 0
2 20 1.0416666666666667 0.41666666666666663 0 0 0 0
2 21 1.0416666666666667 0.4375 0 0 0 0
2 22 1.0416666666666667 0.45833333333333331 0 0 0 0
2 23 1.0416666666666667 0.47916666666666663 0 0 0 0
2 24 1.0416666666666667 0.5 0 0 0 0
2 25 1.0416666666666667 0.52083333333333326 0 0 0 0
2 26 1.0416666666666667 0.54166666666666663 0 0 0 0
2 27 1.0416666666666667 0.5625 0 0 0 0
2 28 1.0416666666666667 0.58333333333333326 0 0 0 0
2 29 1.0416666666666667 0.60416666666666663 0 0 0 0
2 30 1.0416666666666667 0.625 0 0 0 0
2 31 1.0416666666666667 0.64583333333333326 0 0 0 0
2 32 1.0416666666666667 0.66666666666666663 0 0 0 0
2 33 1.0416666666666667 0.6875 0 0 0 0
2 34 1.0416666666666667 0.70833333333333326 0 0 0 0
2 35 1.0416666666666667 0.72916666666666663 0 0 0 0
2 36 1.0416666666666667 0.75 0 0 0 0
2 37 1.0416666666666667 0.77083333333333326 0 0 0 0
2 38 1.0416666666666667 0.79166666666666663 0 0 0 0
2 39 1.0416666666666667 0.8125 0 0 0 0
2 40 1.0416666666666667 0.83333333333333326 0 0 0 0
2 41 1.0416666666666667 0.85416666666666663 0 0 0 0
2 42 1.0416666666666667 0.875 0 0 0 0
2 43 1.0416666666666667 0.89583333333333326 0 0 0 0
2 44 1.0416666666666667 0.91666666666666663 0 0 0 0
2 45 1.0416666666666667 0.9375 0 0 0 0
2 46 1.0416666666666667 0.95833333333333326 0 0 0 0
2 47 1.0416666666666667 0.97916666666666663 0 0 0 0
2 48 1.0416666666666667 1 0 0 0 0
3 0 1.0625 0 0 0 0 0
3 1 1.0625 0.020833333333333332 0 0 0 0
3 2 1.0625 0.041666666666666664 0 0 0 0
3 3 1.0625 0.0625 0 0 0 0
3 4 1.0625 0.083333333333333329 0 0 0 0
3 5 1.0625 0.10416666666666666 0 0 0 0
3 6 1.0625 0.125 0 0 0 0
3 7 1.0625 0.14583333333333331 0 0 0 0
3 8 1.0625 0.16666666666666666 0 0 0 0
3 9 1.0625 0.1875 0 0 0 0
3 10 1.0625 0.20833333333333331 0 0 0 0
3 11 1.0625 0.22916666666666666 0 0 0 0
3 12 1.0625 0.25 0 0 0 0
3 13 1.0625 0.27083333333333331 0 0 0 0
3 14 1.0625 0.29166666666666663 0 0 0 0
3 15 1.0625 0.3125 0 0 0 0
3 16 1.0625 0.33333333333333331 0 0 0 0
3 17 1.0625 0.35416666666666663 0 0 0 0
3 18 1.0625 0.375 0 0 0 0
3 19 1.0625 0.39583333333333331 0 0 0 0
3 20 1.0625 0.41666666666666663 0 0 0 0
3 21 1.0625 0.4375 0 0 0 0
3 22 1.0625 0.45833333333333331 0 0 0 0
3 23 1.0625 0.47916666666666663 0 0 0 0
3 24 1.0625 0.5 0 0 0 0
3 25 1.0625 0.52083333333333326 0 0 0 0
3 26 1.0625 0.54166666666666663 0 0 0 0
3 27 1.0625 0.5625 0 0 0 0
3 28 1.0625 0.58333333333333326 0 0 0 0
3 29 1.0625 0.60416666666666663 0 0 0 0
3 30 1.0625 0.625 0 0 0 0
3 31 1.0625 0.64583333333333326 0 0 0 0
3 32 1.0625 0.66666666666666663 0 0 0 0
3 33 1.0625 0.6875 0 0 0 0
3 34 1.0625 0.70833333333333326 0 0 0 0
3 35 1.0625 0.72916666666666663 0 0 0 0
3 36 1.0625 0.75 0 0 0 0
3 37 1.0625 0.77083333333333326 0 0 0 0
3 38 1.0625 0.79166666666666663 0 0 0 0
3 39 1.0625 0.8125 0 0 0 0
3 40 1.0625 0.83333333333333326 0 0 0 0
3 41 1.0625 0.85416666666666663 0 0 0 0
3 42 1.0625 0.875 0 0 0 0
3 43 1.0625 0.89583333333333326 0 0 0 0
3 44 1.0625 0.91666666666666663 0 0 0 0
3 45 1.0625 0.9375 0 0 0 0
3 46 1.0625 0.95833333333333326 0 0 0 0
3 47 1.0625 0.97916666666666663 0 0 0 0
3 48 1.0625 1 0 0 0 0
4 0 1.0833333333333333 0 0 0 0 0
4 1 1.0833333333333333 0.020833333333333332 0 0 0 0
4 2 1.0833333333333333 0.041666666666666664 0 0 0 0
4 3 1.0833333333333333 0.0625 0 0 0 0
4 4 1.0833333333333333 0.083333333333333329 0 0 0 0
4 5 1.0833333333333333 0.10416666666666666 0 0 0 0
4 6 1.0833333333333333 0.125 0 0 0 0
4 7 1.0833333333333333 0.14583333333333331 0 0 0 0
4 8 1.0833333333333333 0.16666666666666666 0 0 0 0
4 9 1.0833333333333333 0.1875 0 0 0 0
4 10 1.0833333333333333 0.20833333333333331 0 0 0 0
4 11 1.0833333333333333 0.22916666666666666 0 0 0 0
4 12 1.0833333333333333 0.25 0 0 0 0
4 13 1.0833333333333333 0.27083333333333331 0 0 0 0
4 14 1.0833333333333333 0.29166666666666663 0 0 0 0
4 15 1.0833333333333333 0.3125 0 0 0 0
4 16 1.0833333333333333 0.33333333333333331 0 0 0 0
4 17 1.0833333333333333 0.35416666666666663 0 0 0 0
4 18 1.0833333333333333 0.375 0 0 0 0
4 19 1.0833333333333333 0.39583333333333331 0 0 0 0
4 20 1.0833333333333333 0.41666666666666663 0 0 0 0
4 21 1.0833333333333333 0.4375 0 0 0 0
4 22 1.0833333333333333 0.45833333333333331 0 0 0 0
4 23 1.0833333333333333 0.47916666666666663 0 0 0 0
4 24 1.0833333333333333 0.5 0 0 0 0
4 25 1.0833333333333333 0.52083333333333326 0 0 0 0
4 26 1.0833333333333333 0.54166666666666663 0 0 0 0
4 27 1.0833333333333333 0.5625 0 0 0 0
4 28 1.0833333333333333 0.58333333333333326 0 0 0 0
4 29 1.0833333333333333 0.60416666666666663 0 0 0 0
4 30 1.0833333333333333 0.625 0 0 0 0
4 31 1.0833333333333333 0.64583333333333326 0 0 0 0
4 32 1.0833333333333333 0.66666666666666663 0 0 0 0
4 33 1.0833333333333333 0.6875 0 0 0 0
4 34 1.0833333333333333 0.70833333333333326 0 0 0 0
4 35 1.0833333333333333 0.72916666666666663 0 0 0 0
4 36 1.0833333333333333 0.75 0 0 0 0
4 37 1.0833333333333333 0.77083333333333326 0 0 0 0
4 38 1.0833333333333333 0.79166666666666663 0 0 0 0
4 39 1.0833333333333333 0.8125 0 0 0 0
4 40 1.0833333333333333 0.83333333333333326 0 0 0 0
4 41 1.0833333333333333 0.85416666666666663 0 0 0 0
4 42 1.0833333333333333 0.875 0 0 0 0
4 43 1.0833333333333333 0.89583333333333326 0 0 0 0
4 44 1.0833333333333333 0.91666666666666663 0 0 0 0
4 45 1.0833333333333333 0.9375 0 0 0 0
4 46 1.0833333333333333 0.95833333333333326 0 0 0 0
4 47 1.0833333333333333 0.97916666666666663 0 0 0 0
4 48 1.0833333333333333 1 0 0 0 0
5 0 1.1041666666666667 0 0 0 0 0
5 1 1.1041666666666667 0.020833333333333332 0 0 0 0
5 2 1.1041666666666667 0.041666666666666664 0 0 0 0
5 3 1.1041666666666667 0.0625 0 0 0 0
5 4 1.1041666666666667 0.083333333333333329 0 0 0 0
5 5 1.1041666666666667 0.10416666666666666 0 0 0 0
5 6 1.1041666666666667 0.125 0 0 0 0
5 7 1.1041666666666667 0.14583333333333331 0 0 0 0
5 8 1.1041666666666667 0.16666666666666666 0 0 0 0
5 9 1.1041666666666667 0.1875 0 0 0 0
5 10 1.1041666666666667 0.20833333333333331 0 0 0 0
5 11 1.1041666666666667 0.22916666666666666 0 0 0 0
5 12 1.1041666666666667 0.25 0 0 0 0
5 13 1.1041666666666667 0.27083333333333331 0 0 0 0
5 14 1.1041666666666667 0.29166666666666663 0 0 0 0
5 15 1.1041666666666667 0.3125 0 0 0 0
5 16 1.1041666666666667 0.33333333333333331 0 0 0 0
5 17 1.1041666666666667 0.35416666666666663 0 0 0 0
5 18 1.1041666666666667 0.375 0 0 0 0
5 19 1.1041666666666667 0.39583333333333331 0 0 0 0
5 20 1.1041666666666667 0.41666666666666663 0 0 0 0
5 21 1.1041666666666667 0.4375 0 0 0 0
5 22 1.1041666666666667 0.45833333333333331 0 0 0 0
5 23 1.1041666666666667 0.47916666666666663 0 0 0 0
5 24 1.1041666666666667 0.5 0 0 0 0
5 25 1.1041666666666667 0.52083333333333326 0 0 0 0
5 26 1.1041666666666667 0.54166666666666663 0 0 0 0
5 27 1.1041666666666667 0.5625 0 0 0 0
5 28 1.1041666666666667 0.58333333333333326 0 0 0 0
5 29 1.1041666666666667 0.60416666666666663 0 0 0 0
5 30 1.1041666666666667 0.625 0 0 0 0
5 31 1.1041666666666667 0.64583333333333326 0 0 0 0
5 32 1.1041666666666667 0.66666666666666663 0 0 0 0
5 33 1.1041666666666667 0.6875 0 0 0 0
5 34 1.1041666666666667 0.70833333333333326 0 0 0 0
5 35 1.1041666666666667 0.72916666666666663 0 0 0 0
5 36 1.1041666666666667 0.75 0 0 0 0
5 37 1.1041666666666667 0.77083333333333326 0 0 0 0
5 38 1.1041666666666667 0.79166666666666663 0 0 0 0
5 39 1.1041666666666667 0.8125 0 0 0 0
5 40 1.1041666666666667 0.83333333333333326 0 0 0 0
5 41 1.1041666666666667 0.85416666666666663 0 0 0 0
5 42 1.1041666666666667 0.875 0 0 0 0
5 43 1.1041666666666667 0.89583333333333326 0 0 0 0
5 44 1.1041666666666667 0.91666666666666663 0 0 0 0
5 45 1.1041666666666667 0.9375 0 0 0 0
5 46 1.1041666666666667 0.95833333333333326 0 0 0 0
5 47 1.1041666666666667 0.97916666666666663 0 0 0 0
5 48 1.1041666666666667 1 0 0 0 0
6 0 1.125 0 0 0 0 0
6 1 1.125 0.020833333333333332 0 0 0 0
6 2 1.125 0.041666666666666664 0 0 0 0
6 3 1.125 0.0625 0 0 0 0
6 4 1.125 0.083333333333333329 0 0 0 0
6 5 1.125 0.10416666666666666 0 0 0 0
6 6 1.125 0.125 0 0 0 0
6 7 1.125 0.14583333333333331 0 0 0 0
6 8 1.125 0.16666666666666666 0 0 0 0
6 9 1.125 0.1875 0 0 0 0
6 10 1.125 0.20833333333333331 0 0 0 0
6 11 1.125 0.22916666666666666 0 0 0 0
6 12 1.125 0.25 0 0 0 0
6 13 1.125 0.27083333333333331 0 0 0 0
6 14 1.125 0.29166666666666663 0 0 0 0
6 15 1.125 0.3125 0 0 0 0
6 16 1.125 0.33333333333333331 0 0 0 0
6 17 1.125 0.35416666666666663 0 0 0 0
6 18 1.125 0.375 0 0 0 0
6 19 1.125 0.39583333333333331 0 0 0 0
6 20 1.125 0.41666666666666663 0 0 0 0
6 21 1.125 0.4375 0 0 0 0
6 22 1.125 0.45833333333333331 0 0 0 0
6 23 1.125 0.47916666666666663 0 0 0 0
6 24 1.125 0.5 0 0 0 0
6 25 1.125 0.52083333333333326 0 0 0 0
6 26 1.125 0.54166666666666663 0 0 0 0
6 27 1.125 0.5625 0 0 0 0
6 28 1.125 0.58333333333333326 0 0 0 0
6 29 1.125 0.60416666666666663 0 0 0 0
6 30 1.125 0.625 0 0 0 0
6 31 1.125 0.64583333333333326 0 0 0 0
6 32 1.125 0.66666666666666663 0 0 0 0
6 33 1.125 0.6875 0 0 0 0
6 34 1.125 0.70833333333333326 0 0 0 0
6 35 1.125 0.72916666666666663 0 0 0 0
6 36 1.125 0.75 0 0 0 0
6 37 1.125 0.77083333333333326 0 0 0 0
6 38 1.125 0.79166666666666663 0 0 0 0
6 39 1.125 0.8125 0 0 0 0
6 40 1.125 0.83333333333333326 0 0 0 0
6 41 1.125 0.85416666666666663 0 0 0 0
6 42 1.125 0.875 0 0 0 0
6 43 1.125 0.89583333333333326 0 0 0 0
6 44 1.125 0.91666666666666663 0 0 0 0
6 45 1.125 0.9375 0 0 0 0
6 46 1.125 0.95833333333333326 0 0 0 0
6 47 1.125 0.97916666666666663 0 0 0 0
6 48 1.125 1 0 0 0 0
7 0 1.1458333333333333 0 0 0 0 0
7 1 1.1458333333333333 0.020833333333333332 0 0 0 0
7 2 1.1458333333333333 0.041666666666666664 0 0 0 0
7 3 1.1458333333333333 0.0625 0 0 0 0
7 4 1.1458333333333333 0.083333333333333329 0 0 0 0
7 5 1.1458333333333333 0.10416666666666666 0 0 0 0
7 6 1.1458333333333333 0.125 0 0 0 0
7 7 1.1458333333333333 0.14583333333333331 0 0 0 0
7 8 1.1458333333333333 0.16666666666666666 0 0 0 0
7 9 1.1458333333333333 0.1875 0 0 0 0
7 10 1.1458333333333333 0.20833333333333331 0 0 0 0
7 11 1.1458333333333333 0.22916666666666666 0 0 0 0
7 12 1.1458333333333333 0.25 0 0 0 0
7 13 1.1458333333333333 0.27083333333333331 0 0 0 0
7 14 1.1458333333333333 0.29166666666666663 0 0 0 0
7 15 1.1458333333333333 0.3125 0 0 0 0
7 16 1.1458333333333333 0.33333333333333331 0 0 0 0
7 17 1.1458333333333333 0.35416666666666663 0 0 0 0
7 18 1.1458333333333333 0.375 0 0 0 0
7 19 1.1458333333333333 0.39583333333333331 0 0 0 0
7 20 1.1458333333333333 0.41666666666666663 0 0 0 0
7 21 1.1458333333333333 0.4375 0 0 0 0
7 22 1.1458333333333333 0.45833333333333331 0 0 0 0
7 23 1.1458333333333333 0.47916666666666663 0 0 0 0
7 24 1.1458333333333333 0.5 0 0 0 0
7 25 1.1458333333333333 0.52083333333333326 0 0 0 0
7 26 1.1458333333333333 0.54166666666666663 0 0 0 0
7 27 1.1458333333333333 0.5625 0 0 0 0
7 28 1.1458333333333333 0.58333333333333326 0 0 0 0
7 29 1.1458333333333333 0.60416666666666663 0 0 0 0
7 30 1.1458333333333333 0.625 0 0 0 0
7 31 1.1458333333333333 0.64583333333333326 0 0 0 0
7 32 1.1458333333333333 0.66666666666666663 0 0 0 0
7 33 1.1458333333333333 0.6875 0 0 0 0
7 34 1.1458333333333333 0.70833333333333326 0 0 0 0
7 35 1.1458333333333333 0.72916666666666663 0 0 0 0
7 36 1.1458333333333333 0.75 0 0 0 0
7 37 1.1458333333333333 0.77083333333333326 0 0 0 0
7 38 1.1458333333333333 0.79166666666666663 0 0 0 0
7 39 1.1458333333333333 0.8125 0 0 0 0
7 40 1.1458333333333333 0.83333333333333326 0 0 0 0
7 41 1.1458333333333333 0.85416666666666663 0 0 0 0
7 42 1.1458333333333333 0.875 0 0 0 0
7 43 1.1458333333333333 0.89583333333333326 0 0 0 0
7 44 1.1458333333333333 0.91666666666666663 0 0 0 0
7 45 1.1458333333333333 0.9375 0 0 0 0
7 46 1.1458333333333333 0.95833333333333326 0 0 0 0
7 47 1.1458333333333333 0.97916666666666663 0 0 0 0
7 48 1.1458333333333333 1 0 0 0 0
8 0 1.1666666666666667 0 0 0 0 0
8 1 1.1666666666666667 0.020833333333333332 0 0 0 0
8 2 1.1666666666666667 0.041666666666666664 0 0 0 0
8 3 1.1666666666666667 0.0625 0 0 0 0
8 4 1.1666666666666667 0.083333333333333329 0 0 0 0
8 5 1.1666666666666667 0.10416666666666666 0 0 0 0
8 6 1.1666666666666667 0.125 0 0 0 0
8 7 1.1666666666666667 0.14583333333333331 0 0 0 0
8 8 1.1666666666666667 0.16666666666666666 0 0 0 0
8 9 1.1666666666666667 0.1875 0 0 0 0
8 10 1.1666666666666667 0.20833333333333331 0 0 0 0
8 11 1.1666666666666667 0.22916666666666666 0 0 0 0
8 12 1.1666666666666667 0.25 0 0 0 0
8 13 1.1666666666666667 0.27083333333333331 0 0 0 0
8 14 1.1666666666666667 0.29166666666666663 0 0 0 0
8 15 1.1666666666666667 0.3125 0 0 0 0
8 16 1.1666666666666667 0.33333333333333331 0 0 0 0
8 17 1.1666666666666667 0.35416666666666663 0 0 0 0
8 18 1.1666666666666667 0.375 0 0 0 0
8 19 1.1666666666666667 0.39583333333333331 0 1.4673482617683476e-197 0 0
8 20 1.1666666666666667 0.41666666666666663 8.4743354046178507e-24 8.4743354046178507e-24 0 0
8 21 1.1666666666666667 0.4375 4.4536852751331716e-14 4.4536852751331716e-14 0 0
8 22 1.1666666666666667 0.45833333333333331 7.0086216741165565e-11 7.0086216741165565e-11 0 0
8 23 1.1666666666666667 0.47916666666666663 1.4315604091394035e-09 1.4315604091394035e-09 0 0
8 24 1.1666666666666667 0.5 3.3570772018078327e-09 3.3570772018078327e-09 0 0
8 25 1.1666666666666667 0.52083333333333326 1.4315604091394035e-09 1.4315604091394035e-09 0 0
8 26 1.1666666666666667 0.54166666666666663 7.0086216741168305e-11 7.0086216741168305e-11 0 0
8 27 1.1666666666666667 0.5625 4.4536852751331716e-14 4.4536852751331716e-14 0 0
8 28 1.1666666666666667 0.58333333333333326 8.4743354046192966e-24 8.4743354046192966e-24 0 0
8 29 1.1666666666666667 0.60416666666666663 0 1.4673482617856134e-197 0 0
8 30 1.1666666666666667 0.625 0 0 0 0
8 31 1.1666666666666667 0.64583333333333326 0 0 0 0
8 32 1.1666666666666667 0.66666666666666663 0 0 0 0
8 33 1.1666666666666667 0.6875 0 0 0 0
8 34 1.1666666666666667 0.70833333333333326 0 0 0 0
8 35 1.1666666666666667 0.72916666666666663 0 0 0 0
8 36 1.1666666666666667 0.75 0 0 0 0
8 37 1.1666666666666667 0.77083333333333326 0 0 0 0
8 38 1.1666666666666667 0.79166666666666663 0 0 0 0
8 39 1.1666666666666667 0.8125 0 0 0 0
8 40 1.1666666666666667 0.83333333333333326 0 0 0 0
8 41 1.1666666666666667 0.85416666666666663 0 0 0 0
8 42 1.1666666666666667 0.875 0 0 0 0
8 43 1.1666666666666667 0.89583333333333326 0 0 0 0
8 44 1.1666666666666667 0.91666666666666663 0 0 0 0
8 45 1.1666666666666667 0.9375 0 0 0 0
8 46 1.1666666666666667 0.95833333333333326 0 0 0 0
8 47 1.1666666666666667 0.97916666666666663 0 0 0 0
8 48 1.1666666666666667 1 0 0 0 0
9 0 1.1875 0 0 0 0 0
9 1 1.1875 0.020833333333333332 0 0 0 0
9 2 1.1875 0.041666666666666664 0 0 0 0
9 3 1.1875 0.0625 0 0 0 0
9 4 1.1875 0.083333333333333329 0 0 0 0
9 5 1.1875 0.10416666666666666 0 0 0 0
9 6 1.1875 0.125 0 0 0 0
9 7 1.1875 0.14583333333333331 0 0 0 0
9 8 1.1875 0.16666666666666666 0 0 0 0
9 9 1.1875 0.1875 0 0 0 0
9 10 1.1875 0.20833333333333331 0 0 0 0
9 11 1.1875 0.22916666666666666 0 0 0 0
9 12 1.1875 0.25 0 0 0 0
9 13 1.1875 0.27083333333333331 0 0 0 0
9 14 1.1875 0.29166666666666663 0 0 0 0
9 15 1.1875 0.3125 0 0 0 0
9 16 1.1875 0.33333333333333331 0 0 0 0
9 17 1.1875 0.35416666666666663 1.3101129146591579e-29 1.3101129146591579e-29 0 0
9 18 1.1875 0.375 2.121587939765929e-11 2.121587939765929e-11 0 0
9 19 1.1875 0.39583333333333331 1.8393473128858287e-07 1.8393473128858287e-07 0 0
9 20 1.1875 0.41666666666666663 8.3966153967615027e-06 8.3966153967615027e-06 0 0
9 21 1.1875 0.4375 6.119209537583896e-05 6.119209537583896e-05 0 0
9 22 1.1875 0.45833333333333331 0.00018363610104469013 0.00018363610104469013 0 0
9 23 1.1875 0.47916666666666663 0.00032328238724418424 0.00032328238724418424 0 0
9 24 1.1875 0.5 0.00038524339827320382 0.00038524339827320382 0 0
9 25 1.1875 0.52083333333333326 0.00032328238724418424 0.00032328238724418424 0 0
9 26 1.1875 0.54166666666666663 0.0001836361010446911 0.0001836361010446911 0 0
9 27 1.1875 0.5625 6.119209537583896e-05 6.119209537583896e-05 0 0
9 28 1.1875 0.58333333333333326 8.3966153967615925e-06 8.3966153967615925e-06 0 0
9 29 1.1875 0.60416666666666663 1.8393473128858613e-07 1.8393473128858613e-07 0 0
9 30 1.1875 0.625 2.121587939765929e-11 2.121587939765929e-11 0 0
9 31 1.1875 0.64583333333333326 1.3101129146598468e-29 1.3101129146598468e-29 0 0
9 32 1.1875 0.66666666666666663 0 0 0 0
9 33 1.1875 0.6875 0 0 0 0
9 34 1.1875 0.70833333333333326 0 0 0 0
9 35 1.1875 0.72916666666666663 0 0 0 0
9 36 1.1875 0.75 0 0 0 0
9 37 1.1875 0.77083333333333326 0 0 0 0
9 38 1.1875 0.79166666666666663 0 0 0 0
9 39 1.1875 0.8125 0 0 0 0
9 40 1.1875 0.83333333333333326 0 0 0 0
9 41 1.1875 0.85416666666666663 0 0 0 0
9 42 1.1875 0.875 0 0 0 0
9 43 1.1875 0.89583333333333326 0 0 0 0
9 44 1.1875 0.91666666666666663 0 0 0 0
9 45 1.1875 0.9375 0 0 0 0
9 46 1.1875 0.95833333333333326 0 0 0 0
9 47 1.1875 0.97916666666666663 0 0 0 0
9 48 1.1875 1 0 0 0 0
10 0 1.2083333333333333 0 0 0 0 0
10 1 1.2083333333333333 0.020833333333333332 0 0 0 0
10 2 1.2083333333333333 0.041666666666666664 0 0 0 0
10 3 1.2083333333333333 0.0625 0 0 0 0
10 4 1.2083333333333333 0.083333333333333329 0 0 0 0
10 5 1.2083333333333333 0.10416666666666666 0 0 0 0
10 6 1.2083333333333333 0.125 0 0 0 0
10 7 1.2083333333333333 0.14583333333333331 0 0 0 0
10 8 1.2083333333333333 0.16666666666666666 0 0 0 0
10 9 1.2083333333333333 0.1875 0 0 0 0
10 10 1.2083333333333333 0.20833333333333331 0 0 0 0
10 11 1.2083333333333333 0.22916666666666666 0 0 0 0
10 12 1.2083333333333333 0.25 0 0 0 0
10 13 1.2083333333333333 0.27083333333333331 0 0 0 0
10 14 1.2083333333333333 0.29166666666666663 0 0 0 0
10 15 1.2083333333333333 0.3125 1.2137605565214512e-46 1.2137605565214512e-46 0 0
10 16 1.2083333333333333 0.33333333333333331 7.0086216741147638e-11 7.0086216741147638e-11 0 0
10 17 1.2083333333333333 0.35416666666666663 1.9301849379963234e-06 1.9301849379963234e-06 0 0
10 18 1.2083333333333333 0.375 9.74989655452614e-05 9.74989655452614e-05 0 0
10 19 1.2083333333333333 0.39583333333333331 0.00073363061982875384 0.00073363061982875384 0 0
10 20 1.2083333333333333 0.41666666666666663 0.0023900369109441022 0.0023900369109441022 0 0
10 21 1.2083333333333333 0.4375 0.0049511742796161766 0.0049511742796161766 0 0
10 22 1.2083333333333333 0.45833333333333331 0.0077209857940174782 0.0077209857940174782 0 0
10 23 1.2083333333333333 0.47916666666666663 0.0098307202356475842 0.0098307202356475842 0 0
10 24 1.2083333333333333 0.5 0.010615346461976569 0.010615346461976569 0 0
10 25 1.2083333333333333 0.52083333333333326 0.0098307202356475842 0.0098307202356475842 0 0
10 26 1.2083333333333333 0.54166666666666663 0.0077209857940174981 0.0077209857940174981 0 0
10 27 1.2083333333333333 0.5625 0.0049511742796161766 0.0049511742796161766 0 0
10 28 1.2083333333333333 0.58333333333333326 0.0023900369109441108 0.0023900369109441108 0 0
10 29 1.2083333333333333 0.60416666666666663 0.00073363061982875775 0.00073363061982875775 0 0
10 30 1.2083333333333333 0.625 9.74989655452614e-05 9.74989655452614e-05 0 0
10 31 1.2083333333333333 0.64583333333333326 1.9301849379963747e-06 1.9301849379963747e-06 0 0
10 32 1.2083333333333333 0.66666666666666663 7.008621674115286e-11 7.008621674115286e-11 0 0
10 33 1.2083333333333333 0.6875 1.2137605565214512e-46 1.2137605565214512e-46 0 0
10 34 1.2083333333333333 0.70833333333333326 0 0 0 0
10 35 1.2083333333333333 0.72916666666666663 0 0 0 0
10 36 1.2083333333333333 0.75 0 0 0 0
10 37 1.2083333333333333 0.77083333333333326 0 0 0 0
10 38 1.2083333333333333 0.79166666666666663 0 0 0 0
10 39 1.2083333333333333 0.8125 0 0 0 0
10 40 1.2083333333333333 0.83333333333333326 0 0 0 0
10 41 1.2083333333333333 0.85416666666666663 0 0 0 0
10 42 1.2083333333333333 0.875 0 0 0 0
10 43 1.2083333333333333 0.89583333333333326 0 0 0 0
10 44 1.2083333333333333 0.91666666666666663 0 0 0 0
10 45 1.2083333333333333 0.9375 0 0 0 0
10 46 1.2083333333333333 0.95833333333333326 0 0 0 0
10 47 1.2083333333333333 0.97916666666666663 0 0 0 0
10 48 1.2083333333333333 1 0 0 0 0
11 0 1.2291666666666667 0 0 0 0 0
11 1 1.2291666666666667 0.020833333333333332 0 0 0 0
11 2 1.2291666666666667 0.041666666666666664 0 0 0 0
11 3 1.2291666666666667 0.0625 0 0 0 0
11 4 1.2291666666666667 0.083333333333333329 0 0 0 0
11 5 1.2291666666666667 0.10416666666666666 0 0 0 0
11 6 1.2291666666666667 0.125 0 0 0 0
11 7 1.2291666666666667 0.14583333333333331 0 0 0 0
11 8 1.2291666666666667 0.16666666666666666 0 0 0 0
11 9 1.2291666666666667 0.1875 0 0 0 0
11 10 1.2291666666666667 0.20833333333333331 0 0 0 0
11 11 1.2291666666666667 0.22916666666666666 0 0 0 0
11 12 1.2291666666666667 0.25 0 0 0 0
11 13 1.2291666666666667 0.27083333333333331 0 0 0 0
11 14 1.2291666666666667 0.29166666666666663 2.2526123479944699e-18 2.2526123479944699e-18 0 0
11 15 1.2291666666666667 0.3125 1.8393473128859235e-07 1.8393473128859235e-07 0 0
11 16 1.2291666666666667 0.33333333333333331 7.7607186306061877e-05 7.7607186306061877e-05 0 0
11 17 1.2291666666666667 0.35416666666666663 0.0011282939477579332 0.0011282939477579332 0 0
11 18 1.2291666666666667 0.375 0.0049511742796162685 0.0049511742796162685 0 0
11 19 1.2291666666666667 0.39583333333333331 0.012313010377095588 0.012313010377095588 0 0
11 20 1.2291666666666667 0.41666666666666663 0.022258785132078813 0.022258785132078813 0 0
11 21 1.2291666666666667 0.4375 0.032869973345082869 0.032869973345082869 0 0
11 22 1.2291666666666667 0.45833333333333331 0.042115561639941887 0.042115561639941887 0 0
11 23 1.2291666666666667 0.47916666666666663 0.048353189450643375 0.048353189450643375 0 0
11 24 1.2291666666666667 0.5 0.050549055364545979 0.050549055364545979 0 0
11 25 1.2291666666666667 0.52083333333333326 0.048353189450643375 0.048353189450643375 0 0
11 26 1.2291666666666667 0.54166666666666663 0.042115561639941942 0.042115561639941942 0 0
11 27 1.2291666666666667 0.5625 0.032869973345082869 0.032869973345082869 0 0
11 28 1.2291666666666667 0.58333333333333326 0.022258785132078854 0.022258785132078854 0 0
11 29 1.2291666666666667 0.60416666666666663 0.012313010377095621 0.012313010377095621 0 0
11 30 1.2291666666666667 0.625 0.0049511742796162685 0.0049511742796162685 0 0
11 31 1.2291666666666667 0.64583333333333326 0.0011282939477579434 0.0011282939477579434 0 0
11 32 1.2291666666666667 0.66666666666666663 7.7607186306062975e-05 7.7607186306062975e-05 0 0
11 33 1.2291666666666667 0.6875 1.8393473128859235e-07 1.8393473128859235e-07 0 0
11 34 1.2291666666666667 0.70833333333333326 2.2526123479951582e-18 2.2526123479951582e-18 0 0
11 35 1.2291666666666667 0.72916666666666663 0 0 0 0
11 36 1.2291666666666667 0.75 0 0 0 0
11 37 1.2291666666666667 0.77083333333333326 0 0 0 0
11 38 1.2291666666666667 0.79166666666666663 0 0 0 0
11 39 1.2291666666666667 0.8125 0 0 0 0
11 40 1.2291666666666667 0.83333333333333326 0 0 0 0
11 41 1.2291666666666667 0.85416666666666663 0 0 0 0
11 42 1.2291666666666667 0.875 0 0 0 0
11 43 1.2291666666666667 0.89583333333333326 0 0 0 0
11 44 1.2291666666666667 0.91666666666666663 0 0 0 0
11 45 1.2291666666666667 0.9375 0 0 0 0
11 46 1.2291666666666667 0.95833333333333326 0 0 0 0
11 47 1.2291666666666667 0.97916666666666663 0 0 0 0
11 48 1.2291666666666667 1 0 0 0 0
12 0 1.25 0 0 0 0 0
12 1 1.25 0.020833333333333332 0 0 0 0
12 2 1.25 0.041666666666666664 0 0 0 0
12 3 1.25 0.0625 0 0 0 0
12 4 1.25 0.083333333333333329 0 0 0 0
12 5 1.25 0.10416666666666666 0 0 0 0
12 6 1.25 0.125 0 0 0 0
12 7 1.25 0.14583333333333331 0 0 0 0
12 8 1.25 0.16666666666666666 0 0 0 0
12 9 1.25 0.1875 0 0 0 0
12 10 1.25 0.20833333333333331 0 0 0 0
12 11 1.25 0.22916666666666666 0 0 0 0
12 12 1.25 0.25 0 0 0 0
12 13 1.25 0.27083333333333331 4.4536852751320798e-14 4.4536852751320798e-14 0 0
12 14 1.25 0.29166666666666663 2.8691168992540021e-06 2.8691168992540021e-06 0 0
12 15 1.25 0.3125 0.00038524339827320382 0.00038524339827320382 0 0
12 16 1.25 0.33333333333333331 0.0036851344219609116 0.0036851344219609116 0 0
12 17 1.25 0.35416666666666663 0.013228064441431745 0.013228064441431745 0 0
12 18 1.25 0.375 0.029566102474155413 0.029566102474155413 0 0
12 19 1.25 0.39583333333333331 0.050549055364545757 0.050549055364545757 0 0
12 20 1.25 0.41666666666666663 0.072963129036633573 0.072963129036633573 0 0
12 21 1.25 0.4375 0.093697101665232485 0.093697101665232485 0 0
12 22 1.25 0.45833333333333331 0.11024986827113117 0.11024986827113117 0 0
12 23 1.25 0.47916666666666663 0.12086433464484282 0.12086433464484282 0 0
12 24 1.25 0.5 0.12451447144412292 0.12451447144412292 0 0
12 25 1.25 0.52083333333333326 0.12086433464484282 0.12086433464484282 0 0
12 26 1.25 0.54166666666666663 0.11024986827113127 0.11024986827113127 0 0
12 27 1.25 0.5625 0.093697101665232485 0.093697101665232485 0 0
12 28 1.25 0.58333333333333326 0.07296312903663367 0.07296312903663367 0 0
12 29 1.25 0.60416666666666663 0.050549055364545827 0.050549055364545827 0 0
12 30 1.25 0.625 0.029566102474155413 0.029566102474155413 0 0
12 31 1.25 0.64583333333333326 0.013228064441431816 0.013228064441431816 0 0
12 32 1.25 0.66666666666666663 0.0036851344219609346 0.0036851344219609346 0 0
12 33 1.25 0.6875 0.00038524339827320382 0.00038524339827320382 0 0
12 34 1.25 0.70833333333333326 2.8691168992541088e-06 2.8691168992541088e-06 0 0
12 35 1.25 0.72916666666666663 4.4536852751326181e-14 4.4536852751326181e-14 0 0
12 36 1.25 0.75 0 0 0 0
12 37 1.25 0.77083333333333326 0 0 0 0
12 38 1.25 0.79166666666666663 0 0 0 0
12 39 1.25 0.8125 0 0 0 0
12 40 1.25 0.83333333333333326 0 0 0 0
12 41 1.25 0.85416666666666663 0 0 0 0
12 42 1.25 0.875 0 0 0 0
12 43 1.25 0.89583333333333326 0 0 0 0
12 44 1.25 0.91666666666666663 0 0 0 0
12 45 1.25 0.9375 0 0 0 0
12 46 1.25 0.95833333333333326 0 0 0 0
12 47 1.25 0.97916666666666663 0 0 0 0
12 48 1.25 1 0 0 0 0
13 0 1.2708333333333333 0 0 0 0 0
13 1 1.2708333333333333 0.020833333333333332 0 0 0 0
13 2 1.2708333333333333 0.041666666666666664 0 0 0 0
13 3 1.2708333333333333 0.0625 0 0 0 0
13 4 1.2708333333333333 0.083333333333333329 0 0 0 0
13 5 1.2708333333333333 0.10416666666666666 0 0 0 0
13 6 1.2708333333333333 0.125 0 0 0 0
13 7 1.2708333333333333 0.14583333333333331 0 0 0 0
13 8 1.2708333333333333 0.16666666666666666 0 0 0 0
13 9 1.2708333333333333 0.1875 0 0 0 0
13 10 1.2708333333333333 0.20833333333333331 0 0 0 0
13 11 1.2708333333333333 0.22916666666666666 0 0 0 0
13 12 1.2708333333333333 0.25 4.4536852751315421e-14 4.4536852751315421e-14 0 0
13 13 1.2708333333333333 0.27083333333333331 5.9755584385924439e-06 5.9755584385924439e-06 0 0
13 14 1.2708333333333333 0.29166666666666663 0.00073363061982875384 0.00073363061982875384 0 0
13 15 1.2708333333333333 0.3125 0.0065068792599055347 0.0065068792599055347 0 0
13 16 1.2708333333333333 0.33333333333333331 0.022258785132078556 0.022258785132078556 0 0
13 17 1.2708333333333333 0.35416666666666663 0.048353189450642965 0.048353189450642965 0 0
13 18 1.2708333333333333 0.375 0.081497233630844851 0.081497233630844851 0 0
13 19 1.2708333333333333 0.39583333333333331 0.11726996948068279 0.11726996948068279 0 0
13 20 1.2708333333333333 0.41666666666666663 0.15159653903216957 0.15159653903216957 0 0
13 21 1.2708333333333333 0.4375 0.1812587442067348 0.1812587442067348 0 0
13 22 1.2708333333333333 0.45833333333333331 0.20394065640703257 0.20394065640703257 0 0
13 23 1.2708333333333333 0.47916666666666663 0.21811868753521629 0.21811868753521629 0 0
13 24 1.2708333333333333 0.5 0.22293650680729055 0.22293650680729055 0 0
13 25 1.2708333333333333 0.52083333333333326 0.21811868753521629 0.21811868753521629 0 0
13 26 1.2708333333333333 0.54166666666666663 0.2039406564070326 0.2039406564070326 0 0
13 27 1.2708333333333333 0.5625 0.1812587442067348 0.1812587442067348 0 0
13 28 1.2708333333333333 0.58333333333333326 0.15159653903216971 0.15159653903216971 0 0
13 29 1.2708333333333333 0.60416666666666663 0.11726996948068288 0.11726996948068288 0 0
13 30 1.2708333333333333 0.625 0.081497233630844851 0.081497233630844851 0 0
13 31 1.2708333333333333 0.64583333333333326 0.048353189450643097 0.048353189450643097 0 0
13 32 1.2708333333333333 0.66666666666666663 0.022258785132078646 0.022258785132078646 0 0
13 33 1.2708333333333333 0.6875 0.0065068792599055347 0.0065068792599055347 0 0
13 34 1.2708333333333333 0.70833333333333326 0.00073363061982876501 0.00073363061982876501 0 0
13 35 1.2708333333333333 0.72916666666666663 5.9755584385925819e-06 5.9755584385925819e-06 0 0
13 36 1.2708333333333333 0.75 4.4536852751315421e-14 4.4536852751315421e-14 0 0
13 37 1.2708333333333333 0.77083333333333326 0 0 0 0
13 38 1.2708333333333333 0.79166666666666663 0 0 0 0
13 39 1.2708333333333333 0.8125 0 0 0 0
13 40 1.2708333333333333 0.83333333333333326 0 0 0 0
13 41 1.2708333333333333 0.85416666666666663 0 0 0 0
13 42 1.2708333333333333 0.875 0 0 0 0
13 43 1.2708333333333333 0.89583333333333326 0 0 0 0
13 44 1.2708333333333333 0.91666666666666663 0 0 0 0
13 45 1.2708333333333333 0.9375 0 0 0 0
13 46 1.2708333333333333 0.95833333333333326 0 0 0 0
13 47 1.2708333333333333 0.97916666666666663 0 0 0 0
13 48 1.2708333333333333 1 0 0 0 0
14 0 1.2916666666666667 0 0 0 0 0
14 1 1.2916666666666667 0.020833333333333332 0 0 0 0
14 2 1.2916666666666667 0.041666666666666664 0 0 0 0
14 3 1.2916666666666667 0.0625 0 0 0 0
14 4 1.2916666666666667 0.083333333333333329 0 0 0 0
14 5 1.2916666666666667 0.10416666666666666 0 0 0 0
14 6 1.2916666666666667 0.125 0 0 0 0
14 7 1.2916666666666667 0.14583333333333331 0 0 0 0
14 8 1.2916666666666667 0.16666666666666666 0 0 0 0
14 9 1.2916666666666667 0.1875 0 0 0 0
14 10 1.2916666666666667 0.20833333333333331 0 0 0 0
14 11 1.2916666666666667 0.22916666666666666 2.2526123479942299e-18 2.2526123479942299e-18 0 0
14 12 1.2916666666666667 0.25 2.8691168992541088e-06 2.8691168992541088e-06 0 0
14 13 1.2916666666666667 0.27083333333333331 0.00073363061982877151 0.00073363061982877151 0 0
14 14 1.2916666666666667 0.29166666666666663 0.0077209857940175805 0.0077209857940175805 0 0
14 15 1.2916666666666667 0.3125 0.027996891473951933 0.027996891473951933 0 0
14 16 1.2916666666666667 0.33333333333333331 0.062410675000039044 0.062410675000039044 0 0
14 17 1.2916666666666667 0.35416666666666663 0.10682475446674865 0.10682475446674865 0 0
14 18 1.2916666666666667 0.375 0.15567944332365705 0.15567944332365705 0 0
14 19 1.2916666666666667 0.39583333333333331 0.20394065640703318 0.20394065640703318 0 0
14 20 1.2916666666666667 0.41666666666666663 0.24769115143763978 0.24769115143763978 0 0
14 21 1.2916666666666667 0.4375 0.28411679042032373 0.28411679042032373 0 0
14 22 1.2916666666666667 0.45833333333333331 0.31131005915121984 0.31131005915121984 0 0
14 23 1.2916666666666667 0.47916666666666663 0.32806476011313052 0.32806476011313052 0 0
14 24 1.2916666666666667 0.5 0.33371968430515264 0.33371968430515264 0 0
14 25 1.2916666666666667 0.52083333333333326 0.32806476011313052 0.32806476011313052 0 0
14 26 1.2916666666666667 0.54166666666666663 0.3113100591512199 0.3113100591512199 0 0
14 27 1.2916666666666667 0.5625 0.28411679042032373 0.28411679042032373 0 0
14 28 1.2916666666666667 0.58333333333333326 0.24769115143763995 0.24769115143763995 0 0
14 29 1.2916666666666667 0.60416666666666663 0.20394065640703332 0.20394065640703332 0 0
14 30 1.2916666666666667 0.625 0.15567944332365705 0.15567944332365705 0 0
14 31 1.2916666666666667 0.64583333333333326 0.10682475446674888 0.10682475446674888 0 0
14 32 1.2916666666666667 0.66666666666666663 0.06241067500003921 0.06241067500003921 0 0
14 33 1.2916666666666667 0.6875 0.027996891473951933 0.027996891473951933 0 0
14 34 1.2916666666666667 0.70833333333333326 0.007720985794017643 0.007720985794017643 0 0
14 35 1.2916666666666667 0.72916666666666663 0.00073363061982877867 0.00073363061982877867 0 0
14 36 1.2916666666666667 0.75 2.8691168992541088e-06 2.8691168992541088e-06 0 0
14 37 1.2916666666666667 0.77083333333333326 2.2526123479951582e-18 2.2526123479951582e-18 0 0
14 38 1.2916666666666667 0.79166666666666663 0 0 0 0
14 39 1.2916666666666667 0.8125 0 0 0 0
14 40 1.2916666666666667 0.83333333333333326 0 0 0 0
14 41 1.2916666666666667 0.85416666666666663 0 0 0 0
14 42 1.2916666666666667 0.875 0 0 0 0
14 43 1.2916666666666667 0.89583333333333326 0 0 0 0
14 44 1.2916666666666667 0.91666666666666663 0 0 0 0
14 45 1.2916666666666667 0.9375 0 0 0 0
14 46 1.2916666666666667 0.95833333333333326 0 0 0 0
14 47 1.2916666666666667 0.97916666666666663 0 0 0 0
14 48 1.2916666666666667 1 0 0 0 0
15 0 1.3125 0 0 0 0 0
15 1 1.3125 0.020833333333333332 0 0 0 0
15 2 1.3125 0.041666666666666664 0 0 0 0
15 3 1.3125 0.0625 0 0 0 0
15 4 1.3125 0.083333333333333329 0 0 0 0
15 5 1.3125 0.10416666666666666 0 0 0 0
15 6 1.3125 0.125 0 0 0 0
15 7 1.3125 0.14583333333333331 0 0 0 0
15 8 1.3125 0.16666666666666666 0 0 0 0
15 9 1.3125 0.1875 0 0 0 0
15 10 1.3125 0.20833333333333331 1.213760556523038e-46 1.213760556523038e-46 0 0
15 11 1.3125 0.22916666666666666 1.8393473128857959e-07 1.8393473128857959e-07 0 0
15 12 1.3125 0.25 0.00038524339827320382 0.00038524339827320382 0 0
15 13 1.3125 0.27083333333333331 0.0065068792599055755 0.0065068792599055755 0 0
15 14 1.3125 0.29166666666666663 0.027996891473951784 0.027996891473951784 0 0
15 15 1.3125 0.3125 0.067568675841991457 0.067568675841991457 0 0
15 16 1.3125 0.33333333333333331 0.12086433464484271 0.12086433464484271 0 0
15 17 1.3125 0.35416666666666663 0.1812587442067351 0.1812587442067351 0 0
15 18 1.3125 0.375 0.24265320270355303 0.24265320270355303 0 0
15 19 1.3125 0.39583333333333331 0.30032047353740998 0.30032047353740998 0 0
15 20 1.3125 0.41666666666666663 0.3508873658040258 0.3508873658040258 0 0
15 21 1.3125 0.4375 0.39206423492360387 0.39206423492360387 0 0
15 22 1.3125 0.45833333333333331 0.42236131308716879 0.42236131308716879 0 0
15 23 1.3125 0.47916666666666663 0.44086473259984038 0.44086473259984038 0 0
15 24 1.3125 0.5 0.44708392757968674 0.44708392757968674 0 0
15 25 1.3125 0.52083333333333326 0.44086473259984038 0.44086473259984038 0 0
15 26 1.3125 0.54166666666666663 0.4223613130871689 0.4223613130871689 0 0
15 27 1.3125 0.5625 0.39206423492360387 0.39206423492360387 0 0
15 28 1.3125 0.58333333333333326 0.35088736580402607 0.35088736580402607 0 0
15 29 1.3125 0.60416666666666663 0.3003204735374102 0.3003204735374102 0 0
15 30 1.3125 0.625 0.24265320270355303 0.24265320270355303 0 0
15 31 1.3125 0.64583333333333326 0.18125874420673538 0.18125874420673538 0 0
15 32 1.3125 0.66666666666666663 0.12086433464484293 0.12086433464484293 0 0
15 33 1.3125 0.6875 0.067568675841991457 0.067568675841991457 0 0
15 34 1.3125 0.70833333333333326 0.027996891473951933 0.027996891473951933 0 0
15 35 1.3125 0.72916666666666663 0.0065068792599056102 0.0065068792599056102 0 0
15 36 1.3125 0.75 0.00038524339827320382 0.00038524339827320382 0 0
15 37 1.3125 0.77083333333333326 1.8393473128859235e-07 1.8393473128859235e-07 0 0
15 38 1.3125 0.79166666666666663 1.2137605565254357e-46 1.2137605565254357e-46 0 0
15 39 1.3125 0.8125 0 0 0 0
15 40 1.3125 0.83333333333333326 0 0 0 0
15 41 1.3125 0.85416666666666663 0 0 0 0
15 42 1.3125 0.875 0 0 0 0
15 43 1.3125 0.89583333333333326 0 0 0 0
15 44 1.3125 0.91666666666666663 0 0 0 0
15 45 1.3125 0.9375 0 0 0 0
15 46 1.3125 0.95833333333333326 0 0 0 0
15 47 1.3125 0.97916666666666663 0 0 0 0
15 48 1.3125 1 0 0 0 0
16 0 1.3333333333333333 0 0 0 0 0
16 1 1.3333333333333333 0.020833333333333332 0 0 0 0
16 2 1.3333333333333333 0.041666666666666664 0 0 0 0
16 3 1.3333333333333333 0.0625 0 0 0 0
16 4 1.3333333333333333 0.083333333333333329 0 0 0 0
16 5 1.3333333333333333 0.10416666666666666 0 0 0 0
16 6 1.3333333333333333 0.125 0 0 0 0
16 7 1.3333333333333333 0.14583333333333331 0 0 0 0
16 8 1.3333333333333333 0.16666666666666666 0 0 0 0
16 9 1.3333333333333333 0.1875 0 0 0 0
16 10 1.3333333333333333 0.20833333333333331 7.0086216741150378e-11 7.0086216741150378e-11 0 0
16 11 1.3333333333333333 0.22916666666666666 7.7607186306058977e-05 7.7607186306058977e-05 0 0
16 12 1.3333333333333333 0.25 0.0036851344219608986 0.0036851344219608986 0 0
16 13 1.3333333333333333 0.27083333333333331 0.022258785132078598 0.022258785132078598 0 0
16 14 1.3333333333333333 0.29166666666666663 0.062410675000038739 0.062410675000038739 0 0
16 15 1.3333333333333333 0.3125 0.1208643346448426 0.1208643346448426 0 0
16 16 1.3333333333333333 0.33333333333333331 0.19018632350006412 0.19018632350006412 0 0
16 17 1.3333333333333333 0.35416666666666663 0.26305774545107113 0.26305774545107113 0 0
16 18 1.3333333333333333 0.375 0.33371968430515186 0.33371968430515186 0 0
16 19 1.3333333333333333 0.39583333333333331 0.39806724100608504 0.39806724100608504 0 0
16 20 1.3333333333333333 0.41666666666666663 0.45332805131170323 0.45332805131170323 0 0
16 21 1.3333333333333333 0.4375 0.49769724232513546 0.49769724232513546 0 0
16 22 1.3333333333333333 0.45833333333333331 0.53004037763928646 0.53004037763928646 0 0
16 23 1.3333333333333333 0.47916666666666663 0.54968136891201824 0.54968136891201824 0 0
16 24 1.3333333333333333 0.5 0.55626511995495365 0.55626511995495365 0 0
16 25 1.3333333333333333 0.52083333333333326 0.54968136891201824 0.54968136891201824 0 0
16 26 1.3333333333333333 0.54166666666666663 0.53004037763928646 0.53004037763928646 0 0
16 27 1.3333333333333333 0.5625 0.49769724232513546 0.49769724232513546 0 0
16 28 1.3333333333333333 0.58333333333333326 0.45332805131170345 0.45332805131170345 0 0
16 29 1.3333333333333333 0.60416666666666663 0.3980672410060852 0.3980672410060852 0 0
16 30 1.3333333333333333 0.625 0.33371968430515186 0.33371968430515186 0 0
16 31 1.3333333333333333 0.64583333333333326 0.26305774545107152 0.26305774545107152 0 0
16 32 1.3333333333333333 0.66666666666666663 0.19018632350006437 0.19018632350006437 0 0
16 33 1.3333333333333333 0.6875 0.1208643346448426 0.1208643346448426 0 0
16 34 1.3333333333333333 0.70833333333333326 0.062410675000038988 0.062410675000038988 0 0
16 35 1.3333333333333333 0.72916666666666663 0.022258785132078684 0.022258785132078684 0 0
16 36 1.3333333333333333 0.75 0.0036851344219608986 0.0036851344219608986 0 0
16 37 1.3333333333333333 0.77083333333333326 7.7607186306061321e-05 7.7607186306061321e-05 0 0
16 38 1.3333333333333333 0.79166666666666663 7.0086216741157849e-11 7.0086216741157849e-11 0 0
16 39 1.3333333333333333 0.8125 0 0 0 0
16 40 1.3333333333333333 0.83333333333333326 0 0 0 0
16 41 1.3333333333333333 0.85416666666666663 0 0 0 0
16 42 1.3333333333333333 0.875 0 0 0 0
16 43 1.3333333333333333 0.89583333333333326 0 0 0 0
16 44 1.3333333333333333 0.91666666666666663 0 0 0 0
16 45 1.3333333333333333 0.9375 0 0 0 0
16 46 1.3333333333333333 0.95833333333333326 0 0 0 0
16 47 1.3333333333333333 0.97916666666666663 0 0 0 0
16 48 1.3333333333333333 1 0 0 0 0
17 0 1.3541666666666667 0 0 0 0 0
17 1 1.3541666666666667 0.020833333333333332 0 0 0 0
17 2 1.3541666666666667 0.041666666666666664 0 0 0 0
17 3 1.3541666666666667 0.0625 0 0 0 0
17 4 1.3541666666666667 0.083333333333333329 0 0 0 0
17 5 1.3541666666666667 0.10416666666666666 0 0 0 0
17 6 1.3541666666666667 0.125 0 0 0 0
17 7 1.3541666666666667 0.14583333333333331 0 0 0 0
17 8 1.3541666666666667 0.16666666666666666 0 0 0 0
17 9 1.3541666666666667 0.1875 1.3101129146598468e-29 1.3101129146598468e-29 0 0
17 10 1.3541666666666667 0.20833333333333331 1.9301849379964259e-06 1.9301849379964259e-06 0 0
17 11 1.3541666666666667 0.22916666666666666 0.0011282939477579232 0.0011282939477579232 0 0
17 12 1.3541666666666667 0.25 0.013228064441431816 0.013228064441431816 0 0
17 13 1.3541666666666667 0.27083333333333331 0.048353189450643243 0.048353189450643243 0 0
17 14 1.3541666666666667 0.29166666666666663 0.10682475446674855 0.10682475446674855 0 0
17 15 1.3541666666666667 0.3125 0.18125874420673538 0.18125874420673538 0 0
17 16 1.3541666666666667 0.33333333333333331 0.26305774545107175 0.26305774545107175 0 0
17 17 1.3541666666666667 0.35416666666666663 0.34513149583055047 0.34513149583055047 0 0
17 18 1.3541666666666667 0.375 0.42236131308716912 0.42236131308716912 0 0
17 19 1.3541666666666667 0.39583333333333331 0.49129112620161153 0.49129112620161153 0 0
17 20 1.3541666666666667 0.41666666666666663 0.5496813689120188 0.5496813689120188 0 0
17 21 1.3541666666666667 0.4375 0.5961261997640388 0.5961261997640388 0 0
17 22 1.3541666666666667 0.45833333333333331 0.62977196379585343 0.62977196379585343 0 0
17 23 1.3541666666666667 0.47916666666666663 0.65012602789669405 0.65012602789669405 0 0
17 24 1.3541666666666667 0.5 0.65693640105726048 0.65693640105726048 0 0
17 25 1.3541666666666667 0.52083333333333326 0.65012602789669405 0.65012602789669405 0 0
17 26 1.3541666666666667 0.54166666666666663 0.62977196379585343 0.62977196379585343 0 0
17 27 1.3541666666666667 0.5625 0.5961261997640388 0.5961261997640388 0 0
17 28 1.3541666666666667 0.58333333333333326 0.54968136891201902 0.54968136891201902 0 0
17 29 1.3541666666666667 0.60416666666666663 0.49129112620161169 0.49129112620161169 0 0
17 30 1.3541666666666667 0.625 0.42236131308716912 0.42236131308716912 0 0
17 31 1.3541666666666667 0.64583333333333326 0.34513149583055086 0.34513149583055086 0 0
17 32 1.3541666666666667 0.66666666666666663 0.26305774545107197 0.26305774545107197 0 0
17 33 1.3541666666666667 0.6875 0.18125874420673538 0.18125874420673538 0 0
17 34 1.3541666666666667 0.70833333333333326 0.10682475446674888 0.10682475446674888 0 0
17 35 1.3541666666666667 0.72916666666666663 0.048353189450643375 0.048353189450643375 0 0
17 36 1.3541666666666667 0.75 0.013228064441431816 0.013228064441431816 0 0
17 37 1.3541666666666667 0.77083333333333326 0.0011282939477579434 0.0011282939477579434 0 0
17 38 1.3541666666666667 0.79166666666666663 1.9301849379965017e-06 1.9301849379965017e-06 0 0
17 39 1.3541666666666667 0.8125 1.3101129146598468e-29 1.3101129146598468e-29 0 0
17 40 1.3541666666666667 0.83333333333333326 0 0 0 0
17 41 1.3541666666666667 0.85416666666666663 0 0 0 0
17 42 1.3541666666666667 0.875 0 0 0 0
17 43 1.3541666666666667 0.89583333333333326 0 0 0 0
17 44 1.3541666666666667 0.91666666666666663 0 0 0 0
17 45 1.3541666666666667 0.9375 0 0 0 0
17 46 1.3541666666666667 0.95833333333333326 0 0 0 0
17 47 1.3541666666666667 0.97916666666666663 0 0 0 0
17 48 1.3541666666666667 1 0 0 0 0
18 0 1.375 0 0 0 0 0
18 1 1.375 0.020833333333333332 0 0 0 0
18 2 1.375 0.041666666666666664 0 0 0 0
18 3 1.375 0.0625 0 0 0 0
18 4 1.375 0.083333333333333329 0 0 0 0
18 5 1.375 0.10416666666666666 0 0 0 0
18 6 1.375 0.125 0 0 0 0
18 7 1.375 0.14583333333333331 0 0 0 0
18 8 1.375 0.16666666666666666 0 0 0 0
18 9 1.375 0.1875 2.121587939765929e-11 2.121587939765929e-11 0 0
18 10 1.375 0.20833333333333331 9.7498965545262796e-05 9.7498965545262796e-05 0 0
18 11 1.375 0.22916666666666666 0.004951174279616207 0.004951174279616207 0 0
18 12 1.375 0.25 0.029566102474155413 0.029566102474155413 0 0
18 13 1.375 0.27083333333333331 0.081497233630845031 0.081497233630845031 0 0
18 14 1.375 0.29166666666666663 0.15567944332365669 0.15567944332365669 0 0
18 15 1.375 0.3125 0.24265320270355303 0.24265320270355303 0 0
18 16 1.375 0.33333333333333331 0.33371968430515214 0.33371968430515214 0 0
18 17 1.375 0.35416666666666663 0.42236131308716873 0.42236131308716873 0 0
18 18 1.375 0.375 0.5041247574853277 0.5041247574853277 0 0
18 19 1.375 0.39583333333333331 0.57612112548066086 0.57612112548066086 0 0
18 20 1.375 0.41666666666666663 0.63654346791302741 0.63654346791302741 0 0
18 21 1.375 0.4375 0.68429739303442949 0.68429739303442949 0 0
18 22 1.375 0.45833333333333331 0.71874331286563642 0.71874331286563642 0 0
18 23 1.375 0.47916666666666663 0.73952645066353273 0.73952645066353273 0 0
18 24 1.375 0.5 0.74647163442292186 0.74647163442292186 0 0
18 25 1.375 0.52083333333333326 0.73952645066353273 0.73952645066353273 0 0
18 26 1.375 0.54166666666666663 0.71874331286563653 0.71874331286563653 0 0
18 27 1.375 0.5625 0.68429739303442949 0.68429739303442949 0 0
18 28 1.375 0.58333333333333326 0.63654346791302774 0.63654346791302774 0 0
18 29 1.375 0.60416666666666663 0.57612112548066108 0.57612112548066108 0 0
18 30 1.375 0.625 0.5041247574853277 0.5041247574853277 0 0
18 31 1.375 0.64583333333333326 0.42236131308716912 0.42236131308716912 0 0
18 32 1.375 0.66666666666666663 0.33371968430515242 0.33371968430515242 0 0
18 33 1.375 0.6875 0.24265320270355303 0.24265320270355303 0 0
18 34 1.375 0.70833333333333326 0.15567944332365705 0.15567944332365705 0 0
18 35 1.375 0.72916666666666663 0.081497233630845212 0.081497233630845212 0 0
18 36 1.375 0.75 0.029566102474155413 0.029566102474155413 0 0
18 37 1.375 0.77083333333333326 0.0049511742796162685 0.0049511742796162685 0 0
18 38 1.375 0.79166666666666663 9.749896554526487e-05 9.749896554526487e-05 0 0
18 39 1.375 0.8125 2.121587939765929e-11 2.121587939765929e-11 0 0
18 40 1.375 0.83333333333333326 0 0 0 0
18 41 1.375 0.85416666666666663 0 0 0 0
18 42 1.375 0.875 0 0 0 0
18 43 1.375 0.89583333333333326 0 0 0 0
18 44 1.375 0.91666666666666663 0 0 0 0
18 45 1.375 0.9375 0 0 0 0
18 46 1.375 0.95833333333333326 0 0 0 0
18 47 1.375 0.97916666666666663 0 0 0 0
18 48 1.375 1 0 0 0 0
19 0 1.3958333333333333 0 0 0 0 0
19 1 1.3958333333333333 0.020833333333333332 0 0 0 0
19 2 1.3958333333333333 0.041666666666666664 0 0 0 0
19 3 1.3958333333333333 0.0625 0 0 0 0
19 4 1.3958333333333333 0.083333333333333329 0 0 0 0
19 5 1.3958333333333333 0.10416666666666666 0 0 0 0
19 6 1.3958333333333333 0.125 0 0 0 0
19 7 1.3958333333333333 0.14583333333333331 0 0 0 0
19 8 1.3958333333333333 0.16666666666666666 0 1.4673482616650037e-197 0 0
19 9 1.3958333333333333 0.1875 1.8393473128857959e-07 1.8393473128857959e-07 0 0
19 10 1.3958333333333333 0.20833333333333331 0.000733630619828761 0.000733630619828761 0 0
19 11 1.3958333333333333 0.22916666666666666 0.012313010377095446 0.012313010377095446 0 0
19 12 1.3958333333333333 0.25 0.050549055364545688 0.050549055364545688 0 0
19 13 1.3958333333333333 0.27083333333333331 0.11726996948068288 0.11726996948068288 0 0
19 14 1.3958333333333333 0.29166666666666663 0.2039406564070326 0.2039406564070326 0 0
19 15 1.3958333333333333 0.3125 0.30032047353740987 0.30032047353740987 0 0
19 16 1.3958333333333333 0.33333333333333331 0.39806724100608515 0.39806724100608515 0 0
19 17 1.3958333333333333 0.35416666666666663 0.49129112620161092 0.49129112620161092 0 0
19 18 1.3958333333333333 0.375 0.57612112548066075 0.57612112548066075 0 0
19 19 1.3958333333333333 0.39583333333333331 0.65012602789669338 0.65012602789669338 0 0
19 20 1.3958333333333333 0.41666666666666663 0.71183405567289304 0.71183405567289304 0 0
19 21 1.3958333333333333 0.4375 0.76038647415192684 0.76038647415192684 0 0
19 22 1.3958333333333333 0.45833333333333331 0.79530328338701062 0.79530328338701062 0 0
19 23 1.3958333333333333 0.47916666666666663 0.81633150640175312 0.81633150640175312 0 0
19 24 1.3958333333333333 0.5 0.82335237118879401 0.82335237118879401 0 0
19 25 1.3958333333333333 0.52083333333333326 0.81633150640175312 0.81633150640175312 0 0
19 26 1.3958333333333333 0.54166666666666663 0.79530328338701062 0.79530328338701062 0 0
19 27 1.3958333333333333 0.5625 0.76038647415192684 0.76038647415192684 0 0
19 28 1.3958333333333333 0.58333333333333326 0.71183405567289326 0.71183405567289326 0 0
19 29 1.3958333333333333 0.60416666666666663 0.65012602789669371 0.65012602789669371 0 0
19 30 1.3958333333333333 0.625 0.57612112548066075 0.57612112548066075 0 0
19 31 1.3958333333333333 0.64583333333333326 0.49129112620161136 0.49129112620161136 0 0
19 32 1.3958333333333333 0.66666666666666663 0.39806724100608543 0.39806724100608543 0 0
19 33 1.3958333333333333 0.6875 0.30032047353740987 0.30032047353740987 0 0
19 34 1.3958333333333333 0.70833333333333326 0.20394065640703307 0.20394065640703307 0 0
19 35 1.3958333333333333 0.72916666666666663 0.11726996948068309 0.11726996948068309 0 0
19 36 1.3958333333333333 0.75 0.050549055364545688 0.050549055364545688 0 0
19 37 1.3958333333333333 0.77083333333333326 0.012313010377095555 0.012313010377095555 0 0
19 38 1.3958333333333333 0.79166666666666663 0.00073363061982876826 0.00073363061982876826 0 0
19 39 1.3958333333333333 0.8125 1.8393473128857959e-07 1.8393473128857959e-07 0 0
19 40 1.3958333333333333 0.83333333333333326 0 1.4673482617511653e-197 0 0
19 41 1.3958333333333333 0.85416666666666663 0 0 0 0
19 42 1.3958333333333333 0.875 0 0 0 0
19 43 1.3958333333333333 0.89583333333333326 0 0 0 0
19 44 1.3958333333333333 0.91666666666666663 0 0 0 0
19 45 1.3958333333333333 0.9375 0 0 0 0
19 46 1.3958333333333333 0.95833333333333326 0 0 0 0
19 47 1.3958333333333333 0.97916666666666663 0 0 0 0
19 48 1.3958333333333333 1 0 0 0 0
20 0 1.4166666666666667 0 0 0 0 0
20 1 1.4166666666666667 0.020833333333333332 0 0 0 0
20 2 1.4166666666666667 0.041666666666666664 0 0 0 0
20 3 1.4166666666666667 0.0625 0 0 0 0
20 4 1.4166666666666667 0.083333333333333329 0 0 0 0
20 5 1.4166666666666667 0.10416666666666666 0 0 0 0
20 6 1.4166666666666667 0.125 0 0 0 0
20 7 1.4166666666666667 0.14583333333333331 0 0 0 0
20 8 1.4166666666666667 0.16666666666666666 8.47433540461201e-24 8.47433540461201e-24 0 0
20 9 1.4166666666666667 0.1875 8.3966153967615925e-06 8.3966153967615925e-06 0 0
20 10 1.4166666666666667 0.20833333333333331 0.0023900369109441382 0.0023900369109441382 0 0
20 11 1.4166666666666667 0.22916666666666666 0.022258785132078684 0.022258785132078684 0 0
20 12 1.4166666666666667 0.25 0.07296312903663367 0.07296312903663367 0 0
20 13 1.4166666666666667 0.27083333333333331 0.15159653903216994 0.15159653903216994 0 0
20 14 1.4166666666666667 0.29166666666666663 0.24769115143763945 0.24769115143763945 0 0
20 15 1.4166666666666667 0.3125 0.35088736580402607 0.35088736580402607 0 0
20 16 1.4166666666666667 0.33333333333333331 0.45332805131170373 0.45332805131170373 0 0
20 17 1.4166666666666667 0.35416666666666663 0.54968136891201858 0.54968136891201858 0 0
20 18 1.4166666666666667 0.375 0.63654346791302774 0.63654346791302774 0 0
20 19 1.4166666666666667 0.39583333333333331 0.71183405567289348 0.71183405567289348 0 0
20 20 1.4166666666666667 0.41666666666666663 0.77433206279005551 0.77433206279005551 0 0
20 21 1.4166666666666667 0.4375 0.82335237118879445 0.82335237118879445 0 0
20 22 1.4166666666666667 0.45833333333333331 0.85853139327302941 0.85853139327302941 0 0
20 23 1.4166666666666667 0.47916666666666663 0.87968992285284597 0.87968992285284597 0 0
20 24 1.4166666666666667 0.5 0.88674989149381689 0.88674989149381689 0 0
20 25 1.4166666666666667 0.52083333333333326 0.87968992285284608 0.87968992285284608 0 0
20 26 1.4166666666666667 0.54166666666666663 0.85853139327302952 0.85853139327302952 0 0
20 27 1.4166666666666667 0.5625 0.82335237118879445 0.82335237118879445 0 0
20 28 1.4166666666666667 0.58333333333333326 0.77433206279005584 0.77433206279005584 0 0
20 29 1.4166666666666667 0.60416666666666663 0.71183405567289371 0.71183405567289371 0 0
20 30 1.4166666666666667 0.625 0.63654346791302774 0.63654346791302774 0 0
20 31 1.4166666666666667 0.64583333333333326 0.54968136891201913 0.54968136891201913 0 0
20 32 1.4166666666666667 0.66666666666666663 0.45332805131170401 0.45332805131170401 0 0
20 33 1.4166666666666667 0.6875 0.35088736580402607 0.35088736580402607 0 0
20 34 1.4166666666666667 0.70833333333333326 0.24769115143763995 0.24769115143763995 0 0
20 35 1.4166666666666667 0.72916666666666663 0.15159653903217021 0.15159653903217021 0 0
20 36 1.4166666666666667 0.75 0.07296312903663367 0.07296312903663367 0 0
20 37 1.4166666666666667 0.77083333333333326 0.022258785132078854 0.022258785132078854 0 0
20 38 1.4166666666666667 0.79166666666666663 0.0023900369109441551 0.0023900369109441551 0 0
20 39 1.4166666666666667 0.8125 8.3966153967615925e-06 8.3966153967615925e-06 0 0
20 40 1.4166666666666667 0.83333333333333326 8.4743354046192966e-24 8.4743354046192966e-24 0 0
20 41 1.4166666666666667 0.85416666666666663 0 0 0 0
20 42 1.4166666666666667 0.875 0 0 0 0
20 43 1.4166666666666667 0.89583333333333326 0 0 0 0
20 44 1.4166666666666667 0.91666666666666663 0 0 0 0
20 45 1.4166666666666667 0.9375 0 0 0 0
20 46 1.4166666666666667 0.95833333333333326 0 0 0 0
20 47 1.4166666666666667 0.97916666666666663 0 0 0 0
20 48 1.4166666666666667 1 0 0 0 0
21 0 1.4375 0 0 0 0 0
21 1 1.4375 0.020833333333333332 0 0 0 0
21 2 1.4375 0.041666666666666664 0 0 0 0
21 3 1.4375 0.0625 0 0 0 0
21 4 1.4375 0.083333333333333329 0 0 0 0
21 5 1.4375 0.10416666666666666 0 0 0 0
21 6 1.4375 0.125 0 0 0 0
21 7 1.4375 0.14583333333333331 0 0 0 0
21 8 1.4375 0.16666666666666666 4.453685275131811e-14 4.453685275131811e-14 0 0
21 9 1.4375 0.1875 6.119209537583896e-05 6.119209537583896e-05 0 0
21 10 1.4375 0.20833333333333331 0.004951174279616207 0.004951174279616207 0 0
21 11 1.4375 0.22916666666666666 0.032869973345082654 0.032869973345082654 0 0
21 12 1.4375 0.25 0.093697101665232485 0.093697101665232485 0 0
21 13 1.4375 0.27083333333333331 0.1812587442067351 0.1812587442067351 0 0
21 14 1.4375 0.29166666666666663 0.28411679042032323 0.28411679042032323 0 0
21 15 1.4375 0.3125 0.39206423492360387 0.39206423492360387 0 0
21 16 1.4375 0.33333333333333331 0.49769724232513579 0.49769724232513579 0 0
21 17 1.4375 0.35416666666666663 0.59612619976403836 0.59612619976403836 0 0
21 18 1.4375 0.375 0.68429739303442949 0.68429739303442949 0 0
21 19 1.4375 0.39583333333333331 0.76038647415192706 0.76038647415192706 0 0
21 20 1.4375 0.41666666666666663 0.82335237118879423 0.82335237118879423 0 0
21 21 1.4375 0.4375 0.87263336561256544 0.87263336561256544 0 0
21 22 1.4375 0.45833333333333331 0.90794804819269115 0.90794804819269115 0 0
21 23 1.4375 0.47916666666666663 0.92916904702215553 0.92916904702215553 0 0
21 24 1.4375 0.5 0.93624680862694787 0.93624680862694787 0 0
21 25 1.4375 0.52083333333333326 0.92916904702215564 0.92916904702215564 0 0
21 26 1.4375 0.54166666666666663 0.90794804819269115 0.90794804819269115 0 0
21 27 1.4375 0.5625 0.87263336561256544 0.87263336561256544 0 0
21 28 1.4375 0.58333333333333326 0.82335237118879445 0.82335237118879445 0 0
21 29 1.4375 0.60416666666666663 0.76038647415192728 0.76038647415192728 0 0
21 30 1.4375 0.625 0.68429739303442949 0.68429739303442949 0 0
21 31 1.4375 0.64583333333333326 0.5961261997640388 0.5961261997640388 0 0
21 32 1.4375 0.66666666666666663 0.49769724232513607 0.49769724232513607 0 0
21 33 1.4375 0.6875 0.39206423492360387 0.39206423492360387 0 0
21 34 1.4375 0.70833333333333326 0.28411679042032373 0.28411679042032373 0 0
21 35 1.4375 0.72916666666666663 0.18125874420673538 0.18125874420673538 0 0
21 36 1.4375 0.75 0.093697101665232485 0.093697101665232485 0 0
21 37 1.4375 0.77083333333333326 0.032869973345082869 0.032869973345082869 0 0
21 38 1.4375 0.79166666666666663 0.0049511742796162512 0.0049511742796162512 0 0
21 39 1.4375 0.8125 6.119209537583896e-05 6.119209537583896e-05 0 0
21 40 1.4375 0.83333333333333326 4.4536852751331716e-14 4.4536852751331716e-14 0 0
21 41 1.4375 0.85416666666666663 0 0 0 0
21 42 1.4375 0.875 0 0 0 0
21 43 1.4375 0.89583333333333326 0 0 0 0
21 44 1.4375 0.91666666666666663 0 0 0 0
21 45 1.4375 0.9375 0 0 0 0
21 46 1.4375 0.95833333333333326 0 0 0 0
21 47 1.4375 0.97916666666666663 0 0 0 0
21 48 1.4375 1 0 0 0 0
22 0 1.4583333333333333 0 0 0 0 0
22 1 1.4583333333333333 0.020833333333333332 0 0 0 0
22 2 1.4583333333333333 0.041666666666666664 0 0 0 0
22 3 1.4583333333333333 0.0625 0 0 0 0
22 4 1.4583333333333333 0.083333333333333329 0 0 0 0
22 5 1.4583333333333333 0.10416666666666666 0 0 0 0
22 6 1.4583333333333333 0.125 0 0 0 0
22 7 1.4583333333333333 0.14583333333333331 0 0 0 0
22 8 1.4583333333333333 0.16666666666666666 7.008621674115286e-11 7.008621674115286e-11 0 0
22 9 1.4583333333333333 0.1875 0.00018363610104469013 0.00018363610104469013 0 0
22 10 1.4583333333333333 0.20833333333333331 0.0077209857940175397 0.0077209857940175397 0 0
22 11 1.4583333333333333 0.22916666666666666 0.042115561639941623 0.042115561639941623 0 0
22 12 1.4583333333333333 0.25 0.11024986827113117 0.11024986827113117 0 0
22 13 1.4583333333333333 0.27083333333333331 0.20394065640703274 0.20394065640703274 0 0
22 14 1.4583333333333333 0.29166666666666663 0.31131005915121923 0.31131005915121923 0 0
22 15 1.4583333333333333 0.3125 0.42236131308716873 0.42236131308716873 0 0
22 16 1.4583333333333333 0.33333333333333331 0.53004037763928658 0.53004037763928658 0 0
22 17 1.4583333333333333 0.35416666666666663 0.62977196379585287 0.62977196379585287 0 0
22 18 1.4583333333333333 0.375 0.71874331286563631 0.71874331286563631 0 0
22 19 1.4583333333333333 0.39583333333333331 0.79530328338701062 0.79530328338701062 0 0
22 20 1.4583333333333333 0.41666666666666663 0.85853139327302908 0.85853139327302908 0 0
22 21 1.4583333333333333 0.4375 0.90794804819269104 0.90794804819269104 0 0
22 22 1.4583333333333333 0.45833333333333331 0.94332627707240813 0.94332627707240813 0 0
22 23 1.4583333333333333 0.47916666666666663 0.96457293385235887 0.96457293385235887 0 0
22 24 1.4583333333333333 0.5 0.97165725364665645 0.97165725364665645 0 0
22 25 1.4583333333333333 0.52083333333333326 0.96457293385235898 0.96457293385235898 0 0
22 26 1.4583333333333333 0.54166666666666663 0.94332627707240824 0.94332627707240824 0 0
22 27 1.4583333333333333 0.5625 0.90794804819269104 0.90794804819269104 0 0
22 28 1.4583333333333333 0.58333333333333326 0.8585313932730293 0.8585313932730293 0 0
22 29 1.4583333333333333 0.60416666666666663 0.79530328338701084 0.79530328338701084 0 0
22 30 1.4583333333333333 0.625 0.71874331286563631 0.71874331286563631 0 0
22 31 1.4583333333333333 0.64583333333333326 0.62977196379585332 0.62977196379585332 0 0
22 32 1.4583333333333333 0.66666666666666663 0.53004037763928691 0.53004037763928691 0 0
22 33 1.4583333333333333 0.6875 0.42236131308716873 0.42236131308716873 0 0
22 34 1.4583333333333333 0.70833333333333326 0.31131005915121968 0.31131005915121968 0 0
22 35 1.4583333333333333 0.72916666666666663 0.20394065640703307 0.20394065640703307 0 0
22 36 1.4583333333333333 0.75 0.11024986827113117 0.11024986827113117 0 0
22 37 1.4583333333333333 0.77083333333333326 0.042115561639941887 0.042115561639941887 0 0
22 38 1.4583333333333333 0.79166666666666663 0.0077209857940175805 0.0077209857940175805 0 0
22 39 1.4583333333333333 0.8125 0.00018363610104469013 0.00018363610104469013 0 0
22 40 1.4583333333333333 0.83333333333333326 7.0086216741165565e-11 7.0086216741165565e-11 0 0
22 41 1.4583333333333333 0.85416666666666663 0 0 0 0
22 42 1.4583333333333333 0.875 0 0 0 0
22 43 1.4583333333333333 0.89583333333333326 0 0 0 0
22 44 1.4583333333333333 0.91666666666666663 0 0 0 0
22 45 1.4583333333333333 0.9375 0 0 0 0
22 46 1.4583333333333333 0.95833333333333326 0 0 0 0
22 47 1.4583333333333333 0.97916666666666663 0 0 0 0
22 48 1.4583333333333333 1 0 0 0 0
23 0 1.4791666666666667 0 0 0 0 0
23 1 1.4791666666666667 0.020833333333333332 0 0 0 0
23 2 1.4791666666666667 0.041666666666666664 0 0 0 0
23 3 1.4791666666666667 0.0625 0 0 0 0
23 4 1.4791666666666667 0.083333333333333329 0 0 0 0
23 5 1.4791666666666667 0.10416666666666666 0 0 0 0
23 6 1.4791666666666667 0.125 0 0 0 0
23 7 1.4791666666666667 0.14583333333333331 0 0 0 0
23 8 1.4791666666666667 0.16666666666666666 1.4315604091392002e-09 1.4315604091392002e-09 0 0
23 9 1.4791666666666667 0.1875 0.00032328238724418424 0.00032328238724418424 0 0
23 10 1.4791666666666667 0.20833333333333331 0.0098307202356476536 0.0098307202356476536 0 0
23 11 1.4791666666666667 0.22916666666666666 0.048353189450643097 0.048353189450643097 0 0
23 12 1.4791666666666667 0.25 0.12086433464484282 0.12086433464484282 0 0
23 13 1.4791666666666667 0.27083333333333331 0.2181186875352166 0.2181186875352166 0 0
23 14 1.4791666666666667 0.29166666666666663 0.32806476011313002 0.32806476011313002 0 0
23 15 1.4791666666666667 0.3125 0.44086473259984038 0.44086473259984038 0 0
23 16 1.4791666666666667 0.33333333333333331 0.54968136891201846 0.54968136891201846 0 0
23 17 1.4791666666666667 0.35416666666666663 0.65012602789669371 0.65012602789669371 0 0
23 18 1.4791666666666667 0.375 0.73952645066353273 0.73952645066353273 0 0
23 19 1.4791666666666667 0.39583333333333331 0.81633150640175334 0.81633150640175334 0 0
23 20 1.4791666666666667 0.41666666666666663 0.87968992285284575 0.87968992285284575 0 0
23 21 1.4791666666666667 0.4375 0.92916904702215564 0.92916904702215564 0 0
23 22 1.4791666666666667 0.45833333333333331 0.96457293385235898 0.96457293385235898 0 0
23 23 1.4791666666666667 0.47916666666666663 0.98582790330268588 0.98582790330268588 0 0
23 24 1.4791666666666667 0.5 0.99291386195676512 0.99291386195676512 0 0
23 25 1.4791666666666667 0.52083333333333326 0.98582790330268588 0.98582790330268588 0 0
23 26 1.4791666666666667 0.54166666666666663 0.96457293385235909 0.96457293385235909 0 0
23 27 1.4791666666666667 0.5625 0.92916904702215564 0.92916904702215564 0 0
23 28 1.4791666666666667 0.58333333333333326 0.87968992285284608 0.87968992285284608 0 0
23 29 1.4791666666666667 0.60416666666666663 0.81633150640175356 0.81633150640175356 0 0
23 30 1.4791666666666667 0.625 0.73952645066353273 0.73952645066353273 0 0
23 31 1.4791666666666667 0.64583333333333326 0.65012602789669416 0.65012602789669416 0 0
23 32 1.4791666666666667 0.66666666666666663 0.54968136891201891 0.54968136891201891 0 0
23 33 1.4791666666666667 0.6875 0.44086473259984038 0.44086473259984038 0 0
23 34 1.4791666666666667 0.70833333333333326 0.32806476011313052 0.32806476011313052 0 0
23 35 1.4791666666666667 0.72916666666666663 0.21811868753521693 0.21811868753521693 0 0
23 36 1.4791666666666667 0.75 0.12086433464484282 0.12086433464484282 0 0
23 37 1.4791666666666667 0.77083333333333326 0.048353189450643375 0.048353189450643375 0 0
23 38 1.4791666666666667 0.79166666666666663 0.0098307202356477056 0.0098307202356477056 0 0
23 39 1.4791666666666667 0.8125 0.00032328238724418424 0.00032328238724418424 0 0
23 40 1.4791666666666667 0.83333333333333326 1.4315604091394035e-09 1.4315604091394035e-09 0 0
23 41 1.4791666666666667 0.85416666666666663 0 0 0 0
23 42 1.4791666666666667 0.875 0 0 0 0
23 43 1.4791666666666667 0.89583333333333326 0 0 0 0
23 44 1.4791666666666667 0.91666666666666663 0 0 0 0
23 45 1.4791666666666667 0.9375 0 0 0 0
23 46 1.4791666666666667 0.95833333333333326 0 0 0 0
23 47 1.4791666666666667 0.97916666666666663 0 0 0 0
23 48 1.4791666666666667 1 0 0 0 0
24 0 1.5 0 0 0 0 0
24 1 1.5 0.020833333333333332 0 0 0 0
24 2 1.5 0.041666666666666664 0 0 0 0
24 3 1.5 0.0625 0 0 0 0
24 4 1.5 0.083333333333333329 0 0 0 0
24 5 1.5 0.10416666666666666 0 0 0 0
24 6 1.5 0.125 0 0 0 0
24 7 1.5 0.14583333333333331 0 0 0 0
24 8 1.5 0.16666666666666666 3.3570772018073914e-09 3.3570772018073914e-09 0 0
24 9 1.5 0.1875 0.00038524339827320382 0.00038524339827320382 0 0
24 10 1.5 0.20833333333333331 0.010615346461976627 0.010615346461976627 0 0
24 11 1.5 0.22916666666666666 0.050549055364545688 0.050549055364545688 0 0
24 12 1.5 0.25 0.12451447144412292 0.12451447144412292 0 0
24 13 1.5 0.27083333333333331 0.22293650680729085 0.22293650680729085 0 0
24 14 1.5 0.29166666666666663 0.33371968430515203 0.33371968430515203 0 0
24 15 1.5 0.3125 0.44708392757968674 0.44708392757968674 0 0
24 16 1.5 0.33333333333333331 0.55626511995495398 0.55626511995495398 0 0
24 17 1.5 0.35416666666666663 0.65693640105725992 0.65693640105725992 0 0
24 18 1.5 0.375 0.74647163442292186 0.74647163442292186 0 0
24 19 1.5 0.39583333333333331 0.82335237118879423 0.82335237118879423 0 0
24 20 1.5 0.41666666666666663 0.88674989149381656 0.88674989149381656 0 0
24 21 1.5 0.4375 0.93624680862694787 0.93624680862694787 0 0
24 22 1.5 0.45833333333333331 0.97165725364665656 0.97165725364665656 0 0
24 23 1.5 0.47916666666666663 0.99291386195676501 0.99291386195676501 0 0
24 24 1.5 0.5 1 1 0 0
24 25 1.5 0.52083333333333326 0.99291386195676512 0.99291386195676512 0 0
24 26 1.5 0.54166666666666663 0.97165725364665656 0.97165725364665656 0 0
24 27 1.5 0.5625 0.93624680862694787 0.93624680862694787 0 0
24 28 1.5 0.58333333333333326 0.88674989149381689 0.88674989149381689 0 0
24 29 1.5 0.60416666666666663 0.82335237118879445 0.82335237118879445 0 0
24 30 1.5 0.625 0.74647163442292186 0.74647163442292186 0 0
24 31 1.5 0.64583333333333326 0.65693640105726048 0.65693640105726048 0 0
24 32 1.5 0.66666666666666663 0.55626511995495431 0.55626511995495431 0 0
24 33 1.5 0.6875 0.44708392757968674 0.44708392757968674 0 0
24 34 1.5 0.70833333333333326 0.33371968430515264 0.33371968430515264 0 0
24 35 1.5 0.72916666666666663 0.22293650680729113 0.22293650680729113 0 0
24 36 1.5 0.75 0.12451447144412292 0.12451447144412292 0 0
24 37 1.5 0.77083333333333326 0.050549055364545979 0.050549055364545979 0 0
24 38 1.5 0.79166666666666663 0.010615346461976701 0.010615346461976701 0 0
24 39 1.5 0.8125 0.00038524339827320382 0.00038524339827320382 0 0
24 40 1.5 0.83333333333333326 3.3570772018078327e-09 3.3570772018078327e-09 0 0
24 41 1.5 0.85416666666666663 0 0 0 0
24 42 1.5 0.875 0 0 0 0
24 43 1.5 0.89583333333333326 0 0 0 0
24 44 1.5 0.91666666666666663 0 0 0 0
24 45 1.5 0.9375 0 0 0 0
24 46 1.5 0.95833333333333326 0 0 0 0
24 47 1.5 0.97916666666666663 0 0 0 0
24 48 1.5 1 0 0 0 0
25 0 1.5208333333333333 0 0 0 0 0
25 1 1.5208333333333333 0.020833333333333332 0 0 0 0
25 2 1.5208333333333333 0.041666666666666664 0 0 0 0
25 3 1.5208333333333333 0.0625 0 0 0 0
25 4 1.5208333333333333 0.083333333333333329 0 0 0 0
25 5 1.5208333333333333 0.10416666666666666 0 0 0 0
25 6 1.5208333333333333 0.125 0 0 0 0
25 7 1.5208333333333333 0.14583333333333331 0 0 0 0
25 8 1.5208333333333333 0.16666666666666666 1.4315604091392002e-09 1.4315604091392002e-09 0 0
25 9 1.5208333333333333 0.1875 0.00032328238724418424 0.00032328238724418424 0 0
25 10 1.5208333333333333 0.20833333333333331 0.0098307202356476536 0.0098307202356476536 0 0
25 11 1.5208333333333333 0.22916666666666666 0.048353189450643097 0.048353189450643097 0 0
25 12 1.5208333333333333 0.25 0.12086433464484282 0.12086433464484282 0 0
25 13 1.5208333333333333 0.27083333333333331 0.2181186875352166 0.2181186875352166 0 0
25 14 1.5208333333333333 0.29166666666666663 0.32806476011313002 0.32806476011313002 0 0
25 15 1.5208333333333333 0.3125 0.44086473259984038 0.44086473259984038 0 0
25 16 1.5208333333333333 0.33333333333333331 0.54968136891201846 0.54968136891201846 0 0
25 17 1.5208333333333333 0.35416666666666663 0.65012602789669371 0.65012602789669371 0 0
25 18 1.5208333333333333 0.375 0.73952645066353273 0.73952645066353273 0 0
25 19 1.5208333333333333 0.39583333333333331 0.81633150640175334 0.81633150640175334 0 0
25 20 1.5208333333333333 0.41666666666666663 0.87968992285284575 0.87968992285284575 0 0
25 21 1.5208333333333333 0.4375 0.92916904702215564 0.92916904702215564 0 0
25 22 1.5208333333333333 0.45833333333333331 0.96457293385235898 0.96457293385235898 0 0
25 23 1.5208333333333333 0.47916666666666663 0.98582790330268588 0.98582790330268588 0 0
25 24 1.5208333333333333 0.5 0.99291386195676512 0.99291386195676512 0 0
25 25 1.5208333333333333 0.52083333333333326 0.98582790330268588 0.98582790330268588 0 0
25 26 1.5208333333333333 0.54166666666666663 0.96457293385235909 0.96457293385235909 0 0
25 27 1.5208333333333333 0.5625 0.92916904702215564 0.92916904702215564 0 0
25 28 1.5208333333333333 0.58333333333333326 0.87968992285284608 0.87968992285284608 0 0
25 29 1.5208333333333333 0.60416666666666663 0.81633150640175356 0.81633150640175356 0 0
25 30 1.5208333333333333 0.625 0.73952645066353273 0.73952645066353273 0 0
25 31 1.5208333333333333 0.64583333333333326 0.65012602789669416 0.65012602789669416 0 0
25 32 1.5208333333333333 0.66666666666666663 0.54968136891201891 0.54968136891201891 0 0
25 33 1.5208333333333333 0.6875 0.44086473259984038 0.44086473259984038 0 0
25 34 1.5208333333333333 0.70833333333333326 0.32806476011313052 0.32806476011313052 0 0
25 35 1.5208333333333333 0.72916666666666663 0.21811868753521693 0.21811868753521693 0 0
25 36 1.5208333333333333 0.75 0.12086433464484282 0.12086433464484282 0 0
25 37 1.5208333333333333 0.77083333333333326 0.048353189450643375 0.048353189450643375 0 0
25 38 1.5208333333333333 0.79166666666666663 0.0098307202356477056 0.0098307202356477056 0 0
25 39 1.5208333333333333 0.8125 0.00032328238724418424 0.00032328238724418424 0 0
25 40 1.5208333333333333 0.83333333333333326 1.4315604091394035e-09 1.4315604091394035e-09 0 0
25 41 1.5208333333333333 0.85416666666666663 0 0 0 0
25 42 1.5208333333333333 0.875 0 0 0 0
25 43 1.5208333333333333 0.89583333333333326 0 0 0 0
25 44 1.5208333333333333 0.91666666666666663 0 0 0 0
25 45 1.5208333333333333 0.9375 0 0 0 0
25 46 1.5208333333333333 0.95833333333333326 0 0 0 0
25 47 1.5208333333333333 0.97916666666666663 0 0 0 0
25 48 1.5208333333333333 1 0 0 0 0
26 0 1.5416666666666667 0 0 0 0 0
26 1 1.5416666666666667 0.020833333333333332 0 0 0 0
26 2 1.5416666666666667 0.041666666666666664 0 0 0 0
26 3 1.5416666666666667 0.0625 0 0 0 0
26 4 1.5416666666666667 0.083333333333333329 0 0 0 0
26 5 1.5416666666666667 0.10416666666666666 0 0 0 0
26 6 1.5416666666666667 0.125 0 0 0 0
26 7 1.5416666666666667 0.14583333333333331 0 0 0 0
26 8 1.5416666666666667 0.16666666666666666 7.008621674115286e-11 7.008621674115286e-11 0 0
26 9 1.5416666666666667 0.1875 0.00018363610104469013 0.00018363610104469013 0 0
26 10 1.5416666666666667 0.20833333333333331 0.0077209857940175397 0.0077209857940175397 0 0
26 11 1.5416666666666667 0.22916666666666666 0.042115561639941623 0.042115561639941623 0 0
26 12 1.5416666666666667 0.25 0.11024986827113117 0.11024986827113117 0 0
26 13 1.5416666666666667 0.27083333333333331 0.20394065640703274 0.20394065640703274 0 0
26 14 1.5416666666666667 0.29166666666666663 0.31131005915121923 0.31131005915121923 0 0
26 15 1.5416666666666667 0.3125 0.42236131308716873 0.42236131308716873 0 0
26 16 1.5416666666666667 0.33333333333333331 0.53004037763928658 0.53004037763928658 0 0
26 17 1.5416666666666667 0.35416666666666663 0.62977196379585287 0.62977196379585287 0 0
26 18 1.5416666666666667 0.375 0.71874331286563631 0.71874331286563631 0 0
26 19 1.5416666666666667 0.39583333333333331 0.79530328338701062 0.79530328338701062 0 0
26 20 1.5416666666666667 0.41666666666666663 0.85853139327302908 0.85853139327302908 0 0
26 21 1.5416666666666667 0.4375 0.90794804819269104 0.90794804819269104 0 0
26 22 1.5416666666666667 0.45833333333333331 0.94332627707240813 0.94332627707240813 0 0
26 23 1.5416666666666667 0.47916666666666663 0.96457293385235887 0.96457293385235887 0 0
26 24 1.5416666666666667 0.5 0.97165725364665645 0.97165725364665645 0 0
26 25 1.5416666666666667 0.52083333333333326 0.96457293385235898 0.96457293385235898 0 0
26 26 1.5416666666666667 0.54166666666666663 0.94332627707240824 0.94332627707240824 0 0
26 27 1.5416666666666667 0.5625 0.90794804819269104 0.90794804819269104 0 0
26 28 1.5416666666666667 0.58333333333333326 0.8585313932730293 0.8585313932730293 0 0
26 29 1.5416666666666667 0.60416666666666663 0.79530328338701084 0.79530328338701084 0 0
26 30 1.5416666666666667 0.625 0.71874331286563631 0.71874331286563631 0 0
26 31 1.5416666666666667 0.64583333333333326 0.62977196379585332 0.62977196379585332 0 0
26 32 1.5416666666666667 0.66666666666666663 0.53004037763928691 0.53004037763928691 0 0
26 33 1.5416666666666667 0.6875 0.42236131308716873 0.42236131308716873 0 0
26 34 1.5416666666666667 0.70833333333333326 0.31131005915121968 0.31131005915121968 0 0
26 35 1.5416666666666667 0.72916666666666663 0.20394065640703307 0.20394065640703307 0 0
26 36 1.5416666666666667 0.75 0.11024986827113117 0.11024986827113117 0 0
26 37 1.5416666666666667 0.77083333333333326 0.042115561639941887 0.042115561639941887 0 0
26 38 1.5416666666666667 0.79166666666666663 0.0077209857940175805 0.0077209857940175805 0 0
26 39 1.5416666666666667 0.8125 0.00018363610104469013 0.00018363610104469013 0 0
26 40 1.5416666666666667 0.83333333333333326 7.0086216741165565e-11 7.0086216741165565e-11 0 0
26 41 1.5416666666666667 0.85416666666666663 0 0 0 0
26 42 1.5416666666666667 0.875 0 0 0 0
26 43 1.5416666666666667 0.89583333333333326 0 0 0 0
26 44 1.5416666666666667 0.91666666666666663 0 0 0 0
26 45 1.5416666666666667 0.9375 0 0 0 0
26 46 1.5416666666666667 0.95833333333333326 0 0 0 0
26 47 1.5416666666666667 0.97916666666666663 0 0 0 0
26 48 1.5416666666666667 1 0 0 0 0
27 0 1.5625 0 0 0 0 0
27 1 1.5625 0.020833333333333332 0 0 0 0
27 2 1.5625 0.041666666666666664 0 0 0 0
27 3 1.5625 0.0625 0 0 0 0
27 4 1.5625 0.083333333333333329 0 0 0 0
27 5 1.5625 0.10416666666666666 0 0 0 0
27 6 1.5625 0.125 0 0 0 0
27 7 1.5625 0.14583333333333331 0 0 0 0
27 8 1.5625 0.16666666666666666 4.453685275131811e-14 4.453685275131811e-14 0 0
27 9 1.5625 0.1875 6.119209537583896e-05 6.119209537583896e-05 0 0
27 10 1.5625 0.20833333333333331 0.004951174279616207 0.004951174279616207 0 0
27 11 1.5625 0.22916666666666666 0.032869973345082654 0.032869973345082654 0 0
27 12 1.5625 0.25 0.093697101665232485 0.093697101665232485 0 0
27 13 1.5625 0.27083333333333331 0.1812587442067351 0.1812587442067351 0 0
27 14 1.5625 0.29166666666666663 0.28411679042032323 0.28411679042032323 0 0
27 15 1.5625 0.3125 0.39206423492360387 0.39206423492360387 0 0
27 16 1.5625 0.33333333333333331 0.49769724232513579 0.49769724232513579 0 0
27 17 1.5625 0.35416666666666663 0.59612619976403836 0.59612619976403836 0 0
27 18 1.5625 0.375 0.68429739303442949 0.68429739303442949 0 0
27 19 1.5625 0.39583333333333331 0.76038647415192706 0.76038647415192706 0 0
27 20 1.5625 0.41666666666666663 0.82335237118879423 0.82335237118879423 0 0
27 21 1.5625 0.4375 0.87263336561256544 0.87263336561256544 0 0
27 22 1.5625 0.45833333333333331 0.90794804819269115 0.90794804819269115 0 0
27 23 1.5625 0.47916666666666663 0.92916904702215553 0.92916904702215553 0 0
27 24 1.5625 0.5 0.93624680862694787 0.93624680862694787 0 0
27 25 1.5625 0.52083333333333326 0.92916904702215564 0.92916904702215564 0 0
27 26 1.5625 0.54166666666666663 0.90794804819269115 0.90794804819269115 0 0
27 27 1.5625 0.5625 0.87263336561256544 0.87263336561256544 0 0
27 28 1.5625 0.58333333333333326 0.82335237118879445 0.82335237118879445 0 0
27 29 1.5625 0.60416666666666663 0.76038647415192728 0.76038647415192728 0 0
27 30 1.5625 0.625 0.68429739303442949 0.68429739303442949 0 0
27 31 1.5625 0.64583333333333326 0.5961261997640388 0.5961261997640388 0 0
27 32 1.5625 0.66666666666666663 0.49769724232513607 0.49769724232513607 0 0
27 33 1.5625 0.6875 0.39206423492360387 0.39206423492360387 0 0
27 34 1.5625 0.70833333333333326 0.28411679042032373 0.28411679042032373 0 0
27 35 1.5625 0.72916666666666663 0.18125874420673538 0.18125874420673538 0 0
27 36 1.5625 0.75 0.093697101665232485 0.093697101665232485 0 0
27 37 1.5625 0.77083333333333326 0.032869973345082869 0.032869973345082869 0 0
27 38 1.5625 0.79166666666666663 0.0049511742796162512 0.0049511742796162512 0 0
27 39 1.5625 0.8125 6.119209537583896e-05 6.119209537583896e-05 0 0
27 40 1.5625 0.83333333333333326 4.4536852751331716e-14 4.4536852751331716e-14 0 0
27 41 1.5625 0.85416666666666663 0 0 0 0
27 42 1.5625 0.875 0 0 0 0
27 43 1.5625 0.89583333333333326 0 0 0 0
27 44 1.5625 0.91666666666666663 0 0 0 0
27 45 1.5625 0.9375 0 0 0 0
27 46 1.5625 0.95833333333333326 0 0 0 0
27 47 1.5625 0.97916666666666663 0 0 0 0
27 48 1.5625 1 0 0 0 0
28 0 1.5833333333333333 0 0 0 0 0
28 1 1.5833333333333333 0.020833333333333332 0 0 0 0
28 2 1.5833333333333333 0.041666666666666664 0 0 0 0
28 3 1.5833333333333333 0.0625 0 0 0 0
28 4 1.5833333333333333 0.083333333333333329 0 0 0 0
28 5 1.5833333333333333 0.10416666666666666 0 0 0 0
28 6 1.5833333333333333 0.125 0 0 0 0
28 7 1.5833333333333333 0.14583333333333331 0 0 0 0
28 8 1.5833333333333333 0.16666666666666666 8.47433540461201e-24 8.47433540461201e-24 0 0
28 9 1.5833333333333333 0.1875 8.3966153967615925e-06 8.3966153967615925e-06 0 0
28 10 1.5833333333333333 0.20833333333333331 0.0023900369109441382 0.0023900369109441382 0 0
28 11 1.5833333333333333 0.22916666666666666 0.022258785132078684 0.022258785132078684 0 0
28 12 1.5833333333333333 0.25 0.07296312903663367 0.07296312903663367 0 0
28 13 1.5833333333333333 0.27083333333333331 0.15159653903216994 0.15159653903216994 0 0
28 14 1.5833333333333333 0.29166666666666663 0.24769115143763945 0.24769115143763945 0 0
28 15 1.5833333333333333 0.3125 0.35088736580402607 0.35088736580402607 0 0
28 16 1.5833333333333333 0.33333333333333331 0.45332805131170373 0.45332805131170373 0 0
28 17 1.5833333333333333 0.35416666666666663 0.54968136891201858 0.54968136891201858 0 0
28 18 1.5833333333333333 0.375 0.63654346791302774 0.63654346791302774 0 0
28 19 1.5833333333333333 0.39583333333333331 0.71183405567289348 0.71183405567289348 0 0
28 20 1.5833333333333333 0.41666666666666663 0.77433206279005551 0.77433206279005551 0 0
28 21 1.5833333333333333 0.4375 0.82335237118879445 0.82335237118879445 0 0
28 22 1.5833333333333333 0.45833333333333331 0.85853139327302941 0.85853139327302941 0 0
28 23 1.5833333333333333 0.47916666666666663 0.87968992285284597 0.87968992285284597 0 0
28 24 1.5833333333333333 0.5 0.88674989149381689 0.88674989149381689 0 0
28 25 1.5833333333333333 0.52083333333333326 0.87968992285284608 0.87968992285284608 0 0
28 26 1.5833333333333333 0.54166666666666663 0.85853139327302952 0.85853139327302952 0 0
28 27 1.5833333333333333 0.5625 0.82335237118879445 0.82335237118879445 0 0
28 28 1.5833333333333333 0.58333333333333326 0.77433206279005584 0.77433206279005584 0 0
28 29 1.5833333333333333 0.60416666666666663 0.71183405567289371 0.71183405567289371 0 0
28 30 1.5833333333333333 0.625 0.63654346791302774 0.63654346791302774 0 0
28 31 1.5833333333333333 0.64583333333333326 0.54968136891201913 0.54968136891201913 0 0
28 32 1.5833333333333333 0.66666666666666663 0.45332805131170401 0.45332805131170401 0 0
28 33 1.5833333333333333 0.6875 0.35088736580402607 0.35088736580402607 0 0
28 34 1.5833333333333333 0.70833333333333326 0.24769115143763995 0.24769115143763995 0 0
28 35 1.5833333333333333 0.72916666666666663 0.15159653903217021 0.15159653903217021 0 0
28 36 1.5833333333333333 0.75 0.07296312903663367 0.07296312903663367 0 0
28 37 1.5833333333333333 0.77083333333333326 0.022258785132078854 0.022258785132078854 0 0
28 38 1.5833333333333333 0.79166666666666663 0.0023900369109441551 0.0023900369109441551 0 0
28 39 1.5833333333333333 0.8125 8.3966153967615925e-06 8.3966153967615925e-06 0 0
28 40 1.5833333333333333 0.83333333333333326 8.4743354046192966e-24 8.4743354046192966e-24 0 0
28 41 1.5833333333333333 0.85416666666666663 0 0 0 0
28 42 1.5833333333333333 0.875 0 0 0 0
28 43 1.5833333333333333 0.89583333333333326 0 0 0 0
28 44 1.5833333333333333 0.91666666666666663 0 0 0 0
28 45 1.5833333333333333 0.9375 0 0 0 0
28 46 1.5833333333333333 0.95833333333333326 0 0 0 0
28 47 1.5833333333333333 0.97916666666666663 0 0 0 0
28 48 1.5833333333333333 1 0 0 0 0
29 0 1.6041666666666667 0 0 0 0 0
29 1 1.6041666666666667 0.020833333333333332 0 0 0 0
29 2 1.6041666666666667 0.041666666666666664 0 0 0 0
29 3 1.6041666666666667 0.0625 0 0 0 0
29 4 1.6041666666666667 0.083333333333333329 0 0 0 0
29 5 1.6041666666666667 0.10416666666666666 0 0 0 0
29 6 1.6041666666666667 0.125 0 0 0 0
29 7 1.6041666666666667 0.14583333333333331 0 0 0 0
29 8 1.6041666666666667 0.16666666666666666 0 1.4673482616650037e-197 0 0
29 9 1.6041666666666667 0.1875 1.8393473128857959e-07 1.8393473128857959e-07 0 0
29 10 1.6041666666666667 0.20833333333333331 0.000733630619828761 0.000733630619828761 0 0
29 11 1.6041666666666667 0.22916666666666666 0.012313010377095446 0.012313010377095446 0 0
29 12 1.6041666666666667 0.25 0.050549055364545688 0.050549055364545688 0 0
29 13 1.6041666666666667 0.27083333333333331 0.11726996948068288 0.11726996948068288 0 0
29 14 1.6041666666666667 0.29166666666666663 0.2039406564070326 0.2039406564070326 0 0
29 15 1.6041666666666667 0.3125 0.30032047353740987 0.30032047353740987 0 0
29 16 1.6041666666666667 0.33333333333333331 0.39806724100608515 0.39806724100608515 0 0
29 17 1.6041666666666667 0.35416666666666663 0.49129112620161092 0.49129112620161092 0 0
29 18 1.6041666666666667 0.375 0.57612112548066075 0.57612112548066075 0 0
29 19 1.6041666666666667 0.39583333333333331 0.65012602789669338 0.65012602789669338 0 0
29 20 1.6041666666666667 0.41666666666666663 0.71183405567289304 0.71183405567289304 0 0
29 21 1.6041666666666667 0.4375 0.76038647415192684 0.76038647415192684 0 0
29 22 1.6041666666666667 0.45833333333333331 0.79530328338701062 0.79530328338701062 0 0
29 23 1.6041666666666667 0.47916666666666663 0.81633150640175312 0.81633150640175312 0 0
29 24 1.6041666666666667 0.5 0.82335237118879401 0.82335237118879401 0 0
29 25 1.6041666666666667 0.52083333333333326 0.81633150640175312 0.81633150640175312 0 0
29 26 1.6041666666666667 0.54166666666666663 0.79530328338701062 0.79530328338701062 0 0
29 27 1.6041666666666667 0.5625 0.76038647415192684 0.76038647415192684 0 0
29 28 1.6041666666666667 0.58333333333333326 0.71183405567289326 0.71183405567289326 0 0
29 29 1.6041666666666667 0.60416666666666663 0.65012602789669371 0.65012602789669371 0 0
29 30 1.6041666666666667 0.625 0.57612112548066075 0.57612112548066075 0 0
29 31 1.6041666666666667 0.64583333333333326 0.49129112620161136 0.49129112620161136 0 0
29 32 1.6041666666666667 0.66666666666666663 0.39806724100608543 0.39806724100608543 0 0
29 33 1.6041666666666667 0.6875 0.30032047353740987 0.30032047353740987 0 0
29 34 1.6041666666666667 0.70833333333333326 0.20394065640703307 0.20394065640703307 0 0
29 35 1.6041666666666667 0.72916666666666663 0.11726996948068309 0.11726996948068309 0 0
29 36 1.6041666666666667 0.75 0.050549055364545688 0.050549055364545688 0 0
29 37 1.6041666666666667 0.77083333333333326 0.012313010377095555 0.012313010377095555 0 0
29 38 1.6041666666666667 0.79166666666666663 0.00073363061982876826 0.00073363061982876826 0 0
29 39 1.6041666666666667 0.8125 1.8393473128857959e-07 1.8393473128857959e-07 0 0
29 40 1.6041666666666667 0.83333333333333326 0 1.4673482617511653e-197 0 0
29 41 1.6041666666666667 0.85416666666666663 0 0 0 0
29 42 1.6041666666666667 0.875 0 0 0 0
29 43 1.6041666666666667 0.89583333333333326 0 0 0 0
29 44 1.6041666666666667 0.91666666666666663 0 0 0 0
29 45 1.6041666666666667 0.9375 0 0 0 0
29 46 1.6041666666666667 0.95833333333333326 0 0 0 0
29 47 1.6041666666666667 0.97916666666666663 0 0 0 0
29 48 1.6041666666666667 1 0 0 0 0
30 0 1.625 0 0 0 0 0
30 1 1.625 0.020833333333333332 0 0 0 0
30 2 1.625 0.041666666666666664 0 0 0 0
30 3 1.625 0.0625 0 0 0 0
30 4 1.625 0.083333333333333329 0 0 0 0
30 5 1.625 0.10416666666666666 0 0 0 0
30 6 1.625 0.125 0 0 0 0
30 7 1.625 0.14583333333333331 0 0 0 0
30 8 1.625 0.16666666666666666 0 0 0 0
30 9 1.625 0.1875 2.121587939765929e-11 2.121587939765929e-11 0 0
30 10 1.625 0.20833333333333331 9.7498965545262796e-05 9.7498965545262796e-05 0 0
30 11 1.625 0.22916666666666666 0.004951174279616207 0.004951174279616207 0 0
30 12 1.625 0.25 0.029566102474155413 0.029566102474155413 0 0
30 13 1.625 0.27083333333333331 0.081497233630845031 0.081497233630845031 0 0
30 14 1.625 0.29166666666666663 0.15567944332365669 0.15567944332365669 0 0
30 15 1.625 0.3125 0.24265320270355303 0.24265320270355303 0 0
30 16 1.625 0.33333333333333331 0.33371968430515214 0.33371968430515214 0 0
30 17 1.625 0.35416666666666663 0.42236131308716873 0.42236131308716873 0 0
30 18 1.625 0.375 0.5041247574853277 0.5041247574853277 0 0
30 19 1.625 0.39583333333333331 0.57612112548066086 0.57612112548066086 0 0
30 20 1.625 0.41666666666666663 0.63654346791302741 0.63654346791302741 0 0
30 21 1.625 0.4375 0.68429739303442949 0.68429739303442949 0 0
30 22 1.625 0.45833333333333331 0.71874331286563642 0.71874331286563642 0 0
30 23 1.625 0.47916666666666663 0.73952645066353273 0.73952645066353273 0 0
30 24 1.625 0.5 0.74647163442292186 0.74647163442292186 0 0
30 25 1.625 0.52083333333333326 0.73952645066353273 0.73952645066353273 0 0
30 26 1.625 0.54166666666666663 0.71874331286563653 0.71874331286563653 0 0
30 27 1.625 0.5625 0.68429739303442949 0.68429739303442949 0 0
30 28 1.625 0.58333333333333326 0.63654346791302774 0.63654346791302774 0 0
30 29 1.625 0.60416666666666663 0.57612112548066108 0.57612112548066108 0 0
30 30 1.625 0.625 0.5041247574853277 0.5041247574853277 0 0
30 31 1.625 0.64583333333333326 0.42236131308716912 0.42236131308716912 0 0
30 32 1.625 0.66666666666666663 0.33371968430515242 0.33371968430515242 0 0
30 33 1.625 0.6875 0.24265320270355303 0.24265320270355303 0 0
30 34 1.625 0.70833333333333326 0.15567944332365705 0.15567944332365705 0 0
30 35 1.625 0.72916666666666663 0.081497233630845212 0.081497233630845212 0 0
30 36 1.625 0.75 0.029566102474155413 0.029566102474155413 0 0
30 37 1.625 0.77083333333333326 0.0049511742796162685 0.0049511742796162685 0 0
30 38 1.625 0.79166666666666663 9.749896554526487e-05 9.749896554526487e-05 0 0
30 39 1.625 0.8125 2.121587939765929e-11 2.121587939765929e-11 0 0
30 40 1.625 0.83333333333333326 0 0 0 0
30 41 1.625 0.85416666666666663 0 0 0 0
30 42 1.625 0.875 0 0 0 0
30 43 1.625 0.89583333333333326 0 0 0 0
30 44 1.625 0.91666666666666663 0 0 0 0
30 45 1.625 0.9375 0 0 0 0
30 46 1.625 0.95833333333333326 0 0 0 0
30 47 1.625 0.97916666666666663 0 0 0 0
30 48 1.625 1 0 0 0 0
31 0 1.6458333333333333 0 0 0 0 0
31 1 1.6458333333333333 0.020833333333333332 0 0 0 0
31 2 1.6458333333333333 0.041666666666666664 0 0 0 0
31 3 1.6458333333333333 0.0625 0 0 0 0
31 4 1.6458333333333333 0.083333333333333329 0 0 0 0
31 5 1.6458333333333333 0.10416666666666666 0 0 0 0
31 6 1.6458333333333333 0.125 0 0 0 0
31 7 1.6458333333333333 0.14583333333333331 0 0 0 0
31 8 1.6458333333333333 0.16666666666666666 0 0 0 0
31 9 1.6458333333333333 0.1875 1.3101129146598468e-29 1.3101129146598468e-29 0 0
31 10 1.6458333333333333 0.20833333333333331 1.9301849379964259e-06 1.9301849379964259e-06 0 0
31 11 1.6458333333333333 0.22916666666666666 0.0011282939477579232 0.0011282939477579232 0 0
31 12 1.6458333333333333 0.25 0.013228064441431816 0.013228064441431816 0 0
31 13 1.6458333333333333 0.27083333333333331 0.048353189450643243 0.048353189450643243 0 0
31 14 1.6458333333333333 0.29166666666666663 0.10682475446674855 0.10682475446674855 0 0
31 15 1.6458333333333333 0.3125 0.18125874420673538 0.18125874420673538 0 0
31 16 1.6458333333333333 0.33333333333333331 0.26305774545107175 0.26305774545107175 0 0
31 17 1.6458333333333333 0.35416666666666663 0.34513149583055047 0.34513149583055047 0 0
31 18 1.6458333333333333 0.375 0.42236131308716912 0.42236131308716912 0 0
31 19 1.6458333333333333 0.39583333333333331 0.49129112620161153 0.49129112620161153 0 0
31 20 1.6458333333333333 0.41666666666666663 0.5496813689120188 0.5496813689120188 0 0
31 21 1.6458333333333333 0.4375 0.5961261997640388 0.5961261997640388 0 0
31 22 1.6458333333333333 0.45833333333333331 0.62977196379585343 0.62977196379585343 0 0
31 23 1.6458333333333333 0.47916666666666663 0.65012602789669405 0.65012602789669405 0 0
31 24 1.6458333333333333 0.5 0.65693640105726048 0.65693640105726048 0 0
31 25 1.6458333333333333 0.52083333333333326 0.65012602789669405 0.65012602789669405 0 0
31 26 1.6458333333333333 0.54166666666666663 0.62977196379585343 0.62977196379585343 0 0
31 27 1.6458333333333333 0.5625 0.5961261997640388 0.5961261997640388 0 0
31 28 1.6458333333333333 0.58333333333333326 0.54968136891201902 0.54968136891201902 0 0
31 29 1.6458333333333333 0.60416666666666663 0.49129112620161169 0.49129112620161169 0 0
31 30 1.6458333333333333 0.625 0.42236131308716912 0.42236131308716912 0 0
31 31 1.6458333333333333 0.64583333333333326 0.34513149583055086 0.34513149583055086 0 0
31 32 1.6458333333333333 0.66666666666666663 0.26305774545107197 0.26305774545107197 0 0
31 33 1.6458333333333333 0.6875 0.18125874420673538 0.18125874420673538 0 0
31 34 1.6458333333333333 0.70833333333333326 0.10682475446674888 0.10682475446674888 0 0
31 35 1.6458333333333333 0.72916666666666663 0.048353189450643375 0.048353189450643375 0 0
31 36 1.6458333333333333 0.75 0.013228064441431816 0.013228064441431816 0 0
31 37 1.6458333333333333 0.77083333333333326 0.0011282939477579434 0.0011282939477579434 0 0
31 38 1.6458333333333333 0.79166666666666663 1.9301849379965017e-06 1.9301849379965017e-06 0 0
31 39 1.6458333333333333 0.8125 1.3101129146598468e-29 1.3101129146598468e-29 0 0
31 40 1.6458333333333333 0.83333333333333326 0 0 0 0
31 41 1.6458333333333333 0.85416666666666663 0 0 0 0
31 42 1.6458333333333333 0.875 0 0 0 0
31 43 1.6458333333333333 0.89583333333333326 0 0 0 0
31 44 1.6458333333333333 0.91666666666666663 0 0 0 0
31 45 1.6458333333333333 0.9375 0 0 0 0
31 46 1.6458333333333333 0.95833333333333326 0 0 0 0
31 47 1.6458333333333333 0.97916666666666663 0 0 0 0
31 48 1.6458333333333333 1 0 0 0 0
32 0 1.6666666666666665 0 0 0 0 0
32 1 1.6666666666666665 0.020833333333333332 0 0 0 0
32 2 1.6666666666666665 0.041666666666666664 0 0 0 0
32 3 1.6666666666666665 0.0625 0 0 0 0
32 4 1.6666666666666665 0.083333333333333329 0 0 0 0
32 5 1.6666666666666665 0.10416666666666666 0 0 0 0
32 6 1.6666666666666665 0.125 0 0 0 0
32 7 1.6666666666666665 0.14583333333333331 0 0 0 0
32 8 1.6666666666666665 0.16666666666666666 0 0 0 0
32 9 1.6666666666666665 0.1875 0 0 0 0
32 10 1.6666666666666665 0.20833333333333331 7.0086216741165565e-11 7.0086216741165565e-11 0 0
32 11 1.6666666666666665 0.22916666666666666 7.7607186306061877e-05 7.7607186306061877e-05 0 0
32 12 1.6666666666666665 0.25 0.0036851344219609606 0.0036851344219609606 0 0
32 13 1.6666666666666665 0.27083333333333331 0.022258785132078813 0.022258785132078813 0 0
32 14 1.6666666666666665 0.29166666666666663 0.062410675000039127 0.062410675000039127 0 0
32 15 1.6666666666666665 0.3125 0.1208643346448432 0.1208643346448432 0 0
32 16 1.6666666666666665 0.33333333333333331 0.19018632350006498 0.19018632350006498 0 0
32 17 1.6666666666666665 0.35416666666666663 0.26305774545107202 0.26305774545107202 0 0
32 18 1.6666666666666665 0.375 0.33371968430515292 0.33371968430515292 0 0
32 19 1.6666666666666665 0.39583333333333331 0.39806724100608615 0.39806724100608615 0 0
32 20 1.6666666666666665 0.41666666666666663 0.45332805131170439 0.45332805131170439 0 0
32 21 1.6666666666666665 0.4375 0.49769724232513662 0.49769724232513662 0 0
32 22 1.6666666666666665 0.45833333333333331 0.53004037763928757 0.53004037763928757 0 0
32 23 1.6666666666666665 0.47916666666666663 0.54968136891201924 0.54968136891201924 0 0
32 24 1.6666666666666665 0.5 0.55626511995495487 0.55626511995495487 0 0
32 25 1.6666666666666665 0.52083333333333326 0.54968136891201935 0.54968136891201935 0 0
32 26 1.6666666666666665 0.54166666666666663 0.53004037763928757 0.53004037763928757 0 0
32 27 1.6666666666666665 0.5625 0.49769724232513662 0.49769724232513662 0 0
32 28 1.6666666666666665 0.58333333333333326 0.45332805131170456 0.45332805131170456 0 0
32 29 1.6666666666666665 0.60416666666666663 0.39806724100608631 0.39806724100608631 0 0
32 30 1.6666666666666665 0.625 0.33371968430515292 0.33371968430515292 0 0
32 31 1.6666666666666665 0.64583333333333326 0.26305774545107241 0.26305774545107241 0 0
32 32 1.6666666666666665 0.66666666666666663 0.19018632350006523 0.19018632350006523 0 0
32 33 1.6666666666666665 0.6875 0.1208643346448432 0.1208643346448432 0 0
32 34 1.6666666666666665 0.70833333333333326 0.062410675000039453 0.062410675000039453 0 0
32 35 1.6666666666666665 0.72916666666666663 0.022258785132078893 0.022258785132078893 0 0
32 36 1.6666666666666665 0.75 0.0036851344219609606 0.0036851344219609606 0 0
32 37 1.6666666666666665 0.77083333333333326 7.7607186306064764e-05 7.7607186306064764e-05 0 0
32 38 1.6666666666666665 0.79166666666666663 7.0086216741170786e-11 7.0086216741170786e-11 0 0
32 39 1.6666666666666665 0.8125 0 0 0 0
32 40 1.6666666666666665 0.83333333333333326 0 0 0 0
32 41 1.6666666666666665 0.85416666666666663 0 0 0 0
32 42 1.6666666666666665 0.875 0 0 0 0
32 43 1.6666666666666665 0.89583333333333326 0 0 0 0
32 44 1.6666666666666665 0.91666666666666663 0 0 0 0
32 45 1.6666666666666665 0.9375 0 0 0 0
32 46 1.6666666666666665 0.95833333333333326 0 0 0 0
32 47 1.6666666666666665 0.97916666666666663 0 0 0 0
32 48 1.6666666666666665 1 0 0 0 0
33 0 1.6875 0 0 0 0 0
33 1 1.6875 0.020833333333333332 0 0 0 0
33 2 1.6875 0.041666666666666664 0 0 0 0
33 3 1.6875 0.0625 0 0 0 0
33 4 1.6875 0.083333333333333329 0 0 0 0
33 5 1.6875 0.10416666666666666 0 0 0 0
33 6 1.6875 0.125 0 0 0 0
33 7 1.6875 0.14583333333333331 0 0 0 0
33 8 1.6875 0.16666666666666666 0 0 0 0
33 9 1.6875 0.1875 0 0 0 0
33 10 1.6875 0.20833333333333331 1.213760556523038e-46 1.213760556523038e-46 0 0
33 11 1.6875 0.22916666666666666 1.8393473128857959e-07 1.8393473128857959e-07 0 0
33 12 1.6875 0.25 0.00038524339827320382 0.00038524339827320382 0 0
33 13 1.6875 0.27083333333333331 0.0065068792599055755 0.0065068792599055755 0 0
33 14 1.6875 0.29166666666666663 0.027996891473951784 0.027996891473951784 0 0
33 15 1.6875 0.3125 0.067568675841991457 0.067568675841991457 0 0
33 16 1.6875 0.33333333333333331 0.12086433464484271 0.12086433464484271 0 0
33 17 1.6875 0.35416666666666663 0.1812587442067351 0.1812587442067351 0 0
33 18 1.6875 0.375 0.24265320270355303 0.24265320270355303 0 0
33 19 1.6875 0.39583333333333331 0.30032047353740998 0.30032047353740998 0 0
33 20 1.6875 0.41666666666666663 0.3508873658040258 0.3508873658040258 0 0
33 21 1.6875 0.4375 0.39206423492360387 0.39206423492360387 0 0
33 22 1.6875 0.45833333333333331 0.42236131308716879 0.42236131308716879 0 0
33 23 1.6875 0.47916666666666663 0.44086473259984038 0.44086473259984038 0 0
33 24 1.6875 0.5 0.44708392757968674 0.44708392757968674 0 0
33 25 1.6875 0.52083333333333326 0.44086473259984038 0.44086473259984038 0 0
33 26 1.6875 0.54166666666666663 0.4223613130871689 0.4223613130871689 0 0
33 27 1.6875 0.5625 0.39206423492360387 0.39206423492360387 0 0
33 28 1.6875 0.58333333333333326 0.35088736580402607 0.35088736580402607 0 0
33 29 1.6875 0.60416666666666663 0.3003204735374102 0.3003204735374102 0 0
33 30 1.6875 0.625 0.24265320270355303 0.24265320270355303 0 0
33 31 1.6875 0.64583333333333326 0.18125874420673538 0.18125874420673538 0 0
33 32 1.6875 0.66666666666666663 0.12086433464484293 0.12086433464484293 0 0
33 33 1.6875 0.6875 0.067568675841991457 0.067568675841991457 0 0
33 34 1.6875 0.70833333333333326 0.027996891473951933 0.027996891473951933 0 0
33 35 1.6875 0.72916666666666663 0.0065068792599056102 0.0065068792599056102 0 0
33 36 1.6875 0.75 0.00038524339827320382 0.00038524339827320382 0 0
33 37 1.6875 0.77083333333333326 1.8393473128859235e-07 1.8393473128859235e-07 0 0
33 38 1.6875 0.79166666666666663 1.2137605565254357e-46 1.2137605565254357e-46 0 0
33 39 1.6875 0.8125 0 0 0 0
33 40 1.6875 0.83333333333333326 0 0 0 0
33 41 1.6875 0.85416666666666663 0 0 0 0
33 42 1.6875 0.875 0 0 0 0
33 43 1.6875 0.89583333333333326 0 0 0 0
33 44 1.6875 0.91666666666666663 0 0 0 0
33 45 1.6875 0.9375 0 0 0 0
33 46 1.6875 0.95833333333333326 0 0 0 0
33 47 1.6875 0.97916666666666663 0 0 0 0
33 48 1.6875 1 0 0 0 0
34 0 1.7083333333333333 0 0 0 0 0
34 1 1.7083333333333333 0.020833333333333332 0 0 0 0
34 2 1.7083333333333333 0.041666666666666664 0 0 0 0
34 3 1.7083333333333333 0.0625 0 0 0 0
34 4 1.7083333333333333 0.083333333333333329 0 0 0 0
34 5 1.7083333333333333 0.10416666666666666 0 0 0 0
34 6 1.7083333333333333 0.125 0 0 0 0
34 7 1.7083333333333333 0.14583333333333331 0 0 0 0
34 8 1.7083333333333333 0.16666666666666666 0 0 0 0
34 9 1.7083333333333333 0.1875 0 0 0 0
34 10 1.7083333333333333 0.20833333333333331 0 0 0 0
34 11 1.7083333333333333 0.22916666666666666 2.2526123479942299e-18 2.2526123479942299e-18 0 0
34 12 1.7083333333333333 0.25 2.8691168992541088e-06 2.8691168992541088e-06 0 0
34 13 1.7083333333333333 0.27083333333333331 0.00073363061982877151 0.00073363061982877151 0 0
34 14 1.7083333333333333 0.29166666666666663 0.0077209857940175805 0.0077209857940175805 0 0
34 15 1.7083333333333333 0.3125 0.027996891473951933 0.027996891473951933 0 0
34 16 1.7083333333333333 0.33333333333333331 0.062410675000039044 0.062410675000039044 0 0
34 17 1.7083333333333333 0.35416666666666663 0.10682475446674865 0.10682475446674865 0 0
34 18 1.7083333333333333 0.375 0.15567944332365705 0.15567944332365705 0 0
34 19 1.7083333333333333 0.39583333333333331 0.20394065640703318 0.20394065640703318 0 0
34 20 1.7083333333333333 0.41666666666666663 0.24769115143763978 0.24769115143763978 0 0
34 21 1.7083333333333333 0.4375 0.28411679042032373 0.28411679042032373 0 0
34 22 1.7083333333333333 0.45833333333333331 0.31131005915121984 0.31131005915121984 0 0
34 23 1.7083333333333333 0.47916666666666663 0.32806476011313052 0.32806476011313052 0 0
34 24 1.7083333333333333 0.5 0.33371968430515264 0.33371968430515264 0 0
34 25 1.7083333333333333 0.52083333333333326 0.32806476011313052 0.32806476011313052 0 0
34 26 1.7083333333333333 0.54166666666666663 0.3113100591512199 0.3113100591512199 0 0
34 27 1.7083333333333333 0.5625 0.28411679042032373 0.28411679042032373 0 0
34 28 1.7083333333333333 0.58333333333333326 0.24769115143763995 0.24769115143763995 0 0
34 29 1.7083333333333333 0.60416666666666663 0.20394065640703332 0.20394065640703332 0 0
34 30 1.7083333333333333 0.625 0.15567944332365705 0.15567944332365705 0 0
34 31 1.7083333333333333 0.64583333333333326 0.10682475446674888 0.10682475446674888 0 0
34 32 1.7083333333333333 0.66666666666666663 0.06241067500003921 0.06241067500003921 0 0
34 33 1.7083333333333333 0.6875 0.027996891473951933 0.027996891473951933 0 0
34 34 1.7083333333333333 0.70833333333333326 0.007720985794017643 0.007720985794017643 0 0
34 35 1.7083333333333333 0.72916666666666663 0.00073363061982877867 0.00073363061982877867 0 0
34 36 1.7083333333333333 0.75 2.8691168992541088e-06 2.8691168992541088e-06 0 0
34 37 1.7083333333333333 0.77083333333333326 2.2526123479951582e-18 2.2526123479951582e-18 0 0
34 38 1.7083333333333333 0.79166666666666663 0 0 0 0
34 39 1.7083333333333333 0.8125 0 0 0 0
34 40 1.7083333333333333 0.83333333333333326 0 0 0 0
34 41 1.7083333333333333 0.85416666666666663 0 0 0 0
34 42 1.7083333333333333 0.875 0 0 0 0
34 43 1.7083333333333333 0.89583333333333326 0 0 0 0
34 44 1.7083333333333333 0.91666666666666663 0 0 0 0
34 45 1.7083333333333333 0.9375 0 0 0 0
34 46 1.7083333333333333 0.95833333333333326 0 0 0 0
34 47 1.7083333333333333 0.97916666666666663 0 0 0 0
34 48 1.7083333333333333 1 0 0 0 0
35 0 1.7291666666666665 0 0 0 0 0
35 1 1.7291666666666665 0.020833333333333332 0 0 0 0
35 2 1.7291666666666665 0.041666666666666664 0 0 0 0
35 3 1.7291666666666665 0.0625 0 0 0 0
35 4 1.7291666666666665 0.083333333333333329 0 0 0 0
35 5 1.7291666666666665 0.10416666666666666 0 0 0 0
35 6 1.7291666666666665 0.125 0 0 0 0
35 7 1.7291666666666665 0.14583333333333331 0 0 0 0
35 8 1.7291666666666665 0.16666666666666666 0 0 0 0
35 9 1.7291666666666665 0.1875 0 0 0 0
35 10 1.7291666666666665 0.20833333333333331 0 0 0 0
35 11 1.7291666666666665 0.22916666666666666 0 0 0 0
35 12 1.7291666666666665 0.25 4.4536852751334405e-14 4.4536852751334405e-14 0 0
35 13 1.7291666666666665 0.27083333333333331 5.9755584385929114e-06 5.9755584385929114e-06 0 0
35 14 1.7291666666666665 0.29166666666666663 0.00073363061982877867 0.00073363061982877867 0 0
35 15 1.7291666666666665 0.3125 0.0065068792599056622 0.0065068792599056622 0 0
35 16 1.7291666666666665 0.33333333333333331 0.022258785132078893 0.022258785132078893 0 0
35 17 1.7291666666666665 0.35416666666666663 0.048353189450643437 0.048353189450643437 0 0
35 18 1.7291666666666665 0.375 0.081497233630845503 0.081497233630845503 0 0
35 19 1.7291666666666665 0.39583333333333331 0.11726996948068356 0.11726996948068356 0 0
35 20 1.7291666666666665 0.41666666666666663 0.15159653903217057 0.15159653903217057 0 0
35 21 1.7291666666666665 0.4375 0.18125874420673591 0.18125874420673591 0 0
35 22 1.7291666666666665 0.45833333333333331 0.20394065640703365 0.20394065640703365 0 0
35 23 1.7291666666666665 0.47916666666666663 0.2181186875352174 0.2181186875352174 0 0
35 24 1.7291666666666665 0.5 0.22293650680729174 0.22293650680729174 0 0
35 25 1.7291666666666665 0.52083333333333326 0.2181186875352174 0.2181186875352174 0 0
35 26 1.7291666666666665 0.54166666666666663 0.20394065640703374 0.20394065640703374 0 0
35 27 1.7291666666666665 0.5625 0.18125874420673591 0.18125874420673591 0 0
35 28 1.7291666666666665 0.58333333333333326 0.15159653903217066 0.15159653903217066 0 0
35 29 1.7291666666666665 0.60416666666666663 0.11726996948068368 0.11726996948068368 0 0
35 30 1.7291666666666665 0.625 0.081497233630845503 0.081497233630845503 0 0
35 31 1.7291666666666665 0.64583333333333326 0.048353189450643652 0.048353189450643652 0 0
35 32 1.7291666666666665 0.66666666666666663 0.022258785132078941 0.022258785132078941 0 0
35 33 1.7291666666666665 0.6875 0.0065068792599056622 0.0065068792599056622 0 0
35 34 1.7291666666666665 0.70833333333333326 0.00073363061982879298 0.00073363061982879298 0 0
35 35 1.7291666666666665 0.72916666666666663 5.9755584385930487e-06 5.9755584385930487e-06 0 0
35 36 1.7291666666666665 0.75 4.4536852751334405e-14 4.4536852751334405e-14 0 0
35 37 1.7291666666666665 0.77083333333333326 0 0 0 0
35 38 1.7291666666666665 0.79166666666666663 0 0 0 0
35 39 1.7291666666666665 0.8125 0 0 0 0
35 40 1.7291666666666665 0.83333333333333326 0 0 0 0
35 41 1.7291666666666665 0.85416666666666663 0 0 0 0
35 42 1.7291666666666665 0.875 0 0 0 0
35 43 1.7291666666666665 0.89583333333333326 0 0 0 0
35 44 1.7291666666666665 0.91666666666666663 0 0 0 0
35 45 1.7291666666666665 0.9375 0 0 0 0
35 46 1.7291666666666665 0.95833333333333326 0 0 0 0
35 47 1.7291666666666665 0.97916666666666663 0 0 0 0
35 48 1.7291666666666665 1 0 0 0 0
36 0 1.75 0 0 0 0 0
36 1 1.75 0.020833333333333332 0 0 0 0
36 2 1.75 0.041666666666666664 0 0 0 0
36 3 1.75 0.0625 0 0 0 0
36 4 1.75 0.083333333333333329 0 0 0 0
36 5 1.75 0.10416666666666666 0 0 0 0
36 6 1.75 0.125 0 0 0 0
36 7 1.75 0.14583333333333331 0 0 0 0
36 8 1.75 0.16666666666666666 0 0 0 0
36 9 1.75 0.1875 0 0 0 0
36 10 1.75 0.20833333333333331 0 0 0 0
36 11 1.75 0.22916666666666666 0 0 0 0
36 12 1.75 0.25 0 0 0 0
36 13 1.75 0.27083333333333331 4.4536852751320798e-14 4.4536852751320798e-14 0 0
36 14 1.75 0.29166666666666663 2.8691168992540021e-06 2.8691168992540021e-06 0 0
36 15 1.75 0.3125 0.00038524339827320382 0.00038524339827320382 0 0
36 16 1.75 0.33333333333333331 0.0036851344219609116 0.0036851344219609116 0 0
36 17 1.75 0.35416666666666663 0.013228064441431745 0.013228064441431745 0 0
36 18 1.75 0.375 0.029566102474155413 0.029566102474155413 0 0
36 19 1.75 0.39583333333333331 0.050549055364545757 0.050549055364545757 0 0
36 20 1.75 0.41666666666666663 0.072963129036633573 0.072963129036633573 0 0
36 21 1.75 0.4375 0.093697101665232485 0.093697101665232485 0 0
36 22 1.75 0.45833333333333331 0.11024986827113117 0.11024986827113117 0 0
36 23 1.75 0.47916666666666663 0.12086433464484282 0.12086433464484282 0 0
36 24 1.75 0.5 0.12451447144412292 0.12451447144412292 0 0
36 25 1.75 0.52083333333333326 0.12086433464484282 0.12086433464484282 0 0
36 26 1.75 0.54166666666666663 0.11024986827113127 0.11024986827113127 0 0
36 27 1.75 0.5625 0.093697101665232485 0.093697101665232485 0 0
36 28 1.75 0.58333333333333326 0.07296312903663367 0.07296312903663367 0 0
36 29 1.75 0.60416666666666663 0.050549055364545827 0.050549055364545827 0 0
36 30 1.75 0.625 0.029566102474155413 0.029566102474155413 0 0
36 31 1.75 0.64583333333333326 0.013228064441431816 0.013228064441431816 0 0
36 32 1.75 0.66666666666666663 0.0036851344219609346 0.0036851344219609346 0 0
36 33 1.75 0.6875 0.00038524339827320382 0.00038524339827320382 0 0
36 34 1.75 0.70833333333333326 2.8691168992541088e-06 2.8691168992541088e-06 0 0
36 35 1.75 0.72916666666666663 4.4536852751326181e-14 4.4536852751326181e-14 0 0
36 36 1.75 0.75 0 0 0 0
36 37 1.75 0.77083333333333326 0 0 0 0
36 38 1.75 0.79166666666666663 0 0 0 0
36 39 1.75 0.8125 0 0 0 0
36 40 1.75 0.83333333333333326 0 0 0 0
36 41 1.75 0.85416666666666663 0 0 0 0
36 42 1.75 0.875 0 0 0 0
36 43 1.75 0.89583333333333326 0 0 0 0
36 44 1.75 0.91666666666666663 0 0 0 0
36 45 1.75 0.9375 0 0 0 0
36 46 1.75 0.95833333333333326 0 0 0 0
36 47 1.75 0.97916666666666663 0 0 0 0
36 48 1.75 1 0 0 0 0
37 0 1.7708333333333333 0 0 0 0 0
37 1 1.7708333333333333 0.020833333333333332 0 0 0 0
37 2 1.7708333333333333 0.041666666666666664 0 0 0 0
37 3 1.7708333333333333 0.0625 0 0 0 0
37 4 1.7708333333333333 0.083333333333333329 0 0 0 0
37 5 1.7708333333333333 0.10416666666666666 0 0 0 0
37 6 1.7708333333333333 0.125 0 0 0 0
37 7 1.7708333333333333 0.14583333333333331 0 0 0 0
37 8 1.7708333333333333 0.16666666666666666 0 0 0 0
37 9 1.7708333333333333 0.1875 0 0 0 0
37 10 1.7708333333333333 0.20833333333333331 0 0 0 0
37 11 1.7708333333333333 0.22916666666666666 0 0 0 0
37 12 1.7708333333333333 0.25 0 0 0 0
37 13 1.7708333333333333 0.27083333333333331 0 0 0 0
37 14 1.7708333333333333 0.29166666666666663 2.2526123479944699e-18 2.2526123479944699e-18 0 0
37 15 1.7708333333333333 0.3125 1.8393473128859235e-07 1.8393473128859235e-07 0 0
37 16 1.7708333333333333 0.33333333333333331 7.7607186306061877e-05 7.7607186306061877e-05 0 0
37 17 1.7708333333333333 0.35416666666666663 0.0011282939477579332 0.0011282939477579332 0 0
37 18 1.7708333333333333 0.375 0.0049511742796162685 0.0049511742796162685 0 0
37 19 1.7708333333333333 0.39583333333333331 0.012313010377095588 0.012313010377095588 0 0
37 20 1.7708333333333333 0.41666666666666663 0.022258785132078813 0.022258785132078813 0 0
37 21 1.7708333333333333 0.4375 0.032869973345082869 0.032869973345082869 0 0
37 22 1.7708333333333333 0.45833333333333331 0.042115561639941887 0.042115561639941887 0 0
37 23 1.7708333333333333 0.47916666666666663 0.048353189450643375 0.048353189450643375 0 0
37 24 1.7708333333333333 0.5 0.050549055364545979 0.050549055364545979 0 0
37 25 1.7708333333333333 0.52083333333333326 0.048353189450643375 0.048353189450643375 0 0
37 26 1.7708333333333333 0.54166666666666663 0.042115561639941942 0.042115561639941942 0 0
37 27 1.7708333333333333 0.5625 0.032869973345082869 0.032869973345082869 0 0
37 28 1.7708333333333333 0.58333333333333326 0.022258785132078854 0.022258785132078854 0 0
37 29 1.7708333333333333 0.60416666666666663 0.012313010377095621 0.012313010377095621 0 0
37 30 1.7708333333333333 0.625 0.0049511742796162685 0.0049511742796162685 0 0
37 31 1.7708333333333333 0.64583333333333326 0.0011282939477579434 0.0011282939477579434 0 0
37 32 1.7708333333333333 0.66666666666666663 7.7607186306062975e-05 7.7607186306062975e-05 0 0
37 33 1.7708333333333333 0.6875 1.8393473128859235e-07 1.8393473128859235e-07 0 0
37 34 1.7708333333333333 0.70833333333333326 2.2526123479951582e-18 2.2526123479951582e-18 0 0
37 35 1.7708333333333333 0.72916666666666663 0 0 0 0
37 36 1.7708333333333333 0.75 0 0 0 0
37 37 1.7708333333333333 0.77083333333333326 0 0 0 0
37 38 1.7708333333333333 0.79166666666666663 0 0 0 0
37 39 1.7708333333333333 0.8125 0 0 0 0
37 40 1.7708333333333333 0.83333333333333326 0 0 0 0
37 41 1.7708333333333333 0.85416666666666663 0 0 0 0
37 42 1.7708333333333333 0.875 0 0 0 0
37 43 1.7708333333333333 0.89583333333333326 0 0 0 0
37 44 1.7708333333333333 0.91666666666666663 0 0 0 0
37 45 1.7708333333333333 0.9375 0 0 0 0
37 46 1.7708333333333333 0.95833333333333326 0 0 0 0
37 47 1.7708333333333333 0.97916666666666663 0 0 0 0
37 48 1.7708333333333333 1 0 0 0 0
38 0 1.7916666666666665 0 0 0 0 0
38 1 1.7916666666666665 0.020833333333333332 0 0 0 0
38 2 1.7916666666666665 0.041666666666666664 0 0 0 0
38 3 1.7916666666666665 0.0625 0 0 0 0
38 4 1.7916666666666665 0.083333333333333329 0 0 0 0
38 5 1.7916666666666665 0.10416666666666666 0 0 0 0
38 6 1.7916666666666665 0.125 0 0 0 0
38 7 1.7916666666666665 0.14583333333333331 0 0 0 0
38 8 1.7916666666666665 0.16666666666666666 0 0 0 0
38 9 1.7916666666666665 0.1875 0 0 0 0
38 10 1.7916666666666665 0.20833333333333331 0 0 0 0
38 11 1.7916666666666665 0.22916666666666666 0 0 0 0
38 12 1.7916666666666665 0.25 0 0 0 0
38 13 1.7916666666666665 0.27083333333333331 0 0 0 0
38 14 1.7916666666666665 0.29166666666666663 0 0 0 0
38 15 1.7916666666666665 0.3125 1.2137605565286267e-46 1.2137605565286267e-46 0 0
38 16 1.7916666666666665 0.33333333333333331 7.0086216741170786e-11 7.0086216741170786e-11 0 0
38 17 1.7916666666666665 0.35416666666666663 1.9301849379965496e-06 1.9301849379965496e-06 0 0
38 18 1.7916666666666665 0.375 9.7498965545267811e-05 9.7498965545267811e-05 0 0
38 19 1.7916666666666665 0.39583333333333331 0.00073363061982878583 0.00073363061982878583 0 0
38 20 1.7916666666666665 0.41666666666666663 0.0023900369109441807 0.0023900369109441807 0 0
38 21 1.7916666666666665 0.4375 0.0049511742796163128 0.0049511742796163128 0 0
38 22 1.7916666666666665 0.45833333333333331 0.0077209857940176629 0.0077209857940176629 0 0
38 23 1.7916666666666665 0.47916666666666663 0.0098307202356478027 0.0098307202356478027 0 0
38 24 1.7916666666666665 0.5 0.010615346461976805 0.010615346461976805 0 0
38 25 1.7916666666666665 0.52083333333333326 0.0098307202356478027 0.0098307202356478027 0 0
38 26 1.7916666666666665 0.54166666666666663 0.0077209857940176837 0.0077209857940176837 0 0
38 27 1.7916666666666665 0.5625 0.0049511742796163128 0.0049511742796163128 0 0
38 28 1.7916666666666665 0.58333333333333326 0.0023900369109441893 0.0023900369109441893 0 0
38 29 1.7916666666666665 0.60416666666666663 0.00073363061982878908 0.00073363061982878908 0 0
38 30 1.7916666666666665 0.625 9.7498965545267811e-05 9.7498965545267811e-05 0 0
38 31 1.7916666666666665 0.64583333333333326 1.9301849379966008e-06 1.9301849379966008e-06 0 0
38 32 1.7916666666666665 0.66666666666666663 7.0086216741175775e-11 7.0086216741175775e-11 0 0
38 33 1.7916666666666665 0.6875 1.2137605565286267e-46 1.2137605565286267e-46 0 0
38 34 1.7916666666666665 0.70833333333333326 0 0 0 0
38 35 1.7916666666666665 0.72916666666666663 0 0 0 0
38 36 1.7916666666666665 0.75 0 0 0 0
38 37 1.7916666666666665 0.77083333333333326 0 0 0 0
38 38 1.7916666666666665 0.79166666666666663 0 0 0 0
38 39 1.7916666666666665 0.8125 0 0 0 0
38 40 1.7916666666666665 0.83333333333333326 0 0 0 0
38 41 1.7916666666666665 0.85416666666666663 0 0 0 0
38 42 1.7916666666666665 0.875 0 0 0 0
38 43 1.7916666666666665 0.89583333333333326 0 0 0 0
38 44 1.7916666666666665 0.91666666666666663 0 0 0 0
38 45 1.7916666666666665 0.9375 0 0 0 0
38 46 1.7916666666666665 0.95833333333333326 0 0 0 0
38 47 1.7916666666666665 0.97916666666666663 0 0 0 0
38 48 1.7916666666666665 1 0 0 0 0
39 0 1.8125 0 0 0 0 0
39 1 1.8125 0.020833333333333332 0 0 0 0
39 2 1.8125 0.041666666666666664 0 0 0 0
39 3 1.8125 0.0625 0 0 0 0
39 4 1.8125 0.083333333333333329 0 0 0 0
39 5 1.8125 0.10416666666666666 0 0 0 0
39 6 1.8125 0.125 0 0 0 0
39 7 1.8125 0.14583333333333331 0 0 0 0
39 8 1.8125 0.16666666666666666 0 0 0 0
39 9 1.8125 0.1875 0 0 0 0
39 10 1.8125 0.20833333333333331 0 0 0 0
39 11 1.8125 0.22916666666666666 0 0 0 0
39 12 1.8125 0.25 0 0 0 0
39 13 1.8125 0.27083333333333331 0 0 0 0
39 14 1.8125 0.29166666666666663 0 0 0 0
39 15 1.8125 0.3125 0 0 0 0
39 16 1.8125 0.33333333333333331 0 0 0 0
39 17 1.8125 0.35416666666666663 1.3101129146591579e-29 1.3101129146591579e-29 0 0
39 18 1.8125 0.375 2.121587939765929e-11 2.121587939765929e-11 0 0
39 19 1.8125 0.39583333333333331 1.8393473128858287e-07 1.8393473128858287e-07 0 0
39 20 1.8125 0.41666666666666663 8.3966153967615027e-06 8.3966153967615027e-06 0 0
39 21 1.8125 0.4375 6.119209537583896e-05 6.119209537583896e-05 0 0
39 22 1.8125 0.45833333333333331 0.00018363610104469013 0.00018363610104469013 0 0
39 23 1.8125 0.47916666666666663 0.00032328238724418424 0.00032328238724418424 0 0
39 24 1.8125 0.5 0.00038524339827320382 0.00038524339827320382 0 0
39 25 1.8125 0.52083333333333326 0.00032328238724418424 0.00032328238724418424 0 0
39 26 1.8125 0.54166666666666663 0.0001836361010446911 0.0001836361010446911 0 0
39 27 1.8125 0.5625 6.119209537583896e-05 6.119209537583896e-05 0 0
39 28 1.8125 0.58333333333333326 8.3966153967615925e-06 8.3966153967615925e-06 0 0
39 29 1.8125 0.60416666666666663 1.8393473128858613e-07 1.8393473128858613e-07 0 0
39 30 1.8125 0.625 2.121587939765929e-11 2.121587939765929e-11 0 0
39 31 1.8125 0.64583333333333326 1.3101129146598468e-29 1.3101129146598468e-29 0 0
39 32 1.8125 0.66666666666666663 0 0 0 0
39 33 1.8125 0.6875 0 0 0 0
39 34 1.8125 0.70833333333333326 0 0 0 0
39 35 1.8125 0.72916666666666663 0 0 0 0
39 36 1.8125 0.75 0 0 0 0
39 37 1.8125 0.77083333333333326 0 0 0 0
39 38 1.8125 0.79166666666666663 0 0 0 0
39 39 1.8125 0.8125 0 0 0 0
39 40 1.8125 0.83333333333333326 0 0 0 0
39 41 1.8125 0.85416666666666663 0 0 0 0
39 42 1.8125 0.875 0 0 0 0
39 43 1.8125 0.89583333333333326 0 0 0 0
39 44 1.8125 0.91666666666666663 0 0 0 0
39 45 1.8125 0.9375 0 0 0 0
39 46 1.8125 0.95833333333333326 0 0 0 0
39 47 1.8125 0.97916666666666663 0 0 0 0
39 48 1.8125 1 0 0 0 0
40 0 1.8333333333333333 0 0 0 0 0
40 1 1.8333333333333333 0.020833333333333332 0 0 0 0
40 2 1.8333333333333333 0.041666666666666664 0 0 0 0
40 3 1.8333333333333333 0.0625 0 0 0 0
40 4 1.8333333333333333 0.083333333333333329 0 0 0 0
40 5 1.8333333333333333 0.10416666666666666 0 0 0 0
40 6 1.8333333333333333 0.125 0 0 0 0
40 7 1.8333333333333333 0.14583333333333331 0 0 0 0
40 8 1.8333333333333333 0.16666666666666666 0 0 0 0
40 9 1.8333333333333333 0.1875 0 0 0 0
40 10 1.8333333333333333 0.20833333333333331 0 0 0 0
40 11 1.8333333333333333 0.22916666666666666 0 0 0 0
40 12 1.8333333333333333 0.25 0 0 0 0
40 13 1.8333333333333333 0.27083333333333331 0 0 0 0
40 14 1.8333333333333333 0.29166666666666663 0 0 0 0
40 15 1.8333333333333333 0.3125 0 0 0 0
40 16 1.8333333333333333 0.33333333333333331 0 0 0 0
40 17 1.8333333333333333 0.35416666666666663 0 0 0 0
40 18 1.8333333333333333 0.375 0 0 0 0
40 19 1.8333333333333333 0.39583333333333331 0 1.4673482617683476e-197 0 0
40 20 1.8333333333333333 0.41666666666666663 8.4743354046178507e-24 8.4743354046178507e-24 0 0
40 21 1.8333333333333333 0.4375 4.4536852751331716e-14 4.4536852751331716e-14 0 0
40 22 1.8333333333333333 0.45833333333333331 7.0086216741165565e-11 7.0086216741165565e-11 0 0
40 23 1.8333333333333333 0.47916666666666663 1.4315604091394035e-09 1.4315604091394035e-09 0 0
40 24 1.8333333333333333 0.5 3.3570772018078327e-09 3.3570772018078327e-09 0 0
40 25 1.8333333333333333 0.52083333333333326 1.4315604091394035e-09 1.4315604091394035e-09 0 0
40 26 1.8333333333333333 0.54166666666666663 7.0086216741168305e-11 7.0086216741168305e-11 0 0
40 27 1.8333333333333333 0.5625 4.4536852751331716e-14 4.4536852751331716e-14 0 0
40 28 1.8333333333333333 0.58333333333333326 8.4743354046192966e-24 8.4743354046192966e-24 0 0
40 29 1.8333333333333333 0.60416666666666663 0 1.4673482617856134e-197 0 0
40 30 1.8333333333333333 0.625 0 0 0 0
40 31 1.8333333333333333 0.64583333333333326 0 0 0 0
40 32 1.8333333333333333 0.66666666666666663 0 0 0 0
40 33 1.8333333333333333 0.6875 0 0 0 0
40 34 1.8333333333333333 0.70833333333333326 0 0 0 0
40 35 1.8333333333333333 0.72916666666666663 0 0 0 0
40 36 1.8333333333333333 0.75 0 0 0 0
40 37 1.8333333333333333 0.77083333333333326 0 0 0 0
40 38 1.8333333333333333 0.79166666666666663 0 0 0 0
40 39 1.8333333333333333 0.8125 0 0 0 0
40 40 1.8333333333333333 0.83333333333333326 0 0 0 0
40 41 1.8333333333333333 0.85416666666666663 0 0 0 0
40 42 1.8333333333333333 0.875 0 0 0 0
40 43 1.8333333333333333 0.89583333333333326 0 0 0 0
40 44 1.8333333333333333 0.91666666666666663 0 0 0 0
40 45 1.8333333333333333 0.9375 0 0 0 0
40 46 1.8333333333333333 0.95833333333333326 0 0 0 0
40 47 1.8333333333333333 0.97916666666666663 0 0 0 0
40 48 1.8333333333333333 1 0 0 0 0
41 0 1.8541666666666665 0 0 0 0 0
41 1 1.8541666666666665 0.020833333333333332 0 0 0 0
41 2 1.8541666666666665 0.041666666666666664 0 0 0 0
41 3 1.8541666666666665 0.0625 0 0 0 0
41 4 1.8541666666666665 0.083333333333333329 0 0 0 0
41 5 1.8541666666666665 0.10416666666666666 0 0 0 0
41 6 1.8541666666666665 0.125 0 0 0 0
41 7 1.8541666666666665 0.14583333333333331 0 0 0 0
41 8 1.8541666666666665 0.16666666666666666 0 0 0 0
41 9 1.8541666666666665 0.1875 0 0 0 0
41 10 1.8541666666666665 0.20833333333333331 0 0 0 0
41 11 1.8541666666666665 0.22916666666666666 0 0 0 0
41 12 1.8541666666666665 0.25 0 0 0 0
41 13 1.8541666666666665 0.27083333333333331 0 0 0 0
41 14 1.8541666666666665 0.29166666666666663 0 0 0 0
41 15 1.8541666666666665 0.3125 0 0 0 0
41 16 1.8541666666666665 0.33333333333333331 0 0 0 0
41 17 1.8541666666666665 0.35416666666666663 0 0 0 0
41 18 1.8541666666666665 0.375 0 0 0 0
41 19 1.8541666666666665 0.39583333333333331 0 0 0 0
41 20 1.8541666666666665 0.41666666666666663 0 0 0 0
41 21 1.8541666666666665 0.4375 0 0 0 0
41 22 1.8541666666666665 0.45833333333333331 0 0 0 0
41 23 1.8541666666666665 0.47916666666666663 0 0 0 0
41 24 1.8541666666666665 0.5 0 0 0 0
41 25 1.8541666666666665 0.52083333333333326 0 0 0 0
41 26 1.8541666666666665 0.54166666666666663 0 0 0 0
41 27 1.8541666666666665 0.5625 0 0 0 0
41 28 1.8541666666666665 0.58333333333333326 0 0 0 0
41 29 1.8541666666666665 0.60416666666666663 0 0 0 0
41 30 1.8541666666666665 0.625 0 0 0 0
41 31 1.8541666666666665 0.64583333333333326 0 0 0 0
41 32 1.8541666666666665 0.66666666666666663 0 0 0 0
41 33 1.8541666666666665 0.6875 0 0 0 0
41 34 1.8541666666666665 0.70833333333333326 0 0 0 0
41 35 1.8541666666666665 0.72916666666666663 0 0 0 0
41 36 1.8541666666666665 0.75 0 0 0 0
41 37 1.8541666666666665 0.77083333333333326 0 0 0 0
41 38 1.8541666666666665 0.79166666666666663 0 0 0 0
41 39 1.8541666666666665 0.8125 0 0 0 0
41 40 1.8541666666666665 0.83333333333333326 0 0 0 0
41 41 1.8541666666666665 0.85416666666666663 0 0 0 0
41 42 1.8541666666666665 0.875 0 0 0 0
41 43 1.8541666666666665 0.89583333333333326 0 0 0 0
41 44 1.8541666666666665 0.91666666666666663 0 0 0 0
41 45 1.8541666666666665 0.9375 0 0 0 0
41 46 1.8541666666666665 0.95833333333333326 0 0 0 0
41 47 1.8541666666666665 0.97916666666666663 0 0 0 0
41 48 1.8541666666666665 1 0 0 0 0
42 0 1.875 0 0 0 0 0
42 1 1.875 0.020833333333333332 0 0 0 0
42 2 1.875 0.041666666666666664 0 0 0 0
42 3 1.875 0.0625 0 0 0 0
42 4 1.875 0.083333333333333329 0 0 0 0
42 5 1.875 0.10416666666666666 0 0 0 0
42 6 1.875 0.125 0 0 0 0
42 7 1.875 0.14583333333333331 0 0 0 0
42 8 1.875 0.16666666666666666 0 0 0 0
42 9 1.875 0.1875 0 0 0 0
42 10 1.875 0.20833333333333331 0 0 0 0
42 11 1.875 0.22916666666666666 0 0 0 0
42 12 1.875 0.25 0 0 0 0
42 13 1.875 0.27083333333333331 0 0 0 0
42 14 1.875 0.29166666666666663 0 0 0 0
42 15 1.875 0.3125 0 0 0 0
42 16 1.875 0.33333333333333331 0 0 0 0
42 17 1.875 0.35416666666666663 0 0 0 0
42 18 1.875 0.375 0 0 0 0
42 19 1.875 0.39583333333333331 0 0 0 0
42 20 1.875 0.41666666666666663 0 0 0 0
42 21 1.875 0.4375 0 0 0 0
42 22 1.875 0.45833333333333331 0 0 0 0
42 23 1.875 0.47916666666666663 0 0 0 0
42 24 1.875 0.5 0 0 0 0
42 25 1.875 0.52083333333333326 0 0 0 0
42 26 1.875 0.54166666666666663 0 0 0 0
42 27 1.875 0.5625 0 0 0 0
42 28 1.875 0.58333333333333326 0 0 0 0
42 29 1.875 0.60416666666666663 0 0 0 0
42 30 1.875 0.625 0 0 0 0
42 31 1.875 0.64583333333333326 0 0 0 0
42 32 1.875 0.66666666666666663 0 0 0 0
42 33 1.875 0.6875 0 0 0 0
42 34 1.875 0.70833333333333326 0 0 0 0
42 35 1.875 0.72916666666666663 0 0 0 0
42 36 1.875 0.75 0 0 0 0
42 37 1.875 0.77083333333333326 0 0 0 0
42 38 1.875 0.79166666666666663 0 0 0 0
42 39 1.875 0.8125 0 0 0 0
42 40 1.875 0.83333333333333326 0 0 0 0
42 41 1.875 0.85416666666666663 0 0 0 0
42 42 1.875 0.875 0 0 0 0
42 43 1.875 0.89583333333333326 0 0 0 0
42 44 1.875 0.91666666666666663 0 0 0 0
42 45 1.875 0.9375 0 0 0 0
42 46 1.875 0.95833333333333326 0 0 0 0
42 47 1.875 0.97916666666666663 0 0 0 0
42 48 1.875 1 0 0 0 0
43 0 1.8958333333333333 0 0 0 0 0
43 1 1.8958333333333333 0.020833333333333332 0 0 0 0
43 2 1.8958333333333333 0.041666666666666664 0 0 0 0
43 3 1.8958333333333333 0.0625 0 0 0 0
43 4 1.8958333333333333 0.083333333333333329 0 0 0 0
43 5 1.8958333333333333 0.10416666666666666 0 0 0 0
43 6 1.8958333333333333 0.125 0 0 0 0
43 7 1.8958333333333333 0.14583333333333331 0 0 0 0
43 8 1.8958333333333333 0.16666666666666666 0 0 0 0
43 9 1.8958333333333333 0.1875 0 0 0 0
43 10 1.8958333333333333 0.20833333333333331 0 0 0 0
43 11 1.8958333333333333 0.22916666666666666 0 0 0 0
43 12 1.8958333333333333 0.25 0 0 0 0
43 13 1.8958333333333333 0.27083333333333331 0 0 0 0
43 14 1.8958333333333333 0.29166666666666663 0 0 0 0
43 15 1.8958333333333333 0.3125 0 0 0 0
43 16 1.8958333333333333 0.33333333333333331 0 0 0 0
43 17 1.8958333333333333 0.35416666666666663 0 0 0 0
43 18 1.8958333333333333 0.375 0 0 0 0
43 19 1.8958333333333333 0.39583333333333331 0 0 0 0
43 20 1.8958333333333333 0.41666666666666663 0 0 0 0
43 21 1.8958333333333333 0.4375 0 0 0 0
43 22 1.8958333333333333 0.45833333333333331 0 0 0 0
43 23 1.8958333333333333 0.47916666666666663 0 0 0 0
43 24 1.8958333333333333 0.5 0 0 0 0
43 25 1.8958333333333333 0.52083333333333326 0 0 0 0
43 26 1.8958333333333333 0.54166666666666663 0 0 0 0
43 27 1.8958333333333333 0.5625 0 0 0 0
43 28 1.8958333333333333 0.58333333333333326 0 0 0 0
43 29 1.8958333333333333 0.60416666666666663 0 0 0 0
43 30 1.8958333333333333 0.625 0 0 0 0
43 31 1.8958333333333333 0.64583333333333326 0 0 0 0
43 32 1.8958333333333333 0.66666666666666663 0 0 0 0
43 33 1.8958333333333333 0.6875 0 0 0 0
43 34 1.8958333333333333 0.70833333333333326 0 0 0 0
43 35 1.8958333333333333 0.72916666666666663 0 0 0 0
43 36 1.8958333333333333 0.75 0 0 0 0
43 37 1.8958333333333333 0.77083333333333326 0 0 0 0
43 38 1.8958333333333333 0.79166666666666663 0 0 0 0
43 39 1.8958333333333333 0.8125 0 0 0 0
43 40 1.8958333333333333 0.83333333333333326 0 0 0 0
43 41 1.8958333333333333 0.85416666666666663 0 0 0 0
43 42 1.8958333333333333 0.875 0 0 0 0
43 43 1.8958333333333333 0.89583333333333326 0 0 0 0
43 44 1.8958333333333333 0.91666666666666663 0 0 0 0
43 45 1.8958333333333333 0.9375 0 0 0 0
43 46 1.8958333333333333 0.95833333333333326 0 0 0 0
43 47 1.8958333333333333 0.97916666666666663 0 0 0 0
43 48 1.8958333333333333 1 0 0 0 0
44 0 1.9166666666666665 0 0 0 0 0
44 1 1.9166666666666665 0.020833333333333332 0 0 0 0
44 2 1.9166666666666665 0.041666666666666664 0 0 0 0
44 3 1.9166666666666665 0.0625 0 0 0 0
44 4 1.9166666666666665 0.083333333333333329 0 0 0 0
44 5 1.9166666666666665 0.10416666666666666 0 0 0 0
44 6 1.9166666666666665 0.125 0 0 0 0
44 7 1.9166666666666665 0.14583333333333331 0 0 0 0
44 8 1.9166666666666665 0.16666666666666666 0 0 0 0
44 9 1.9166666666666665 0.1875 0 0 0 0
44 10 1.9166666666666665 0.20833333333333331 0 0 0 0
44 11 1.9166666666666665 0.22916666666666666 0 0 0 0
44 12 1.9166666666666665 0.25 0 0 0 0
44 13 1.9166666666666665 0.27083333333333331 0 0 0 0
44 14 1.9166666666666665 0.29166666666666663 0 0 0 0
44 15 1.9166666666666665 0.3125 0 0 0 0
44 16 1.9166666666666665 0.33333333333333331 0 0 0 0
44 17 1.9166666666666665 0.35416666666666663 0 0 0 0
44 18 1.9166666666666665 0.375 0 0 0 0
44 19 1.9166666666666665 0.39583333333333331 0 0 0 0
44 20 1.9166666666666665 0.41666666666666663 0 0 0 0
44 21 1.9166666666666665 0.4375 0 0 0 0
44 22 1.9166666666666665 0.45833333333333331 0 0 0 0
44 23 1.9166666666666665 0.47916666666666663 0 0 0 0
44 24 1.9166666666666665 0.5 0 0 0 0
44 25 1.9166666666666665 0.52083333333333326 0 0 0 0
44 26 1.9166666666666665 0.54166666666666663 0 0 0 0
44 27 1.9166666666666665 0.5625 0 0 0 0
44 28 1.9166666666666665 0.58333333333333326 0 0 0 0
44 29 1.9166666666666665 0.60416666666666663 0 0 0 0
44 30 1.9166666666666665 0.625 0 0 0 0
44 31 1.9166666666666665 0.64583333333333326 0 0 0 0
44 32 1.9166666666666665 0.66666666666666663 0 0 0 0
44 33 1.9166666666666665 0.6875 0 0 0 0
44 34 1.9166666666666665 0.70833333333333326 0 0 0 0
44 35 1.9166666666666665 0.72916666666666663 0 0 0 0
44 36 1.9166666666666665 0.75 0 0 0 0
44 37 1.9166666666666665 0.77083333333333326 0 0 0 0
44 38 1.9166666666666665 0.79166666666666663 0 0 0 0
44 39 1.9166666666666665 0.8125 0 0 0 0
44 40 1.9166666666666665 0.83333333333333326 0 0 0 0
44 41 1.9166666666666665 0.85416666666666663 0 0 0 0
44 42 1.9166666666666665 0.875 0 0 0 0
44 43 1.9166666666666665 0.89583333333333326 0 0 0 0
44 44 1.9166666666666665 0.91666666666666663 0 0 0 0
44 45 1.9166666666666665 0.9375 0 0 0 0
44 46 1.9166666666666665 0.95833333333333326 0 0 0 0
44 47 1.9166666666666665 0.97916666666666663 0 0 0 0
44 48 1.9166666666666665 1 0 0 0 0
45 0 1.9375 0 0 0 0 0
45 1 1.9375 0.020833333333333332 0 0 0 0
45 2 1.9375 0.041666666666666664 0 0 0 0
45 3 1.9375 0.0625 0 0 0 0
45 4 1.9375 0.083333333333333329 0 0 0 0
45 5 1.9375 0.10416666666666666 0 0 0 0
45 6 1.9375 0.125 0 0 0 0
45 7 1.9375 0.14583333333333331 0 0 0 0
45 8 1.9375 0.16666666666666666 0 0 0 0
45 9 1.9375 0.1875 0 0 0 0
45 10 1.9375 0.20833333333333331 0 0 0 0
45 11 1.9375 0.22916666666666666 0 0 0 0
45 12 1.9375 0.25 0 0 0 0
45 13 1.9375 0.27083333333333331 0 0 0 0
45 14 1.9375 0.29166666666666663 0 0 0 0
45 15 1.9375 0.3125 0 0 0 0
45 16 1.9375 0.33333333333333331 0 0 0 0
45 17 1.9375 0.35416666666666663 0 0 0 0
45 18 1.9375 0.375 0 0 0 0
45 19 1.9375 0.39583333333333331 0 0 0 0
45 20 1.9375 0.41666666666666663 0 0 0 0
45 21 1.9375 0.4375 0 0 0 0
45 22 1.9375 0.45833333333333331 0 0 0 0
45 23 1.9375 0.47916666666666663 0 0 0 0
45 24 1.9375 0.5 0 0 0 0
45 25 1.9375 0.52083333333333326 0 0 0 0
45 26 1.9375 0.54166666666666663 0 0 0 0
45 27 1.9375 0.5625 0 0 0 0
45 28 1.9375 0.58333333333333326 0 0 0 0
45 29 1.9375 0.60416666666666663 0 0 0 0
45 30 1.9375 0.625 0 0 0 0
45 31 1.9375 0.64583333333333326 0 0 0 0
45 32 1.9375 0.66666666666666663 0 0 0 0
45 33 1.9375 0.6875 0 0 0 0
45 34 1.9375 0.70833333333333326 0 0 0 0
45 35 1.9375 0.72916666666666663 0 0 0 0
45 36 1.9375 0.75 0 0 0 0
45 37 1.9375 0.77083333333333326 0 0 0 0
45 38 1.9375 0.79166666666666663 0 0 0 0
45 39 1.9375 0.8125 0 0 0 0
45 40 1.9375 0.83333333333333326 0 0 0 0
45 41 1.9375 0.85416666666666663 0 0 0 0
45 42 1.9375 0.875 0 0 0 0
45 43 1.9375 0.89583333333333326 0 0 0 0
45 44 1.9375 0.91666666666666663 0 0 0 0
45 45 1.9375 0.9375 0 0 0 0
45 46 1.9375 0.95833333333333326 0 0 0 0
45 47 1.9375 0.97916666666666663 0 0 0 0
45 48 1.9375 1 0 0 0 0
46 0 1.9583333333333333 0 0 0 0 0
46 1 1.9583333333333333 0.020833333333333332 0 0 0 0
46 2 1.9583333333333333 0.041666666666666664 0 0 0 0
46 3 1.9583333333333333 0.0625 0 0 0 0
46 4 1.9583333333333333 0.083333333333333329 0 0 0 0
46 5 1.9583333333333333 0.10416666666666666 0 0 0 0
46 6 1.9583333333333333 0.125 0 0 0 0
46 7 1.9583333333333333 0.14583333333333331 0 0 0 0
46 8 1.9583333333333333 0.16666666666666666 0 0 0 0
46 9 1.9583333333333333 0.1875 0 0 0 0
46 10 1.9583333333333333 0.20833333333333331 0 0 0 0
46 11 1.9583333333333333 0.22916666666666666 0 0 0 0
46 12 1.9583333333333333 0.25 0 0 0 0
46 13 1.9583333333333333 0.27083333333333331 0 0 0 0
46 14 1.9583333333333333 0.29166666666666663 0 0 0 0
46 15 1.9583333333333333 0.3125 0 0 0 0
46 16 1.9583333333333333 0.33333333333333331 0 0 0 0
46 17 1.9583333333333333 0.35416666666666663 0 0 0 0
46 18 1.9583333333333333 0.375 0 0 0 0
46 19 1.9583333333333333 0.39583333333333331 0 0 0 0
46 20 1.9583333333333333 0.41666666666666663 0 0 0 0
46 21 1.9583333333333333 0.4375 0 0 0 0
46 22 1.9583333333333333 0.45833333333333331 0 0 0 0
46 23 1.9583333333333333 0.47916666666666663 0 0 0 0
46 24 1.9583333333333333 0.5 0 0 0 0
46 25 1.9583333333333333 0.52083333333333326 0 0 0 0
46 26 1.9583333333333333 0.54166666666666663 0 0 0 0
46 27 1.9583333333333333 0.5625 0 0 0 0
46 28 1.9583333333333333 0.58333333333333326 0 0 0 0
46 29 1.9583333333333333 0.60416666666666663 0 0 0 0
46 30 1.9583333333333333 0.625 0 0 0 0
46 31 1.9583333333333333 0.64583333333333326 0 0 0 0
46 32 1.9583333333333333 0.66666666666666663 0 0 0 0
46 33 1.9583333333333333 0.6875 0 0 0 0
46 34 1.9583333333333333 0.70833333333333326 0 0 0 0
46 35 1.9583333333333333 0.72916666666666663 0 0 0 0
46 36 1.9583333333333333 0.75 0 0 0 0
46 37 1.9583333333333333 0.77083333333333326 0 0 0 0
46 38 1.9583333333333333 0.79166666666666663 0 0 0 0
46 39 1.9583333333333333 0.8125 0 0 0 0
46 40 1.9583333333333333 0.83333333333333326 0 0 0 0
46 41 1.9583333333333333 0.85416666666666663 0 0 0 0
46 42 1.9583333333333333 0.875 0 0 0 0
46 43 1.9583333333333333 0.89583333333333326 0 0 0 0
46 44 1.9583333333333333 0.91666666666666663 0 0 0 0
46 45 1.9583333333333333 0.9375 0 0 0 0
46 46 1.9583333333333333 0.95833333333333326 0 0 0 0
46 47 1.9583333333333333 0.97916666666666663 0 0 0 0
46 48 1.9583333333333333 1 0 0 0 0
47 0 1.9791666666666665 0 0 0 0 0
47 1 1.9791666666666665 0.020833333333333332 0 0 0 0
47 2 1.9791666666666665 0.041666666666666664 0 0 0 0
47 3 1.9791666666666665 0.0625 0 0 0 0
47 4 1.9791666666666665 0.083333333333333329 0 0 0 0
47 5 1.9791666666666665 0.10416666666666666 0 0 0 0
47 6 1.9791666666666665 0.125 0 0 0 0
47 7 1.9791666666666665 0.14583333333333331 0 0 0 0
47 8 1.9791666666666665 0.16666666666666666 0 0 0 0
47 9 1.9791666666666665 0.1875 0 0 0 0
47 10 1.9791666666666665 0.20833333333333331 0 0 0 0
47 11 1.9791666666666665 0.22916666666666666 0 0 0 0
47 12 1.9791666666666665 0.25 0 0 0 0
47 13 1.9791666666666665 0.27083333333333331 0 0 0 0
47 14 1.9791666666666665 0.29166666666666663 0 0 0 0
47 15 1.9791666666666665 0.3125 0 0 0 0
47 16 1.9791666666666665 0.33333333333333331 0 0 0 0
47 17 1.9791666666666665 0.35416666666666663 0 0 0 0
47 18 1.9791666666666665 0.375 0 0 0 0
47 19 1.9791666666666665 0.39583333333333331 0 0 0 0
47 20 1.9791666666666665 0.41666666666666663 0 0 0 0
47 21 1.9791666666666665 0.4375 0 0 0 0
47 22 1.9791666666666665 0.45833333333333331 0 0 0 0
47 23 1.9791666666666665 0.47916666666666663 0 0 0 0
47 24 1.9791666666666665 0.5 0 0 0 0
47 25 1.9791666666666665 0.52083333333333326 0 0 0 0
47 26 1.9791666666666665 0.54166666666666663 0 0 0 0
47 27 1.9791666666666665 0.5625 0 0 0 0
47 28 1.9791666666666665 0.58333333333333326 0 0 0 0
47 29 1.9791666666666665 0.60416666666666663 0 0 0 0
47 30 1.9791666666666665 0.625 0 0 0 0
47 31 1.9791666666666665 0.64583333333333326 0 0 0 0
47 32 1.9791666666666665 0.66666666666666663 0 0 0 0
47 33 1.9791666666666665 0.6875 0 0 0 0
47 34 1.9791666666666665 0.70833333333333326 0 0 0 0
47 35 1.9791666666666665 0.72916666666666663 0 0 0 0
47 36 1.9791666666666665 0.75 0 0 0 0
47 37 1.9791666666666665 0.77083333333333326 0 0 0 0
47 38 1.9791666666666665 0.79166666666666663 0 0 0 0
47 39 1.9791666666666665 0.8125 0 0 0 0
47 40 1.9791666666666665 0.83333333333333326 0 0 0 0
47 41 1.9791666666666665 0.85416666666666663 0 0 0 0
47 42 1.9791666666666665 0.875 0 0 0 0
47 43 1.9791666666666665 0.89583333333333326 0 0 0 0
47 44 1.9791666666666665 0.91666666666666663 0 0 0 0
47 45 1.9791666666666665 0.9375 0 0 0 0
47 46 1.9791666666666665 0.95833333333333326 0 0 0 0
47 47 1.9791666666666665 0.97916666666666663 0 0 0 0
47 48 1.9791666666666665 1 0 0 0 0
48 0 2 0 0 0 0 0
48 1 2 0.020833333333333332 0 0 0 0
48 2 2 0.041666666666666664 0 0 0 0
48 3 2 0.0625 0 0 0 0
48 4 2 0.083333333333333329 0 0 0 0
48 5 2 0.10416666666666666 0 0 0 0
48 6 2 0.125 0 0 0 0
48 7 2 0.14583333333333331 0 0 0 0
48 8 2 0.16666666666666666 0 0 0 0
48 9 2 0.1875 0 0 0 0
48 10 2 0.20833333333333331 0 0 0 0
48 11 2 0.22916666666666666 0 0 0 0
48 12 2 0.25 0 0 0 0
48 13 2 0.27083333333333331 0 0 0 0
48 14 2 0.29166666666666663 0 0 0 0
48 15 2 0.3125 0 0 0 0
48 16 2 0.33333333333333331 0 0 0 0
48 17 2 0.35416666666666663 0 0 0 0
48 18 2 0.375 0 0 0 0
48 19 2 0.39583333333333331 0 0 0 0
48 20 2 0.41666666666666663 0 0 0 0
48 21 2 0.4375 0 0 0 0
48 22 2 0.45833333333333331 0 0 0 0
48 23 2 0.47916666666666663 0 0 0 0
48 24 2 0.5 0 0 0 0
48 25 2 0.52083333333333326 0 0 0 0
48 26 2 0.54166666666666663 0 0 0 0
48 27 2 0.5625 0 0 0 0
48 28 2 0.58333333333333326 0 0 0 0
48 29 2 0.60416666666666663 0 0 0 0
48 30 2 0.625 0 0 0 0
48 31 2 0.64583333333333326 0 0 0 0
48 32 2 0.66666666666666663 0 0 0 0
48 33 2 0.6875 0 0 0 0
48 34 2 0.70833333333333326 0 0 0 0
48 35 2 0.72916666666666663 0 0 0 0
48 36 2 0.75 0 0 0 0
48 37 2 0.77083333333333326 0 0 0 0
48 38 2 0.79166666666666663 0 0 0 0
48 39 2 0.8125 0 0 0 0
48 40 2 0.83333333333333326 0 0 0 0
48 41 2 0.85416666666666663 0 0 0 0
48 42 2 0.875 0 0 0 0
48 43 2 0.89583333333333326 0 0 0 0
48 44 2 0.91666666666666663 0 0 0 0
48 45 2 0.9375 0 0 0 0
48 46 2 0.95833333333333326 0 0 0 0
48 47 2 0.97916666666666663 0 0 0 0
48 48 2 1 0 0 0 0
