radial transverse x z speed vx vy vz
0 0 1 0 0 0 0 0
0 1 1 0.020833333333333332 0 0 0 0
0 2 1 0.041666666666666664 0 0 0 0
0 3 1 0.0625 0 0 0 0
0 4 1 0.083333333333333329 0 0 0 0
0 5 1 0.10416666666666666 0 0 0 0
0 6 1 0.125 0 0 0 0
0 7 1 0.14583333333333331 0 0 0 0
0 8 1 0.16666666666666666 0 0 0 0
0 9 1 0.1875 0 0 0 0
0 10 1 0.20833333333333331 0 0 0 0
0 11 1 0.22916666666666666 0 0 0 0
0 12 1 0.25 0 0 0 0
0 13 1 0.27083333333333331 0 0 0 0
0 14 1 0.29166666666666663 0 0 0 0
0 15 1 0.3125 0 0 0 0
0 16 1 0.33333333333333331 0 0 0 0
0 17 1 0.35416666666666663 0 0 0 0
0 18 1 0.375 0 0 0 0
0 19 1 0.39583333333333331 0 0 0 0
0 20 1 0.41666666666666663 0 0 0 0
0 21 1 0.4375 0 0 0 0
0 22 1 0.45833333333333331 0 0 0 0
0 23 1 0.47916666666666663 0 0 0 0
0 24 1 0.5 0 0 0 0
0 25 1 0.52083333333333326 0 0 0 0
0 26 1 0.54166666666666663 0 0 0 0
0 27 1 0.5625 0 0 0 0
0 28 1 0.58333333333333326 0 0 0 0
0 29 1 0.60416666666666663 0 0 0 0
0 30 1 0.625 0 0 0 0
0 31 1 0.64583333333333326 0 0 0 0
0 32 1 0.66666666666666663 0 0 0 0
0 33 1 0.6875 0 0 0 0
0 34 1 0.70833333333333326 0 0 0 0
0 35 1 0.72916666666666663 0 0 0 0
0 36 1 0.75 0 0 0 0
0 37 1 0.77083333333333326 0 0 0 0
0 38 1 0.79166666666666663 0 0 0 0
0 39 1 0.8125 0 0 0 0
0 40 1 0.83333333333333326 0 0 0 0
0 41 1 0.85416666666666663 0 0 0 0
0 42 1 0.875 0 0 0 0
0 43 1 0.89583333333333326 0 0 0 0
0 44 1 0.91666666666666663 0 0 0 0
0 45 1 0.9375 0 0 0 0
0 46 1 0.95833333333333326 0 0 0 0
0 47 1 0.97916666666666663 0 0 0 0
0 48 1 1 0 0 0 0
1 0 1.0208333333333333 0 0.0046430965962494424 0.0046430965962494424 1.4150489544928114e-18 0
1 1 1.0208333333333333 0.020833333333333332 0.0064142935198490516 0.0052616816046256523 1.6627875960067111e-18 0.0036684967016915194
1 2 1.0208333333333333 0.041666666666666664 0.010561720502164253 0.0070999730377772864 2.5911246918032807e-18 0.0078192277642151007
1 3 1.0208333333333333 0.0625 0.016251825441721705 0.01005080417949022 2.8570337166985716e-18 0.012771184969834821
1 4 1.0208333333333333 0.083333333333333329 0.023204406942054577 0.013861701941018743 5.5530313923083743e-18 0.018609076302461329
1 5 1.0208333333333333 0.10416666666666666 0.030906206725352336 0.018085408173542976 5.0402571229157605e-18 0.025062155241450383
1 6 1.0208333333333333 0.125 0.038533901655001472 0.022062327537945285 1.2616184656002946e-17 0.031592962513283654
1 7 1.0208333333333333 0.14583333333333331 0.045204914926125848 0.02517677000220463 1.2036026934403913e-17 0.037544834341549094
1 8 1.0208333333333333 0.16666666666666666 0.050125422878365682 0.02688454271324241 1.7401349536863134e-17 0.042305784259777414
1 9 1.0208333333333333 0.1875 0.052964567384408016 0.027072189235355336 3.1359838731182417e-17 0.045522982857262417
1 10 1.0208333333333333 0.20833333333333331 0.053728798686080582 0.025873193146578852 3.7370429360511818e-17 0.047088870071909768
1 11 1.0208333333333333 0.22916666666666666 0.052685821790199774 0.023660522206733366 6.8170815299116181e-17 0.047074149026969853
1 12 1.0208333333333333 0.25 0.050165663566730911 0.020796847251271133 6.1743987520047867e-17 0.045651779215028734
1 13 1.0208333333333333 0.27083333333333331 0.04656056586816542 0.017660484640024704 9.7431882576819503e-17 0.043081243903156069
1 14 1.0208333333333333 0.29166666666666663 0.042182352946233528 0.014470612786335614 1.0255594624606229e-16 0.039622623154815947
1 15 1.0208333333333333 0.3125 0.037337103910684372 0.011425877082694475 1.5454313797549199e-16 0.035545867007690211
1 16 1.0208333333333333 0.33333333333333331 0.032270202401346836 0.0086014225593397959 1.2987793330223987e-16 0.031102756999654729
1 17 1.0208333333333333 0.35416666666666663 0.027217873466309161 0.0060651959241992039 1.4192257634068432e-16 0.026533488923040138
1 18 1.0208333333333333 0.375 0.022351604856549877 0.0037997378129468046 1.4791347366226667e-16 0.022026262329687404
1 19 1.0208333333333333 0.39583333333333331 0.017802758901300137 0.001803349661734469 1.258790766019711e-16 0.017711187269501258
1 20 1.0208333333333333 0.41666666666666663 0.013688364277396482 0.00010512378442152756 1.9204679401050413e-16 0.013687960607068278
1 21 1.0208333333333333 0.4375 0.01004854127003954 -0.0012430158952705548 1.7363738031521112e-16 0.0099713636549768163
1 22 1.0208333333333333 0.45833333333333331 0.0068777340873471225 -0.0022102092774398839 1.884379789717259e-16 0.0065129256963499301
1 23 1.0208333333333333 0.47916666666666663 0.00426507190819456 -0.0027909222245481309 1.7859264143071793e-16 0.0032251498443628475
1 24 1.0208333333333333 0.5 0.0029849007022527802 -0.0029849007022527802 1.780979213446942e-16 -2.5622471684224957e-18
1 25 1.0208333333333333 0.52083333333333326 0.0042650719081944819 -0.0027909222245480108 1.7074555545662235e-16 -0.0032251498443628479
1 26 1.0208333333333333 0.54166666666666663 0.0068777340873471581 -0.002210209277439991 1.753094611692294e-16 -0.0065129256963499318
1 27 1.0208333333333333 0.5625 0.010048541270039499 -0.0012430158952706134 1.4955697233735905e-16 -0.009971363654976766
1 28 1.0208333333333333 0.58333333333333326 0.013688364277396498 0.00010512378442146359 1.6815313737984727e-16 -0.013687960607068296
1 29 1.0208333333333333 0.60416666666666663 0.017802758901300106 0.0018033496617345414 1.1552528184824587e-16 -0.01771118726950122
1 30 1.0208333333333333 0.625 0.022351604856549835 0.0037997378129468367 1.4152874853025151e-16 -0.022026262329687355
1 31 1.0208333333333333 0.64583333333333326 0.027217873466309279 0.0060651959241992239 1.0658417947652409e-16 -0.026533488923040253
1 32 1.0208333333333333 0.66666666666666663 0.032270202401346815 0.008601422559339808 1.3970936253346308e-16 -0.031102756999654705
1 33 1.0208333333333333 0.6875 0.037337103910684323 0.011425877082694491 1.1967763374076284e-16 -0.035545867007690156
1 34 1.0208333333333333 0.70833333333333326 0.042182352946233528 0.014470612786335635 1.1504504944174889e-16 -0.039622623154815934
1 35 1.0208333333333333 0.72916666666666663 0.046560565868165413 0.017660484640024704 7.3932656812659715e-17 -0.043081243903156062
1 36 1.0208333333333333 0.75 0.050165663566730918 0.020796847251271133 6.176214715622964e-17 -0.045651779215028741
1 37 1.0208333333333333 0.77083333333333326 0.052685821790199837 0.023660522206733401 4.9486639422821548e-17 -0.047074149026969901
1 38 1.0208333333333333 0.79166666666666663 0.053728798686080576 0.025873193146578814 3.3659466515645463e-17 -0.047088870071909782
1 39 1.0208333333333333 0.8125 0.052964567384408023 0.027072189235355329 3.1292724746232175e-17 -0.045522982857262438
1 40 1.0208333333333333 0.83333333333333326 0.050125422878365695 0.0268845427132424 2.1542374680887067e-17 -0.042305784259777435
1 41 1.0208333333333333 0.85416666666666663 0.045204914926125862 0.025176770002204647 1.4757461569306402e-17 -0.037544834341549108
1 42 1.0208333333333333 0.875 0.038533901655001486 0.022062327537945299 9.8312773659140275e-18 -0.031592962513283661
1 43 1.0208333333333333 0.89583333333333326 0.030906206725352364 0.018085408173542993 7.5676179068021178e-18 -0.025062155241450404
1 44 1.0208333333333333 0.91666666666666663 0.023204406942054591 0.013861701941018748 4.922893325640622e-18 -0.018609076302461343
1 45 1.0208333333333333 0.9375 0.016251825441721723 0.01005080417949023 2.5505065180160746e-18 -0.012771184969834835
1 46 1.0208333333333333 0.95833333333333326 0.01056172050216426 0.0070999730377772933 1.5872660987942589e-18 -0.0078192277642151059
1 47 1.0208333333333333 0.97916666666666663 0.006414293519849062 0.0052616816046256619 1.3708136354074738e-18 -0.0036684967016915242
1 48 1.0208333333333333 1 0.0046430965962494493 0.0046430965962494493 9.9533335142600743e-19 0
2 0 1.0416666666666667 0 0.0079155595354393343 0.0079155595354393343 1.4697820242500149e-18 0
2 1 1.0416666666666667 0.020833333333333332 0.010424180268033786 0.0088923984948224254 2.0348258020891457e-18 0.0054395572678063416
2 2 1.0416666666666667 0.041666666666666664 0.016362160569617847 0.011736677007231931 2.6647073520882825e-18 0.011400469785665427
2 3 1.0416666666666667 0.0625 0.024444824107950795 0.016295058353319535 4.5809291786645286e-18 0.018221429662091931
2 4 1.0416666666666667 0.083333333333333329 0.034090135328710587 0.022146892463174701 5.706957482811635e-18 0.025916259007703585
2 5 1.0416666666666667 0.10416666666666666 0.044593421281218792 0.028673629917983823 1.182928871113979e-17 0.034152542641665201
2 6 1.0416666666666667 0.125 0.055033647145110429 0.035082218475926533 1.7192788783376889e-17 0.042402125712042792
2 7 1.0416666666666667 0.14583333333333331 0.064450321905137928 0.040596563207322869 1.9346641904444628e-17 0.050057597319784944
2 8 1.0416666666666667 0.16666666666666666 0.072191676535629537 0.044700654567878563 2.601259179172634e-17 0.056687649820998588
2 9 1.0416666666666667 0.1875 0.077943942481890099 0.047217040599027447 4.9375320435896284e-17 0.062014588982673959
2 10 1.0416666666666667 0.20833333333333331 0.081601967170408893 0.048195445121192088 4.5897643527564524e-17 0.065848918864706146
2 11 1.0416666666666667 0.22916666666666666 0.083192153455330611 0.04786407969234633 9.6979637276463312e-17 0.0680438408067916
2 12 1.0416666666666667 0.25 0.082749613403786434 0.046414851805171242 9.3527821086252677e-17 0.068506642381451613
2 13 1.0416666666666667 0.27083333333333331 0.080395604215038316 0.044087499521434835 1.3046312147397019e-16 0.067229052968553485
2 14 1.0416666666666667 0.29166666666666663 0.076315601271932057 0.041075937551177555 1.6194576475601106e-16 0.064318258308106252
2 15 1.0416666666666667 0.3125 0.070817868152875857 0.037615634965294076 1.5130687307574265e-16 0.060001953767155398
2 16 1.0416666666666667 0.33333333333333331 0.064183223834912984 0.033841325632346021 1.7380167547171353e-16 0.054536693164217998
2 17 1.0416666666666667 0.35416666666666663 0.056764234046255711 0.029923488488741577 2.0944523928387814e-16 0.048236532872111014
2 18 1.0416666666666667 0.375 0.048892069879794199 0.026031376602173674 2.2077249276837285e-16 0.041386011275870549
2 19 1.0416666666666667 0.39583333333333331 0.040922814812543541 0.022339924526279642 2.4431242002303753e-16 0.034287090053573555
2 20 1.0416666666666667 0.41666666666666663 0.033169174390129112 0.019028420539327857 1.971794640554997e-16 0.027168241413482813
2 21 1.0416666666666667 0.4375 0.025874569093906806 0.016213406330252332 2.4522469235518596e-16 0.020164790625381929
2 22 1.0416666666666667 0.45833333333333331 0.019354044531366067 0.014042455207835172 2.1726329863005353e-16 0.013318727096011975
2 23 1.0416666666666667 0.47916666666666663 0.014276780863033108 0.012652543741627522 2.3593701973200397e-16 0.0066135927208492819
2 24 1.0416666666666667 0.5 0.012172592511103201 0.012172592511103201 2.1077541057319253e-16 2.4131687044135764e-17
2 25 1.0416666666666667 0.52083333333333326 0.014276780863032993 0.012652543741627369 2.6925938605089572e-16 -0.0066135927208493261
2 26 1.0416666666666667 0.54166666666666663 0.01935404453136607 0.014042455207835161 2.1988678273660763e-16 -0.013318727096011991
2 27 1.0416666666666667 0.5625 0.025874569093906764 0.016213406330252284 2.4120804653303238e-16 -0.020164790625381911
2 28 1.0416666666666667 0.58333333333333326 0.033169174390129084 0.019028420539327788 2.0284400124164574e-16 -0.027168241413482834
2 29 1.0416666666666667 0.60416666666666663 0.040922814812543458 0.022339924526279625 2.3728849050971186e-16 -0.034287090053573464
2 30 1.0416666666666667 0.625 0.048892069879794282 0.026031376602173799 2.4111553127819313e-16 -0.04138601127587057
2 31 1.0416666666666667 0.64583333333333326 0.056764234046255663 0.029923488488741556 2.2965957809439269e-16 -0.048236532872110972
2 32 1.0416666666666667 0.66666666666666663 0.064183223834912859 0.03384132563234598 1.5963907953961724e-16 -0.05453669316421788
2 33 1.0416666666666667 0.6875 0.070817868152875815 0.037615634965294076 1.6510580264709611e-16 -0.060001953767155357
2 34 1.0416666666666667 0.70833333333333326 0.07631560127193214 0.041075937551177638 1.5703344890352045e-16 -0.064318258308106294
2 35 1.0416666666666667 0.72916666666666663 0.080395604215038344 0.044087499521434807 1.3365122013356871e-16 -0.06722905296855354
2 36 1.0416666666666667 0.75 0.082749613403786434 0.046414851805171263 1.1185726745215123e-16 -0.068506642381451613
2 37 1.0416666666666667 0.77083333333333326 0.083192153455330639 0.047864079692346351 8.155051882452663e-17 -0.068043840806791614
2 38 1.0416666666666667 0.79166666666666663 0.081601967170408893 0.048195445121192101 7.5741377910479493e-17 -0.065848918864706132
2 39 1.0416666666666667 0.8125 0.077943942481890141 0.047217040599027468 4.3765685149893045e-17 -0.062014588982673986
2 40 1.0416666666666667 0.83333333333333326 0.072191676535629537 0.044700654567878521 2.681518870212884e-17 -0.056687649820998623
2 41 1.0416666666666667 0.85416666666666663 0.064450321905137969 0.040596563207322883 2.0814565146793484e-17 -0.050057597319784986
2 42 1.0416666666666667 0.875 0.055033647145110443 0.03508221847592654 1.6692673364099937e-17 -0.042402125712042806
2 43 1.0416666666666667 0.89583333333333326 0.04459342128121882 0.028673629917983841 1.0523305893540223e-17 -0.034152542641665222
2 44 1.0416666666666667 0.91666666666666663 0.034090135328710615 0.022146892463174722 6.1226886690745772e-18 -0.025916259007703606
2 45 1.0416666666666667 0.9375 0.024444824107950812 0.016295058353319545 3.612599586778626e-18 -0.018221429662091945
2 46 1.0416666666666667 0.95833333333333326 0.016362160569617867 0.011736677007231942 2.5541105516641177e-18 -0.011400469785665446
2 47 1.0416666666666667 0.97916666666666663 0.010424180268033802 0.0088923984948224392 1.1905559858362412e-18 -0.0054395572678063485
2 48 1.0416666666666667 1 0.0079155595354393447 0.0079155595354393447 1.5164545023439854e-18 0
3 0 1.0625 0 0.012775586334320339 0.012775586334320339 2.561791799544914e-18 0
3 1 1.0625 0.020833333333333332 0.016289910441328718 0.014122675555283145 4.2831260871592072e-18 0.0081185723712188605
3 2 1.0625 0.041666666666666664 0.024562483691140606 0.018027295332760408 5.0508572269610664e-18 0.016683291883287991
3 3 1.0625 0.0625 0.035387415381067142 0.02412653851550876 8.1648057920344762e-18 0.025887821588767554
3 4 1.0625 0.083333333333333329 0.047645247716431118 0.031703492029018593 1.595393650567392e-17 0.035566251181788036
3 5 1.0625 0.10416666666666666 0.060341590980743667 0.03991218249690006 1.5420680104088561e-17 0.045256218251434908
3 6 1.0625 0.125 0.072347242650534258 0.047705628878663871 2.793878930817404e-17 0.054390224235853948
3 7 1.0625 0.14583333333333331 0.082920807085223022 0.054405921568585452 3.0845300228605124e-17 0.062576800381113296
3 8 1.0625 0.16666666666666666 0.091626963373424603 0.059525078495605184 5.5465894074651075e-17 0.069658204449489905
3 9 1.0625 0.1875 0.098384869141104989 0.063044478929535547 7.3288869556097489e-17 0.075531292537700565
3 10 1.0625 0.20833333333333331 0.10311889424060344 0.064983290418666934 1.1257732911844169e-16 0.080066711658266246
3 11 1.0625 0.22916666666666666 0.10573381331890543 0.065503924756251164 1.0896197756580059e-16 0.082999247710352941
3 12 1.0625 0.25 0.10602991858973533 0.064628767911486432 1.5278127355792411e-16 0.084056326319850092
3 13 1.0625 0.27083333333333331 0.10408504636417622 0.062610137546128805 1.682760389738909e-16 0.083148466931673159
3 14 1.0625 0.29166666666666663 0.099997349253800161 0.059575529576696429 2.2351360466880957e-16 0.080313299854025771
3 15 1.0625 0.3125 0.094006541974979652 0.055754787585786961 2.2546143610528061e-16 0.075687737417347786
3 16 1.0625 0.33333333333333331 0.086337396933633001 0.051226245742721221 2.6978617726024357e-16 0.069498329881962181
3 17 1.0625 0.35416666666666663 0.077496330140379793 0.046307884385054211 2.4872051008773167e-16 0.062139045929328451
3 18 1.0625 0.375 0.067888762519721174 0.041211106232941733 2.7344005235665298e-16 0.053949316951341371
3 19 1.0625 0.39583333333333331 0.057967853775683129 0.036249562584912187 2.7842159385224476e-16 0.045235398569720982
3 20 1.0625 0.41666666666666663 0.048119816940811418 0.031682324286748068 3.2693057537813837e-16 0.036218049508588049
3 21 1.0625 0.4375 0.038805565676465335 0.02780192228974919 3.3491715319609895e-16 0.027072588433048137
3 22 1.0625 0.45833333333333331 0.030668885266540154 0.024859463538640856 3.3895101608266468e-16 0.017960723706554521
3 23 1.0625 0.47916666666666663 0.024713703324750924 0.02303892387393066 3.4059561670974513e-16 0.0089428808979563588
3 24 1.0625 0.5 0.022425842675704851 0.022425842675704851 3.4463446113879159e-16 -1.9443002764027268e-17
3 25 1.0625 0.52083333333333326 0.024713703324751025 0.023038923873930795 3.1679803243671107e-16 -0.0089428808979562947
3 26 1.0625 0.54166666666666663 0.030668885266540026 0.02485946353864071 3.5165164169056778e-16 -0.017960723706554507
3 27 1.0625 0.5625 0.038805565676465363 0.027801922289749221 3.1316518174126771e-16 -0.027072588433048144
3 28 1.0625 0.58333333333333326 0.048119816940811362 0.031682324286748026 3.2425526932900121e-16 -0.036218049508588014
3 29 1.0625 0.60416666666666663 0.057967853775683073 0.036249562584912215 2.9822099560014714e-16 -0.045235398569720885
3 30 1.0625 0.625 0.067888762519721091 0.041211106232941705 2.7678325467483675e-16 -0.053949316951341288
3 31 1.0625 0.64583333333333326 0.077496330140379835 0.046307884385054267 2.6125903715134252e-16 -0.062139045929328451
3 32 1.0625 0.66666666666666663 0.086337396933633043 0.051226245742721187 2.7521956753072267e-16 -0.069498329881962251
3 33 1.0625 0.6875 0.094006541974979735 0.055754787585787044 1.977535851751522e-16 -0.075687737417347828
3 34 1.0625 0.70833333333333326 0.09999734925380023 0.059575529576696512 1.9623103868112514e-16 -0.080313299854025799
3 35 1.0625 0.72916666666666663 0.10408504636417626 0.062610137546128819 1.4486128412565048e-16 -0.083148466931673201
3 36 1.0625 0.75 0.10602991858973532 0.064628767911486446 1.2665432228566371e-16 -0.084056326319850064
3 37 1.0625 0.77083333333333326 0.10573381331890544 0.065503924756251136 1.0196898687880558e-16 -0.082999247710352983
3 38 1.0625 0.79166666666666663 0.10311889424060344 0.06498329041866692 1.0147908540026395e-16 -0.08006671165826626
3 39 1.0625 0.8125 0.098384869141105016 0.063044478929535561 7.2261563600296736e-17 -0.075531292537700592
3 40 1.0625 0.83333333333333326 0.091626963373424575 0.059525078495605198 3.9565762556629982e-17 -0.069658204449489863
3 41 1.0625 0.85416666666666663 0.082920807085223078 0.054405921568585487 2.6585666224488477e-17 -0.062576800381113337
3 42 1.0625 0.875 0.072347242650534285 0.047705628878663892 2.3518697780737509e-17 -0.054390224235853962
3 43 1.0625 0.89583333333333326 0.060341590980743716 0.039912182496900074 1.5563062955873008e-17 -0.045256218251434957
3 44 1.0625 0.91666666666666663 0.047645247716431138 0.031703492029018614 1.2791505696109995e-17 -0.03556625118178805
3 45 1.0625 0.9375 0.035387415381067155 0.024126538515508771 6.6954381150470297e-18 -0.025887821588767571
3 46 1.0625 0.95833333333333326 0.024562483691140623 0.018027295332760426 3.7394979249367104e-18 -0.016683291883288001
3 47 1.0625 0.97916666666666663 0.016289910441328728 0.014122675555283154 3.5390174599853373e-18 -0.0081185723712188709
3 48 1.0625 1 0.012775586334320355 0.012775586334320355 2.7776798856910115e-18 0
4 0 1.0833333333333333 0 0.017997072832719299 0.017997072832719299 3.8151226161762647e-18 0
4 1 1.0833333333333333 0.020833333333333332 0.022357234461951436 0.019516698757524441 5.5371295121224138e-18 0.010906163504858743
4 2 1.0833333333333333 0.041666666666666664 0.032357311705800272 0.023798560183269007 5.7395619715008921e-18 0.021923141974398708
4 3 1.0833333333333333 0.0625 0.044703475317292241 0.030256682066417261 1.3746270362850173e-17 0.032907960978697852
4 4 1.0833333333333333 0.083333333333333329 0.057712457612781522 0.037924755875091108 1.5957925327289976e-17 0.043502191387582378
4 5 1.0833333333333333 0.10416666666666666 0.070180245573410627 0.045814002899389902 3.0543840998130997e-17 0.053163370915310808
4 6 1.0833333333333333 0.125 0.081358255034281332 0.053117361089027308 3.0437986685418002e-17 0.061625575966160764
4 7 1.0833333333333333 0.14583333333333331 0.091046735489427433 0.059523576320514401 4.1250447516445203e-17 0.068894498367414375
4 8 1.0833333333333333 0.16666666666666666 0.099346710537557156 0.06498567487854226 5.8579061844914192e-17 0.075144067997504435
4 9 1.0833333333333333 0.1875 0.10646880691849114 0.069740402958990505 8.2664390131216825e-17 0.080448014529661174
4 10 1.0833333333333333 0.20833333333333331 0.11215165541936452 0.073707010399563525 9.1868385377193987e-17 0.084529701473875493
4 11 1.0833333333333333 0.22916666666666666 0.11599975737663439 0.076810194843835805 1.3814901245473888e-16 0.086926047186617339
4 12 1.0833333333333333 0.25 0.11768651535949357 0.078850681149412225 1.4008700458469836e-16 0.087365244689945457
4 13 1.0833333333333333 0.27083333333333331 0.11719261743362253 0.079867189663028637 1.8497766400825578e-16 0.085763288161504261
4 14 1.0833333333333333 0.29166666666666663 0.11442668327194663 0.079668633626002253 2.2217487362201874e-16 0.082136317550668261
4 15 1.0833333333333333 0.3125 0.10956285612820613 0.078252619418762798 2.2893210727849276e-16 0.076684724665817647
4 16 1.0833333333333333 0.33333333333333331 0.10288090700577433 0.075598925100495262 2.1247885673940074e-16 0.069780251862403692
4 17 1.0833333333333333 0.35416666666666663 0.094933856770562472 0.072003712813576093 2.7112637137801452e-16 0.061870045275510578
4 18 1.0833333333333333 0.375 0.086048829423610834 0.067595617937530689 2.7267015690822729e-16 0.053246910528377649
4 19 1.0833333333333333 0.39583333333333331 0.076845660691257714 0.062791654019913518 2.8834094171257063e-16 0.044299703752049953
4 20 1.0833333333333333 0.41666666666666663 0.067930305152747825 0.058046696592134003 3.0242985580050389e-16 0.035286079023974529
4 21 1.0833333333333333 0.4375 0.059941296148044512 0.053830539966081455 3.0456094030538062e-16 0.026367251484894716
4 22 1.0833333333333333 0.45833333333333331 0.053512780442706895 0.050554675826461171 2.6128095796832809e-16 0.017545438803027291
4 23 1.0833333333333333 0.47916666666666663 0.049260419413426876 0.048472943991212838 3.3558340458961523e-16 0.0087728342975042627
4 24 1.0833333333333333 0.5 0.04776127319139381 0.04776127319139381 3.4462949439203445e-16 7.5784538013325847e-17
4 25 1.0833333333333333 0.52083333333333326 0.049260419413426931 0.048472943991212894 3.4197599146823055e-16 -0.0087728342975042246
4 26 1.0833333333333333 0.54166666666666663 0.053512780442706832 0.050554675826461108 3.0031179693322184e-16 -0.017545438803027297
4 27 1.0833333333333333 0.5625 0.059941296148044478 0.053830539966081413 3.3336981850713627e-16 -0.026367251484894733
4 28 1.0833333333333333 0.58333333333333326 0.067930305152747839 0.058046696592134024 3.0527683349814356e-16 -0.035286079023974543
4 29 1.0833333333333333 0.60416666666666663 0.076845660691257589 0.062791654019913407 2.8562915964757193e-16 -0.044299703752049904
4 30 1.0833333333333333 0.625 0.086048829423610751 0.067595617937530647 2.8430493054516925e-16 -0.053246910528377558
4 31 1.0833333333333333 0.64583333333333326 0.094933856770562541 0.072003712813576232 2.8316949382643881e-16 -0.061870045275510509
4 32 1.0833333333333333 0.66666666666666663 0.10288090700577437 0.075598925100495318 2.3970809835765461e-16 -0.069780251862403692
4 33 1.0833333333333333 0.6875 0.10956285612820613 0.078252619418762784 2.4421905095335716e-16 -0.076684724665817661
4 34 1.0833333333333333 0.70833333333333326 0.11442668327194683 0.079668633626002391 1.9137742587767164e-16 -0.082136317550668386
4 35 1.0833333333333333 0.72916666666666663 0.11719261743362255 0.079867189663028693 1.896129231369457e-16 -0.085763288161504247
4 36 1.0833333333333333 0.75 0.11768651535949362 0.078850681149412294 1.5290903676444068e-16 -0.08736524468994547
4 37 1.0833333333333333 0.77083333333333326 0.11599975737663443 0.076810194843835791 1.3615080620388786e-16 -0.086926047186617394
4 38 1.0833333333333333 0.79166666666666663 0.11215165541936456 0.073707010399563566 9.1797910557193068e-17 -0.084529701473875507
4 39 1.0833333333333333 0.8125 0.10646880691849119 0.069740402958990561 7.9983720932236292e-17 -0.080448014529661188
4 40 1.0833333333333333 0.83333333333333326 0.099346710537557198 0.064985674878542288 6.5509806121271768e-17 -0.075144067997504477
4 41 1.0833333333333333 0.85416666666666663 0.091046735489427447 0.05952357632051445 4.1257083722636781e-17 -0.068894498367414347
4 42 1.0833333333333333 0.875 0.08135825503428136 0.053117361089027322 2.7925469251264887e-17 -0.061625575966160792
4 43 1.0833333333333333 0.89583333333333326 0.070180245573410655 0.045814002899389909 2.2936609045700452e-17 -0.053163370915310842
4 44 1.0833333333333333 0.91666666666666663 0.057712457612781549 0.037924755875091122 1.4619916529595296e-17 -0.043502191387582399
4 45 1.0833333333333333 0.9375 0.044703475317292254 0.030256682066417274 1.0202287534653956e-17 -0.032907960978697866
4 46 1.0833333333333333 0.95833333333333326 0.032357311705800286 0.023798560183269018 7.7641394283872303e-18 -0.021923141974398715
4 47 1.0833333333333333 0.97916666666666663 0.022357234461951453 0.019516698757524462 3.8624567371088595e-18 -0.010906163504858747
4 48 1.0833333333333333 1 0.017997072832719323 0.017997072832719323 2.8650729946159184e-18 0
5 0 1.1041666666666667 0 0.023877859698393813 0.023877859698393813 6.2905831658872587e-18 0
5 1 1.1041666666666667 0.020833333333333332 0.028991786617812307 0.025412747414653703 7.1896818527954327e-18 0.013954066078809153
5 2 1.1041666666666667 0.041666666666666664 0.040433171091568666 0.029632543351853356 1.2343160136503189e-17 0.027509156639573585
5 3 1.1041666666666667 0.0625 0.053837474436859725 0.035825771052375423 1.3851238625257388e-17 0.040186910583451224
5 4 1.1041666666666667 0.083333333333333329 0.066958396885968482 0.042867165408911889 2.9987072880538666e-17 0.051437661721192782
5 5 1.1041666666666667 0.10416666666666666 0.078825108057383825 0.049963487153424857 3.2906929587639114e-17 0.060967594767448272
5 6 1.1041666666666667 0.125 0.089177884397602825 0.056633445827720251 4.9409312866045443e-17 0.068886485462033048
5 7 1.1041666666666667 0.14583333333333331 0.098317942280069695 0.062948390566598081 6.12041585784144e-17 0.075524286817302291
5 8 1.1041666666666667 0.16666666666666666 0.10662624758596026 0.069114800329620932 9.8077098411721062e-17 0.081192986456091923
5 9 1.1041666666666667 0.1875 0.11392232102449694 0.075133180718374729 1.1399907750822757e-16 0.085634691467585622
5 10 1.1041666666666667 0.20833333333333331 0.11956253074353672 0.080634023137777455 1.8468386145296079e-16 0.088279969814310272
5 11 1.1041666666666667 0.22916666666666666 0.12306477224855661 0.0852886153549412 1.3486945686599684e-16 0.08871747437470251
5 12 1.1041666666666667 0.25 0.12423900420359615 0.088809487176880281 1.9026076582298853e-16 0.086880407186434847
5 13 1.1041666666666667 0.27083333333333331 0.12310854184474816 0.090992507153119406 2.3470029614042904e-16 0.082922112353277788
5 14 1.1041666666666667 0.29166666666666663 0.11966683562636297 0.091495931723210244 2.3940163532246953e-16 0.077127466099494182
5 15 1.1041666666666667 0.3125 0.11418623442995877 0.090251890079728017 2.4177641410112609e-16 0.06995064310161983
5 16 1.1041666666666667 0.33333333333333331 0.10700053887909046 0.087271044403650494 2.829474145635284e-16 0.061910258674244066
5 17 1.1041666666666667 0.35416666666666663 0.098635034346054598 0.082896551567280527 2.7168969121351009e-16 0.053451208954527589
5 18 1.1041666666666667 0.375 0.089469472938158517 0.07741545927318258 3.0251076988400773e-16 0.044851234691523162
5 19 1.1041666666666667 0.39583333333333331 0.080312252116171323 0.071545297319422163 2.9939343608279861e-16 0.036487371396785345
5 20 1.1041666666666667 0.41666666666666663 0.071614963779935772 0.065727507367463953 3.2091292134260684e-16 0.028435854347310986
5 21 1.1041666666666667 0.4375 0.063949966860261651 0.060475242907047991 3.3137237815277428e-16 0.020792865525513897
5 22 1.1041666666666667 0.45833333333333331 0.057834011492786511 0.056221228883595577 3.3227324621127026e-16 0.013562680714597689
5 23 1.1041666666666667 0.47916666666666663 0.053834281459720981 0.053419527185126395 3.4919811299239147e-16 0.0066696308445070764
5 24 1.1041666666666667 0.5 0.052438230678076035 0.052438230678076035 3.866644688222738e-16 -2.2061338662178107e-17
5 25 1.1041666666666667 0.52083333333333326 0.053834281459721016 0.053419527185126436 3.1124405906001101e-16 -0.0066696308445070148
5 26 1.1041666666666667 0.54166666666666663 0.057834011492786497 0.056221228883595584 3.993363221870727e-16 -0.013562680714597633
5 27 1.1041666666666667 0.5625 0.063949966860261692 0.060475242907048046 3.2528891999513017e-16 -0.020792865525513855
5 28 1.1041666666666667 0.58333333333333326 0.071614963779935911 0.065727507367464078 3.5442410070833122e-16 -0.028435854347311034
5 29 1.1041666666666667 0.60416666666666663 0.080312252116171309 0.071545297319422163 3.1465360211218877e-16 -0.036487371396785297
5 30 1.1041666666666667 0.625 0.089469472938158504 0.07741545927318258 2.7142718687196103e-16 -0.044851234691523113
5 31 1.1041666666666667 0.64583333333333326 0.098635034346054598 0.082896551567280569 3.5785077593200149e-16 -0.053451208954527533
5 32 1.1041666666666667 0.66666666666666663 0.10700053887909032 0.087271044403650411 2.6842412579413378e-16 -0.061910258674243948
5 33 1.1041666666666667 0.6875 0.11418623442995879 0.090251890079728087 2.9921280013752348e-16 -0.069950643101619761
5 34 1.1041666666666667 0.70833333333333326 0.11966683562636309 0.0914959317232103 2.6018250390552266e-16 -0.077127466099494293
5 35 1.1041666666666667 0.72916666666666663 0.12310854184474822 0.090992507153119462 2.4756745356508313e-16 -0.082922112353277802
5 36 1.1041666666666667 0.75 0.12423900420359621 0.088809487176880336 1.960445479420846e-16 -0.086880407186434874
5 37 1.1041666666666667 0.77083333333333326 0.12306477224855664 0.085288615354941241 1.4455818939238936e-16 -0.08871747437470251
5 38 1.1041666666666667 0.79166666666666663 0.11956253074353673 0.080634023137777483 1.5600208212441493e-16 -0.088279969814310272
5 39 1.1041666666666667 0.8125 0.11392232102449698 0.075133180718374742 1.2233240124779883e-16 -0.08563469146758565
5 40 1.1041666666666667 0.83333333333333326 0.10662624758596027 0.06911480032962096 8.6575083328978085e-17 -0.081192986456091923
5 41 1.1041666666666667 0.85416666666666663 0.098317942280069751 0.06294839056659815 6.3559630089985606e-17 -0.075524286817302319
5 42 1.1041666666666667 0.875 0.089177884397602825 0.056633445827720251 4.6440007412654086e-17 -0.068886485462033034
5 43 1.1041666666666667 0.89583333333333326 0.07882510805738388 0.049963487153424906 3.7942335011075359e-17 -0.060967594767448299
5 44 1.1041666666666667 0.91666666666666663 0.066958396885968496 0.042867165408911917 2.5974664680614456e-17 -0.051437661721192789
5 45 1.1041666666666667 0.9375 0.05383747443685976 0.035825771052375444 1.5100344988653679e-17 -0.040186910583451245
5 46 1.1041666666666667 0.95833333333333326 0.040433171091568694 0.029632543351853394 1.2999526869508131e-17 -0.027509156639573592
5 47 1.1041666666666667 0.97916666666666663 0.028991786617812331 0.025412747414653734 5.5865887264947158e-18 -0.013954066078809151
5 48 1.1041666666666667 1 0.023877859698393851 0.023877859698393851 9.1139145911107987e-18 0
6 0 1.125 0 0.029436347524015451 0.029436347524015451 4.969295080979277e-18 0
6 1 1.125 0.020833333333333332 0.034972084136123599 0.030741504589412848 9.3731949845590135e-18 0.016673528852741908
6 2 1.125 0.041666666666666664 0.047140949976164415 0.034277245031986731 1.222367129358215e-17 0.032362627175066869
6 3 1.125 0.0625 0.060638169890243461 0.039296764736396615 2.2199851005962869e-17 0.046181727218569078
6 4 1.125 0.083333333333333329 0.073067582232261147 0.044865309068181501 1.894865000632576e-17 0.057671272012023427
6 5 1.125 0.10416666666666666 0.083840957082748344 0.050541163396516306 4.1447522118695487e-17 0.066894670094693562
6 6 1.125 0.125 0.09324191898824781 0.056249258579035635 4.8910560047049624e-17 0.07436448322902374
6 7 1.125 0.14583333333333331 0.10195675923853433 0.062392023053492826 6.7132782894273664e-17 0.080637560812048842
6 8 1.125 0.16666666666666666 0.10998475789238829 0.069018692319298774 9.6342833490686862e-17 0.085633329254334367
6 9 1.125 0.1875 0.11668418486860876 0.075854177843459616 1.2239374980758161e-16 0.08866421319869966
6 10 1.125 0.20833333333333331 0.12137411493145442 0.082408685119781513 1.5683196206710229e-16 0.089109395645030648
6 11 1.125 0.22916666666666666 0.12383969015455613 0.088343093853988752 1.6948852367898042e-16 0.08678575128373206
6 12 1.125 0.25 0.12426792544193915 0.093321461662725286 1.8247926880214915e-16 0.082058650286096241
6 13 1.125 0.27083333333333331 0.12280164657372375 0.096901870961963121 2.3055617753842427e-16 0.075433890296661782
6 14 1.125 0.29166666666666663 0.11942321034694008 0.098552560569269268 2.383290401745827e-16 0.067448469032365801
6 15 1.125 0.3125 0.11428268922635615 0.098016899856670919 2.4565390942293508e-16 0.058764108087294611
6 16 1.125 0.33333333333333331 0.10768577351765224 0.095364690691666754 2.8523255144674628e-16 0.050018012629230099
6 17 1.125 0.35416666666666663 0.10007239317807572 0.09103251557784639 3.2559700692687012e-16 0.041563986622514079
6 18 1.125 0.375 0.091797015593517009 0.085415742385944002 3.296867183608198e-16 0.033628009523824831
6 19 1.125 0.39583333333333331 0.083606439603346613 0.07930667983144965 3.6364400199322303e-16 0.026466720183278898
6 20 1.125 0.41666666666666663 0.075786322104462261 0.073103468196448723 3.3625527343488367e-16 0.019986234156841937
6 21 1.125 0.4375 0.069028984186682713 0.067546924490440599 3.8268389662496499e-16 0.014227215107954508
6 22 1.125 0.45833333333333331 0.063848133487888939 0.063199807521545304 3.8347119039251858e-16 0.009075708188726125
6 23 1.125 0.47916666666666663 0.060641486758917874 0.060480804303801795 3.4660984034847655e-16 0.0044116014209403011
6 24 1.125 0.5 0.059568480792876854 0.059568480792876854 4.0058785454523457e-16 -2.4547364695355572e-17
6 25 1.125 0.52083333333333326 0.060641486758917874 0.060480804303801795 3.7059270573934497e-16 -0.0044116014209402612
6 26 1.125 0.54166666666666663 0.0638481334878888 0.063199807521545193 3.8592266914991326e-16 -0.0090757081887259828
6 27 1.125 0.5625 0.069028984186682657 0.067546924490440544 3.3421340329442098e-16 -0.014227215107954477
6 28 1.125 0.58333333333333326 0.075786322104462359 0.073103468196448793 3.0401647357807127e-16 -0.019986234156842021
6 29 1.125 0.60416666666666663 0.0836064396033466 0.079306679831449622 3.4851599643087538e-16 -0.026466720183278922
6 30 1.125 0.625 0.091797015593516981 0.085415742385943974 3.0797160006132142e-16 -0.033628009523824838
6 31 1.125 0.64583333333333326 0.10007239317807562 0.091032515577846307 3.0747483615681054e-16 -0.041563986622514003
6 32 1.125 0.66666666666666663 0.10768577351765207 0.095364690691666601 2.5985756338881736e-16 -0.050018012629230002
6 33 1.125 0.6875 0.1142826892263562 0.098016899856671044 2.7198207252815307e-16 -0.058764108087294507
6 34 1.125 0.70833333333333326 0.11942321034693999 0.098552560569269185 2.2318853128167573e-16 -0.067448469032365774
6 35 1.125 0.72916666666666663 0.12280164657372385 0.096901870961963191 2.2955350155461456e-16 -0.075433890296661851
6 36 1.125 0.75 0.12426792544193925 0.093321461662725397 2.0216924882443485e-16 -0.082058650286096269
6 37 1.125 0.77083333333333326 0.12383969015455611 0.088343093853988752 1.9087501932708929e-16 -0.086785751283732032
6 38 1.125 0.79166666666666663 0.12137411493145443 0.082408685119781513 1.2337266948841119e-16 -0.089109395645030676
6 39 1.125 0.8125 0.11668418486860878 0.075854177843459644 1.3213858381578168e-16 -0.08866421319869966
6 40 1.125 0.83333333333333326 0.10998475789238833 0.069018692319298774 1.1305055422011e-16 -0.085633329254334409
6 41 1.125 0.85416666666666663 0.10195675923853437 0.062392023053492847 7.9586736472249553e-17 -0.08063756081204887
6 42 1.125 0.875 0.093241918988247838 0.056249258579035656 4.5982906225592241e-17 -0.074364483229023767
6 43 1.125 0.89583333333333326 0.083840957082748371 0.05054116339651632 3.6625907597885522e-17 -0.06689467009469359
6 44 1.125 0.91666666666666663 0.073067582232261161 0.044865309068181501 2.2448530372913448e-17 -0.057671272012023433
6 45 1.125 0.9375 0.060638169890243475 0.039296764736396608 1.9844737157535316e-17 -0.046181727218569106
6 46 1.125 0.95833333333333326 0.047140949976164422 0.034277245031986738 1.4439919177857299e-17 -0.032362627175066876
6 47 1.125 0.97916666666666663 0.034972084136123627 0.030741504589412869 9.1452475134507275e-18 -0.016673528852741926
6 48 1.125 1 0.029436347524015478 0.029436347524015478 8.0839060741706058e-18 0
7 0 1.1458333333333333 0 0.033989946290390455 0.033989946290390455 1.8652356713837137e-17 0
7 1 1.1458333333333333 0.020833333333333332 0.039664800683772351 0.034929826410200399 1.4047289227322243e-17 0.018793712784776033
7 2 1.1458333333333333 0.041666666666666664 0.05193666856422037 0.037389766183199266 3.220570809037043e-17 0.036047509294199025
7 3 1.1458333333333333 0.0625 0.065128718133061286 0.040885609206529401 2.5983527584658184e-17 0.050696320235957014
7 4 1.1458333333333333 0.083333333333333329 0.076913358554023772 0.04491383926596685 6.0556046376804351e-17 0.06243726264379882
7 5 1.1458333333333333 0.10416666666666666 0.087094833536705024 0.049424147090422275 5.4985516854216992e-17 0.071713065149738658
7 6 1.1458333333333333 0.125 0.096355342699487811 0.054763546608814925 8.4074624582481064e-17 0.079279921982554291
7 7 1.1458333333333333 0.14583333333333331 0.1049474299027746 0.061122729620398442 9.7214393799635539e-17 0.085311048328744934
7 8 1.1458333333333333 0.16666666666666666 0.11228529985077765 0.068286378121578367 1.3345844363596531e-16 0.089134500198384869
7 9 1.1458333333333333 0.1875 0.11750447834027593 0.075724303145922475 1.748437150341181e-16 0.089850611256044377
7 10 1.1458333333333333 0.20833333333333331 0.12027862509903889 0.083015636007127996 2.0086166460368638e-16 0.087036497137966101
7 11 1.1458333333333333 0.22916666666666666 0.12103382714736177 0.08974988747353059 2.0854550267375981e-16 0.081204341093478766
7 12 1.1458333333333333 0.25 0.12029598807252891 0.095434872223294859 2.1295257484927545e-16 0.073234622345372966
7 13 1.1458333333333333 0.27083333333333331 0.11789588890172704 0.099126204867944046 2.4674328449562959e-16 0.063823476310890109
7 14 1.1458333333333333 0.29166666666666663 0.11356264852755418 0.10004592123701089 2.1151636132175178e-16 0.053733497787047307
7 15 1.1458333333333333 0.3125 0.10746891159584651 0.098134895576467651 2.831327297834195e-16 0.043807638943358533
7 16 1.1458333333333333 0.33333333333333331 0.10008436012623513 0.09389745958150314 3.0774759297427689e-16 0.034643126677855011
7 17 1.1458333333333333 0.35416666666666663 0.091559525053683199 0.087676541492650473 2.9350020199210329e-16 0.026381256602815224
7 18 1.1458333333333333 0.375 0.082267223463282482 0.079970429835740042 3.4139398246833969e-16 0.019303533568873731
7 19 1.1458333333333333 0.39583333333333331 0.072920090327799031 0.071647446805268591 2.7361064435533794e-16 0.013564031100693402
7 20 1.1458333333333333 0.41666666666666663 0.064019813198899336 0.063386859174894436 3.0788455582052943e-16 0.0089801205985257856
7 21 1.1458333333333333 0.4375 0.056557810347041611 0.056275113476923821 2.6675999788850406e-16 0.0056477884531269404
7 22 1.1458333333333333 0.45833333333333331 0.050906789831352078 0.050804195060482907 3.2115448594610798e-16 0.0032303274121759278
7 23 1.1458333333333333 0.47916666666666663 0.047407912671849552 0.04738546904462685 3.2884639558568565e-16 0.0014585977246738668
7 24 1.1458333333333333 0.5 0.046225855034051196 0.046225855034051196 3.0146503840102771e-16 1.7081722522451073e-17
7 25 1.1458333333333333 0.52083333333333326 0.047407912671849524 0.047385469044626823 3.4152503695069313e-16 -0.0014585977246738592
7 26 1.1458333333333333 0.54166666666666663 0.050906789831352307 0.050804195060483143 3.3982225821750016e-16 -0.0032303274121759226
7 27 1.1458333333333333 0.5625 0.056557810347041625 0.056275113476923842 3.0644255920485817e-16 -0.0056477884531268589
7 28 1.1458333333333333 0.58333333333333326 0.064019813198899309 0.063386859174894436 3.4925909765407414e-16 -0.0089801205985256139
7 29 1.1458333333333333 0.60416666666666663 0.072920090327798989 0.071647446805268536 2.847518402083361e-16 -0.013564031100693387
7 30 1.1458333333333333 0.625 0.08226722346328269 0.079970429835740237 3.3800576985452179e-16 -0.01930353356887381
7 31 1.1458333333333333 0.64583333333333326 0.091559525053683241 0.087676541492650514 2.7978899402475748e-16 -0.026381256602815224
7 32 1.1458333333333333 0.66666666666666663 0.10008436012623513 0.093897459581503182 2.9682845342491788e-16 -0.0346431266778549
7 33 1.1458333333333333 0.6875 0.10746891159584658 0.09813489557646779 2.9722642820982917e-16 -0.04380763894335838
7 34 1.1458333333333333 0.70833333333333326 0.11356264852755411 0.10004592123701084 2.3615550827472422e-16 -0.053733497787047259
7 35 1.1458333333333333 0.72916666666666663 0.11789588890172696 0.099126204867944101 2.6456399288712257e-16 -0.063823476310889887
7 36 1.1458333333333333 0.75 0.12029598807252896 0.095434872223294914 2.4743539743179146e-16 -0.073234622345372966
7 37 1.1458333333333333 0.77083333333333326 0.12103382714736176 0.089749887473530604 1.788440686753066e-16 -0.081204341093478724
7 38 1.1458333333333333 0.79166666666666663 0.12027862509903897 0.08301563600712808 2.2274742773640134e-16 -0.087036497137966143
7 39 1.1458333333333333 0.8125 0.11750447834027587 0.075724303145922572 1.4556546243201932e-16 -0.089850611256044238
7 40 1.1458333333333333 0.83333333333333326 0.11228529985077776 0.06828637812157845 1.5186745085756924e-16 -0.089134500198384939
7 41 1.1458333333333333 0.85416666666666663 0.1049474299027746 0.061122729620398455 9.3937002923486481e-17 -0.085311048328744921
7 42 1.1458333333333333 0.875 0.096355342699487867 0.054763546608814918 8.2635447186993112e-17 -0.079279921982554361
7 43 1.1458333333333333 0.89583333333333326 0.087094833536705024 0.049424147090422262 6.4005899540096128e-17 -0.071713065149738672
7 44 1.1458333333333333 0.91666666666666663 0.076913358554023745 0.044913839265966878 5.6495588735419101e-17 -0.062437262643798772
7 45 1.1458333333333333 0.9375 0.0651287181330613 0.040885609206529429 2.9603318787296687e-17 -0.050696320235957007
7 46 1.1458333333333333 0.95833333333333326 0.051936668564220398 0.037389766183199308 2.8035364448686694e-17 -0.036047509294199018
7 47 1.1458333333333333 0.97916666666666663 0.039664800683772379 0.034929826410200426 1.7338130626132705e-17 -0.01879371278477604
7 48 1.1458333333333333 1 0.033989946290390483 0.033989946290390483 1.5564121901124809e-17 0
8 0 1.1666666666666667 0 0.036788624182144979 0.036788624182144979 1.1093212775438142e-17 0
8 1 1.1666666666666667 0.020833333333333332 0.042319421867732743 0.037265912958748766 1.7164134491375885e-17 0.02005455555653371
8 2 1.1666666666666667 0.041666666666666664 0.054286702263876316 0.038531808234344246 2.6390538498293286e-17 0.038240630184117975
8 3 1.1666666666666667 0.0625 0.067062200259759633 0.040484941754990796 2.9855660119062639e-17 0.053463148006595226
8 4 1.1666666666666667 0.083333333333333329 0.07847089435420733 0.043119499903568233 4.5317551090447039e-17 0.065562107873491579
8 5 1.1666666666666667 0.10416666666666666 0.088597224111940071 0.046811893410100953 6.0844004456536158e-17 0.075220441076230604
8 6 1.1666666666666667 0.125 0.09776909318128249 0.051927324210489699 8.222506382435959e-17 0.082839293706724632
8 7 1.1666666666666667 0.14583333333333331 0.10557509380258231 0.058349388705890688 1.2323532607040993e-16 0.087985506017030618
8 8 1.1666666666666667 0.16666666666666666 0.11116582296980278 0.065768300858092377 1.1844044052516364e-16 0.089623494680764249
8 9 1.1666666666666667 0.1875 0.11397757287716703 0.073627627081375949 1.6064416879755054e-16 0.087004940373152123
8 10 1.1666666666666667 0.20833333333333331 0.11471772468999318 0.081632889499333491 1.9754100259285013e-16 0.080599179338493768
8 11 1.1666666666666667 0.22916666666666666 0.11434773076059054 0.089124355788282844 1.8760214966529503e-16 0.07163974270905836
8 12 1.1666666666666667 0.25 0.1129727374212825 0.09498166039886248 2.1750830919037898e-16 0.061166359940192629
8 13 1.1666666666666667 0.27083333333333331 0.1096697528926357 0.097637063642453795 2.1590624478530914e-16 0.049944554285839826
8 14 1.1666666666666667 0.29166666666666663 0.10443833582333623 0.096935179975760566 2.7593045522247977e-16 0.038870771443526332
8 15 1.1666666666666667 0.3125 0.09764954925618545 0.093321397442897219 2.7219789398587227e-16 0.02874980433396037
8 16 1.1666666666666667 0.33333333333333331 0.089484055697672094 0.087264805454078609 3.4449776724279835e-16 0.019805301137975496
8 17 1.1666666666666667 0.35416666666666663 0.07979863671221242 0.078888405672165651 3.2146938105322391e-16 0.012018397215580729
8 18 1.1666666666666667 0.375 0.069544024759419912 0.069301245622121296 3.4311522097009279e-16 0.0058059224039961202
8 19 1.1666666666666667 0.39583333333333331 0.059427154672062422 0.05941424027616779 3.3328593854743445e-16 0.0012388562560005948
8 20 1.1666666666666667 0.41666666666666663 0.049810329886873672 0.04978082506335707 3.7427164022496564e-16 -0.0017141818604281787
8 21 1.1666666666666667 0.4375 0.041308224893364609 0.041204010428034912 2.6104352946280446e-16 -0.0029323997829726186
8 22 1.1666666666666667 0.45833333333333331 0.034278625721174412 0.034161564416367501 2.6761518076952171e-16 -0.0028304942958313367
8 23 1.1666666666666667 0.47916666666666663 0.029582315005694103 0.029534912789951503 2.9598121140952701e-16 -0.0016740034605918705
8 24 1.1666666666666667 0.5 0.027894880638099622 0.027894880638099622 1.9836437821030785e-16 -6.7752620433307478e-17
8 25 1.1666666666666667 0.52083333333333326 0.029582315005694026 0.029534912789951431 2.5848948669338384e-16 0.0016740034605918458
8 26 1.1666666666666667 0.54166666666666663 0.034278625721174107 0.034161564416367189 2.9309432858284482e-16 0.0028304942958313831
8 27 1.1666666666666667 0.5625 0.041308224893364283 0.041204010428034586 2.7288684705734269e-16 0.0029323997829725523
8 28 1.1666666666666667 0.58333333333333326 0.049810329886873568 0.049780825063356966 3.2663294676725285e-16 0.0017141818604282689
8 29 1.1666666666666667 0.60416666666666663 0.059427154672062603 0.059414240276167971 3.2703091001889203e-16 -0.0012388562560005831
8 30 1.1666666666666667 0.625 0.069544024759420092 0.069301245622121463 4.0909766188991855e-16 -0.0058059224039962165
8 31 1.1666666666666667 0.64583333333333326 0.079798636712212268 0.078888405672165485 2.509083850776403e-16 -0.012018397215580838
8 32 1.1666666666666667 0.66666666666666663 0.089484055697672066 0.087264805454078581 3.451361489187957e-16 -0.019805301137975483
8 33 1.1666666666666667 0.6875 0.09764954925618545 0.093321397442897261 2.35040478143242e-16 -0.0287498043339602
8 34 1.1666666666666667 0.70833333333333326 0.10443833582333599 0.09693517997576033 2.6652911761806149e-16 -0.03887077144352627
8 35 1.1666666666666667 0.72916666666666663 0.10966975289263561 0.097637063642453795 2.695936627201051e-16 -0.049944554285839653
8 36 1.1666666666666667 0.75 0.11297273742128258 0.09498166039886255 2.4868177706808619e-16 -0.061166359940192663
8 37 1.1666666666666667 0.77083333333333326 0.1143477307605905 0.089124355788282816 2.3955512479909215e-16 -0.071639742709058304
8 38 1.1666666666666667 0.79166666666666663 0.11471772468999321 0.081632889499333491 1.9203257813900703e-16 -0.080599179338493795
8 39 1.1666666666666667 0.8125 0.113977572877167 0.073627627081375935 1.7685108571838336e-16 -0.087004940373152109
8 40 1.1666666666666667 0.83333333333333326 0.11116582296980283 0.06576830085809246 1.2374150141725561e-16 -0.089623494680764262
8 41 1.1666666666666667 0.85416666666666663 0.10557509380258236 0.058349388705890709 1.1582792048656451e-16 -0.08798550601703066
8 42 1.1666666666666667 0.875 0.097769093181282546 0.05192732421048972 7.4395790776382203e-17 -0.082839293706724687
8 43 1.1666666666666667 0.89583333333333326 0.088597224111940043 0.046811893410101009 5.5018801330706232e-17 -0.075220441076230549
8 44 1.1666666666666667 0.91666666666666663 0.078470894354207357 0.04311949990356824 4.9609593247985338e-17 -0.065562107873491621
8 45 1.1666666666666667 0.9375 0.067062200259759688 0.040484941754990837 3.8647373887848107e-17 -0.053463148006595261
8 46 1.1666666666666667 0.95833333333333326 0.054286702263876351 0.038531808234344288 3.317304042427629e-17 -0.038240630184117982
8 47 1.1666666666666667 0.97916666666666663 0.042319421867732757 0.037265912958748787 1.551970640309967e-17 -0.020054555556533703
8 48 1.1666666666666667 1 0.036788624182145027 0.036788624182145027 1.8089602032962182e-17 0
9 0 1.1875 0 0.037395896392893403 0.037395896392893403 2.4421702873547643e-17 0
9 1 1.1875 0.020833333333333332 0.042682559228224073 0.037452979437851822 2.3741837353863074e-17 0.02047132612945983
9 2 1.1875 0.041666666666666664 0.054281228247995396 0.037703828549655677 4.0844031755581912e-17 0.039049622953482445
9 3 1.1875 0.0625 0.06683217822426693 0.03841513174788741 4.7686367157545662e-17 0.054688368955314738
9 4 1.1875 0.083333333333333329 0.078358324478199459 0.040110589841247268 4.8879623970285216e-17 0.0673139480168711
9 5 1.1875 0.10416666666666666 0.08866527602803366 0.043364040081608789 8.8626935725236556e-17 0.077337514835479598
9 6 1.1875 0.125 0.09737748382453526 0.048414339790433573 8.9643723838488557e-17 0.084489206758343205
9 7 1.1875 0.14583333333333331 0.10373153117617651 0.055128407737075093 1.3411282733695185e-16 0.087869728692700974
9 8 1.1875 0.16666666666666666 0.10701747448013374 0.063177044136559529 1.7428672135121427e-16 0.086379401122450988
9 9 1.1875 0.1875 0.10782195352556115 0.072066952094156964 1.5702842035309601e-16 0.08019930222842811
9 10 1.1875 0.20833333333333331 0.10769527897419971 0.081222713567561194 1.7677516146027649e-16 0.070718766349906106
9 11 1.1875 0.22916666666666666 0.10704651504604265 0.089015209611138013 2.3616950087110857e-16 0.059457958604276009
9 12 1.1875 0.25 0.10470064677810437 0.093381767682257033 1.9059710699491044e-16 0.047350511087952921
9 13 1.1875 0.27083333333333331 0.09984101021036787 0.093464657807578816 2.8579960698226734e-16 0.035108190792733515
9 14 1.1875 0.29166666666666663 0.093022789055051527 0.089964373581056578 2.5685182006180655e-16 0.023656939145813051
9 15 1.1875 0.3125 0.084404585497192292 0.083322147810913808 2.7938437736248499e-16 0.013474187809626031
9 16 1.1875 0.33333333333333331 0.074042731096825493 0.073909640140024033 2.8397868979321241e-16 0.004437468044837977
9 17 1.1875 0.35416666666666663 0.062500313047513301 0.062419743466468787 3.1127657330129599e-16 -0.0031725000579020703
9 18 1.1875 0.375 0.050906652825926248 0.050174287632685471 2.3659081166172215e-16 -0.0086039620229247139
9 19 1.1875 0.39583333333333331 0.039347348389633358 0.037480247697473004 2.9519883721926615e-16 -0.011976846739908325
9 20 1.1875 0.41666666666666663 0.028393523915463448 0.025177576623363365 2.2951891200738499e-16 -0.013125617536430861
9 21 1.1875 0.4375 0.018779552740760361 0.014409196835677972 2.9430472412821409e-16 -0.012043531363088151
9 22 1.1875 0.45833333333333331 0.010976554805123146 0.0059031992894742428 1.6932509214715672e-16 -0.0092540258017050521
9 23 1.1875 0.47916666666666663 0.0050278911525577724 0.00059333722707687704 2.3032368140475912e-16 -0.0049927587941871821
9 24 1.1875 0.5 0.0012278274470267771 -0.0012278274470267771 2.1807663312631779e-16 3.0428065377332816e-17
9 25 1.1875 0.52083333333333326 0.0050278911525577646 0.00059333722707695553 2.0836642326436209e-16 0.0049927587941871656
9 26 1.1875 0.54166666666666663 0.010976554805123169 0.0059031992894742411 2.5570335428303606e-16 0.0092540258017050799
9 27 1.1875 0.5625 0.018779552740760617 0.014409196835678323 3.2298850264552602e-16 0.012043531363088129
9 28 1.1875 0.58333333333333326 0.028393523915463181 0.025177576623363073 2.5882676559315925e-16 0.013125617536430843
9 29 1.1875 0.60416666666666663 0.039347348389633344 0.037480247697472976 3.4107199468876235e-16 0.011976846739908356
9 30 1.1875 0.625 0.050906652825926206 0.050174287632685423 3.1262267310448883e-16 0.0086039620229247313
9 31 1.1875 0.64583333333333326 0.062500313047513315 0.062419743466468794 2.7997736010891649e-16 0.0031725000579021132
9 32 1.1875 0.66666666666666663 0.074042731096825645 0.073909640140024171 2.6702230485934297e-16 -0.0044374680448381245
9 33 1.1875 0.6875 0.084404585497192139 0.083322147810913641 3.0075625900199902e-16 -0.013474187809626077
9 34 1.1875 0.70833333333333326 0.093022789055051486 0.089964373581056564 2.4896986185212531e-16 -0.023656939145812961
9 35 1.1875 0.72916666666666663 0.0998410102103678 0.093464657807578774 2.2850568533840859e-16 -0.035108190792733418
9 36 1.1875 0.75 0.10470064677810435 0.093381767682257047 2.25741768695499e-16 -0.047350511087952851
9 37 1.1875 0.77083333333333326 0.10704651504604265 0.089015209611138013 2.375898459611543e-16 -0.059457958604275996
9 38 1.1875 0.79166666666666663 0.10769527897419982 0.081222713567561333 1.9354755263895093e-16 -0.07071876634990612
9 39 1.1875 0.8125 0.10782195352556111 0.072066952094157033 1.6412816057180085e-16 -0.080199302228427999
9 40 1.1875 0.83333333333333326 0.10701747448013381 0.063177044136559654 1.7990853177147272e-16 -0.086379401122450974
9 41 1.1875 0.85416666666666663 0.10373153117617649 0.055128407737075155 1.3072571373478525e-16 -0.087869728692700919
9 42 1.1875 0.875 0.097377483824535344 0.048414339790433539 8.9807937851492372e-17 -0.084489206758343316
9 43 1.1875 0.89583333333333326 0.088665276028033674 0.043364040081608816 1.0042202079651853e-16 -0.077337514835479598
9 44 1.1875 0.91666666666666663 0.078358324478199473 0.040110589841247289 6.0604340554655137e-17 -0.0673139480168711
9 45 1.1875 0.9375 0.066832178224266958 0.038415131747887424 5.4257344500767388e-17 -0.054688368955314745
9 46 1.1875 0.95833333333333326 0.054281228247995437 0.037703828549655725 3.1000425646418407e-17 -0.039049622953482452
9 47 1.1875 0.97916666666666663 0.042682559228224122 0.037452979437851863 2.7264201531349137e-17 -0.020471326129459851
9 48 1.1875 1 0.037395896392893424 0.037395896392893424 2.5713775396095751e-17 0
10 0 1.2083333333333333 0 0.035679567979097944 0.035679567979097944 1.7037098852076071e-17 0
10 1 1.2083333333333333 0.020833333333333332 0.040795468151268152 0.035444931745966697 3.0850344107061025e-17 0.0201972036481513
10 2 1.2083333333333333 0.041666666666666664 0.052168802693935173 0.034986182877266354 3.308568974314213e-17 0.038698203862675744
10 3 1.2083333333333333 0.0625 0.064796363401736515 0.034905962364276906 3.781150099722382e-17 0.054590681453097686
10 4 1.2083333333333333 0.083333333333333329 0.076629227857254414 0.036099630793625478 6.6526842218878848e-17 0.067593307498323707
10 5 1.2083333333333333 0.10416666666666666 0.086841686236074592 0.039191502711082425 6.3856068247090656e-17 0.07749519071253419
10 6 1.2083333333333333 0.125 0.09457192576792163 0.044544961950941278 1.108708373067277e-16 0.083424190186315098
10 7 1.2083333333333333 0.14583333333333331 0.09900481615388905 0.052097226235341534 1.6002354637452412e-16 0.08418926677581301
10 8 1.2083333333333333 0.16666666666666666 0.10039027290693132 0.061447475709642339 1.5022902761610786e-16 0.07938774857143302
10 9 1.2083333333333333 0.1875 0.10051858694894701 0.071897702374414021 1.8431856041109858e-16 0.070247467680288667
10 10 1.2083333333333333 0.20833333333333331 0.10047806937084516 0.081569807226592697 2.141075569216368e-16 0.058670341515188747
10 11 1.2083333333333333 0.22916666666666666 0.099114862432777021 0.087765187107699275 2.2358069056844809e-16 0.046054618519957922
10 12 1.2083333333333333 0.25 0.094948431853612167 0.089025739988950275 2.3959725778990652e-16 0.03300942790900583
10 13 1.2083333333333333 0.27083333333333331 0.088215644869404752 0.085860957860126763 2.6245653226097378e-16 0.020245886373939596
10 14 1.2083333333333333 0.29166666666666663 0.079663803790964577 0.07921267556600943 3.0995511816903239e-16 0.0084660300093629352
10 15 1.2083333333333333 0.3125 0.069440472063163075 0.069403501943511081 2.6001643874240315e-16 -0.0022656297870539128
10 16 1.2083333333333333 0.33333333333333331 0.057986193995538088 0.056763326161358804 3.1157050783558588e-16 -0.011845821929582452
10 17 1.2083333333333333 0.35416666666666663 0.046284715379552685 0.042095299624288991 2.477159942759975e-16 -0.019242157553339384
10 18 1.2083333333333333 0.375 0.035536536910424729 0.026348993344967306 3.1564467199816543e-16 -0.023844831836120125
10 19 1.2083333333333333 0.39583333333333331 0.027792541059032293 0.0099473314718639058 1.7771494382100264e-16 -0.025951414896048765
10 20 1.2083333333333333 0.41666666666666663 0.025725383510975038 -0.00538651774863033 1.833997552418436e-16 -0.025155134333380864
10 21 1.2083333333333333 0.4375 0.028483737946674918 -0.01849469271339016 1.59770646950071e-16 -0.021662633008296142
10 22 1.2083333333333333 0.45833333333333331 0.032640565201195765 -0.028473241513091187 1.533081455259634e-16 -0.015958728470360437
10 23 1.2083333333333333 0.47916666666666663 0.035573026469802475 -0.034564928057904724 2.0090187824852529e-16 -0.0084086836409237291
10 24 1.2083333333333333 0.5 0.036678683686665312 -0.036678683686665312 1.7946288740368436e-16 -1.0132774198901877e-16
10 25 1.2083333333333333 0.52083333333333326 0.035573026469802496 -0.034564928057904745 1.5274621197349997e-16 0.0084086836409237083
10 26 1.2083333333333333 0.54166666666666663 0.032640565201195425 -0.028473241513090823 1.6034186728879602e-16 0.015958728470360388
10 27 1.2083333333333333 0.5625 0.028483737946674775 -0.018494692713390132 1.8424614824206638e-16 0.021662633008295979
10 28 1.2083333333333333 0.58333333333333326 0.025725383510975117 -0.0053865177486304722 2.345565325377458e-16 0.025155134333380916
10 29 1.2083333333333333 0.60416666666666663 0.027792541059032304 0.0099473314718637948 2.1913051534005144e-16 0.025951414896048818
10 30 1.2083333333333333 0.625 0.035536536910424792 0.026348993344967226 2.8213623162539556e-16 0.023844831836120305
10 31 1.2083333333333333 0.64583333333333326 0.046284715379552817 0.042095299624289151 2.5930391550442525e-16 0.019242157553339356
10 32 1.2083333333333333 0.66666666666666663 0.057986193995537942 0.056763326161358693 3.4058687058369066e-16 0.011845821929582275
10 33 1.2083333333333333 0.6875 0.069440472063163089 0.069403501943511081 2.115263691559917e-16 0.0022656297870540139
10 34 1.2083333333333333 0.70833333333333326 0.079663803790964383 0.07921267556600925 3.041002355577929e-16 -0.0084660300093627947
10 35 1.2083333333333333 0.72916666666666663 0.088215644869404794 0.085860957860126833 2.416891058308462e-16 -0.020245886373939519
10 36 1.2083333333333333 0.75 0.094948431853612153 0.089025739988950303 2.884227813210957e-16 -0.03300942790900574
10 37 1.2083333333333333 0.77083333333333326 0.099114862432776979 0.087765187107699316 2.436286523472839e-16 -0.046054618519957756
10 38 1.2083333333333333 0.79166666666666663 0.10047806937084529 0.081569807226592808 2.307066956860075e-16 -0.058670341515188781
10 39 1.2083333333333333 0.8125 0.10051858694894704 0.071897702374414105 1.914223127578111e-16 -0.070247467680288625
10 40 1.2083333333333333 0.83333333333333326 0.10039027290693135 0.061447475709642381 1.4647892956557463e-16 -0.07938774857143302
10 41 1.2083333333333333 0.85416666666666663 0.099004816153889036 0.052097226235341541 1.2560164976677851e-16 -0.084189266775812982
10 42 1.2083333333333333 0.875 0.094571925767921589 0.044544961950941327 8.6646645414392849e-17 -0.083424190186315028
10 43 1.2083333333333333 0.89583333333333326 0.086841686236074606 0.039191502711082446 9.1532998283549463e-17 -0.077495190712534204
10 44 1.2083333333333333 0.91666666666666663 0.076629227857254498 0.03609963079362552 5.6379710190497367e-17 -0.067593307498323776
10 45 1.2083333333333333 0.9375 0.064796363401736556 0.034905962364276913 3.6951690953025651e-17 -0.054590681453097721
10 46 1.2083333333333333 0.95833333333333326 0.052168802693935194 0.034986182877266347 4.8720535232099773e-17 -0.038698203862675778
10 47 1.2083333333333333 0.97916666666666663 0.040795468151268173 0.035444931745966718 2.7750637227638229e-17 -0.020197203648151311
10 48 1.2083333333333333 1 0.035679567979097986 0.035679567979097986 3.3065369922364083e-17 0
11 0 1.2291666666666667 0 0.031798181908187916 0.031798181908187916 3.1302320601682072e-17 0
11 1 1.2291666666666667 0.020833333333333332 0.036921022315584896 0.031403122217078243 2.9023790239070586e-17 0.01941663729504069
11 2 1.2291666666666667 0.041666666666666664 0.048368236492008165 0.03059033336301516 3.2779551597408673e-17 0.037466222201957215
11 3 1.2291666666666667 0.0625 0.061277058577657133 0.030221563721818175 7.3866195974244167e-17 0.053306050258274687
11 4 1.2291666666666667 0.083333333333333329 0.073269756923794213 0.03134468782895164 6.8134675483310874e-17 0.066226639840606893
11 5 1.2291666666666667 0.10416666666666666 0.083066377299420804 0.034853117805521014 1.0813725343819186e-16 0.07540081708366432
11 6 1.2291666666666667 0.125 0.089501182627391124 0.041251892800035696 1.0914341120070881e-16 0.079427596162265815
11 7 1.2291666666666667 0.14583333333333331 0.092349810809478461 0.050413933587682806 1.1706641304092764e-16 0.077375208282518843
11 8 1.2291666666666667 0.16666666666666666 0.093143850113305962 0.061692799288757726 1.9047417375661342e-16 0.06978377554881264
11 9 1.2291666666666667 0.1875 0.093674987054944092 0.073096952011762625 1.810291223875015e-16 0.058581898282097478
11 10 1.2291666666666667 0.20833333333333331 0.093404093240972319 0.081423814925981428 2.1687458625225644e-16 0.04576556562600069
11 11 1.2291666666666667 0.22916666666666666 0.090433311456696377 0.084477546125466207 2.1214914067590804e-16 0.032275811711614345
11 12 1.2291666666666667 0.25 0.084334327742693671 0.082268732777107265 2.3164190561980496e-16 0.018550860978967746
11 13 1.2291666666666667 0.27083333333333331 0.076373277200476708 0.076201673433679951 2.1837203301909682e-16 0.0051168775877141704
11 14 1.2291666666666667 0.29166666666666663 0.067260864582504049 0.066827599955184225 2.9083487520342538e-16 -0.0076220593421861957
11 15 1.2291666666666667 0.3125 0.057288931231450971 0.053903663390471361 2.5987393702400833e-16 -0.019401461664747741
11 16 1.2291666666666667 0.33333333333333331 0.04781782592163572 0.037670943045362039 2.370035165759389e-16 -0.029452411207657448
11 17 1.2291666666666667 0.35416666666666663 0.041284817050435914 0.019238899315240938 2.599536807595773e-16 -0.036528083333593975
11 18 1.2291666666666667 0.375 0.040671170554655536 -0.00062434370847126936 1.7184828989026009e-16 -0.040666378117796179
11 19 1.2291666666666667 0.39583333333333331 0.046762264789715402 -0.020915801064623998 2.3159628007180605e-16 -0.041823900751705723
11 20 1.2291666666666667 0.41666666666666663 0.055779490536278557 -0.039700083751047999 8.6894907952583525e-17 -0.039182329112069939
11 21 1.2291666666666667 0.4375 0.065198728520684812 -0.056155968296175023 1.9101605941069715e-16 -0.033126747884948571
11 22 1.2291666666666667 0.45833333333333331 0.073130840620999227 -0.069075776095667618 9.3324945905240078e-17 -0.024013683738968169
11 23 1.2291666666666667 0.47916666666666663 0.078329523074602614 -0.077316202028789943 2.0889406671100502e-16 -0.012558626076846234
11 24 1.2291666666666667 0.5 0.080226389912976454 -0.080226389912976454 3.4127271682673657e-17 6.2246312646496745e-17
11 25 1.2291666666666667 0.52083333333333326 0.078329523074602642 -0.077316202028789985 1.388848398172295e-16 0.012558626076846151
11 26 1.2291666666666667 0.54166666666666663 0.073130840620999393 -0.069075776095667785 5.3554847952205767e-17 0.024013683738968228
11 27 1.2291666666666667 0.5625 0.065198728520684687 -0.056155968296175009 2.1474457133307909e-16 0.033126747884948342
11 28 1.2291666666666667 0.58333333333333326 0.055779490536278724 -0.039700083751048276 3.2820667253612343e-17 0.039182329112069897
11 29 1.2291666666666667 0.60416666666666663 0.046762264789715263 -0.020915801064624047 2.8584711431200204e-16 0.041823900751705542
11 30 1.2291666666666667 0.625 0.040671170554655335 -0.00062434370847123922 1.2807189802677684e-16 0.040666378117795977
11 31 1.2291666666666667 0.64583333333333326 0.041284817050436094 0.019238899315241243 2.147441557113876e-16 0.036528083333594016
11 32 1.2291666666666667 0.66666666666666663 0.047817825921635491 0.037670943045361741 2.2525939637278822e-16 0.029452411207657465
11 33 1.2291666666666667 0.6875 0.057288931231450839 0.053903663390471201 2.1377831509118936e-16 0.019401461664747783
11 34 1.2291666666666667 0.70833333333333326 0.067260864582503951 0.066827599955184128 2.1671023673548729e-16 0.0076220593421863587
11 35 1.2291666666666667 0.72916666666666663 0.076373277200476569 0.076201673433679812 2.0798656997263289e-16 -0.0051168775877140811
11 36 1.2291666666666667 0.75 0.084334327742693699 0.082268732777107306 2.5559062580900734e-16 -0.018550860978967711
11 37 1.2291666666666667 0.77083333333333326 0.090433311456696142 0.084477546125466027 1.9415813497808263e-16 -0.032275811711614158
11 38 1.2291666666666667 0.79166666666666663 0.093404093240972264 0.081423814925981441 2.3734404142077965e-16 -0.045765565626000558
11 39 1.2291666666666667 0.8125 0.093674987054944078 0.073096952011762625 1.7197914214101935e-16 -0.058581898282097457
11 40 1.2291666666666667 0.83333333333333326 0.093143850113305851 0.061692799288757753 1.9505030300006053e-16 -0.06978377554881246
11 41 1.2291666666666667 0.85416666666666663 0.092349810809478391 0.050413933587682751 1.222527946502708e-16 -0.077375208282518787
11 42 1.2291666666666667 0.875 0.089501182627391193 0.041251892800035751 1.121372943994009e-16 -0.079427596162265857
11 43 1.2291666666666667 0.89583333333333326 0.083066377299420818 0.034853117805521069 8.0193989881227191e-17 -0.07540081708366432
11 44 1.2291666666666667 0.91666666666666663 0.073269756923794227 0.031344687828951653 6.9951217643668961e-17 -0.066226639840606907
11 45 1.2291666666666667 0.9375 0.061277058577657147 0.030221563721818175 6.5994964943189535e-17 -0.053306050258274701
11 46 1.2291666666666667 0.95833333333333326 0.048368236492008207 0.030590333363015153 4.2622680290260286e-17 -0.037466222201957278
11 47 1.2291666666666667 0.97916666666666663 0.036921022315584931 0.031403122217078278 3.6699288321807652e-17 -0.019416637295040697
11 48 1.2291666666666667 1 0.03179818190818795 0.03179818190818795 3.5947345543668737e-17 0
12 0 1.25 0 0.026063602042030107 0.026063602042030107 3.1680811049909776e-17 0
12 1 1.25 0.020833333333333332 0.031477611930318949 0.025626997943360794 3.9572535586659506e-17 0.018278321291812866
12 2 1.25 0.041666666666666664 0.043362371660168722 0.024831764988156264 4.8391704084522479e-17 0.03554825907927954
12 3 1.25 0.0625 0.056533364334742951 0.024641174040754225 4.7581215291396311e-17 0.050880583967738091
12 4 1.25 0.083333333333333329 0.068451244753816157 0.026307219685369223 7.5665173545814237e-17 0.063194169832133773
12 5 1.25 0.10416666666666666 0.077535828184615879 0.031020033839921645 9.9646046717478355e-17 0.071060271269144409
12 6 1.25 0.125 0.082729713494014964 0.039183527813301061 1.1674245243766318e-16 0.072861901175484453
12 7 1.25 0.14583333333333331 0.084939285115992164 0.050519191832220221 1.6055789163013969e-16 0.068282453182608643
12 8 1.25 0.16666666666666666 0.086201315932283945 0.063225664122911182 1.4909893380862611e-16 0.058593363657279927
12 9 1.25 0.1875 0.087127486661682657 0.073913495299559498 1.7924993272692601e-16 0.046130186912516247
12 10 1.25 0.20833333333333331 0.085950009630323634 0.079538085779692388 1.7655520308639813e-16 0.032574484891629868
12 11 1.25 0.22916666666666666 0.081427821849391221 0.079304416577416159 1.8710735220958306e-16 0.018474297887926254
12 12 1.25 0.25 0.074717843006083903 0.074611932828678784 2.3755563159479587e-16 0.003976876041634411
12 13 1.25 0.27083333333333331 0.067498995563567532 0.066661921301006427 2.2549160354526106e-16 -0.010597294491941545
12 14 1.25 0.29166666666666663 0.059853284820837932 0.054638129977808064 2.6473755454845778e-16 -0.0244354344420659
12 15 1.25 0.3125 0.053015327422070588 0.038093723227603751 1.9604420378129138e-16 -0.036871305812624426
12 16 1.25 0.33333333333333331 0.050291820307972523 0.017997466137760671 2.3024258910542202e-16 -0.046961243621837311
12 17 1.25 0.35416666666666663 0.054146442105513087 -0.0043325088533031882 1.3448722520542539e-16 -0.053972831681520381
12 18 1.25 0.375 0.064517266008242757 -0.028162273315244256 1.6295865712670814e-16 -0.058046222744428756
12 19 1.25 0.39583333333333331 0.078039802464459185 -0.051925643247173137 2.2434361525816035e-16 -0.058257517472504031
12 20 1.25 0.41666666666666663 0.091764166434895933 -0.074327567704877043 1.25592996773643e-16 -0.053815192284040012
12 21 1.25 0.4375 0.10482161704501802 -0.094558466655510084 1.3381668919750563e-16 -0.045235691480192942
12 22 1.25 0.45833333333333331 0.1154123260247607 -0.11069231811141013 7.3570083396211775e-17 -0.032668267624225839
12 23 1.25 0.47916666666666663 0.12239408100750951 -0.12119077527031744 2.8039355248889462e-17 -0.017120369594498051
12 24 1.25 0.5 0.12491359706924414 -0.12491359706924414 -3.9806402822338236e-18 2.4223527385563691e-17
12 25 1.25 0.52083333333333326 0.12239408100750952 -0.12119077527031746 1.0994220919276709e-16 0.017120369594498048
12 26 1.25 0.54166666666666663 0.11541232602476088 -0.11069231811141034 9.928938094162522e-17 0.032668267624225741
12 27 1.25 0.5625 0.10482161704501818 -0.094558466655510334 1.3054031075783426e-16 0.045235691480192762
12 28 1.25 0.58333333333333326 0.091764166434896113 -0.074327567704877306 7.7803048545255412e-17 0.053815192284039956
12 29 1.25 0.60416666666666663 0.07803980246445906 -0.051925643247173081 6.479525947187227e-17 0.058257517472503913
12 30 1.25 0.625 0.064517266008242785 -0.028162273315244062 7.1971848838334291e-17 0.058046222744428867
12 31 1.25 0.64583333333333326 0.054146442105513184 -0.004332508853303268 1.7947146389579596e-16 0.053972831681520471
12 32 1.25 0.66666666666666663 0.050291820307972614 0.017997466137760612 1.835356774551578e-16 0.046961243621837429
12 33 1.25 0.6875 0.05301532742207047 0.038093723227603467 2.1329726507962911e-16 0.036871305812624558
12 34 1.25 0.70833333333333326 0.059853284820837821 0.054638129977808009 2.1625534440212391e-16 0.024435434442065748
12 35 1.25 0.72916666666666663 0.067498995563567601 0.066661921301006483 2.0862424820674894e-16 0.010597294491941588
12 36 1.25 0.75 0.074717843006083751 0.074611932828678645 2.2411882879952582e-16 -0.0039768760416342818
12 37 1.25 0.77083333333333326 0.081427821849391291 0.079304416577416242 2.442667298985602e-16 -0.018474297887926167
12 38 1.25 0.79166666666666663 0.085950009630323662 0.079538085779692402 2.0810926150774921e-16 -0.032574484891629896
12 39 1.25 0.8125 0.087127486661682685 0.073913495299559595 1.8293949932219095e-16 -0.046130186912516136
12 40 1.25 0.83333333333333326 0.086201315932283973 0.06322566412291121 1.5258768107648721e-16 -0.058593363657279941
12 41 1.25 0.85416666666666663 0.084939285115992177 0.050519191832220298 1.4460758832475458e-16 -0.068282453182608602
12 42 1.25 0.875 0.082729713494014978 0.039183527813301124 1.3042511801410765e-16 -0.072861901175484439
12 43 1.25 0.89583333333333326 0.077535828184615713 0.031020033839921624 1.0545569307818551e-16 -0.071060271269144243
12 44 1.25 0.91666666666666663 0.068451244753816212 0.026307219685369258 6.6779540262951973e-17 -0.063194169832133815
12 45 1.25 0.9375 0.056533364334742951 0.024641174040754232 4.6915271088350303e-17 -0.050880583967738091
12 46 1.25 0.95833333333333326 0.043362371660168736 0.024831764988156271 4.9790876319077012e-17 -0.035548259079279547
12 47 1.25 0.97916666666666663 0.031477611930318956 0.025626997943360808 3.3372221591680545e-17 -0.018278321291812855
12 48 1.25 1 0.026063602042030103 0.026063602042030103 4.4851635452658759e-17 0
13 0 1.2708333333333333 0 0.018871325299524771 0.018871325299524771 4.1946626385854118e-17 0
13 1 1.2708333333333333 0.020833333333333332 0.025086060074177654 0.018535606836092886 5.0429008959076995e-17 0.01690389568303818
13 2 1.2708333333333333 0.041666666666666664 0.037690958659922773 0.01808662123810512 4.3003347238039203e-17 0.03306784687416664
13 3 1.2708333333333333 0.0625 0.050964834026813816 0.018578858485461147 7.6016260338856307e-17 0.047457774123507816
13 4 1.2708333333333333 0.083333333333333329 0.062481618479385048 0.021525402901402316 8.9034824906457782e-17 0.058656710423750598
13 5 1.2708333333333333 0.10416666666666666 0.070620249595726381 0.028083778778449815 1.0643788512944042e-16 0.064795995420132133
13 6 1.2708333333333333 0.125 0.075066028565116502 0.038584081512523564 1.2749037852941246e-16 0.064390816879224516
13 7 1.2708333333333333 0.14583333333333331 0.077636444206227673 0.051896287027623458 1.3312487829816889e-16 0.057742470173462651
13 8 1.2708333333333333 0.16666666666666666 0.079920442812641046 0.064864991075658004 1.4806175657712234e-16 0.046688436599691747
13 9 1.2708333333333333 0.1875 0.08110720254542246 0.073807531524268388 1.4657588040333042e-16 0.033627765240026142
13 10 1.2708333333333333 0.20833333333333331 0.079267649006840135 0.076771133514729542 2.1893076440629364e-16 0.019737103078597246
13 11 1.2708333333333333 0.22916666666666666 0.074597725834255404 0.074428199804374401 1.8671416297262493e-16 0.0050263081404603406
13 12 1.2708333333333333 0.25 0.069287070738176845 0.068470130852778102 2.0379176359748571e-16 -0.010608456649323025
13 13 1.2708333333333333 0.27083333333333331 0.064025503698524902 0.05838959032140055 1.9148531291180902e-16 -0.026266344739015981
13 14 1.2708333333333333 0.29166666666666663 0.058927464159205842 0.042653460270391665 1.4025018049080419e-16 -0.040658681227956822
13 15 1.2708333333333333 0.3125 0.057919217590200169 0.022029442068296712 1.7603398490750201e-16 -0.053566215550666929
13 16 1.2708333333333333 0.33333333333333331 0.064165504739242096 -0.0018085647953113731 9.7075681226593898e-17 -0.064140011629425675
13 17 1.2708333333333333 0.35416666666666663 0.07691014789312807 -0.028033650687931806 1.1045092473295862e-16 -0.071619028742715113
13 18 1.2708333333333333 0.375 0.093930759520631277 -0.055906400197297798 1.0334872116927946e-16 -0.075481534172950157
13 19 1.2708333333333333 0.39583333333333331 0.11204795597806545 -0.083807951743531187 5.4086431434372432e-17 -0.07437050264329563
13 20 1.2708333333333333 0.41666666666666663 0.12974588421941199 -0.11044258792722587 2.9154544389291847e-17 -0.068091330166285088
13 21 1.2708333333333333 0.4375 0.14555291428714892 -0.13394470019315025 -1.5647805210129024e-17 -0.056960233037174401
13 22 1.2708333333333333 0.45833333333333331 0.15755228989372649 -0.15212348490762378 -5.5266824190267728e-17 -0.041002065683533449
13 23 1.2708333333333333 0.47916666666666663 0.1650622952551774 -0.16365465891445341 7.9100309189920036e-18 -0.021510786375706352
13 24 1.2708333333333333 0.5 0.16760343290523061 -0.16760343290523061 -3.2835604520838839e-17 -8.3072070214536143e-17
13 25 1.2708333333333333 0.52083333333333326 0.16506229525517763 -0.16365465891445369 -9.6777838900591734e-17 0.021510786375706043
13 26 1.2708333333333333 0.54166666666666663 0.15755228989372655 -0.15212348490762381 -2.2740858078760684e-17 0.041002065683533491
13 27 1.2708333333333333 0.5625 0.14555291428714884 -0.13394470019315013 -3.6687101870720648e-17 0.056960233037174499
13 28 1.2708333333333333 0.58333333333333326 0.12974588421941211 -0.11044258792722601 5.9493180665158942e-18 0.068091330166285047
13 29 1.2708333333333333 0.60416666666666663 0.11204795597806569 -0.083807951743531325 1.0849242435262854e-18 0.074370502643295824
13 30 1.2708333333333333 0.625 0.093930759520631443 -0.05590640019729811 5.6419115564110538e-17 0.075481534172950143
13 31 1.2708333333333333 0.64583333333333326 0.076910147893127973 -0.028033650687931733 1.2756113213754673e-16 0.07161902874271503
13 32 1.2708333333333333 0.66666666666666663 0.064165504739242055 -0.0018085647953112916 1.5586208989265521e-16 0.064140011629425633
13 33 1.2708333333333333 0.6875 0.057919217590200092 0.022029442068296729 1.8895561511317964e-16 0.053566215550666839
13 34 1.2708333333333333 0.70833333333333326 0.058927464159205842 0.042653460270391665 1.7002281367824665e-16 0.040658681227956829
13 35 1.2708333333333333 0.72916666666666663 0.064025503698524805 0.058389590321400418 2.1554632137099447e-16 0.02626634473901604
13 36 1.2708333333333333 0.75 0.069287070738176831 0.068470130852778102 1.807840179264084e-16 0.010608456649322931
13 37 1.2708333333333333 0.77083333333333326 0.074597725834255502 0.074428199804374512 1.8595691810664324e-16 -0.0050263081404602087
13 38 1.2708333333333333 0.79166666666666663 0.079267649006839982 0.076771133514729376 2.1987311296244788e-16 -0.019737103078597301
13 39 1.2708333333333333 0.8125 0.08110720254542253 0.073807531524268513 1.5488172534872195e-16 -0.033627765240026052
13 40 1.2708333333333333 0.83333333333333326 0.079920442812641088 0.064864991075658046 1.8918904658018628e-16 -0.046688436599691761
13 41 1.2708333333333333 0.85416666666666663 0.077636444206227645 0.051896287027623396 1.0668996053722074e-16 -0.057742470173462665
13 42 1.2708333333333333 0.875 0.075066028565116488 0.038584081512523606 1.2722484319870662e-16 -0.064390816879224475
13 43 1.2708333333333333 0.89583333333333326 0.070620249595726325 0.028083778778449805 8.7700413750785754e-17 -0.064795995420132077
13 44 1.2708333333333333 0.91666666666666663 0.062481618479385027 0.021525402901402278 8.1940923995430627e-17 -0.058656710423750584
13 45 1.2708333333333333 0.9375 0.050964834026813732 0.018578858485461151 7.7522838571574954e-17 -0.047457774123507719
13 46 1.2708333333333333 0.95833333333333326 0.037690958659922745 0.018086621238105123 4.8425397741711186e-17 -0.033067846874166605
13 47 1.2708333333333333 0.97916666666666663 0.025086060074177643 0.018535606836092892 4.1796225858866201e-17 -0.016903895683038156
13 48 1.2708333333333333 1 0.018871325299524781 0.018871325299524781 4.2726362577448147e-17 0
14 0 1.2916666666666667 0 0.010710433591679645 0.010710433591679645 4.5075781393854276e-17 0
14 1 1.2916666666666667 0.020833333333333332 0.018656198496414828 0.010582800651688639 4.5137148951759059e-17 0.015364181485007572
14 2 1.2916666666666667 0.041666666666666664 0.032013455240214546 0.010784127437961033 5.2601050711831525e-17 0.030142393929796552
14 3 1.2916666666666667 0.0625 0.044994520896831834 0.012501051681398577 6.5784584925823945e-17 0.043223033415002679
14 4 1.2916666666666667 0.083333333333333329 0.055618437334000285 0.017292361262501568 7.0006941917716015e-17 0.052861941067683577
14 5 1.2916666666666667 0.10416666666666666 0.0628293378515037 0.026212724173111473 1.0547414054909615e-16 0.057100076937625685
14 6 1.2916666666666667 0.125 0.067312664216647305 0.039191529238149128 1.2714485888229239e-16 0.054726764931963712
14 7 1.2916666666666667 0.14583333333333331 0.071207076436323541 0.053831311978128168 1.3038662416591464e-16 0.046611560640273116
14 8 1.2916666666666667 0.16666666666666666 0.07497876158752674 0.066325452760661915 1.3488508266576478e-16 0.034967828146631852
14 9 1.2916666666666667 0.1875 0.076635915127147944 0.073437559064680732 1.3742648161665016e-16 0.021908637702900472
14 10 1.2916666666666667 0.20833333333333331 0.074872241245016874 0.074461850463582321 1.8956864587812038e-16 0.0078284950399876291
14 11 1.2916666666666667 0.22916666666666666 0.07130899446012938 0.070883600800644223 1.5062084275338202e-16 -0.0077773921368073356
14 12 1.2916666666666667 0.25 0.067964222440114117 0.0634023992924478 2.1747369108181336e-16 -0.024480018297589685
14 13 1.2916666666666667 0.27083333333333331 0.064492143912179736 0.050060699091442416 1.5104003421187636e-16 -0.040659107625049491
14 14 1.2916666666666667 0.29166666666666663 0.063611356847077166 0.030673795573912872 1.6528324572415265e-16 -0.055727219426560254
14 15 1.2916666666666667 0.3125 0.070277890268769724 0.0072752876558073573 7.721567540181163e-17 -0.069900300787296296
14 16 1.2916666666666667 0.33333333333333331 0.083863468100066757 -0.019623575214479497 7.6374612952648145e-17 -0.081535247455150214
14 17 1.2916666666666667 0.35416666666666663 0.10254316524018983 -0.050121609375404941 1.1144868934591719e-16 -0.089459068914762324
14 18 1.2916666666666667 0.375 0.12428458151481564 -0.082685336821735164 3.0646813072723115e-17 -0.092788966353705343
14 19 1.2916666666666667 0.39583333333333331 0.14664146540413769 -0.11537821949130181 -2.0565675651800344e-17 -0.090507380046545904
14 20 1.2916666666666667 0.41666666666666663 0.16787340490377822 -0.14616940536866962 -5.0807586535904766e-17 -0.082558978967507884
14 21 1.2916666666666667 0.4375 0.18576071883353679 -0.17254597258087367 -8.0437298199532885e-17 -0.068810842224701074
14 22 1.2916666666666667 0.45833333333333331 0.19878436771174063 -0.19253988125500687 -6.0467439071051824e-17 -0.049432974550034543
14 23 1.2916666666666667 0.47916666666666663 0.20665208359976872 -0.20501936545146324 -5.9568486575428149e-17 -0.025925729420889249
14 24 1.2916666666666667 0.5 0.20924365782766677 -0.20924365782766677 -1.9354978064038969e-16 -1.0233045806777966e-16
14 25 1.2916666666666667 0.52083333333333326 0.20665208359976892 -0.20501936545146346 -3.576440515970885e-17 0.025925729420889013
14 26 1.2916666666666667 0.54166666666666663 0.1987843677117403 -0.19253988125500654 -5.9788601439187604e-17 0.049432974550034467
14 27 1.2916666666666667 0.5625 0.18576071883353681 -0.17254597258087367 7.293037923762022e-17 0.068810842224701144
14 28 1.2916666666666667 0.58333333333333326 0.16787340490377853 -0.1461694053686699 -1.4932900694844954e-17 0.082558978967508009
14 29 1.2916666666666667 0.60416666666666663 0.14664146540413744 -0.11537821949130159 1.2283330442147022e-17 0.090507380046545766
14 30 1.2916666666666667 0.625 0.12428458151481565 -0.082685336821735261 6.5896701582864857e-18 0.092788966353705274
14 31 1.2916666666666667 0.64583333333333326 0.10254316524018996 -0.050121609375405017 5.8743696079823456e-17 0.089459068914762435
14 32 1.2916666666666667 0.66666666666666663 0.083863468100066965 -0.019623575214479546 7.7913751002804453e-17 0.081535247455150422
14 33 1.2916666666666667 0.6875 0.07027789026876978 0.007275287655807274 1.3926159216698269e-16 0.069900300787296366
14 34 1.2916666666666667 0.70833333333333326 0.063611356847077374 0.030673795573912997 1.2754156061573447e-16 0.055727219426560427
14 35 1.2916666666666667 0.72916666666666663 0.064492143912179722 0.050060699091442326 2.0344570733532646e-16 0.040659107625049581
14 36 1.2916666666666667 0.75 0.067964222440114033 0.063402399292447675 1.7897056534374496e-16 0.024480018297589768
14 37 1.2916666666666667 0.77083333333333326 0.071308994460129352 0.070883600800644195 2.0041788496881776e-16 0.0077773921368073339
14 38 1.2916666666666667 0.79166666666666663 0.074872241245016916 0.074461850463582363 1.603915804090026e-16 -0.0078284950399876378
14 39 1.2916666666666667 0.8125 0.076635915127147833 0.073437559064680663 1.6228943612344396e-16 -0.021908637702900337
14 40 1.2916666666666667 0.83333333333333326 0.074978761587526796 0.066325452760661957 1.5833039095592341e-16 -0.034967828146631907
14 41 1.2916666666666667 0.85416666666666663 0.071207076436323596 0.05383131197812828 1.4168015639146225e-16 -0.046611560640273074
14 42 1.2916666666666667 0.875 0.067312664216647264 0.039191529238149218 1.2593274483747506e-16 -0.054726764931963587
14 43 1.2916666666666667 0.89583333333333326 0.062829337851503686 0.026212724173111535 1.0948978802998371e-16 -0.057100076937625643
14 44 1.2916666666666667 0.91666666666666663 0.055618437334000174 0.017292361262501551 7.461616788317817e-17 -0.052861941067683473
14 45 1.2916666666666667 0.9375 0.044994520896831779 0.012501051681398609 6.1394779696470778e-17 -0.043223033415002617
14 46 1.2916666666666667 0.95833333333333326 0.032013455240214553 0.010784127437961045 5.4551670405510579e-17 -0.030142393929796559
14 47 1.2916666666666667 0.97916666666666663 0.018656198496414807 0.010582800651688642 3.8258908635742124e-17 -0.015364181485007542
14 48 1.2916666666666667 1 0.010710433591679653 0.010710433591679653 5.688062005692128e-17 0
15 0 1.3125 0 0.0020725295052636643 0.0020725295052636643 4.4675484697105681e-17 0
15 1 1.3125 0.020833333333333332 0.013881849197712064 0.0022284959481581779 4.7158740625769254e-17 0.013701808017815082
15 2 1.3125 0.041666666666666664 0.027122466748103806 0.0033652365817586818 5.2448413616326345e-17 0.026912885115698573
15 3 1.3125 0.0625 0.038949721939272368 0.0067297191537813387 7.5059292447151445e-17 0.038363937744421699
15 4 1.3125 0.083333333333333329 0.048197234718184073 0.013765999455433772 9.0791567047108649e-17 0.046189508478362541
15 5 1.3125 0.10416666666666666 0.054825601146676242 0.025396421933698701 1.0306428212257186e-16 0.048588767159292841
15 6 1.3125 0.125 0.060373091696401378 0.040610747557260393 1.1686915029826902e-16 0.044673005090575209
15 7 1.3125 0.14583333333333331 0.066535266474979024 0.056082096253295466 1.1544828254125555e-16 0.035801398921446778
15 8 1.3125 0.16666666666666666 0.072014608197887839 0.067807781263265185 1.6169749054236118e-16 0.024253012061360064
15 9 1.3125 0.1875 0.074083711421481291 0.073192026128194462 1.599679829652039e-16 0.011459651357306502
15 10 1.3125 0.20833333333333331 0.072846646498049533 0.072783054622796814 2.0451353078688658e-16 -0.0030431670652082115
15 11 1.3125 0.22916666666666666 0.070972979973860539 0.068213768657165108 1.9174188724554672e-16 -0.019597082740978784
15 12 1.3125 0.25 0.069301340681216142 0.058669267988557955 1.7939959118451687e-16 -0.036886214415425611
15 13 1.3125 0.27083333333333331 0.06835970275162262 0.042580099043475629 1.5765247163055183e-16 -0.053478819412343115
15 14 1.3125 0.29166666666666663 0.073015531573850462 0.021394521178717804 9.3319789241794741e-17 -0.069810760736045196
15 15 1.3125 0.3125 0.08547750464631583 -0.0038833611966733808 1.6957234406775789e-16 -0.085389245847337925
15 16 1.3125 0.33333333333333331 0.10362147661641435 -0.034316953509666973 8.1547243774486987e-18 -0.097774010442353551
15 17 1.3125 0.35416666666666663 0.12662092042392684 -0.068994087484295141 5.3986361001924463e-17 -0.10617284672274659
15 18 1.3125 0.375 0.15233670813375691 -0.10576256811934658 -6.2372570164351758e-17 -0.10963918929757741
15 19 1.3125 0.39583333333333331 0.1784535969354335 -0.14270212218269979 -8.6481868995601956e-17 -0.10715311747097228
15 20 1.3125 0.41666666666666663 0.20255274810252383 -0.17720340990109862 -1.4520454776095207e-16 -0.098115071641963869
15 21 1.3125 0.4375 0.22259311986544308 -0.20692258180703033 -1.5861304395065446e-16 -0.082041100368927047
15 22 1.3125 0.45833333333333331 0.23754863956573552 -0.23006705004915362 -2.1723543932703126e-16 -0.059148192205780617
15 23 1.3125 0.47916666666666663 0.24685986744890495 -0.24489738874008068 -2.3579453090582147e-16 -0.03106546547503727
15 24 1.3125 0.5 0.24998048268596057 -0.24998048268596057 -2.0446479009153907e-16 -1.1493628791459872e-16
15 25 1.3125 0.52083333333333326 0.24685986744890526 -0.24489738874008093 -1.9631913056342429e-16 0.03106546547503742
15 26 1.3125 0.54166666666666663 0.23754863956573558 -0.23006705004915365 -2.3087393359712558e-16 0.059148192205780728
15 27 1.3125 0.5625 0.22259311986544308 -0.20692258180703041 -1.1487150745084732e-16 0.082041100368926811
15 28 1.3125 0.58333333333333326 0.20255274810252405 -0.17720340990109892 -1.9913586484999188e-16 0.098115071641963716
15 29 1.3125 0.60416666666666663 0.17845359693543345 -0.14270212218269984 -9.0873120623522984e-17 0.10715311747097207
15 30 1.3125 0.625 0.1523367081337571 -0.10576256811934684 -4.6914463827463415e-17 0.10963918929757743
15 31 1.3125 0.64583333333333326 0.12662092042392689 -0.068994087484295086 9.7384979044176457e-17 0.1061728467227467
15 32 1.3125 0.66666666666666663 0.10362147661641437 -0.03431695350966707 7.8999347322316695e-17 0.097774010442353537
15 33 1.3125 0.6875 0.08547750464631608 -0.0038833611966734103 1.0573195898573825e-16 0.08538924584733816
15 34 1.3125 0.70833333333333326 0.073015531573850476 0.021394521178717849 1.2634111354220316e-16 0.069810760736045196
15 35 1.3125 0.72916666666666663 0.068359702751622384 0.042580099043475338 1.4448606781683223e-16 0.053478819412343052
15 36 1.3125 0.75 0.069301340681216142 0.058669267988557934 1.610865982114379e-16 0.036886214415425646
15 37 1.3125 0.77083333333333326 0.07097297997386065 0.068213768657165219 1.8375715318566076e-16 0.019597082740978832
15 38 1.3125 0.79166666666666663 0.072846646498049519 0.072783054622796786 1.4612485625033219e-16 0.0030431670652084188
15 39 1.3125 0.8125 0.074083711421481332 0.073192026128194546 1.8713994597214621e-16 -0.011459651357306226
15 40 1.3125 0.83333333333333326 0.072014608197887853 0.067807781263265199 1.4332093637137099e-16 -0.024253012061360091
15 41 1.3125 0.85416666666666663 0.06653526647497901 0.056082096253295494 1.1807031922806825e-16 -0.035801398921446702
15 42 1.3125 0.875 0.060373091696401433 0.04061074755726047 1.1347796379115953e-16 -0.044673005090575209
15 43 1.3125 0.89583333333333326 0.054825601146676166 0.025396421933698659 9.2749591741922163e-17 -0.048588767159292785
15 44 1.3125 0.91666666666666663 0.048197234718184059 0.013765999455433777 8.7218882324877976e-17 -0.046189508478362527
15 45 1.3125 0.9375 0.03894972193927234 0.0067297191537813526 7.5021965556489896e-17 -0.038363937744421664
15 46 1.3125 0.95833333333333326 0.027122466748103778 0.0033652365817586779 6.5920135872002254e-17 -0.026912885115698545
15 47 1.3125 0.97916666666666663 0.013881849197712027 0.0022284959481581748 3.8587204101022518e-17 -0.013701808017815046
15 48 1.3125 1 0.0020725295052636443 0.0020725295052636443 4.0828755142695575e-17 0
16 0 1.3333333333333333 0 0.0066220277419092944 -0.0066220277419092944 4.7561571781612788e-17 0
16 1 1.3333333333333333 0.020833333333333332 0.013415004120123052 -0.0060723219928504905 4.5470350161804247e-17 0.011961991521400719
16 2 1.3333333333333333 0.041666666666666664 0.023783180034070969 -0.0038002884009709277 4.6940904821345834e-17 0.023477594864092826
16 3 1.3333333333333333 0.0625 0.033138724416892092 0.0014911117673757639 6.4951713151901673e-17 0.033105160348137777
16 4 1.3333333333333333 0.083333333333333329 0.040653235921864664 0.011091376461806288 8.074876131766354e-17 0.039110957021035384
16 5 1.3333333333333333 0.10416666666666666 0.047334243633970527 0.025457463325800185 8.2316178168083623e-17 0.039905490617402742
16 6 1.3333333333333333 0.125 0.055096743225517879 0.042535417352005452 1.0494892756414135e-16 0.035019842728792536
16 7 1.3333333333333333 0.14583333333333331 0.064020617346762343 0.058499997287915891 1.0177091341519058e-16 0.02600749435786541
16 8 1.3333333333333333 0.16666666666666666 0.0707060918536003 0.069124796158196403 1.1669350037332193e-16 0.014869901859042613
16 9 1.3333333333333333 0.1875 0.073036133702058331 0.073001607534574089 1.3173425146029121e-16 0.0022454673261834246
16 10 1.3333333333333333 0.20833333333333331 0.072931228079722563 0.071814205548585905 1.6117179525445654e-16 -0.012715498835750317
16 11 1.3333333333333333 0.22916666666666666 0.072838073992486652 0.066520931367248487 1.4187905397096174e-16 -0.029670704625417585
16 12 1.3333333333333333 0.25 0.072589680660445674 0.055350396731671726 1.5868330550058785e-16 -0.046963766033315771
16 13 1.3333333333333333 0.27083333333333331 0.074387063401682302 0.03786614021138255 1.2856334126961557e-16 -0.064028045628597943
16 14 1.3333333333333333 0.29166666666666663 0.082954604606284926 0.015653723490718287 7.5408742460086023e-17 -0.081464270488731463
16 15 1.3333333333333333 0.3125 0.098513630710192007 -0.011742647333801324 7.7933883040445976e-17 -0.097811275777887979
16 16 1.3333333333333333 0.33333333333333331 0.11990267156949624 -0.045159984750938742 2.8911723846421799e-17 -0.11107306796337924
16 17 1.3333333333333333 0.35416666666666663 0.14626474434033834 -0.082563496643618617 -1.4355991433951758e-17 -0.12073377513738115
16 18 1.3333333333333333 0.375 0.17515170499861879 -0.1224019484382336 -6.3521688598770914e-17 -0.12528321029749828
16 19 1.3333333333333333 0.39583333333333331 0.20388276663627672 -0.16235528027713603 -1.0988024868093231e-16 -0.12332455350576005
16 20 1.3333333333333333 0.41666666666666663 0.2301177761934832 -0.20004324375261553 -1.820595266417348e-16 -0.11374045695866389
16 21 1.3333333333333333 0.4375 0.25255791966879748 -0.23369240677439287 -8.9971436896057518e-17 -0.095777668605069227
16 22 1.3333333333333333 0.45833333333333331 0.26983215217877621 -0.26072434605671219 -1.557834802859817e-16 -0.069514068523788969
16 23 1.3333333333333333 0.47916666666666663 0.28083740551559205 -0.27843247531586351 -1.8373115177961747e-16 -0.036674310166793254
16 24 1.3333333333333333 0.5 0.2846170251402263 -0.2846170251402263 -2.1335138758960334e-16 -6.5167809264362129e-17
16 25 1.3333333333333333 0.52083333333333326 0.28083740551559239 -0.27843247531586385 -2.3548262168229159e-16 0.036674310166793081
16 26 1.3333333333333333 0.54166666666666663 0.26983215217877632 -0.2607243460567123 -2.4656901882912064e-16 0.069514068523788927
16 27 1.3333333333333333 0.5625 0.25255791966879737 -0.23369240677439287 -1.1286737722547071e-16 0.095777668605068908
16 28 1.3333333333333333 0.58333333333333326 0.23011777619348336 -0.20004324375261565 -1.4410771992260861e-16 0.11374045695866399
16 29 1.3333333333333333 0.60416666666666663 0.2038827666362768 -0.162355280277136 -1.4133785794298855e-16 0.12332455350576021
16 30 1.3333333333333333 0.625 0.17515170499861893 -0.12240194843823396 -7.1117198593330631e-17 0.12528321029749814
16 31 1.3333333333333333 0.64583333333333326 0.14626474434033862 -0.082563496643618811 -5.4790623523018677e-17 0.12073377513738134
16 32 1.3333333333333333 0.66666666666666663 0.11990267156949622 -0.045159984750938992 1.7006118657668531e-17 0.11107306796337911
16 33 1.3333333333333333 0.6875 0.098513630710191868 -0.011742647333801339 2.5475806823859121e-17 0.097811275777887827
16 34 1.3333333333333333 0.70833333333333326 0.082954604606284843 0.015653723490718231 8.2915618736767634e-17 0.08146427048873138
16 35 1.3333333333333333 0.72916666666666663 0.074387063401682357 0.037866140211382376 1.0310677899264104e-16 0.06402804562859811
16 36 1.3333333333333333 0.75 0.072589680660446035 0.055350396731672011 1.0353853992991265e-16 0.046963766033316
16 37 1.3333333333333333 0.77083333333333326 0.072838073992486485 0.066520931367248307 1.5641294235282054e-16 0.029670704625417568
16 38 1.3333333333333333 0.79166666666666663 0.072931228079722507 0.071814205548585808 1.5790700362224859e-16 0.012715498835750487
16 39 1.3333333333333333 0.8125 0.073036133702058442 0.073001607534574187 1.2272146168625471e-16 -0.0022454673261834176
16 40 1.3333333333333333 0.83333333333333326 0.070706091853600217 0.069124796158196361 1.4378728599937143e-16 -0.014869901859042418
16 41 1.3333333333333333 0.85416666666666663 0.064020617346762385 0.058499997287915932 1.3976841759522521e-16 -0.026007494357865396
16 42 1.3333333333333333 0.875 0.055096743225517872 0.042535417352005542 9.7447722784178071e-17 -0.035019842728792425
16 43 1.3333333333333333 0.89583333333333326 0.047334243633970541 0.025457463325800265 9.148611073824661e-17 -0.0399054906174027
16 44 1.3333333333333333 0.91666666666666663 0.040653235921864581 0.011091376461806307 6.3868267593424052e-17 -0.039110957021035293
16 45 1.3333333333333333 0.9375 0.033138724416892022 0.0014911117673757981 5.4680911343155467e-17 -0.033105160348137708
16 46 1.3333333333333333 0.95833333333333326 0.023783180034070952 -0.0038002884009708895 4.9632552543172941e-17 -0.023477594864092816
16 47 1.3333333333333333 0.97916666666666663 0.01341500412012305 -0.0060723219928504974 3.9281868753269271e-17 -0.011961991521400714
16 48 1.3333333333333333 1 0.0066220277419092814 -0.0066220277419092814 5.4920069418821895e-17 0
17 0 1.3541666666666667 0 0.014986761286474469 -0.014986761286474469 3.4190016266855342e-17 0
17 1 1.3541666666666667 0.020833333333333332 0.017269201550960248 -0.013929523737733538 4.5365361988603429e-17 0.010207531075025228
17 2 1.3541666666666667 0.041666666666666664 0.022512755073127975 -0.010426405608306199 5.6095062193857236e-17 0.019952799479615146
17 3 1.3541666666666667 0.0625 0.027936112642600718 -0.0030468294276250613 5.2589343653114158e-17 0.027769465605571773
17 4 1.3541666666666667 0.083333333333333329 0.03339926998992615 0.0092568458181762018 7.5873105878809509e-17 0.032090840458898789
17 5 1.3541666666666667 0.10416666666666666 0.040949830561667989 0.026046885602367491 8.6953853390887944e-17 0.031598233707701109
17 6 1.3541666666666667 0.125 0.051846146952207191 0.044700226544861492 8.5806865178302094e-17 0.02626618930541549
17 7 1.3541666666666667 0.14583333333333331 0.063199813097942745 0.060735198245410946 1.199681535345904e-16 0.017477187122232445
17 8 1.3541666666666667 0.16666666666666666 0.070592859619507786 0.070258024744534783 1.6046735875540952e-16 0.0068674440846556318
17 9 1.3541666666666667 0.1875 0.073550854332920107 0.073347395639068932 1.679663762532973e-16 -0.0054669668069528884
17 10 1.3541666666666667 0.20833333333333331 0.074905542904668568 0.072116088936951039 1.508253234825682e-16 -0.020251174639534155
17 11 1.3541666666666667 0.22916666666666666 0.075899421724967844 0.066330291133096964 1.5003130799721452e-16 -0.036891932673460186
17 12 1.3541666666666667 0.25 0.076531008838303716 0.054146007998431285 1.8132399144724535e-16 -0.054085165541415667
17 13 1.3541666666666667 0.27083333333333331 0.080090620720362951 0.035912146721148938 1.0018943655501572e-16 -0.071587884765871551
17 14 1.3541666666666667 0.29166666666666663 0.090396482052249288 0.012803962031549727 7.1447837844183023e-17 -0.089485096657025864
17 15 1.3541666666666667 0.3125 0.10750627692606241 -0.016179916360542904 4.0134374242813098e-17 -0.1062817476572015
17 16 1.3541666666666667 0.33333333333333331 0.1311440442077775 -0.05107755590775194 -4.8349587354317835e-18 -0.12078842499868096
17 17 1.3541666666666667 0.35416666666666663 0.15976676106576007 -0.090085423391222177 -2.0400759453187759e-17 -0.1319470895240509
17 18 1.3541666666666667 0.375 0.19062674342665761 -0.13196756351325034 -6.6747430480167116e-17 -0.13756132265222298
17 19 1.3541666666666667 0.39583333333333331 0.22095464123246569 -0.17434176255317443 -8.830703960549075e-17 -0.13574204695679293
17 20 1.3541666666666667 0.41666666666666663 0.2491556304009192 -0.21535542961470608 -1.0449542026462989e-16 -0.1253019038001611
17 21 1.3541666666666667 0.4375 0.27346889329435875 -0.25226555068943229 -2.0237406011724451e-16 -0.10558090516281264
17 22 1.3541666666666667 0.45833333333333331 0.2919164420877462 -0.2816692766189775 -1.8724368801705872e-16 -0.076665688349550704
17 23 1.3541666666666667 0.47916666666666663 0.30347334367898504 -0.3007646106991832 -2.9646102296507522e-16 -0.040456387316122631
17 24 1.3541666666666667 0.5 0.30734883743905411 -0.30734883743905411 -2.7344150306351227e-16 -2.4842427045566797e-17
17 25 1.3541666666666667 0.52083333333333326 0.30347334367898493 -0.30076461069918314 -2.8388483479772261e-16 0.040456387316122326
17 26 1.3541666666666667 0.54166666666666663 0.29191644208774598 -0.28166927661897728 -2.471255973897164e-16 0.076665688349550606
17 27 1.3541666666666667 0.5625 0.27346889329435897 -0.25226555068943252 -2.8102831381990329e-16 0.10558090516281272
17 28 1.3541666666666667 0.58333333333333326 0.24915563040091934 -0.21535542961470622 -1.8206658644187436e-16 0.12530190380016112
17 29 1.3541666666666667 0.60416666666666663 0.22095464123246572 -0.17434176255317441 -1.5952294401612268e-16 0.13574204695679301
17 30 1.3541666666666667 0.625 0.19062674342665784 -0.13196756351325051 -6.9258274529424988e-17 0.13756132265222312
17 31 1.3541666666666667 0.64583333333333326 0.15976676106576015 -0.090085423391222413 -4.4873984155271096e-17 0.13194708952405088
17 32 1.3541666666666667 0.66666666666666663 0.13114404420777764 -0.051077555907751926 -5.7109560742232414e-18 0.1207884249986811
17 33 1.3541666666666667 0.6875 0.10750627692606253 -0.016179916360543174 5.2895469548619986e-17 0.10628174765720157
17 34 1.3541666666666667 0.70833333333333326 0.090396482052249316 0.012803962031549713 1.5913931642347074e-17 0.089485096657025892
17 35 1.3541666666666667 0.72916666666666663 0.080090620720363048 0.035912146721148654 1.2553075412201105e-16 0.071587884765871801
17 36 1.3541666666666667 0.75 0.076531008838303619 0.054146007998431216 7.788546668877581e-17 0.054085165541415597
17 37 1.3541666666666667 0.77083333333333326 0.075899421724967803 0.066330291133096991 1.1172795054391981e-16 0.036891932673460047
17 38 1.3541666666666667 0.79166666666666663 0.074905542904668498 0.072116088936950942 1.3814507241615443e-16 0.020251174639534273
17 39 1.3541666666666667 0.8125 0.07355085433292019 0.073347395639069002 1.3472538510998771e-16 0.0054669668069530532
17 40 1.3541666666666667 0.83333333333333326 0.070592859619507786 0.070258024744534783 1.1765373741200751e-16 -0.0068674440846555329
17 41 1.3541666666666667 0.85416666666666663 0.063199813097942689 0.060735198245410918 9.6275414199915597e-17 -0.01747718712223233
17 42 1.3541666666666667 0.875 0.051846146952207212 0.044700226544861561 8.6008082502082141e-17 -0.026266189305415407
17 43 1.3541666666666667 0.89583333333333326 0.040949830561668017 0.026046885602367571 8.4323774064192729e-17 -0.031598233707701082
17 44 1.3541666666666667 0.91666666666666663 0.03339926998992615 0.0092568458181762365 6.8739861515107563e-17 -0.032090840458898776
17 45 1.3541666666666667 0.9375 0.027936112642600684 -0.0030468294276250114 6.1783409225217654e-17 -0.027769465605571742
17 46 1.3541666666666667 0.95833333333333326 0.022512755073127978 -0.010426405608306192 5.1722537366118531e-17 -0.019952799479615153
17 47 1.3541666666666667 0.97916666666666663 0.017269201550960265 -0.013929523737733563 3.2871339027767506e-17 -0.010207531075025224
17 48 1.3541666666666667 1 0.014986761286474469 -0.014986761286474469 3.8972429957896541e-17 0
18 0 1.375 0 0.022666571000851274 -0.022666571000851274 4.8808294301118958e-17 0
18 1 1.375 0.020833333333333332 0.022719722556916261 -0.021073723744881916 3.2793483020281926e-17 0.0084902273578302788
18 2 1.375 0.041666666666666664 0.023158789057726011 -0.016307816513748477 4.7480641534310498e-17 0.016443376513787019
18 3 1.375 0.0625 0.023611419851274219 -0.0068084204973019339 4.703664115911707e-17 0.022608506313444618
18 4 1.375 0.083333333333333329 0.02665915835342034 0.0080491893571555846 5.7774544945326782e-17 0.025414981306414428
18 5 1.375 0.10416666666666666 0.036113509104763013 0.026964022307110699 6.5375809289238017e-17 0.024023468543935066
18 6 1.375 0.125 0.050514223486720071 0.046921420931364005 8.2729014384384334e-17 0.01871007836028641
18 7 1.375 0.14583333333333331 0.063642477973443329 0.062770074427366512 1.0149221234470719e-16 0.010501559835714321
18 8 1.375 0.16666666666666666 0.071645451784334888 0.071642792281859241 1.1794208704175656e-16 0.00061731308087898046
18 9 1.375 0.1875 0.075384622387606098 0.074578416662224145 1.1410627476231189e-16 -0.010995501838372366
18 10 1.375 0.20833333333333331 0.077593052294014975 0.073436240877684508 1.4499894918729221e-16 -0.02505594320827776
18 11 1.375 0.22916666666666666 0.078892016370053261 0.067269468357492049 1.4877014560229407e-16 -0.041216123954505079
18 12 1.375 0.25 0.079921078219163597 0.054710025199123456 1.150011502404475e-16 -0.058259693497519728
18 13 1.375 0.27083333333333331 0.08376111692479507 0.03623795462491796 1.2014723338417527e-16 -0.075516457498293568
18 14 1.375 0.29166666666666663 0.093797315540974119 0.012832732392516562 2.5612389538951134e-17 -0.092915323720229911
18 15 1.375 0.3125 0.11109609878008492 -0.016504405769651728 9.8542375796069774e-18 -0.1098633139603256
18 16 1.375 0.33333333333333331 0.13559499466466005 -0.051423082021543373 -7.9904779872172539e-17 -0.12546580894217679
18 17 1.375 0.35416666666666663 0.16509157544507938 -0.091080858407259505 -8.5136680532964345e-17 -0.13769352023510431
18 18 1.375 0.375 0.19681582274484677 -0.13488427536946726 -1.6571272736189667e-16 -0.14332724912166797
18 19 1.375 0.39583333333333331 0.2287485377641417 -0.1806463170606139 -1.6749562418411608e-16 -0.14033104311473324
18 20 1.375 0.41666666666666663 0.25895323434621947 -0.22506326069865953 -1.9006107133305054e-16 -0.12807539288268949
18 21 1.375 0.4375 0.28441290857330398 -0.26373500946272493 -3.0647206020277389e-16 -0.10646383116731689
18 22 1.375 0.45833333333333331 0.30309155930564452 -0.29330751616698825 -3.5376590871466123e-16 -0.076388443381698506
18 23 1.375 0.47916666666666663 0.31423003192344606 -0.31167212302785957 -3.3836253696430219e-16 -0.040012506668749434
18 24 1.375 0.5 0.31782579691528889 -0.31782579691528889 -2.5272439541222059e-16 3.1382770145343762e-17
18 25 1.375 0.52083333333333326 0.31423003192344623 -0.31167212302785968 -3.5262664679553877e-16 0.040012506668749524
18 26 1.375 0.54166666666666663 0.30309155930564446 -0.29330751616698819 -3.3386372119296268e-16 0.076388443381698562
18 27 1.375 0.5625 0.28441290857330398 -0.2637350094627251 -2.9325046170487307e-16 0.10646383116731654
18 28 1.375 0.58333333333333326 0.25895323434621981 -0.22506326069865989 -2.0696181173609213e-16 0.12807539288268954
18 29 1.375 0.60416666666666663 0.2287485377641415 -0.18064631706061374 -2.6337360903378243e-16 0.1403310431147331
18 30 1.375 0.625 0.19681582274484688 -0.13488427536946765 -8.9209937446183377e-17 0.14332724912166775
18 31 1.375 0.64583333333333326 0.16509157544507963 -0.091080858407259893 -9.0881235607523905e-17 0.13769352023510437
18 32 1.375 0.66666666666666663 0.13559499466466041 -0.051423082021543616 -5.9464405830474235e-17 0.12546580894217707
18 33 1.375 0.6875 0.11109609878008486 -0.01650440576965171 4.3574989480095735e-17 0.10986331396032555
18 34 1.375 0.70833333333333326 0.093797315540974077 0.012832732392516342 3.7386876494911899e-17 0.092915323720229911
18 35 1.375 0.72916666666666663 0.083761116924794987 0.036237954624917822 5.3924160368569718e-17 0.07551645749829354
18 36 1.375 0.75 0.07992107821916386 0.054710025199123768 1.1418338866208692e-16 0.058259693497519797
18 37 1.375 0.77083333333333326 0.078892016370053178 0.067269468357491966 1.3507150845346452e-16 0.041216123954505079
18 38 1.375 0.79166666666666663 0.077593052294014711 0.073436240877684175 1.374344514220878e-16 0.025055943208277934
18 39 1.375 0.8125 0.075384622387606182 0.074578416662224215 1.0299346081906352e-16 0.010995501838372515
18 40 1.375 0.83333333333333326 0.071645451784334985 0.071642792281859352 1.0050269186085557e-16 -0.00061731308087903554
18 41 1.375 0.85416666666666663 0.063642477973443343 0.062770074427366526 1.0666888716858364e-16 -0.010501559835714325
18 42 1.375 0.875 0.050514223486720161 0.046921420931364158 9.9711272617154586e-17 -0.018710078360286268
18 43 1.375 0.89583333333333326 0.036113509104763054 0.026964022307110775 6.6180009373193739e-17 -0.024023468543935049
18 44 1.375 0.91666666666666663 0.026659158353420326 0.0080491893571556349 6.0398972684922252e-17 -0.025414981306414397
18 45 1.375 0.9375 0.023611419851274133 -0.0068084204973018793 4.9448707657946864e-17 -0.022608506313444542
18 46 1.375 0.95833333333333326 0.023158789057726014 -0.016307816513748477 4.3923516859798036e-17 -0.016443376513787022
18 47 1.375 0.97916666666666663 0.022719722556916237 -0.021073723744881902 4.1811032192196725e-17 -0.0084902273578302476
18 48 1.375 1 0.022666571000851298 -0.022666571000851298 4.6831200709619501e-17 0
19 0 1.3958333333333333 0 0.029382487224501333 -0.029382487224501333 2.044669294151106e-17 0
19 1 1.3958333333333333 0.020833333333333332 0.028179029579237437 -0.027335637861701893 3.4170125049111865e-17 0.0068425587846527389
19 2 1.3958333333333333 0.041666666666666664 0.024979792150657376 -0.021283223087841519 4.6942391939412674e-17 0.013077248597591675
19 3 1.3958333333333333 0.0625 0.020315813106654354 -0.0098149703604356962 4.4936294704143583e-17 0.017787597336579149
19 4 1.3958333333333333 0.083333333333333329 0.020710731887501319 0.0073111156547655595 7.1729251966433363e-17 0.019377358003572258
19 5 1.3958333333333333 0.10416666666666666 0.033132520902791653 0.028133564269797639 6.5993716403306425e-17 0.01750047150367931
19 6 1.3958333333333333 0.125 0.05058071002190382 0.048990327531527288 6.426817944150603e-17 0.012583959419578607
19 7 1.3958333333333333 0.14583333333333331 0.06484986259681734 0.064638331770623475 6.8602058466542168e-17 0.0052336167930882912
19 8 1.3958333333333333 0.16666666666666666 0.07334486980246184 0.073247943503453788 8.792154647027771e-17 -0.0037694427777750848
19 9 1.3958333333333333 0.1875 0.077526023028906238 0.076185678831053552 8.8870620690669134e-17 -0.014353626291988339
19 10 1.3958333333333333 0.20833333333333331 0.080003021649269423 0.075205903245527311 1.0672824241090873e-16 -0.027286545952865785
19 11 1.3958333333333333 0.22916666666666666 0.081370202432864761 0.069372573685280464 1.1746451965123253e-16 -0.04252711916231481
19 12 1.3958333333333333 0.25 0.08186126244395997 0.057150616092432945 1.1974188238504446e-16 -0.05860949896709778
19 13 1.3958333333333333 0.27083333333333331 0.084143722875230434 0.038959428651029332 8.7800545584854282e-17 -0.074581023179418324
19 14 1.3958333333333333 0.29166666666666663 0.092279206144201556 0.01609237070526949 6.2405637355183722e-17 -0.090865216071323085
19 15 1.3958333333333333 0.3125 0.10830970567173802 -0.012032692632094838 -2.9371746910323691e-17 -0.10763924307946451
19 16 1.3958333333333333 0.33333333333333331 0.13192872917721032 -0.045642744449838971 -4.8659817139990896e-17 -0.12378178162153104
19 17 1.3958333333333333 0.35416666666666663 0.16090700357412663 -0.085772812861203876 -8.0151537740749218e-17 -0.13613995876700161
19 18 1.3958333333333333 0.375 0.19333527122032512 -0.1327320657158374 -1.2160082335522506e-16 -0.14057284883164065
19 19 1.3958333333333333 0.39583333333333331 0.22743180656392459 -0.18286163554870749 -1.6527097340615956e-16 -0.13522887591554583
19 20 1.3958333333333333 0.41666666666666663 0.25993106461763216 -0.23047779213344582 -1.556157283241174e-16 -0.12018379960106018
19 21 1.3958333333333333 0.4375 0.28709506296159243 -0.27021154650044937 -2.7136394998173138e-16 -0.097001522229067161
19 22 1.3958333333333333 0.45833333333333331 0.30660990390684639 -0.2990021261795674 -1.6342242721963899e-16 -0.067877549409680799
19 23 1.3958333333333333 0.47916666666666663 0.31792625356113097 -0.3160037229709875 -2.7526852876898039e-16 -0.034910596842390444
19 24 1.3958333333333333 0.5 0.32153517077053784 -0.32153517077053784 -1.6560701510979422e-16 -1.5913929019764546e-17
19 25 1.3958333333333333 0.52083333333333326 0.31792625356113136 -0.31600372297098789 -2.608865470116609e-16 0.034910596842390347
19 26 1.3958333333333333 0.54166666666666663 0.30660990390684595 -0.2990021261795669 -2.7086745596236319e-16 0.067877549409680826
19 27 1.3958333333333333 0.5625 0.28709506296159254 -0.27021154650044948 -2.2332551717075099e-16 0.097001522229067119
19 28 1.3958333333333333 0.58333333333333326 0.2599310646176326 -0.23047779213344641 -2.0244854487452793e-16 0.1201837996010601
19 29 1.3958333333333333 0.60416666666666663 0.22743180656392475 -0.18286163554870763 -1.6030165385017403e-16 0.13522887591554592
19 30 1.3958333333333333 0.625 0.19333527122032537 -0.13273206571583787 -1.1905828486630343e-16 0.14057284883164056
19 31 1.3958333333333333 0.64583333333333326 0.16090700357412702 -0.085772812861204362 -5.4230047786949923e-17 0.13613995876700177
19 32 1.3958333333333333 0.66666666666666663 0.13192872917721038 -0.045642744449839096 -2.1062285717142607e-17 0.12378178162153106
19 33 1.3958333333333333 0.6875 0.10830970567173798 -0.01203269263209482 3.4277998661365606e-17 0.10763924307946447
19 34 1.3958333333333333 0.70833333333333326 0.092279206144201556 0.016092370705269188 1.3419662986203937e-17 0.09086521607132314
19 35 1.3958333333333333 0.72916666666666663 0.084143722875230365 0.0389594286510292 7.3111224314997694e-17 0.07458102317941831
19 36 1.3958333333333333 0.75 0.081861262443960137 0.057150616092433146 3.6001196517650761e-17 0.058609498967097821
19 37 1.3958333333333333 0.77083333333333326 0.081370202432864816 0.069372573685280575 8.9265797869793672e-17 0.042527119162314733
19 38 1.3958333333333333 0.79166666666666663 0.080003021649269507 0.075205903245527381 6.4382331423974112e-17 0.027286545952865872
19 39 1.3958333333333333 0.8125 0.07752602302890621 0.076185678831053524 8.5180555754436861e-17 0.014353626291988379
19 40 1.3958333333333333 0.83333333333333326 0.073344869802461923 0.073247943503453872 8.4890929381399267e-17 0.0037694427777751303
19 41 1.3958333333333333 0.85416666666666663 0.064849862596817298 0.064638331770623447 8.8938122023804536e-17 -0.0052336167930882018
19 42 1.3958333333333333 0.875 0.050580710021903862 0.048990327531527336 8.0102296103367339e-17 -0.012583959419578581
19 43 1.3958333333333333 0.89583333333333326 0.033132520902791666 0.028133564269797687 7.7974242732679788e-17 -0.017500471503679255
19 44 1.3958333333333333 0.91666666666666663 0.020710731887501371 0.0073111156547656054 5.4963380499262257e-17 -0.019377358003572296
19 45 1.3958333333333333 0.9375 0.020315813106654285 -0.0098149703604356944 4.7677853807555504e-17 -0.017787597336579069
19 46 1.3958333333333333 0.95833333333333326 0.024979792150657414 -0.021283223087841526 4.2526188082688731e-17 -0.013077248597591745
19 47 1.3958333333333333 0.97916666666666663 0.02817902957923743 -0.02733563786170189 3.6135265963379342e-17 -0.0068425587846527225
19 48 1.3958333333333333 1 0.029382487224501333 -0.029382487224501333 3.3851546417654707e-17 0
20 0 1.4166666666666667 0 0.034986127479526063 -0.034986127479526063 3.231482454038368e-17 0
20 1 1.4166666666666667 0.020833333333333332 0.03299254059204184 -0.032563957778655506 2.9320578294741298e-17 0.0053006026551204715
20 2 1.4166666666666667 0.041666666666666664 0.02718654727064174 -0.025304955260243494 3.8105024599854417e-17 0.0099381885560655848
20 3 1.4166666666666667 0.0625 0.018072077573532765 -0.012137960124213856 2.9315609522086095e-17 0.013389171439890529
20 4 1.4166666666666667 0.083333333333333329 0.01574356242840275 0.0069299009079182806 4.9409806222943226e-17 0.01413634434157035
20 5 1.4166666666666667 0.10416666666666666 0.031713422101993537 0.029330564106904242 4.7170221575336851e-17 0.012060644700429266
20 6 1.4166666666666667 0.125 0.051316650833123166 0.050717202003022099 5.5531662943824001e-17 0.007820746365490433
20 7 1.4166666666666667 0.14583333333333331 0.066389609502661817 0.066371716045666121 6.1823962410100451e-17 0.0015412848761306756
20 8 1.4166666666666667 0.16666666666666666 0.075160588808980813 0.074896197518926511 6.8920896295836497e-17 -0.0062987067973227142
20 9 1.4166666666666667 0.1875 0.07948624746767291 0.077977383775827525 6.3803446071443188e-17 -0.015413992213876579
20 10 1.4166666666666667 0.20833333333333331 0.082139442904023308 0.077702495693329862 1.0296015760893439e-16 -0.026631001551037457
20 11 1.4166666666666667 0.22916666666666666 0.083124861976811099 0.072779630025710237 9.5886668455867689e-17 -0.040160529528190138
20 12 1.4166666666666667 0.25 0.081727663622801733 0.060918208906226269 9.2967734776238383e-17 -0.054482867260260859
20 13 1.4166666666666667 0.27083333333333331 0.081099056090642052 0.043215895995207393 2.6743796551145686e-17 -0.068625383293097336
20 14 1.4166666666666667 0.29166666666666663 0.086114583490082372 0.022008330896395735 -1.0084236736798506e-17 -0.083254758787862218
20 15 1.4166666666666667 0.3125 0.09902895454868324 -0.0033911536919496331 1.1217076231476871e-17 -0.098970874077390802
20 16 1.4166666666666667 0.33333333333333331 0.11985911918247866 -0.035162152547431845 -3.0276338378061921e-17 -0.11458547673868079
20 17 1.4166666666666667 0.35416666666666663 0.14738866596000613 -0.076369475097730302 -4.1689845632339916e-17 -0.12605999415662139
20 18 1.4166666666666667 0.375 0.18073897595181695 -0.12696214854623508 -1.6731525664759883e-16 -0.12863588249254254
20 19 1.4166666666666667 0.39583333333333331 0.21752210432944272 -0.18109725364999849 -1.3492153430382503e-16 -0.12049751280560553
20 20 1.4166666666666667 0.41666666666666663 0.25343743698606658 -0.23151124944153417 -2.2091545724295535e-16 -0.10311680681676583
20 21 1.4166666666666667 0.4375 0.2838546562780393 -0.27238331788614878 -2.0651516833980686e-16 -0.079879872483980902
20 22 1.4166666666666667 0.45833333333333331 0.3058249645900914 -0.30104950303824746 -2.4394722264931964e-16 -0.053834056943118033
20 23 1.4166666666666667 0.47916666666666663 0.31873819965761807 -0.31759379501151391 -2.4286897768256734e-16 -0.02698557561298396
20 24 1.4166666666666667 0.5 0.32295553567877089 -0.32295553567877089 -3.2738480349895165e-16 -2.3586439303307854e-17
20 25 1.4166666666666667 0.52083333333333326 0.31873819965761785 -0.31759379501151369 -2.3261495276876268e-16 0.026985575612984012
20 26 1.4166666666666667 0.54166666666666663 0.30582496459009118 -0.30104950303824729 -2.65237961635459e-16 0.053834056943117832
20 27 1.4166666666666667 0.5625 0.28385465627803935 -0.27238331788614883 -2.3171282596418204e-16 0.079879872483981013
20 28 1.4166666666666667 0.58333333333333326 0.2534374369860668 -0.23151124944153445 -2.1647029932605028e-16 0.10311680681676587
20 29 1.4166666666666667 0.60416666666666663 0.21752210432944244 -0.18109725364999826 -1.2235256765969292e-16 0.12049751280560539
20 30 1.4166666666666667 0.625 0.18073897595181712 -0.12696214854623533 -1.2243937527451993e-16 0.12863588249254251
20 31 1.4166666666666667 0.64583333333333326 0.14738866596000627 -0.076369475097730469 -5.9570449841238716e-17 0.12605999415662147
20 32 1.4166666666666667 0.66666666666666663 0.11985911918247863 -0.03516215254743197 -2.9053192229808672e-17 0.11458547673868072
20 33 1.4166666666666667 0.6875 0.099028954548683434 -0.003391153691949666 -4.1051358486224683e-17 0.098970874077390997
20 34 1.4166666666666667 0.70833333333333326 0.086114583490082386 0.022008330896395516 3.8876803795606347e-17 0.083254758787862287
20 35 1.4166666666666667 0.72916666666666663 0.081099056090642052 0.043215895995207115 2.8192201166997917e-17 0.068625383293097517
20 36 1.4166666666666667 0.75 0.081727663622801913 0.060918208906226533 6.3061429207637338e-17 0.054482867260260824
20 37 1.4166666666666667 0.77083333333333326 0.083124861976811251 0.072779630025710362 5.876047545422556e-17 0.040160529528190221
20 38 1.4166666666666667 0.79166666666666663 0.082139442904023086 0.077702495693329626 6.530600740621468e-17 0.026631001551037464
20 39 1.4166666666666667 0.8125 0.079486247467673035 0.077977383775827649 7.6254248290833199e-17 0.01541399221387664
20 40 1.4166666666666667 0.83333333333333326 0.075160588808980772 0.074896197518926455 8.3256040288450324e-17 0.0062987067973228755
20 41 1.4166666666666667 0.85416666666666663 0.066389609502661817 0.066371716045666121 6.874961694101674e-17 -0.001541284876130691
20 42 1.4166666666666667 0.875 0.051316650833123381 0.050717202003022328 7.7762475185489096e-17 -0.0078207463654903376
20 43 1.4166666666666667 0.89583333333333326 0.031713422101993557 0.029330564106904284 4.7929310496055383e-17 -0.012060644700429229
20 44 1.4166666666666667 0.91666666666666663 0.01574356242840274 0.0069299009079183552 4.3647697999609721e-17 -0.014136344341570302
20 45 1.4166666666666667 0.9375 0.018072077573532675 -0.012137960124213802 3.8101701773400953e-17 -0.013389171439890459
20 46 1.4166666666666667 0.95833333333333326 0.027186547270641771 -0.025304955260243511 3.3208918758282866e-17 -0.0099381885560656247
20 47 1.4166666666666667 0.97916666666666663 0.032992540592041847 -0.032563957778655513 3.0915516663808006e-17 -0.0053006026551204394
20 48 1.4166666666666667 1 0.034986127479526057 -0.034986127479526057 3.353537092602637e-17 0
21 0 1.4375 0 0.039396282583416209 -0.039396282583416209 1.4262820257704736e-17 0
21 1 1.4375 0.020833333333333332 0.036862936661881278 -0.036659048312760914 2.7796014211610229e-17 0.0038717277978354515
21 2 1.4375 0.041666666666666664 0.029268786302951665 -0.028403830166455091 2.7189975662995445e-17 0.0070628806816359782
21 3 1.4375 0.0625 0.016747628012434165 -0.01383735933466719 3.5342991382804021e-17 0.0094345392407985795
21 4 1.4375 0.083333333333333329 0.011867216345469249 0.0068261556713374444 4.1719359797993653e-17 0.0097074416063574736
21 5 1.4375 0.10416666666666666 0.031288827916705259 0.03033361490251411 5.1112750013566612e-17 0.0076721939070365248
21 6 1.4375 0.125 0.052347239874284378 0.052166396868723861 2.8845642669625671e-17 0.0043474774514268661
21 7 1.4375 0.14583333333333331 0.068031801188986121 0.068029258433525891 6.4672484375964242e-17 -0.00058819214741472915
21 8 1.4375 0.16666666666666666 0.076688596227649619 0.076373498269528994 7.0151559445337581e-17 -0.0069447500633015805
21 9 1.4375 0.1875 0.081020765419932098 0.079761862437905187 5.9554653763909333e-17 -0.014227077341054805
21 10 1.4375 0.20833333333333331 0.083898660083826057 0.080607030653812542 7.6340570991246641e-17 -0.023269975785047831
21 11 1.4375 0.22916666666666666 0.083804554781845064 0.076421309590496769 2.6588591580446646e-17 -0.034394575773757083
21 12 1.4375 0.25 0.07944850064236747 0.064592845566828483 4.6542857730392495e-17 -0.046258280944065679
21 13 1.4375 0.27083333333333331 0.075173959051906172 0.047988114608191641 5.0382239941208448e-17 -0.057864194247295372
21 14 1.4375 0.29166666666666663 0.075972168709333446 0.029751234710023274 2.9297772202503528e-17 -0.069904466607138421
21 15 1.4375 0.3125 0.08371038959653164 0.0077944283522980119 -2.8490080560623477e-17 -0.083346722869372655
21 16 1.4375 0.33333333333333331 0.099662408743261766 -0.022385702176629031 2.5737602796848165e-17 -0.097115786845230506
21 17 1.4375 0.35416666666666663 0.12487679929924471 -0.064696920136487285 -3.9269446244291491e-17 -0.10681069013950256
21 18 1.4375 0.375 0.15953750430395083 -0.11790496561596454 -3.2749419944334519e-17 -0.1074738775825612
21 19 1.4375 0.39583333333333331 0.20018312378449024 -0.1746877877332387 -1.1485288303781049e-16 -0.097762261967404798
21 20 1.4375 0.41666666666666663 0.2409786168632321 -0.22719784638640056 -8.5901269235660472e-17 -0.080323299127326331
21 21 1.4375 0.4375 0.2758852959638321 -0.26941650855797555 -1.8717231651455749e-16 -0.059392267556320238
21 22 1.4375 0.45833333333333331 0.30154040828116635 -0.29908946542552911 -2.1429567918451333e-16 -0.038368079152385555
21 23 1.4375 0.47916666666666663 0.3168856191712906 -0.31633219416715652 -2.2499545389648342e-16 -0.018720004566362029
21 24 1.4375 0.5 0.32189287429387359 -0.32189287429387359 -1.2209528960392799e-16 -1.9153395885191383e-16
21 25 1.4375 0.52083333333333326 0.31688561917129077 -0.31633219416715663 -1.5989746324737736e-16 0.018720004566362077
21 26 1.4375 0.54166666666666663 0.30154040828116596 -0.29908946542552872 -1.9513264601724594e-16 0.038368079152385548
21 27 1.4375 0.5625 0.27588529596383221 -0.26941650855797566 -2.2391664666175804e-16 0.059392267556319975
21 28 1.4375 0.58333333333333326 0.24097861686323246 -0.22719784638640095 -1.510264436824552e-16 0.080323299127326372
21 29 1.4375 0.60416666666666663 0.20018312378449044 -0.17468778773323876 -1.4727935138234031e-16 0.097762261967405062
21 30 1.4375 0.625 0.15953750430395089 -0.1179049656159646 -1.2168148032339717e-16 0.10747387758256123
21 31 1.4375 0.64583333333333326 0.12487679929924467 -0.064696920136487507 -8.7844970927016254e-17 0.10681069013950238
21 32 1.4375 0.66666666666666663 0.099662408743261877 -0.022385702176629014 -1.6140844631469738e-17 0.097115786845230617
21 33 1.4375 0.6875 0.083710389596531681 0.0077944283522981073 -1.6289621440642415e-17 0.083346722869372683
21 34 1.4375 0.70833333333333326 0.075972168709333487 0.02975123471002334 3.3491132424768908e-17 0.069904466607138435
21 35 1.4375 0.72916666666666663 0.075173959051906047 0.047988114608191468 3.8016188964617641e-17 0.057864194247295338
21 36 1.4375 0.75 0.079448500642367609 0.064592845566828538 4.1248886727863471e-17 0.046258280944065831
21 37 1.4375 0.77083333333333326 0.083804554781845064 0.076421309590496728 5.7058581878947256e-17 0.034394575773757187
21 38 1.4375 0.79166666666666663 0.083898660083825891 0.080607030653812375 5.6500090424138266e-17 0.023269975785047844
21 39 1.4375 0.8125 0.081020765419932167 0.079761862437905257 7.0735096681490225e-17 0.014227077341054793
21 40 1.4375 0.83333333333333326 0.076688596227649661 0.076373498269529036 4.5947070328033624e-17 0.0069447500633016048
21 41 1.4375 0.85416666666666663 0.068031801188986107 0.068029258433525863 6.930654647785338e-17 0.00058819214741477458
21 42 1.4375 0.875 0.052347239874284489 0.052166396868723978 3.5508000958939581e-17 -0.0043474774514268609
21 43 1.4375 0.89583333333333326 0.031288827916705279 0.030333614902514131 4.4488885121971751e-17 -0.0076721939070365031
21 44 1.4375 0.91666666666666663 0.011867216345469264 0.0068261556713374695 2.4997769033734123e-17 -0.0097074416063574753
21 45 1.4375 0.9375 0.016747628012434117 -0.013837359334667152 3.2043787957686671e-17 -0.0094345392407985534
21 46 1.4375 0.95833333333333326 0.029268786302951669 -0.028403830166455091 2.407742741607714e-17 -0.0070628806816359947
21 47 1.4375 0.97916666666666663 0.036862936661881278 -0.036659048312760921 2.3105005407573856e-17 -0.0038717277978354207
21 48 1.4375 1 0.039396282583416202 -0.039396282583416202 1.857271816489856e-17 0
22 0 1.4583333333333333 0 0.042563639546499873 -0.042563639546499873 2.035372034449287e-17 0
22 1 1.4583333333333333 0.020833333333333332 0.039658138349971575 -0.039577273148865576 1.7344603614641159e-17 0.0025312817870734631
22 2 1.4583333333333333 0.041666666666666664 0.03094508360467052 -0.030623327160417459 2.4432113942153989e-17 0.0044508463157119371
22 3 1.4583333333333333 0.0625 0.016076016052416542 -0.014950667098845266 2.2045592069064224e-17 0.0059089631423000126
22 4 1.4583333333333333 0.083333333333333329 0.0090840804532715137 0.0068752999813087899 2.1898220325979472e-17 0.0059372357076778546
22 5 1.4583333333333333 0.10416666666666666 0.031308179958426371 0.031021707113906064 2.9911349171894712e-17 0.0042256147538838103
22 6 1.4583333333333333 0.125 0.053391420793448136 0.053356524679343112 2.7222242648669994e-17 0.001930048829873269
22 7 1.4583333333333333 0.14583333333333331 0.069420844661947465 0.069404727976693711 3.4066909903215925e-17 -0.0014957967974923007
22 8 1.4583333333333333 0.16666666666666666 0.077635077391422044 0.077397192856193814 3.4270219231915433e-17 -0.0060728724301793774
22 9 1.4583333333333333 0.1875 0.082047655990759305 0.081272948368132925 3.8160960429600195e-17 -0.011248365086926218
22 10 1.4583333333333333 0.20833333333333331 0.085227140213412753 0.083379535219271578 3.0672188422397216e-17 -0.017649887692984572
22 11 1.4583333333333333 0.22916666666666666 0.08359241122968411 0.07957620179949694 5.017575817328921e-17 -0.025599205502483041
22 12 1.4583333333333333 0.25 0.07587819803151119 0.067746811229118173 1.755366152287519e-17 -0.034174120395343843
22 13 1.4583333333333333 0.27083333333333331 0.067751218382337178 0.052785109721812884 1.7676525371473141e-17 -0.042473047735561875
22 14 1.4583333333333333 0.29166666666666663 0.063605839716464815 0.037849401724727672 4.4795123760762397e-17 -0.051118740547051768
22 15 1.4583333333333333 0.3125 0.06390523510256553 0.018807034740556998 1.7413230719020821e-17 -0.061075154668503752
22 16 1.4583333333333333 0.33333333333333331 0.072261746428054593 -0.010302696615078034 1.4241723868976069e-17 -0.071523523677809106
22 17 1.4583333333333333 0.35416666666666663 0.0949397980058901 -0.053283717109127708 -4.8351260796657803e-17 -0.078577418743769278
22 18 1.4583333333333333 0.375 0.13300837694657908 -0.10769074198143151 -4.0512751553014726e-17 -0.078063643454888837
22 19 1.4583333333333333 0.39583333333333331 0.17960397837297509 -0.16571072876638712 -1.293863533945701e-16 -0.069264301188368238
22 20 1.4583333333333333 0.41666666666666663 0.22615164942795285 -0.21939523230847169 -8.5688633036185299e-17 -0.054866206168236412
22 21 1.4583333333333333 0.4375 0.26587275577088831 -0.26300785031930241 -1.1837905554752386e-16 -0.038925479208685852
22 22 1.4583333333333333 0.45833333333333331 0.29508366261429131 -0.29408336587664025 -8.7592161145793856e-17 -0.024276364153864728
22 23 1.4583333333333333 0.47916666666666663 0.31252289261492378 -0.31231024995851381 -7.146124025642347e-17 -0.011526759269187035
22 24 1.4583333333333333 0.5 0.31826066635363132 -0.31826066635363132 -1.0159042583798113e-16 1.4109938991719699e-16
22 25 1.4583333333333333 0.52083333333333326 0.31252289261492411 -0.3123102499585142 -1.192252082030297e-16 0.011526759269186813
22 26 1.4583333333333333 0.54166666666666663 0.29508366261429081 -0.29408336587663975 -8.7638668277293134e-17 0.024276364153864673
22 27 1.4583333333333333 0.5625 0.26587275577088826 -0.26300785031930235 -1.4990776529954514e-16 0.038925479208685908
22 28 1.4583333333333333 0.58333333333333326 0.22615164942795307 -0.21939523230847191 -7.3572783830894638e-17 0.054866206168236425
22 29 1.4583333333333333 0.60416666666666663 0.17960397837297509 -0.16571072876638696 -5.0105323509721467e-17 0.069264301188368627
22 30 1.4583333333333333 0.625 0.13300837694657935 -0.10769074198143187 -8.4234805986311829e-17 0.078063643454888851
22 31 1.4583333333333333 0.64583333333333326 0.094939798005890488 -0.053283717109128305 -3.9586838803799823e-17 0.078577418743769362
22 32 1.4583333333333333 0.66666666666666663 0.072261746428054621 -0.010302696615077822 -1.3645378041648133e-17 0.071523523677809162
22 33 1.4583333333333333 0.6875 0.063905235102565544 0.018807034740556988 2.1126914507290558e-18 0.061075154668503766
22 34 1.4583333333333333 0.70833333333333326 0.063605839716464663 0.037849401724727366 1.1014524503771535e-17 0.051118740547051816
22 35 1.4583333333333333 0.72916666666666663 0.067751218382336859 0.052785109721812544 2.4105239976240405e-18 0.042473047735561792
22 36 1.4583333333333333 0.75 0.07587819803151144 0.06774681122911845 8.231813318849265e-18 0.034174120395343843
22 37 1.4583333333333333 0.77083333333333326 0.083592411229684097 0.07957620179949694 1.6424247045594209e-17 0.025599205502482979
22 38 1.4583333333333333 0.79166666666666663 0.085227140213412447 0.083379535219271259 2.1063166149890214e-17 0.017649887692984614
22 39 1.4583333333333333 0.8125 0.082047655990759499 0.081272948368133105 3.2811201024643187e-17 0.011248365086926311
22 40 1.4583333333333333 0.83333333333333326 0.077635077391422114 0.077397192856193869 5.1219835035046331e-17 0.006072872430179419
22 41 1.4583333333333333 0.85416666666666663 0.069420844661947409 0.069404727976693656 3.8710044087522005e-17 0.0014957967974923319
22 42 1.4583333333333333 0.875 0.053391420793448337 0.05335652467934332 4.3876444021250756e-17 -0.0019300488298731955
22 43 1.4583333333333333 0.89583333333333326 0.031308179958426309 0.031021707113906009 2.8088614730205867e-17 -0.0042256147538837852
22 44 1.4583333333333333 0.91666666666666663 0.0090840804532715466 0.0068752999813088533 2.7716573628958259e-17 -0.0059372357076778312
22 45 1.4583333333333333 0.9375 0.01607601605241649 -0.014950667098845219 1.917632196132447e-17 -0.0059089631422999883
22 46 1.4583333333333333 0.95833333333333326 0.030945083604670541 -0.03062332716041748 1.8544655166145198e-17 -0.0044508463157119475
22 47 1.4583333333333333 0.97916666666666663 0.039658138349971547 -0.039577273148865555 1.7301218183007076e-17 -0.0025312817870734522
22 48 1.4583333333333333 1 0.042563639546499908 -0.042563639546499908 1.4938180253258195e-17 0
23 0 1.4791666666666667 0 0.044464206277337666 -0.044464206277337666 3.2070708766485373e-18 0
23 1 1.4791666666666667 0.020833333333333332 0.04133817414593241 -0.041319729647098659 1.0287718456457992e-17 0.001234740300675089
23 2 1.4791666666666667 0.041666666666666664 0.032046052516605777 -0.031979366503842407 3.5290321252587596e-18 0.0020663010211432434
23 3 1.4791666666666667 0.0625 0.015769701253697272 -0.015534837182650758 1.1494062369175596e-17 0.0027115145840272939
23 4 1.4791666666666667 0.083333333333333329 0.0074186893518818674 0.0069459189397759946 5.7739187792505743e-18 0.0026059857600889778
23 5 1.4791666666666667 0.10416666666666666 0.03145347765796444 0.031417478619741063 2.1985440244969672e-17 0.0015044247931291297
23 6 1.4791666666666667 0.125 0.054214188774522006 0.054213485660027559 1.1462563596121903e-17 0.00027611061097664285
23 7 1.4791666666666667 0.14583333333333331 0.070355445248655196 0.070338422030434875 2.8832591560623879e-17 -0.0015475989160479784
23 8 1.4791666666666667 0.16666666666666666 0.078102235631079736 0.077998349819876578 2.5817643418038501e-17 -0.0040269884465764967
23 9 1.4791666666666667 0.1875 0.082678240421720103 0.082397099240205288 4.1486601466047344e-17 -0.0068124500755245695
23 10 1.4791666666666667 0.20833333333333331 0.086090445080849134 0.085480278065033763 3.6129137800388436e-17 -0.010231656568865511
23 11 1.4791666666666667 0.22916666666666666 0.082993897673085792 0.081714800043753991 4.7053031012558055e-17 -0.014514768505902421
23 12 1.4791666666666667 0.25 0.072446891873475208 0.069858028362918587 4.4476126285810802e-17 -0.019193957782924077
23 13 1.4791666666666667 0.27083333333333331 0.061119715873336339 0.056345524854630229 2.8278715231811613e-17 -0.02368124779849258
23 14 1.4791666666666667 0.29166666666666663 0.052240951754701143 0.0438947520045695 2.9455251876556712e-17 -0.028326097272556878
23 15 1.4791666666666667 0.3125 0.043019608526345829 0.026724347454936744 4.1573644009912999e-18 -0.033711955903920239
23 16 1.4791666666666667 0.33333333333333331 0.03950353784090968 -0.0018075453517450608 2.8091551378485272e-17 -0.039462162659306542
23 17 1.4791666666666667 0.35416666666666663 0.062353747989954925 -0.044953920930947293 2.0930801221681677e-17 -0.043210356181463565
23 18 1.4791666666666667 0.375 0.10828718878479485 -0.099578785716215604 4.7529101379013407e-17 -0.042546218283154309
23 19 1.4791666666666667 0.39583333333333331 0.16209742984932002 -0.15779724611025758 2.525877978621652e-17 -0.037089161270835148
23 20 1.4791666666666667 0.41666666666666663 0.21397634625988313 -0.21204467839889382 -3.5730238132515451e-17 -0.028686776072592957
23 21 1.4791666666666667 0.4375 0.25738384502806438 -0.25661674467368784 -4.9537380570940715e-18 -0.019856737761021055
23 22 1.4791666666666667 0.45833333333333331 0.28891128439033403 -0.28865927293197152 1.9540889880186622e-18 -0.012064592759726515
23 23 1.4791666666666667 0.47916666666666663 0.30760955886164276 -0.30755750582555447 -2.7427246508526676e-18 -0.0056587377937582862
23 24 1.4791666666666667 0.5 0.31376172012421977 -0.31376172012421977 -5.0554347850434912e-17 -1.5827551155341725e-16
23 25 1.4791666666666667 0.52083333333333326 0.3076095588616426 -0.3075575058255543 3.8679832618716029e-17 0.0056587377937583946
23 26 1.4791666666666667 0.54166666666666663 0.28891128439033409 -0.28865927293197158 -6.6325862762311094e-17 0.012064592759726458
23 27 1.4791666666666667 0.5625 0.25738384502806444 -0.25661674467368789 3.6123448150766657e-18 0.019856737761021002
23 28 1.4791666666666667 0.58333333333333326 0.21397634625988354 -0.21204467839889427 -2.2193951123095737e-17 0.028686776072592794
23 29 1.4791666666666667 0.60416666666666663 0.16209742984931982 -0.15779724611025739 -1.3952290170733219e-17 0.037089161270835155
23 30 1.4791666666666667 0.625 0.10828718878479483 -0.099578785716215618 1.8011698639490283e-17 0.042546218283154254
23 31 1.4791666666666667 0.64583333333333326 0.062353747989955216 -0.044953920930947772 -3.5009039488473982e-17 0.043210356181463488
23 32 1.4791666666666667 0.66666666666666663 0.039503537840909875 -0.0018075453517450327 2.1180111655325652e-17 0.039462162659306743
23 33 1.4791666666666667 0.6875 0.043019608526345898 0.026724347454936737 2.0956844154697705e-18 0.033711955903920336
23 34 1.4791666666666667 0.70833333333333326 0.052240951754701233 0.043894752004569611 3.2380800205535576e-17 0.028326097272556878
23 35 1.4791666666666667 0.72916666666666663 0.061119715873336027 0.056345524854629875 2.5249272055146152e-17 0.023681247798492608
23 36 1.4791666666666667 0.75 0.072446891873475541 0.069858028362918906 4.6236717514167849e-17 0.019193957782924129
23 37 1.4791666666666667 0.77083333333333326 0.082993897673085681 0.081714800043753893 3.8737011499724795e-17 0.014514768505902416
23 38 1.4791666666666667 0.79166666666666663 0.086090445080849023 0.085480278065033652 3.8593926392943849e-17 0.010231656568865505
23 39 1.4791666666666667 0.8125 0.082678240421720256 0.082397099240205426 3.6941994326871726e-17 0.0068124500755245409
23 40 1.4791666666666667 0.83333333333333326 0.078102235631079778 0.07799834981987662 4.3470953801951486e-18 0.0040269884465765375
23 41 1.4791666666666667 0.85416666666666663 0.070355445248655196 0.070338422030434875 2.44076068784585e-17 0.0015475989160479567
23 42 1.4791666666666667 0.875 0.054214188774522123 0.054213485660027684 -3.3163212179368373e-18 -0.00027611061097659536
23 43 1.4791666666666667 0.89583333333333326 0.031453477657964475 0.03141747861974109 1.9326805601454305e-17 -0.0015044247931291724
23 44 1.4791666666666667 0.91666666666666663 0.0074186893518819524 0.0069459189397760735 -5.4394314758691975e-19 -0.0026059857600890099
23 45 1.4791666666666667 0.9375 0.01576970125369723 -0.01553483718265072 1.3201189893674829e-17 -0.0027115145840272848
23 46 1.4791666666666667 0.95833333333333326 0.032046052516605764 -0.031979366503842394 9.4854266516117804e-18 -0.002066301021143259
23 47 1.4791666666666667 0.97916666666666663 0.04133817414593239 -0.041319729647098638 8.5830107309370101e-18 -0.001234740300675071
23 48 1.4791666666666667 1 0.044464206277337701 -0.044464206277337701 1.0605137583950803e-17 0
24 0 1.5 0 0.04510043458844426 -0.04510043458844426 6.2193603146860465e-18 0
24 1 1.5 0.020833333333333332 0.041900894056179014 -0.041900849905878897 3.4946625777957054e-18 -6.0826574341408054e-05
24 2 1.5 0.041666666666666664 0.032442410458527832 -0.032441995756289976 4.7270336780144953e-18 -0.00016403569263848588
24 3 1.5 0.0625 0.015693656489935967 -0.015690524341517482 7.5384192211954252e-18 -0.00031352816836251375
24 4 1.5 0.083333333333333329 0.0070147398432988889 0.0069954527843841645 -4.0963059663249381e-19 -0.00051982247990708952
24 5 1.5 0.10416666666666666 0.031598756010613779 0.031588959781451181 1.4123250615035758e-17 -0.00078676638474219616
24 6 1.5 0.125 0.054610535982757537 0.054601433871579577 1.4372944191909602e-19 -0.00099702532143288456
24 7 1.5 0.14583333333333331 0.070749064549797791 0.070739349171844879 1.3960408025879606e-17 -0.0011724390880827561
24 8 1.5 0.16666666666666666 0.078264752226598372 0.078252594719863094 4.23722594272587e-18 -0.0013794421697517006
24 9 1.5 0.1875 0.082880627301375701 0.082864517441197466 -5.6465227217690156e-18 -0.0016340535814419761
24 10 1.5 0.20833333333333331 0.086305550097081379 0.086283401377494087 9.8905070917476166e-18 -0.0019551532651109703
24 11 1.5 0.22916666666666666 0.082463661509721675 0.082431348752736486 -2.4459940126271553e-17 -0.0023082920947491885
24 12 1.5 0.25 0.070591118019472515 0.070541484951453653 3.4274582967850379e-17 -0.0026466665983712269
24 13 1.5 0.27083333333333331 0.057681408475608417 0.05760628706794875 -1.6162883655995876e-17 -0.0029428853146310488
24 14 1.5 0.29166666666666663 0.046199243781017869 0.046088223990125916 3.9688659814418683e-17 -0.0032008960267244702
24 15 1.5 0.3125 0.029758060924885664 0.029559512761033416 -1.6962928018485969e-17 -0.0034318209946775495
24 16 1.5 0.33333333333333331 0.0038323096182885331 0.0011955568366184611 -2.415867225051411e-17 -0.0036410494175225993
24 17 1.5 0.35416666666666663 0.042087677236769462 -0.041921556149102215 -1.4320134880947196e-17 -0.0037357335590420199
24 18 1.5 0.375 0.096592465734787372 -0.096526259323439556 8.2820611337921552e-17 -0.003575709405163031
24 19 1.5 0.39583333333333331 0.15473341146504904 -0.15470193247432162 -1.8371279919550369e-17 -0.0031210114262222137
24 20 1.5 0.41666666666666663 0.20924102747124071 -0.20922667517550841 2.3171587633846461e-17 -0.0024507085144509486
24 21 1.5 0.4375 0.25415470907323306 -0.25414896380202895 8.3045008794722275e-18 -0.0017089009493564057
24 22 1.5 0.45833333333333331 0.28655698878307651 -0.28655511654035448 2.5463387652843352e-17 -0.0010358595310620271
24 23 1.5 0.47916666666666663 0.30572386492999359 -0.30572349576799196 -2.1071546533518004e-17 -0.0004751032851476325
24 24 1.5 0.5 0.31195030272709617 -0.31195030272709617 1.796424851713311e-17 -1.9065873089882154e-17
24 25 1.5 0.52083333333333326 0.30572386492999409 -0.30572349576799246 2.6435931269746394e-18 0.00047510328514777832
24 26 1.5 0.54166666666666663 0.28655698878307612 -0.28655511654035409 3.7261788719627387e-17 0.0010358595310618881
24 27 1.5 0.5625 0.25415470907323323 -0.25414896380202912 6.0943502451942891e-18 0.0017089009493564851
24 28 1.5 0.58333333333333326 0.2092410274712411 -0.20922667517550878 4.2561085083739385e-18 0.0024507085144509369
24 29 1.5 0.60416666666666663 0.15473341146504935 -0.1547019324743219 1.8990859215425846e-17 0.0031210114262221859
24 30 1.5 0.625 0.096592465734787261 -0.096526259323439431 2.353326705275313e-18 0.0035757094051630076
24 31 1.5 0.64583333333333326 0.042087677236769844 -0.041921556149102597 -4.0700369820642423e-17 0.0037357335590420333
24 32 1.5 0.66666666666666663 0.0038323096182885656 0.0011955568366183514 -2.1148562490230995e-17 0.0036410494175226696
24 33 1.5 0.6875 0.029758060924885716 0.029559512761033479 -3.1247899312417198e-17 0.0034318209946774796
24 34 1.5 0.70833333333333326 0.04619924378101755 0.046088223990125597 -2.940864603177958e-17 0.0032008960267244607
24 35 1.5 0.72916666666666663 0.057681408475608237 0.057606287067948569 4.3046030451234356e-19 0.0029428853146311203
24 36 1.5 0.75 0.070591118019472654 0.070541484951453792 -2.6203953427988164e-17 0.0026466665983713084
24 37 1.5 0.77083333333333326 0.082463661509721731 0.082431348752736541 -2.0515500664536551e-17 0.0023082920947491417
24 38 1.5 0.79166666666666663 0.086305550097081185 0.086283401377493893 2.262481386395245e-17 0.0019551532651109643
24 39 1.5 0.8125 0.082880627301375923 0.082864517441197702 -1.7677106262433577e-17 0.0016340535814418564
24 40 1.5 0.83333333333333326 0.078264752226598247 0.07825259471986297 2.622502994019331e-17 0.0013794421697517338
24 41 1.5 0.85416666666666663 0.070749064549797722 0.070739349171844809 2.0546071159117178e-19 0.0011724390880827808
24 42 1.5 0.875 0.054610535982757676 0.054601433871579716 1.212219663992754e-17 0.00099702532143288846
24 43 1.5 0.89583333333333326 0.031598756010613738 0.031588959781451133 5.9032457982730711e-18 0.00078676638474220798
24 44 1.5 0.91666666666666663 0.007014739843298993 0.0069954527843842668 7.7586258302291961e-18 0.00051982247990712248
24 45 1.5 0.9375 0.015693656489935915 -0.01569052434151743 6.0395354674956502e-18 0.00031352816836249418
24 46 1.5 0.95833333333333326 0.032442410458527852 -0.032441995756289997 1.150531800024349e-20 0.00016403569263849627
24 47 1.5 0.97916666666666663 0.041900894056178993 -0.041900849905878876 4.7228334062956942e-18 6.0826574341396033e-05
24 48 1.5 1 0.045100434588444302 -0.045100434588444302 -2.2825665011917357e-18 0
25 0 1.5208333333333333 0 0.044483522624775916 -0.044483522624775916 -1.3240918093686447e-17 0
25 1 1.5208333333333333 0.020833333333333332 0.041350558109354056 -0.041328286396873762 -7.0853487838968717e-18 -0.0013569817438145797
25 2 1.5208333333333333 0.041666666666666664 0.032070461359452553 -0.031981409248652712 -1.9844834901735101e-17 -0.0023882952661533246
25 3 1.5208333333333333 0.0625 0.015847423806773585 -0.015493367934340418 -8.805814502040581e-18 -0.003331124639314217
25 4 1.5208333333333333 0.083333333333333329 0.0079248803029100586 0.0070355644364303088 -1.6245990802974379e-17 -0.0036475417579911128
25 5 1.5208333333333333 0.10416666666666666 0.031700425083361503 0.031552219014800112 -8.7438772077154324e-18 -0.0030617683955357048
25 6 1.5208333333333333 0.125 0.054481765379976614 0.054434644827200923 -1.9483640424911673e-17 -0.0022654362615855237
25 7 1.5208333333333333 0.14583333333333331 0.070578508688266248 0.070574037729560835 -1.1429549409373879e-17 -0.00079440997362676389
25 8 1.5208333333333333 0.16666666666666666 0.078213010382370676 0.078202424593699929 -3.1348532921759774e-17 0.0012867714402721455
25 9 1.5208333333333333 0.1875 0.082653408410326396 0.082576830477213495 -2.9024756518741955e-17 0.0035571041848333328
25 10 1.5208333333333333 0.20833333333333331 0.085885948167133935 0.085652907510746612 -9.5730797560247763e-19 0.0063226203051507208
25 11 1.5208333333333333 0.22916666666666666 0.082445333190752534 0.081850283908667068 -1.8777304023718876e-17 0.009887567395714638
25 12 1.5208333333333333 0.25 0.071356191227955501 0.069994440624932777 -4.3312217892768617e-18 0.013873871419445747
25 13 1.5208333333333333 0.27083333333333331 0.059217487163327413 0.056498339372475267 -8.3085645549146277e-18 0.017738332336819543
25 14 1.5208333333333333 0.29166666666666663 0.049164916455437475 0.044042939701934312 6.3181911883660903e-18 0.021849679001805154
25 15 1.5208333333333333 0.3125 0.037901581304403673 0.026814342128749329 5.7472923316777908e-17 0.026786580998266672
25 16 1.5208333333333333 0.33333333333333331 0.032182372112165777 -0.0017751386307748324 5.0009321775263253e-17 0.032133377625258079
25 17 1.5208333333333333 0.35416666666666663 0.057416102296153862 -0.044981377882517277 5.7300384945616552e-17 0.035683111504920505
25 18 1.5208333333333333 0.375 0.10577723353434093 -0.099709442419027128 5.7586410688960949e-17 0.035310766441203331
25 19 1.5208333333333333 0.39583333333333331 0.16110291726357204 -0.15813936855812125 9.3218311522865616e-17 0.030758577061886828
25 20 1.5208333333333333 0.41666666666666663 0.21396507362560979 -0.21264786648150963 1.7037639160883683e-16 0.023705223316279334
25 21 1.5208333333333333 0.4375 0.25801634909935839 -0.25749579039913734 1.6107080953291649e-16 0.016381524022065622
25 22 1.5208333333333333 0.45833333333333331 0.28993464026481358 -0.28976271564618289 1.9725763763546431e-16 0.0099831982268318836
25 23 1.5208333333333333 0.47916666666666663 0.30882726997816717 -0.30879147585498112 4.9656230178162075e-17 0.004701821080218078
25 24 1.5208333333333333 0.5 0.31504838157062598 -0.31504838157062598 1.8052193630886746e-16 -4.5242758897856784e-17
25 25 1.5208333333333333 0.52083333333333326 0.30882726997816728 -0.30879147585498118 6.6754985191343527e-17 -0.0047018210802178377
25 26 1.5208333333333333 0.54166666666666663 0.28993464026481353 -0.28976271564618283 8.4298046237727066e-17 -0.0099831982268321056
25 27 1.5208333333333333 0.5625 0.25801634909935867 -0.25749579039913761 1.1449367413291497e-16 -0.016381524022065587
25 28 1.5208333333333333 0.58333333333333326 0.21396507362561018 -0.21264786648151002 4.4603909688077895e-17 -0.023705223316279223
25 29 1.5208333333333333 0.60416666666666663 0.16110291726357184 -0.15813936855812108 7.2808079958458518e-17 -0.030758577061886654
25 30 1.5208333333333333 0.625 0.10577723353434081 -0.099709442419027031 5.4610266774285607e-17 -0.035310766441203255
25 31 1.5208333333333333 0.64583333333333326 0.057416102296154049 -0.044981377882517458 5.406621104913779e-17 -0.035683111504920581
25 32 1.5208333333333333 0.66666666666666663 0.032182372112165819 -0.0017751386307750165 4.5631759958064178e-17 -0.032133377625258107
25 33 1.5208333333333333 0.6875 0.037901581304403582 0.026814342128749048 -2.5594597588835082e-17 -0.026786580998266828
25 34 1.5208333333333333 0.70833333333333326 0.049164916455437267 0.044042939701934063 2.5104604638636002e-17 -0.021849679001805188
25 35 1.5208333333333333 0.72916666666666663 0.059217487163327268 0.056498339372475101 -8.8651986021652614e-18 -0.017738332336819596
25 36 1.5208333333333333 0.75 0.071356191227955681 0.069994440624932958 3.4820149107351827e-19 -0.013873871419445778
25 37 1.5208333333333333 0.77083333333333326 0.082445333190752534 0.081850283908667054 1.956724014246017e-17 -0.0098875673957147005
25 38 1.5208333333333333 0.79166666666666663 0.085885948167133672 0.085652907510746348 -2.4103698907156333e-17 -0.0063226203051506913
25 39 1.5208333333333333 0.8125 0.082653408410326493 0.082576830477213592 1.9555798899891158e-17 -0.003557104184833224
25 40 1.5208333333333333 0.83333333333333326 0.07821301038237069 0.078202424593699929 -3.1114911642741648e-17 -0.0012867714402721836
25 41 1.5208333333333333 0.85416666666666663 0.070578508688266248 0.070574037729560835 -9.9505020435825313e-18 0.00079440997362677647
25 42 1.5208333333333333 0.875 0.054481765379976767 0.054434644827201069 -2.528731979863644e-17 0.0022654362615855128
25 43 1.5208333333333333 0.89583333333333326 0.031700425083361537 0.031552219014800147 -1.0371674831141245e-17 0.0030617683955356926
25 44 1.5208333333333333 0.91666666666666663 0.0079248803029101002 0.0070355644364303574 -2.3221254120182558e-17 0.0036475417579911107
25 45 1.5208333333333333 0.9375 0.015847423806773533 -0.015493367934340373 -1.0041768325819892e-17 0.0033311246393141767
25 46 1.5208333333333333 0.95833333333333326 0.032070461359452559 -0.031981409248652719 -1.4691968542496956e-17 0.0023882952661533293
25 47 1.5208333333333333 0.97916666666666663 0.041350558109354056 -0.041328286396873762 -1.1311768417773875e-17 0.0013569817438145765
25 48 1.5208333333333333 1 0.044483522624775965 -0.044483522624775965 -9.9244689966074632e-18 0
26 0 1.5416666666666667 0 0.042600903904425301 -0.042600903904425301 -6.2092139664328601e-18 0
26 1 1.5416666666666667 0.020833333333333332 0.039688505833837331 -0.039599840888137929 -7.3787721784732295e-18 -0.0026514330006054115
26 2 1.5416666666666667 0.041666666666666664 0.030989085313577056 -0.030621597214016548 -8.6141309932947344e-18 -0.0047582762251356494
26 3 1.5416666666666667 0.0625 0.016240433734428631 -0.014879108711744853 -1.3212563642548452e-17 -0.0065087488679811496
26 4 1.5416666666666667 0.083333333333333329 0.0099182301507344632 0.0070499068962254991 -1.6969692061046643e-17 -0.0069763960665583146
26 5 1.5416666666666667 0.10416666666666666 0.03182565239330426 0.031301038324163394 -6.6884504895319488e-18 -0.0057547502194871874
26 6 1.5416666666666667 0.125 0.053920446831140126 0.0537784751418975 -1.9582589927538301e-17 -0.0039102682621684533
26 7 1.5416666666666667 0.14583333333333331 0.069900251805829469 0.069895001248267266 -1.5310302276163467e-17 -0.00085673976392039095
26 8 1.5416666666666667 0.16666666666666666 0.077897951947423244 0.077826139904015504 -1.5191572469750938e-17 0.0033440791323869536
26 9 1.5416666666666667 0.1875 0.082022691435555364 0.081631477240673128 -1.4884614054957432e-17 0.008001489476203303
26 10 1.5416666666666667 0.20833333333333331 0.084819724130951485 0.083698338794468793 -5.2727632479896257e-18 0.013746769973234919
26 11 1.5416666666666667 0.22916666666666666 0.082547839407043258 0.079830671653656538 -5.0367222995863476e-17 0.021004991171078395
26 12 1.5416666666666667 0.25 0.07385513641656169 0.067958833836887528 -6.8639448829625813e-18 0.028916743914888621
26 13 1.5416666666666667 0.27083333333333331 0.064409751411757685 0.053018856110792996 -9.9633947716716372e-18 0.036573446291366218
26 14 1.5416666666666667 0.29166666666666663 0.058703352359502962 0.03812824520603493 -3.0984025416264789e-18 0.044635417503955721
26 15 1.5416666666666667 0.3125 0.057385431544464911 0.019081227193911365 2.3801937188655206e-17 0.05412018590432599
26 16 1.5416666666666667 0.33333333333333331 0.06495849190027389 -0.010098377281447418 4.323641803036483e-17 0.064168749763724511
26 17 1.5416666666666667 0.35416666666666663 0.088685028048105782 -0.053157303451383864 3.046884330523956e-17 0.070988275719803207
26 18 1.5416666666666667 0.375 0.12883466836717808 -0.10771329911070711 2.6770970727360372e-17 0.070683922980887964
26 19 1.5416666666666667 0.39583333333333331 0.17748305061767897 -0.16603788137806752 8.3428240443637676e-17 0.062702912245288692
26 20 1.5416666666666667 0.41666666666666663 0.22572878325703435 -0.2202010486379101 1.015537822136619e-16 0.049648582753850472
26 21 1.5416666666666667 0.4375 0.26669448935269957 -0.26435355836888569 1.1100688771763488e-16 0.035258287377655587
26 22 1.5416666666666667 0.45833333333333331 0.29674650557457971 -0.29592495939981739 1.6291397153174379e-16 0.022065968706143309
26 23 1.5416666666666667 0.47916666666666663 0.31467974018336414 -0.3145038624512298 1.6012102765514388e-16 0.010519476466417056
26 24 1.5416666666666667 0.5 0.32056548406749219 -0.32056548406749219 2.5148571356250719e-16 -1.215521369188377e-16
26 25 1.5416666666666667 0.52083333333333326 0.31467974018336398 -0.31450386245122963 1.5923531476384653e-16 -0.010519476466416933
26 26 1.5416666666666667 0.54166666666666663 0.29674650557457904 -0.29592495939981672 2.380782752274872e-16 -0.022065968706143201
26 27 1.5416666666666667 0.5625 0.26669448935269985 -0.26435355836888591 1.4765108412772358e-16 -0.035258287377655649
26 28 1.5416666666666667 0.58333333333333326 0.2257287832570348 -0.2202010486379106 1.4886682388901846e-16 -0.049648582753850402
26 29 1.5416666666666667 0.60416666666666663 0.17748305061767883 -0.16603788137806733 7.1208029930565732e-17 -0.062702912245288761
26 30 1.5416666666666667 0.625 0.12883466836717816 -0.10771329911070725 6.2047728378590833e-17 -0.070683922980887909
26 31 1.5416666666666667 0.64583333333333326 0.088685028048105935 -0.05315730345138401 4.9389064579167398e-17 -0.07098827571980329
26 32 1.5416666666666667 0.66666666666666663 0.064958491900274154 -0.010098377281447458 4.9058166433800369e-17 -0.064168749763724775
26 33 1.5416666666666667 0.6875 0.05738543154446487 0.01908122719391156 -1.0292755423281185e-17 -0.054120185904325879
26 34 1.5416666666666667 0.70833333333333326 0.05870335235950272 0.038128245206034445 1.1856566829481492e-17 -0.044635417503955811
26 35 1.5416666666666667 0.72916666666666663 0.064409751411757449 0.053018856110792607 -4.1270752959175857e-17 -0.036573446291366371
26 36 1.5416666666666667 0.75 0.073855136416561801 0.067958833836887639 -6.0479484788655607e-18 -0.028916743914888642
26 37 1.5416666666666667 0.77083333333333326 0.0825478394070433 0.079830671653656565 -2.8484054114514351e-17 -0.021004991171078458
26 38 1.5416666666666667 0.79166666666666663 0.084819724130951138 0.083698338794468446 -1.5341538699945275e-17 -0.013746769973234922
26 39 1.5416666666666667 0.8125 0.082022691435555614 0.081631477240673378 -3.2348103626367125e-17 -0.0080014894762034106
26 40 1.5416666666666667 0.83333333333333326 0.077897951947423244 0.077826139904015504 -2.2236283596536767e-17 -0.0033440791323869927
26 41 1.5416666666666667 0.85416666666666663 0.069900251805829441 0.069895001248267252 -2.0321443752380328e-17 0.00085673976392038227
26 42 1.5416666666666667 0.875 0.05392044683114023 0.053778475141897604 -2.2886941464623682e-17 0.0039102682621684629
26 43 1.5416666666666667 0.89583333333333326 0.031825652393304239 0.031301038324163373 -2.2231570855519828e-17 0.0057547502194871761
26 44 1.5416666666666667 0.91666666666666663 0.0099182301507345222 0.0070499068962255763 -1.4762461607146072e-17 0.0069763960665583206
26 45 1.5416666666666667 0.9375 0.016240433734428582 -0.014879108711744821 -1.4701992452602034e-17 0.006508748867981101
26 46 1.5416666666666667 0.95833333333333326 0.030989085313577077 -0.030621597214016572 -1.3897758065989523e-17 0.0047582762251356459
26 47 1.5416666666666667 0.97916666666666663 0.039688505833837318 -0.039599840888137915 -7.4062043298638156e-18 0.0026514330006053963
26 48 1.5416666666666667 1 0.042600903904425336 -0.042600903904425336 -1.6079711407093074e-17 0
27 0 1.5625 0 0.039449582955629107 -0.039449582955629107 -2.1906402788020813e-17 0
27 1 1.5625 0.020833333333333332 0.036917503410975425 -0.036701973478388668 -1.7018952619999109e-17 -0.0039833655231521154
27 2 1.5625 0.041666666666666664 0.029332716642667366 -0.02839721211559618 -3.0153173902958363e-17 -0.0073489189477672556
27 3 1.5625 0.0625 0.017000998794399758 -0.013746010918442375 -2.2462587012836928e-17 -0.010004056369155717
27 4 1.5625 0.083333333333333329 0.012842928743687384 0.0070666112797744271 -4.0705445943386764e-17 -0.010723983575891771
27 5 1.5625 0.10416666666666666 0.0320936070373464 0.030757425777434285 -3.727136996167318e-17 -0.0091640805437987836
27 6 1.5625 0.125 0.053137157581171636 0.052762739824310206 -4.4670930939764406e-17 -0.0062968882821927237
27 7 1.5625 0.14583333333333331 0.068791593477618526 0.068769310822839116 -5.4288669432261332e-17 -0.0017507775820106595
27 8 1.5625 0.16666666666666666 0.07718377877157119 0.077067387885253677 -5.0103246490487659e-17 0.0042371488058244363
27 9 1.5625 0.1875 0.08109149038681937 0.080343886232439141 -7.121623346702921e-17 0.010985889050254202
27 10 1.5625 0.20833333333333331 0.083419489487559464 0.081144433046353354 -4.2217751907766321e-17 0.019349217347244888
27 11 1.5625 0.22916666666666666 0.08250800695309822 0.076949368712372582 -4.4427585565787964e-17 0.029771897254623193
27 12 1.5625 0.25 0.076888720367131139 0.065059156512001032 -1.1704055656085926e-17 0.040977816848166045
27 13 1.5625 0.27083333333333331 0.071015141650547023 0.048420801576299084 -1.7349715135389568e-17 0.05194782303769746
27 14 1.5625 0.29166666666666663 0.070234337091575685 0.030217631351331761 8.7539374365706053e-18 0.063401552522064447
27 15 1.5625 0.3125 0.076810246789682485 0.0083013246027433107 -1.9049653130798522e-17 0.076360343253103688
27 16 1.5625 0.33333333333333331 0.092363653846247978 -0.021946557550248543 3.8375396667274321e-17 0.089718410393425652
27 17 1.5625 0.35416666666666663 0.11821574946367838 -0.064372976121914796 4.2499465869457084e-17 0.099151819783938222
27 18 1.5625 0.375 0.15447103105535628 -0.11777910172571718 6.9608654320284368e-17 0.099946899061391647
27 19 1.5625 0.39583333333333331 0.19713206445308568 -0.17491417481539409 1.0912907630550899e-16 0.09091799758125603
27 20 1.5625 0.41666666666666663 0.23992220730030298 -0.22799725019559527 1.6518561248899478e-16 0.074698858485901132
27 21 1.5625 0.4375 0.27658263860808668 -0.2709970223851858 1.2608066853669536e-16 0.055304338326885166
27 22 1.5625 0.45833333333333331 0.30357418172972073 -0.30145508576817087 1.5786589145639107e-16 0.035806634544093309
27 23 1.5625 0.47916666666666663 0.31976753236161537 -0.31928761041336112 2.1383893297500974e-16 0.017512755042039505
27 24 1.5625 0.5 0.32507713751454725 -0.32507713751454725 2.0784585179904347e-16 3.2947972797671688e-18
27 25 1.5625 0.52083333333333326 0.3197675323616157 -0.31928761041336146 1.3423600373460749e-16 -0.017512755042039301
27 26 1.5625 0.54166666666666663 0.30357418172972017 -0.30145508576817032 1.7141752634516728e-16 -0.035806634544093115
27 27 1.5625 0.5625 0.27658263860808696 -0.27099702238518608 2.0968725306410311e-16 -0.05530433832688525
27 28 1.5625 0.58333333333333326 0.23992220730030309 -0.22799725019559533 1.6563039512436303e-16 -0.07469885848590134
27 29 1.5625 0.60416666666666663 0.19713206445308537 -0.1749141748153937 1.076289320271352e-16 -0.090917997581256155
27 30 1.5625 0.625 0.15447103105535653 -0.11777910172571754 7.4559593563739559e-17 -0.099946899061391634
27 31 1.5625 0.64583333333333326 0.11821574946367858 -0.064372976121915032 9.3599004767629078e-17 -0.099151819783938305
27 32 1.5625 0.66666666666666663 0.092363653846248228 -0.021946557550248859 2.5604733864129275e-17 -0.089718410393425832
27 33 1.5625 0.6875 0.076810246789682526 0.0083013246027431164 2.0608360377480608e-17 -0.076360343253103743
27 34 1.5625 0.70833333333333326 0.070234337091575519 0.030217631351331646 3.5693294743698616e-17 -0.063401552522064308
27 35 1.5625 0.72916666666666663 0.071015141650546856 0.048420801576298828 -3.8254339091400444e-17 -0.051947823037697467
27 36 1.5625 0.75 0.076888720367131361 0.065059156512001254 -2.5183329026599786e-17 -0.040977816848166107
27 37 1.5625 0.77083333333333326 0.082508006953098317 0.076949368712372707 -2.138613412768603e-17 -0.029771897254623127
27 38 1.5625 0.79166666666666663 0.083419489487559284 0.081144433046353173 -3.4613730204126557e-17 -0.019349217347244867
27 39 1.5625 0.8125 0.08109149038681944 0.08034388623243921 -4.1317068777808582e-17 -0.010985889050254161
27 40 1.5625 0.83333333333333326 0.077183778771571121 0.077067387885253594 -5.4643782457874639e-17 -0.004237148805824458
27 41 1.5625 0.85416666666666663 0.068791593477618568 0.068769310822839144 -4.4381506590339456e-17 0.0017507775820106474
27 42 1.5625 0.875 0.05313715758117174 0.052762739824310317 -4.6061820943595123e-17 0.0062968882821926812
27 43 1.5625 0.89583333333333326 0.032093607037346428 0.030757425777434313 -3.0873484509261382e-17 0.009164080543798794
27 44 1.5625 0.91666666666666663 0.012842928743687402 0.0070666112797744575 -3.9882747270706335e-17 0.010723983575891771
27 45 1.5625 0.9375 0.017000998794399681 -0.013746010918442311 -2.7323041819239604e-17 0.010004056369155672
27 46 1.5625 0.95833333333333326 0.029332716642667372 -0.028397212115596183 -3.2041129648036234e-17 0.0073489189477672625
27 47 1.5625 0.97916666666666663 0.03691750341097539 -0.036701973478388633 -1.805155149743821e-17 0.0039833655231521015
27 48 1.5625 1 0.039449582955629121 -0.039449582955629121 -2.7670015457979524e-17 0
28 0 1.5833333333333333 0 0.035055923752447621 -0.035055923752447621 -1.2874623716884169e-17 0
28 1 1.5833333333333333 0.020833333333333332 0.033070984940325496 -0.032627551397712062 -2.0224052099523452e-17 -0.005397493373121739
28 2 1.5833333333333333 0.041666666666666664 0.027275956827498175 -0.025299364313383539 -1.8392471319075536e-17 -0.010194115272756125
28 3 1.5833333333333333 0.0625 0.018404015232520662 -0.012031724690525466 -2.2780986957251237e-17 -0.013926427311060524
28 4 1.5833333333333333 0.083333333333333329 0.016744674566877119 0.0072195308941085589 -3.1421397869849253e-17 -0.015108358614344362
28 5 1.5833333333333333 0.10416666666666666 0.032798701685734982 0.029882246045385748 -2.7086820837190252e-17 -0.013520584438287514
28 6 1.5833333333333333 0.125 0.052403080914804751 0.051489745627825434 -3.523914428351076e-17 -0.0097410977074150057
28 7 1.5833333333333333 0.14583333333333331 0.067453578947053103 0.067343853343662344 -5.7102488976424319e-17 -0.0038458717599035921
28 8 1.5833333333333333 0.16666666666666666 0.075955110747635557 0.075868584761590085 -3.4506759560911087e-17 0.0036244578848434374
28 9 1.5833333333333333 0.1875 0.07971964082187194 0.078776321743688593 -6.4509392701184859e-17 0.012227520815894257
28 10 1.5833333333333333 0.20833333333333331 0.081635181552481881 0.078388062324491831 -4.3255613942140509e-17 0.022795055431348757
28 11 1.5833333333333333 0.22916666666666666 0.081666379106891368 0.073486071251179202 -6.575911913494252e-17 0.035625760462018451
28 12 1.5833333333333333 0.25 0.078885519913788685 0.061622484456600207 -2.2747588974432061e-17 0.049250326511250844
28 13 1.5833333333333333 0.27083333333333331 0.076549906001207702 0.043905306366907718 -5.7981038403263824e-17 0.062707353489217743
28 14 1.5833333333333333 0.29166666666666663 0.080033265707138854 0.022799567472203477 1.5487135933400827e-17 0.076717034241620213
28 15 1.5833333333333333 0.3125 0.09197116101020758 -0.0024365881707359097 -7.3640953742315484e-17 0.091938879129842332
28 16 1.5833333333333333 0.33333333333333331 0.1124481253301992 -0.034162436659328006 5.193815520026429e-17 0.10713313591869505
28 17 1.5833333333333333 0.35416666666666663 0.14032153624998206 -0.075432117757815068 4.507470046402133e-17 0.11832214140272372
28 18 1.5833333333333333 0.375 0.17479985498765835 -0.12619134608954755 1.0414629507041347e-16 0.12095756890668075
28 19 1.5833333333333333 0.39583333333333331 0.21329851227801944 -0.18067591295937815 1.2302458345499705e-16 0.11336873385687792
28 20 1.5833333333333333 0.41666666666666663 0.25113838421329865 -0.23164716141501679 1.2267593998861269e-16 0.097005570116522499
28 21 1.5833333333333333 0.4375 0.28347776378471773 -0.27333585561125723 1.4956008662304112e-16 0.075147538866194227
28 22 1.5833333333333333 0.45833333333333331 0.30712663612802055 -0.30291680895338002 1.9075833887429191e-16 0.050677188880353372
28 23 1.5833333333333333 0.47916666666666663 0.32118743503947911 -0.32018082472045256 1.7172117627674302e-16 0.025408815568035592
28 24 1.5833333333333333 0.5 0.32581547937396227 -0.32581547937396227 2.4435493814952669e-16 6.892667816907314e-17
28 25 1.5833333333333333 0.52083333333333326 0.32118743503947905 -0.32018082472045251 1.9162748382164465e-16 -0.025408815568035596
28 26 1.5833333333333333 0.54166666666666663 0.30712663612802044 -0.30291680895337991 2.2330511312885296e-16 -0.05067718888035317
28 27 1.5833333333333333 0.5625 0.28347776378471801 -0.27333585561125745 1.7611248716890237e-16 -0.075147538866194422
28 28 1.5833333333333333 0.58333333333333326 0.25113838421329865 -0.23164716141501682 1.5944118436974739e-16 -0.097005570116522527
28 29 1.5833333333333333 0.60416666666666663 0.21329851227801924 -0.18067591295937804 6.4714369344386068e-17 -0.11336873385687775
28 30 1.5833333333333333 0.625 0.17479985498765829 -0.12619134608954766 8.936422938288426e-17 -0.12095756890668054
28 31 1.5833333333333333 0.64583333333333326 0.14032153624998206 -0.075432117757815123 6.7709954623578456e-17 -0.11832214140272368
28 32 1.5833333333333333 0.66666666666666663 0.11244812533019906 -0.034162436659327992 8.6393897164924001e-18 -0.10713313591869492
28 33 1.5833333333333333 0.6875 0.091971161010207747 -0.0024365881707361821 -5.7925581650968331e-18 -0.091938879129842485
28 34 1.5833333333333333 0.70833333333333326 0.080033265707138881 0.022799567472203301 -2.6051755170975827e-17 -0.076717034241620297
28 35 1.5833333333333333 0.72916666666666663 0.076549906001207507 0.043905306366907461 1.3885707144366634e-17 -0.062707353489217674
28 36 1.5833333333333333 0.75 0.078885519913788907 0.061622484456600436 -5.5339947647995655e-17 -0.0492503265112509
28 37 1.5833333333333333 0.77083333333333326 0.081666379106891396 0.073486071251179286 -3.9708105734661155e-17 -0.035625760462018326
28 38 1.5833333333333333 0.79166666666666663 0.081635181552481839 0.078388062324491789 -6.2258073369807059e-17 -0.022795055431348736
28 39 1.5833333333333333 0.8125 0.079719640821872231 0.078776321743688871 -4.497515536517929e-17 -0.012227520815894359
28 40 1.5833333333333333 0.83333333333333326 0.075955110747635557 0.075868584761590085 -5.0748443986773318e-17 -0.003624457884843375
28 41 1.5833333333333333 0.85416666666666663 0.067453578947053047 0.067343853343662288 -4.5665574499443985e-17 0.0038458717599036052
28 42 1.5833333333333333 0.875 0.052403080914804868 0.051489745627825566 -4.6703892211607504e-17 0.0097410977074149294
28 43 1.5833333333333333 0.89583333333333326 0.032798701685735045 0.029882246045385783 -3.7373827277366633e-17 0.013520584438287591
28 44 1.5833333333333333 0.91666666666666663 0.016744674566877088 0.0072195308941085841 -3.6513421817170161e-17 0.015108358614344314
28 45 1.5833333333333333 0.9375 0.018404015232520634 -0.01203172469052546 -3.1837442061344139e-17 0.013926427311060492
28 46 1.5833333333333333 0.95833333333333326 0.02727595682749814 -0.025299364313383508 -2.7247710029033534e-17 0.010194115272756115
28 47 1.5833333333333333 0.97916666666666663 0.033070984940325496 -0.032627551397712069 -2.2273080717200494e-17 0.0053974933731216956
28 48 1.5833333333333333 1 0.035055923752447621 -0.035055923752447621 -2.1329627723396058e-17 0
29 0 1.6041666666666667 0 0.029470608100913977 -0.029470608100913977 -2.7246660966326721e-17 0
29 1 1.6041666666666667 0.020833333333333332 0.028273740924344266 -0.027414151075876032 -2.6785790036027465e-17 -0.0069187243510624736
29 2 1.6041666666666667 0.041666666666666664 0.025099955707921277 -0.021290783045942376 -3.484974426545319e-17 -0.013293243916750446
29 3 1.6041666666666667 0.0625 0.020695987188115623 -0.0097024537134989715 -4.0844144480778107e-17 -0.018280762501275926
29 4 1.6041666666666667 0.083333333333333329 0.021670242927426257 0.0076291809007255178 -5.6210115169799188e-17 -0.020282875223145085
29 5 1.6041666666666667 0.10416666666666666 0.034424217730274528 0.028765344237709704 -6.2862814264769851e-17 -0.01890983176094933
29 6 1.6041666666666667 0.125 0.051988560466355652 0.049935840776058206 -6.3255014413830312e-17 -0.01446451607735565
29 7 1.6041666666666667 0.14583333333333331 0.066269517515564647 0.065844062776011167 -7.2810991267821034e-17 -0.0074972227454191392
29 8 1.6041666666666667 0.16666666666666666 0.074557728653719083 0.074549586486605382 -7.1025249484603111e-17 0.0011018424015020495
29 9 1.6041666666666667 0.1875 0.078152891464365867 0.077352411402174345 -8.8753852517006014e-17 0.011157011002491625
29 10 1.6041666666666667 0.20833333333333331 0.079722995792246135 0.076195709299828385 -1.0029694182567274e-16 0.023451437959889371
29 11 1.6041666666666667 0.22916666666666666 0.079966727639516885 0.07033833619054311 -8.4504048467253507e-17 0.038042029274459169
29 12 1.6041666666666667 0.25 0.078974192864773973 0.058110934197006657 -8.8341910581034734e-17 0.053479364855929981
29 13 1.6041666666666667 0.27083333333333331 0.079507430574395493 0.039858099632452904 -5.8131896719969319e-17 0.068795082747473868
29 14 1.6041666666666667 0.29166666666666663 0.086155660935736456 0.017064853745887433 -5.7901493310743097e-17 0.084448734021920394
29 15 1.6041666666666667 0.3125 0.10126245649074628 -0.010794559371245262 2.9367934424511014e-18 0.1006854636107961
29 16 1.6041666666666667 0.33333333333333331 0.1244790817557086 -0.044188931109447646 -7.4071129637968146e-17 0.11637173265939145
29 17 1.6041666666666667 0.35416666666666663 0.15358991978641615 -0.084234459000402065 3.9522446403288477e-17 0.12843060140366597
29 18 1.6041666666666667 0.375 0.1867519563598124 -0.13122849445186804 -1.5698431694762669e-17 0.13287353178159036
29 19 1.6041666666666667 0.39583333333333331 0.222108477680073 -0.18156682341172309 1.5859000644318003e-16 0.12792835687812004
29 20 1.6041666666666667 0.41666666666666663 0.25620826330014207 -0.22959641785074528 9.5120557111074974e-17 0.11370206283696402
29 21 1.6041666666666667 0.4375 0.28507148326633686 -0.26991696398432469 1.94626832503962e-16 0.091709231406408243
29 22 1.6041666666666667 0.45833333333333331 0.30618200236302057 -0.29939390740967742 1.4975027390311092e-16 0.064114793745236598
29 23 1.6041666666666667 0.47916666666666663 0.31867467006762812 -0.31696584548497425 2.0285216072509017e-16 0.032957520214771496
29 24 1.6041666666666667 0.5 0.32271193287066269 -0.32271193287066269 1.8101435055875983e-16 2.2819267588469131e-18
29 25 1.6041666666666667 0.52083333333333326 0.3186746700676284 -0.31696584548497453 1.3560981788803275e-16 -0.032957520214771364
29 26 1.6041666666666667 0.54166666666666663 0.30618200236302051 -0.29939390740967742 1.202128817712946e-16 -0.064114793745236404
29 27 1.6041666666666667 0.5625 0.28507148326633641 -0.26991696398432424 1.9241083963391943e-16 -0.091709231406408173
29 28 1.6041666666666667 0.58333333333333326 0.25620826330014262 -0.22959641785074594 1.0863570580278112e-16 -0.11370206283696388
29 29 1.6041666666666667 0.60416666666666663 0.22210847768007275 -0.18156682341172289 1.5077660888291394e-16 -0.12792835687811988
29 30 1.6041666666666667 0.625 0.18675195635981248 -0.13122849445186804 1.1906231277364675e-17 -0.1328735317815905
29 31 1.6041666666666667 0.64583333333333326 0.15358991978641628 -0.084234459000402051 2.5163224488124201e-17 -0.12843060140366616
29 32 1.6041666666666667 0.66666666666666663 0.12447908175570875 -0.044188931109447604 -1.4081567151332968e-17 -0.11637173265939163
29 33 1.6041666666666667 0.6875 0.10126245649074603 -0.010794559371245344 -4.0797078725241989e-17 -0.10068546361079583
29 34 1.6041666666666667 0.70833333333333326 0.086155660935736747 0.017064853745887416 -3.6635672383007119e-17 -0.084448734021920699
29 35 1.6041666666666667 0.72916666666666663 0.079507430574395382 0.03985809963245282 -7.4717062310131542e-17 -0.068795082747473799
29 36 1.6041666666666667 0.75 0.078974192864774154 0.058110934197006851 -6.5098185237575267e-17 -0.053479364855930044
29 37 1.6041666666666667 0.77083333333333326 0.079966727639516788 0.070338336190543013 -1.0928970912892736e-16 -0.038042029274459127
29 38 1.6041666666666667 0.79166666666666663 0.079722995792245996 0.076195709299828232 -5.7462753302408493e-17 -0.023451437959889406
29 39 1.6041666666666667 0.8125 0.078152891464365881 0.077352411402174359 -8.5670669364078428e-17 -0.011157011002491694
29 40 1.6041666666666667 0.83333333333333326 0.074557728653719041 0.07454958648660534 -6.0046926135213548e-17 -0.0011018424015022288
29 41 1.6041666666666667 0.85416666666666663 0.066269517515564605 0.065844062776011153 -5.5693803890036139e-17 0.0074972227454189388
29 42 1.6041666666666667 0.875 0.051988560466355728 0.049935840776058303 -6.2993115191707826e-17 0.014464516077355586
29 43 1.6041666666666667 0.89583333333333326 0.034424217730274556 0.028765344237709749 -6.20092568739258e-17 0.018909831760949316
29 44 1.6041666666666667 0.91666666666666663 0.021670242927426274 0.0076291809007255447 -5.4073260957084034e-17 0.020282875223145092
29 45 1.6041666666666667 0.9375 0.020695987188115557 -0.0097024537134989333 -4.7588327539947946e-17 0.018280762501275871
29 46 1.6041666666666667 0.95833333333333326 0.025099955707921302 -0.021290783045942389 -3.9738326456849097e-17 0.013293243916750467
29 47 1.6041666666666667 0.97916666666666663 0.028273740924344249 -0.027414151075876018 -3.1098892523432033e-17 0.0069187243510624476
29 48 1.6041666666666667 1 0.029470608100913995 -0.029470608100913995 -3.061234848345984e-17 0
30 0 1.625 0 0.02276947764028163 -0.02276947764028163 -2.235247440470742e-17 0
30 1 1.625 0.020833333333333332 0.022817481292960205 -0.021157102571505503 -2.5305199645776558e-17 -0.0085448501059634859
30 2 1.625 0.041666666666666664 0.023296426938597729 -0.016331084821550081 -2.1321443225693213e-17 -0.016613824865357119
30 3 1.625 0.0625 0.02400311090612834 -0.0067029432043896236 -3.4778514233977571e-17 -0.023048207860278946
30 4 1.625 0.083333333333333329 0.027559663410156976 0.0083840819651602432 -3.6558102280674043e-17 -0.026253422955542768
30 5 1.625 0.10416666666666666 0.037502694251667752 0.027623273793443398 -4.6211685652505751e-17 -0.025365465126161921
30 6 1.625 0.125 0.052196526434170366 0.047990100375301346 -5.7126027842614165e-17 -0.020528702778342997
30 7 1.625 0.14583333333333331 0.06540365370557942 0.064162406878255737 -5.3117357148367854e-17 -0.012681619046025392
30 8 1.625 0.16666666666666666 0.073263891517585472 0.073194855557517341 -6.5577113038989743e-17 -0.0031797673208438459
30 9 1.625 0.1875 0.076495576914362998 0.076085910259102676 -6.0979752878383569e-17 0.0079061714821397257
30 10 1.625 0.20833333333333331 0.077762308436328031 0.074788689534872915 -8.1199450926053129e-17 0.021298557016920273
30 11 1.625 0.22916666666666666 0.077836758749113222 0.068608666718799977 -7.9765333289547672e-17 0.036761554151535571
30 12 1.625 0.25 0.077301572976655991 0.056143065037570293 -9.9388609138980487e-17 0.053136516943175949
30 13 1.625 0.27083333333333331 0.079276841001220386 0.037672233718816436 -6.8935765138615375e-17 0.069753998636405398
30 14 1.625 0.29166666666666663 0.087737200182696901 0.014253006510105592 -6.5684882969094779e-17 0.086571751173933856
30 15 1.625 0.3125 0.10408910768425633 -0.014871960533950594 -2.5869732099474402e-17 0.10302119747110944
30 16 1.625 0.33333333333333331 0.12811129690221981 -0.049456237733542588 -1.5074228797636697e-17 0.11818030691791265
30 17 1.625 0.35416666666666663 0.15754449097884801 -0.088825231734974891 8.9400520940820439e-18 0.1301166585991676
30 18 1.625 0.375 0.18971134212790913 -0.13248969931977206 5.0979623712971927e-17 0.13578244697356495
30 19 1.625 0.39583333333333331 0.22249848189921498 -0.17826702893109508 4.6553108242608044e-17 0.13314068064846071
30 20 1.625 0.41666666666666663 0.25383287523084402 -0.22282688759512798 9.6634016202685327e-17 0.12157017196921878
30 21 1.625 0.4375 0.28056993635846239 -0.26174873312882152 1.204746673730842e-16 0.10103014349019115
30 22 1.625 0.45833333333333331 0.30042134269532811 -0.29156133253400635 1.3163477125671667e-16 0.072422182498585036
30 23 1.625 0.47916666666666663 0.3124317677682622 -0.31012493956893122 1.0923618805094319e-16 0.037896323940034782
30 24 1.625 0.5 0.31636371459281298 -0.31636371459281298 1.5576160678516149e-16 3.1655273603787367e-18
30 25 1.625 0.52083333333333326 0.31243176776826231 -0.31012493956893139 1.1487041184075681e-16 -0.037896323940034789
30 26 1.625 0.54166666666666663 0.30042134269532761 -0.29156133253400585 1.7399844019989102e-16 -0.072422182498584925
30 27 1.625 0.5625 0.28056993635846222 -0.26174873312882141 1.4217237036511699e-16 -0.10103014349019088
30 28 1.625 0.58333333333333326 0.25383287523084397 -0.22282688759512798 1.7651500455693447e-16 -0.12157017196921875
30 29 1.625 0.60416666666666663 0.22249848189921506 -0.17826702893109506 4.3610501619792124e-17 -0.13314068064846088
30 30 1.625 0.625 0.18971134212790905 -0.13248969931977192 1.0532214761434695e-16 -0.13578244697356501
30 31 1.625 0.64583333333333326 0.15754449097884821 -0.088825231734975335 4.9165429970083913e-17 -0.13011665859916752
30 32 1.625 0.66666666666666663 0.1281112969022199 -0.049456237733542734 1.9948723386969445e-17 -0.11818030691791268
30 33 1.625 0.6875 0.1040891076842563 -0.014871960533950509 -1.7559067384144736e-17 -0.10302119747110942
30 34 1.625 0.70833333333333326 0.087737200182696873 0.014253006510105255 -4.1793691511041048e-17 -0.08657175117393387
30 35 1.625 0.72916666666666663 0.079276841001220386 0.037672233718816159 -5.9088149203917815e-17 -0.069753998636405551
30 36 1.625 0.75 0.077301572976656019 0.056143065037570265 -7.9142770995293672e-17 -0.053136516943176018
30 37 1.625 0.77083333333333326 0.077836758749113305 0.068608666718800074 -6.4283784104162348e-17 -0.036761554151535564
30 38 1.625 0.79166666666666663 0.077762308436328004 0.074788689534872888 -1.0241153130667458e-16 -0.021298557016920246
30 39 1.625 0.8125 0.076495576914363123 0.076085910259102787 -7.3556041006527675e-17 -0.0079061714821398298
30 40 1.625 0.83333333333333326 0.073263891517585458 0.073194855557517313 -8.4119447323536352e-17 0.0031797673208437808
30 41 1.625 0.85416666666666663 0.065403653705579462 0.064162406878255793 -8.5005117173368559e-17 0.012681619046025331
30 42 1.625 0.875 0.052196526434170401 0.04799010037530145 -7.4122566571625965e-17 0.020528702778342848
30 43 1.625 0.89583333333333326 0.037502694251667815 0.02762327379344344 -5.2399615508410161e-17 0.02536546512616197
30 44 1.625 0.91666666666666663 0.027559663410156914 0.0083840819651602953 -5.0652544113942981e-17 0.026253422955542685
30 45 1.625 0.9375 0.024003110906128292 -0.0067029432043896157 -3.5272507170643678e-17 0.023048207860278898
30 46 1.625 0.95833333333333326 0.023296426938597747 -0.016331084821550084 -3.0521797453232256e-17 0.016613824865357139
30 47 1.625 0.97916666666666663 0.022817481292960233 -0.021157102571505538 -2.2998510264110201e-17 0.0085448501059634686
30 48 1.625 1 0.022769477640281637 -0.022769477640281637 -2.3747489595466701e-17 0
31 0 1.6458333333333333 0 0.01508872740710449 -0.01508872740710449 -2.9966634857647614e-17 0
31 1 1.6458333333333333 0.020833333333333332 0.017350480065833007 -0.014009039578753135 -3.5341790298542644e-17 -0.010236501775303743
31 2 1.6458333333333333 0.041666666666666664 0.022640143720005744 -0.010459960710713034 -3.662769668148159e-17 -0.020078977304455903
31 3 1.6458333333333333 0.0625 0.02829001226353161 -0.0029640465868652102 -4.8996320663289273e-17 -0.028134306845942758
31 4 1.6458333333333333 0.083333333333333329 0.034226623723029877 0.0095847255018288186 -6.287425555627727e-17 -0.03285718808012128
31 5 1.6458333333333333 0.10416666666666666 0.042354136585313409 0.026710262833569382 -5.4504597046457225e-17 -0.032869967223120647
31 6 1.6458333333333333 0.125 0.053734384116170687 0.045845524917247124 -7.0609211345051067e-17 -0.028028055255515851
31 7 1.6458333333333333 0.14583333333333331 0.065344557565311767 0.062327632625782656 -7.5662746416024459e-17 -0.019625937294096719
31 8 1.6458333333333333 0.16666666666666666 0.072700879716057099 0.072093868895579005 -8.5940638762883448e-17 -0.0093750722213574809
31 9 1.6458333333333333 0.1875 0.075240704580927825 0.075199617142615208 -1.1769673157136716e-16 0.0024862034185776714
31 10 1.6458333333333333 0.20833333333333331 0.075663459077038489 0.073808036288311313 -1.1023959002580414e-16 0.016653312546337371
31 11 1.6458333333333333 0.22916666666666666 0.075355750384832457 0.067926687067877828 -1.4245190890888576e-16 0.032625975848145548
31 12 1.6458333333333333 0.25 0.074421991199400475 0.055865592226688209 -1.0476124806226945e-16 0.049169791328060715
31 13 1.6458333333333333 0.27083333333333331 0.0760641300068019 0.03782302457227283 -1.5455733084037387e-16 0.06599371701834128
31 14 1.6458333333333333 0.29166666666666663 0.08454836886572778 0.014833908749292924 -1.0479370865342274e-16 0.083236901846914138
31 15 1.6458333333333333 0.3125 0.10051411633404393 -0.013946509201706458 -1.1332586255822623e-16 0.099541862869349768
31 16 1.6458333333333333 0.33333333333333331 0.12357171379044861 -0.048470452251540702 -5.4388708080386988e-17 0.11366874551801678
31 17 1.6458333333333333 0.35416666666666663 0.15193426231501486 -0.086953683527942041 1.2256045499490338e-17 0.1245916409159549
31 18 1.6458333333333333 0.375 0.18288418624895356 -0.12834884626271315 -1.7416580680948336e-17 0.1302812313534546
31 19 1.6458333333333333 0.39583333333333331 0.21370293153969638 -0.17046594099073487 5.2273743499966118e-17 0.12888097575206148
31 20 1.6458333333333333 0.41666666666666663 0.24260255896007096 -0.21132334987151577 -1.4502198476036589e-17 0.11915722140540054
31 21 1.6458333333333333 0.4375 0.26774232080533461 -0.24817120522438479 1.3983841400694697e-16 0.1004838457051829
31 22 1.6458333333333333 0.45833333333333331 0.28694436428635212 -0.27750803074727598 9.4522045598104633e-17 0.072981922874556265
31 23 1.6458333333333333 0.47916666666666663 0.29900556898919917 -0.29651677530716675 1.3580122316710916e-16 0.038498470722795476
31 24 1.6458333333333333 0.5 0.30307363245143459 -0.30307363245143459 1.1807524537236474e-16 2.0732831627322815e-16
31 25 1.6458333333333333 0.52083333333333326 0.29900556898919939 -0.29651677530716691 1.3200346426951553e-16 -0.038498470722795587
31 26 1.6458333333333333 0.54166666666666663 0.28694436428635195 -0.27750803074727587 1.1299854335415453e-16 -0.072981922874556085
31 27 1.6458333333333333 0.5625 0.26774232080533433 -0.24817120522438457 1.4094076160038015e-16 -0.10048384570518272
31 28 1.6458333333333333 0.58333333333333326 0.24260255896007143 -0.21132334987151632 9.3793986368758795e-17 -0.11915722140540051
31 29 1.6458333333333333 0.60416666666666663 0.21370293153969611 -0.17046594099073462 4.6206068013257898e-17 -0.12888097575206134
31 30 1.6458333333333333 0.625 0.18288418624895331 -0.12834884626271284 -1.0616385693241223e-17 -0.13028123135345451
31 31 1.6458333333333333 0.64583333333333326 0.15193426231501461 -0.086953683527941902 -3.536760636471515e-17 -0.1245916409159547
31 32 1.6458333333333333 0.66666666666666663 0.12357171379044896 -0.048470452251541001 -6.6614185960206816e-17 -0.11366874551801703
31 33 1.6458333333333333 0.6875 0.10051411633404385 -0.013946509201706394 -9.2105550107850013e-17 -0.099541862869349684
31 34 1.6458333333333333 0.70833333333333326 0.084548368865727697 0.014833908749292897 -7.5762726423584676e-17 -0.083236901846914055
31 35 1.6458333333333333 0.72916666666666663 0.076064130006801789 0.037823024572272351 -1.0987394656719142e-16 -0.065993717018341419
31 36 1.6458333333333333 0.75 0.074421991199400336 0.055865592226688104 -1.0473312027681402e-16 -0.049169791328060632
31 37 1.6458333333333333 0.77083333333333326 0.075355750384832318 0.067926687067877661 -1.1417534303004382e-16 -0.032625975848145562
31 38 1.6458333333333333 0.79166666666666663 0.075663459077038267 0.073808036288311091 -1.0550662379400432e-16 -0.016653312546337357
31 39 1.6458333333333333 0.8125 0.075240704580928019 0.075199617142615388 -1.1246766611944925e-16 -0.0024862034185777647
31 40 1.6458333333333333 0.83333333333333326 0.072700879716057112 0.072093868895579019 -8.7687774494968063e-17 0.0093750722213574063
31 41 1.6458333333333333 0.85416666666666663 0.065344557565311726 0.062327632625782614 -7.8146823144192385e-17 0.019625937294096705
31 42 1.6458333333333333 0.875 0.053734384116170653 0.045845524917247145 -8.7860147664090794e-17 0.028028055255515754
31 43 1.6458333333333333 0.89583333333333326 0.042354136585313396 0.026710262833569372 -8.0072675551104883e-17 0.03286996722312064
31 44 1.6458333333333333 0.91666666666666663 0.034226623723029877 0.0095847255018288672 -6.2275312416048157e-17 0.032857188080121266
31 45 1.6458333333333333 0.9375 0.028290012263531592 -0.0029640465868651746 -5.4074030941224032e-17 0.028134306845942744
31 46 1.6458333333333333 0.95833333333333326 0.022640143720005723 -0.010459960710713034 -3.8280770902412539e-17 0.020078977304455878
31 47 1.6458333333333333 0.97916666666666663 0.01735048006583299 -0.014009039578753119 -3.5702417130124059e-17 0.010236501775303738
31 48 1.6458333333333333 1 0.015088727407104494 -0.015088727407104494 -2.6689794767027399e-17 0
32 0 1.6666666666666665 0 0.0066919676472913933 -0.0066919676472913933 -2.360239818711917e-17 0
32 1 1.6666666666666665 0.020833333333333332 0.013449736822203563 -0.0061314254504881765 -2.3652869123914135e-17 -0.011970841346022604
32 2 1.6666666666666665 0.041666666666666664 0.023877014807280557 -0.003833204407288435 -2.7150656415037088e-17 -0.02356731592861265
32 3 1.6666666666666665 0.0625 0.033429255957247377 0.0015475622991054784 -3.6981634328247518e-17 -0.033393415590285858
32 4 1.6666666666666665 0.083333333333333329 0.041377302328286507 0.011363660444528276 -3.5439096002316977e-17 -0.039786283682544256
32 5 1.6666666666666665 0.10416666666666666 0.048658049611615788 0.026077455644798173 -6.2935897912047891e-17 -0.041080069365813481
32 6 1.6666666666666665 0.125 0.057009700895020471 0.043649989803724316 -6.627502770526757e-17 -0.036671301944087846
32 7 1.6666666666666665 0.14583333333333331 0.066403407549998267 0.060183859303542954 -7.582874989026646e-17 -0.028059144918947797
32 8 1.6666666666666665 0.16666666666666666 0.073305609622635409 0.071239258165104985 -1.080259335160371e-16 -0.017282375364276174
32 9 1.6666666666666665 0.1875 0.075452399170635717 0.075277827328139479 -8.0362933579598738e-17 -0.0051296445646621096
32 10 1.6666666666666665 0.20833333333333331 0.074610146750441211 0.074040016242522252 -1.0092597505001621e-16 0.0092059759357394529
32 11 1.6666666666666665 0.22916666666666666 0.073194703262730032 0.068606699602110868 -9.694270114090284e-17 0.02550657474897056
32 12 1.6666666666666665 0.25 0.071292455434160643 0.057432382448379712 -9.8333711217308714e-17 0.042239029914698877
32 13 1.6666666666666665 0.27083333333333331 0.071127279190160111 0.04009395438130875 -1.0130776999732902e-16 0.058750018443099378
32 14 1.6666666666666665 0.29166666666666663 0.077688164701561674 0.018111227641301356 -1.3111882189466462e-16 0.075547563614069876
32 15 1.6666666666666665 0.3125 0.091809375198600995 -0.0089686628856463328 -9.1617582772887018e-17 0.091370260262303743
32 16 1.6666666666666665 0.33333333333333331 0.11242036320153365 -0.041984058836390406 -6.4137044314307157e-17 0.10428651334658402
32 17 1.6666666666666665 0.35416666666666663 0.13842862659200528 -0.07884584475279291 -3.864894815815903e-17 0.11377968810542288
32 18 1.6666666666666665 0.375 0.16715035472277889 -0.11793373261654423 -3.4921909052245514e-17 0.11845199785178917
32 19 1.6666666666666665 0.39583333333333331 0.19597296725727209 -0.1572636290302174 -3.9569081430690446e-17 0.1169339765845069
32 20 1.6666666666666665 0.41666666666666663 0.22256279005886281 -0.19454704514323345 1.7208618104365953e-17 0.10810015145605545
32 21 1.6666666666666665 0.4375 0.24550763537620798 -0.2279434792855744 3.984363252219821e-17 0.091190839886492958
32 22 1.6666666666666665 0.45833333333333331 0.26332472196522527 -0.25484698915100129 3.7074369648371698e-17 0.066279116761862572
32 23 1.6666666666666665 0.47916666666666663 0.27470566786073625 -0.27246821358104684 6.5398540565978898e-17 0.03498966337028963
32 24 1.6666666666666665 0.5 0.27862148915892221 -0.27862148915892221 3.0534227735612264e-17 2.5659289944773628e-17
32 25 1.6666666666666665 0.52083333333333326 0.27470566786073658 -0.27246821358104717 -1.3023257174466085e-17 -0.034989663370289373
32 26 1.6666666666666665 0.54166666666666663 0.26332472196522511 -0.25484698915100118 3.4208131201068378e-17 -0.066279116761862503
32 27 1.6666666666666665 0.5625 0.24550763537620782 -0.22794347928557435 -7.9106053006231513e-18 -0.091190839886492667
32 28 1.6666666666666665 0.58333333333333326 0.22256279005886331 -0.19454704514323407 2.7488931742092097e-17 -0.10810015145605539
32 29 1.6666666666666665 0.60416666666666663 0.19597296725727212 -0.15726362903021732 -5.517246099263146e-17 -0.11693397658450701
32 30 1.6666666666666665 0.625 0.16715035472277875 -0.11793373261654402 -1.5645782089203587e-17 -0.11845199785178917
32 31 1.6666666666666665 0.64583333333333326 0.13842862659200528 -0.07884584475279291 -5.9683082358688464e-17 -0.1137796881054229
32 32 1.6666666666666665 0.66666666666666663 0.11242036320153387 -0.0419840588363906 -1.0318935030246815e-16 -0.10428651334658419
32 33 1.6666666666666665 0.6875 0.091809375198601342 -0.0089686628856465913 -5.4005645405873364e-17 -0.091370260262304062
32 34 1.6666666666666665 0.70833333333333326 0.077688164701561688 0.018111227641301145 -8.8763238471288289e-17 -0.075547563614069946
32 35 1.6666666666666665 0.72916666666666663 0.071127279190160167 0.040093954381308493 -6.1521847376437844e-17 -0.058750018443099621
32 36 1.6666666666666665 0.75 0.071292455434160906 0.057432382448379941 -1.3408612774665068e-16 -0.042239029914699022
32 37 1.6666666666666665 0.77083333333333326 0.073194703262730143 0.068606699602110993 -1.0128090211158739e-16 -0.02550657474897056
32 38 1.6666666666666665 0.79166666666666663 0.074610146750441392 0.074040016242522419 -1.3039817955415361e-16 -0.0092059759357396714
32 39 1.6666666666666665 0.8125 0.075452399170635773 0.075277827328139535 -1.041779903405466e-16 0.0051296445646620819
32 40 1.6666666666666665 0.83333333333333326 0.073305609622635326 0.071239258165104874 -1.087644240557091e-16 0.017282375364276275
32 41 1.6666666666666665 0.85416666666666663 0.066403407549998295 0.060183859303542968 -9.9274713099163756e-17 0.028059144918947804
32 42 1.6666666666666665 0.875 0.057009700895020526 0.043649989803724414 -7.0149790233144603e-17 0.036671301944087818
32 43 1.6666666666666665 0.89583333333333326 0.048658049611615795 0.026077455644798183 -5.2237375725907362e-17 0.041080069365813481
32 44 1.6666666666666665 0.91666666666666663 0.041377302328286431 0.011363660444528302 -4.7394797838857572e-17 0.039786283682544173
32 45 1.6666666666666665 0.9375 0.033429255957247349 0.0015475622991054658 -4.5291150140002844e-17 0.03339341559028583
32 46 1.6666666666666665 0.95833333333333326 0.023877014807280578 -0.0038332044072884285 -3.292613121999761e-17 0.023567315928612671
32 47 1.6666666666666665 0.97916666666666663 0.013449736822203526 -0.0061314254504881869 -2.1223920331000356e-17 0.011970841346022557
32 48 1.6666666666666665 1 0.0066919676472914028 -0.0066919676472914028 -2.0781615293252771e-17 0
33 0 1.6875 0 0.0020724242525041337 0.0020724242525041337 -2.4077770048684436e-17 0
33 1 1.6875 0.020833333333333332 0.013883451939669484 0.0022197546407462521 -2.8871341581961131e-17 -0.013704850495207813
33 2 1.6875 0.041666666666666664 0.027186463396181547 0.0033494928798012903 -3.6874787786507658e-17 -0.02697933819499803
33 3 1.6875 0.0625 0.0391837389229465 0.0067698855005700618 -4.0425113750256475e-17 -0.038594482070508522
33 4 1.6875 0.083333333333333329 0.048817470460918604 0.013966851838382349 -7.5452047449957831e-17 -0.046776836916654976
33 5 1.6875 0.10416666666666666 0.056039789307547785 0.025937619221880984 -6.2801668260005101e-17 -0.049675928725440625
33 6 1.6875 0.125 0.062227629593248741 0.041640455992747995 -7.9261800310386865e-17 -0.046242300002385085
33 7 1.6875 0.14583333333333331 0.068957601135178112 0.05771125896728152 -8.490819492152837e-17 -0.037743361571668292
33 8 1.6875 0.16666666666666666 0.074878699419560713 0.070028634473688414 -9.0110088549297597e-17 -0.026510563564652114
33 9 1.6875 0.1875 0.077060802576469092 0.075755105618146509 -1.4531372002022229e-16 -0.01412555367102517
33 10 1.6875 0.20833333333333331 0.075461572570888424 0.075461185902562275 -1.065500719485056e-16 -0.00024157203976839302
33 11 1.6875 0.22916666666666666 0.072607379897167076 0.070913015296266674 -1.4899309703565021e-16 0.015594097509089444
33 12 1.6875 0.25 0.069391997765120214 0.061434200391853287 -1.3626912782328743e-16 0.032265901134914281
33 13 1.6875 0.27083333333333331 0.066366737169689174 0.045435450389126199 -1.7905733177975945e-16 0.048375237988953129
33 14 1.6875 0.29166666666666663 0.068665957379313594 0.02438705267065016 -1.5084935652729865e-16 0.06418944901505734
33 15 1.6875 0.3125 0.079307867287654932 -0.00057550015712577339 -1.6540671272860071e-16 0.079305779192221773
33 16 1.6875 0.33333333333333331 0.096374963598153715 -0.03052291835154566 -1.1801542738291707e-16 0.091413812215935572
33 17 1.6875 0.35416666666666663 0.11886892002108966 -0.064717016564079258 -8.3420259721078552e-17 0.099707210942964905
33 18 1.6875 0.375 0.14440845816982642 -0.10086717189159711 -1.2579167695103442e-16 0.10334222963327969
33 19 1.6875 0.39583333333333331 0.17044157009166061 -0.13708818079989701 -4.4660835784016367e-17 0.1012776357360558
33 20 1.6875 0.41666666666666663 0.19464916979343869 -0.17103809862585423 -1.0144697086128354e-16 0.092920762586880937
33 21 1.6875 0.4375 0.21501530755549231 -0.20044322597598352 9.5215440589151922e-18 0.077808069269991259
33 22 1.6875 0.45833333333333331 0.23042268779691927 -0.22347558551910857 -7.3071770640194791e-17 0.056154053535324835
33 23 1.6875 0.47916666666666663 0.24013018929106547 -0.23831052916063769 1.3198216587932791e-17 0.029505923136546496
33 24 1.6875 0.5 0.24341661033529796 -0.24341661033529796 -6.0039350901190068e-17 1.5022661121172491e-16
33 25 1.6875 0.52083333333333326 0.24013018929106555 -0.23831052916063777 5.2420585824818682e-18 -0.0295059231365465
33 26 1.6875 0.54166666666666663 0.23042268779691971 -0.22347558551910898 -4.4831275972567792e-17 -0.05615405353532494
33 27 1.6875 0.5625 0.21501530755549239 -0.2004432259759836 1.4709720444804011e-17 -0.077808069269991217
33 28 1.6875 0.58333333333333326 0.1946491697934391 -0.17103809862585481 -1.0518371775966963e-16 -0.092920762586880687
33 29 1.6875 0.60416666666666663 0.17044157009166055 -0.13708818079989693 -3.8342046027190304e-17 -0.10127763573605582
33 30 1.6875 0.625 0.14440845816982631 -0.10086717189159698 -6.3092895956981933e-17 -0.10334222963327963
33 31 1.6875 0.64583333333333326 0.11886892002108976 -0.064717016564079702 -6.8364209964742586e-17 -0.099707210942964739
33 32 1.6875 0.66666666666666663 0.096374963598153784 -0.030522918351545809 -1.1287786869521478e-16 -0.0914138122159356
33 33 1.6875 0.6875 0.079307867287654918 -0.00057550015712579832 -1.0002071468138624e-16 -0.079305779192221759
33 34 1.6875 0.70833333333333326 0.068665957379313733 0.024387052670650052 -1.5046153370983801e-16 -0.064189449015057534
33 35 1.6875 0.72916666666666663 0.066366737169689077 0.045435450389125873 -1.5138991562891075e-16 -0.048375237988953317
33 36 1.6875 0.75 0.069391997765120367 0.061434200391853391 -1.6237077379986656e-16 -0.032265901134914385
33 37 1.6875 0.77083333333333326 0.072607379897167118 0.070913015296266729 -1.7350270175474465e-16 -0.015594097509089433
33 38 1.6875 0.79166666666666663 0.075461572570888424 0.075461185902562275 -1.2606182030167043e-16 0.00024157203976827657
33 39 1.6875 0.8125 0.077060802576469176 0.075755105618146606 -1.2027873869067858e-16 0.014125553671025104
33 40 1.6875 0.83333333333333326 0.074878699419560643 0.070028634473688359 -1.0806504613955362e-16 0.026510563564652083
33 41 1.6875 0.85416666666666663 0.068957601135178001 0.057711258967281458 -8.1656560932122897e-17 0.037743361571668174
33 42 1.6875 0.875 0.062227629593248741 0.041640455992748064 -7.9304001206871048e-17 0.046242300002385023
33 43 1.6875 0.89583333333333326 0.056039789307547855 0.025937619221881054 -6.9194199858472454e-17 0.049675928725440667
33 44 1.6875 0.91666666666666663 0.048817470460918597 0.013966851838382359 -5.7247917601341052e-17 0.046776836916654969
33 45 1.6875 0.9375 0.039183738922946444 0.0067698855005700158 -5.7176730924089509e-17 0.038594482070508473
33 46 1.6875 0.95833333333333326 0.027186463396181571 0.0033494928798012968 -4.0778780642951656e-17 0.026979338194998054
33 47 1.6875 0.97916666666666663 0.013883451939669507 0.0022197546407462386 -3.5430662727096366e-17 0.013704850495207839
33 48 1.6875 1 0.0020724242525041198 0.0020724242525041198 -2.8240903969198562e-17 0
34 0 1.7083333333333333 0 0.010822869308893387 0.010822869308893387 -1.3820889164892396e-17 0
34 1 1.7083333333333333 0.020833333333333332 0.018723573515978639 0.010666062613620426 -2.6126097505553019e-17 -0.015388544880221303
34 2 1.7083333333333333 0.041666666666666664 0.032085898644172481 0.010808848197990157 -2.2120311796506194e-17 -0.030210489774859899
34 3 1.7083333333333333 0.0625 0.045184552660676745 0.012521225800116796 -3.8612318198167461e-17 -0.043415005512011162
34 4 1.7083333333333333 0.083333333333333329 0.056123814716474832 0.017412932112762486 -4.8770288986048161e-17 -0.053354216080507846
34 5 1.7083333333333333 0.10416666666666666 0.063877649346307699 0.026626196110192037 -6.8476708271144649e-17 -0.058063756050667596
34 6 1.7083333333333333 0.125 0.069043788048599355 0.040095573256997551 -6.9179792830832755e-17 -0.056208448415631017
34 7 1.7083333333333333 0.14583333333333331 0.073582614255705947 0.055357973918378121 -8.8968805483735128e-17 -0.04847572427882009
34 8 1.7083333333333333 0.16666666666666666 0.077937365686527926 0.068538542547770795 -1.2215708190028307e-16 -0.037103923722202115
34 9 1.7083333333333333 0.1875 0.079982866356666502 0.076184843709519168 -1.054072214005388e-16 -0.024354229603592729
34 10 1.7083333333333333 0.20833333333333331 0.078174135287545632 0.07742704381875859 -1.4171830741624959e-16 -0.010781851113956473
34 11 1.7083333333333333 0.22916666666666666 0.074058883221903141 0.0739419270255494 -1.4806011183465032e-16 0.0041604821624198606
34 12 1.7083333333333333 0.25 0.069664212070785339 0.066673101661779616 -1.5385383141057325e-16 0.020194057498218464
34 13 1.7083333333333333 0.27083333333333331 0.064506040665076259 0.053648714044872439 -1.2561027937109219e-16 0.035816822355088658
34 14 1.7083333333333333 0.29166666666666663 0.061056950771862836 0.034470945392430653 -1.4166043146843035e-16 0.050395487509396569
34 15 1.7083333333333333 0.3125 0.065128594946610149 0.011295520044399994 -1.3075020229774616e-16 0.064141601996256459
34 16 1.7083333333333333 0.33333333333333331 0.077023779105488452 -0.015168617993090492 -1.4357393642961077e-16 0.075515399594193844
34 17 1.7083333333333333 0.35416666666666663 0.094761210805334409 -0.045152191846666009 -1.2242806351871402e-16 0.083312463921882032
34 18 1.7083333333333333 0.375 0.11619593633579844 -0.077267557494746786 -9.2901646017034438e-17 0.086782602978643861
34 19 1.7083333333333333 0.39583333333333331 0.13849157474194704 -0.10942561184077171 -9.3376200465834451e-17 0.084887877507787118
34 20 1.7083333333333333 0.41666666666666663 0.15970444253487959 -0.13963369383479143 -8.2707172368905377e-17 0.077510905758018264
34 21 1.7083333333333333 0.4375 0.17772244736149226 -0.16555798193770491 -7.6748619760935201e-17 0.064620607493840188
34 22 1.7083333333333333 0.45833333333333331 0.19097662867785214 -0.1852504280134496 -4.3866623631237424e-17 0.046414993504167903
34 23 1.7083333333333333 0.47916666666666663 0.19907412075355219 -0.19758303732199661 -5.12155089026129e-17 0.024319722786544411
34 24 1.7083333333333333 0.5 0.20178308540241513 -0.20178308540241513 -2.4082589899744035e-17 -3.6299137992010427e-17
34 25 1.7083333333333333 0.52083333333333326 0.19907412075355244 -0.19758303732199689 -2.8150450396098072e-17 -0.024319722786544373
34 26 1.7083333333333333 0.54166666666666663 0.19097662867785231 -0.18525042801344979 -4.4460502064213528e-17 -0.046414993504167869
34 27 1.7083333333333333 0.5625 0.17772244736149226 -0.16555798193770502 -4.5399954307589005e-17 -0.064620607493839952
34 28 1.7083333333333333 0.58333333333333326 0.15970444253487981 -0.13963369383479163 -5.6901710213713412e-17 -0.077510905758018334
34 29 1.7083333333333333 0.60416666666666663 0.13849157474194704 -0.10942561184077171 -4.3439772754953917e-17 -0.084887877507787091
34 30 1.7083333333333333 0.625 0.11619593633579831 -0.077267557494746592 -9.1782652806266828e-17 -0.086782602978643833
34 31 1.7083333333333333 0.64583333333333326 0.09476121080533445 -0.045152191846665933 -3.52689007335426e-17 -0.083312463921882116
34 32 1.7083333333333333 0.66666666666666663 0.077023779105488466 -0.015168617993090437 -1.1070110462031968e-16 -0.075515399594193872
34 33 1.7083333333333333 0.6875 0.065128594946610066 0.0112955200443996 -8.8482810588598282e-17 -0.064141601996256445
34 34 1.7083333333333333 0.70833333333333326 0.061056950771862829 0.034470945392430674 -1.0713112567700442e-16 -0.050395487509396548
34 35 1.7083333333333333 0.72916666666666663 0.064506040665076078 0.053648714044872314 -1.4309707956449564e-16 -0.035816822355088526
34 36 1.7083333333333333 0.75 0.069664212070785339 0.06667310166177963 -1.4512004459500159e-16 -0.020194057498218409
34 37 1.7083333333333333 0.77083333333333326 0.07405888322190321 0.07394192702554947 -1.1526645493601637e-16 -0.0041604821624200176
34 38 1.7083333333333333 0.79166666666666663 0.078174135287545493 0.077427043818758451 -1.2856333947009433e-16 0.010781851113956504
34 39 1.7083333333333333 0.8125 0.079982866356666488 0.076184843709519168 -1.0314123938917807e-16 0.02435422960359266
34 40 1.7083333333333333 0.83333333333333326 0.077937365686528023 0.068538542547770878 -8.66662800527649e-17 0.037103923722202156
34 41 1.7083333333333333 0.85416666666666663 0.073582614255706016 0.055357973918378198 -9.0521350762566833e-17 0.048475724278820104
34 42 1.7083333333333333 0.875 0.0690437880485993 0.040095573256997606 -5.9458237605380039e-17 0.05620844841563092
34 43 1.7083333333333333 0.89583333333333326 0.063877649346307699 0.026626196110192082 -6.559286242704565e-17 0.058063756050667589
34 44 1.7083333333333333 0.91666666666666663 0.056123814716474839 0.017412932112762496 -4.5004396932513076e-17 0.053354216080507853
34 45 1.7083333333333333 0.9375 0.045184552660676724 0.012521225800116801 -3.8566581023416964e-17 0.043415005512011134
34 46 1.7083333333333333 0.95833333333333326 0.032085898644172481 0.010808848197990167 -3.027402717420193e-17 0.030210489774859892
34 47 1.7083333333333333 0.97916666666666663 0.018723573515978625 0.010666062613620426 -2.4752338570137784e-17 0.015388544880221285
34 48 1.7083333333333333 1 0.010822869308893384 0.010822869308893384 -2.2290979027841763e-17 0
35 0 1.7291666666666665 0 0.019150045300724946 0.019150045300724946 -2.8039175546073378e-17 0
35 1 1.7291666666666665 0.020833333333333332 0.025307817454056337 0.018760743533904001 -2.166489189768855e-17 -0.016985880205126778
35 2 1.7291666666666665 0.041666666666666664 0.037857911929031804 0.018195579520453354 -3.1132470045938556e-17 -0.033198529809935665
35 3 1.7291666666666665 0.0625 0.051154582356870891 0.01858852614766722 -3.2876248887459593e-17 -0.047657717022150554
35 4 1.7291666666666665 0.083333333333333329 0.062888478252940569 0.021562738834361352 -5.4141756409063615e-17 -0.059076298046946911
35 5 1.7291666666666665 0.10416666666666666 0.071472889140746232 0.028328598511111244 -5.8680795517037079e-17 -0.065619085550788242
35 6 1.7291666666666665 0.125 0.076568410407133705 0.039265142427855435 -7.0494718324661707e-17 -0.065734086001065603
35 7 1.7291666666666665 0.14583333333333331 0.079841652529699061 0.053222646276156575 -8.031877042137919e-17 -0.059515035092288379
35 8 1.7291666666666665 0.16666666666666666 0.082809640584261643 0.066950736811575817 -8.5940589152289777e-17 -0.048734335063502186
35 9 1.7291666666666665 0.1875 0.08466250362268643 0.076660868893737535 -1.3280941766343328e-16 -0.03592841076527846
35 10 1.7291666666666665 0.20833333333333331 0.083159035788526348 0.080073823695284374 -1.3970689690611339e-16 -0.022441211912325933
35 11 1.7291666666666665 0.22916666666666666 0.078271650068031301 0.077833494685389665 -1.6975474773894477e-16 -0.0082703270450305046
35 12 1.7291666666666665 0.25 0.072268307857366182 0.071948387484577089 -1.8035879095136633e-16 0.006792485475597714
35 13 1.7291666666666665 0.27083333333333331 0.065970059480672152 0.062229564862251674 -1.7024053244651615e-16 0.021898173552564446
35 14 1.7291666666666665 0.29166666666666663 0.059028375802916221 0.046944238210422165 -1.819009244303885e-16 0.035785299338882783
35 15 1.7291666666666665 0.3125 0.055167162131616647 0.0266712818739991 -1.3903159401499768e-16 0.048291391581251467
35 16 1.7291666666666665 0.33333333333333331 0.058730204585772279 0.0032268691608579934 -1.6933717159185546e-16 0.058641489119098701
35 17 1.7291666666666665 0.35416666666666663 0.069666016741432274 -0.022441004484619387 -1.664583370749383e-16 0.065952673989299437
35 18 1.7291666666666665 0.375 0.085750331145242983 -0.049792668410837133 -1.328313096495318e-16 0.069812674093227875
35 19 1.7291666666666665 0.39583333333333331 0.10359430046444423 -0.077250579834667585 -1.0996398348430777e-16 0.069022655729298055
35 20 1.7291666666666665 0.41666666666666663 0.12114096512844762 -0.10331122813791445 -1.6102014006706102e-16 0.0632607585544748
35 21 1.7291666666666665 0.4375 0.1368426801941241 -0.12619935715615116 -1.7916348496812388e-16 0.052911637435308301
35 22 1.7291666666666665 0.45833333333333331 0.14874819362154934 -0.14378968885199916 -1.2932217433647546e-16 0.038086093072395813
35 23 1.7291666666666665 0.47916666666666663 0.15614235578540547 -0.15486288569173851 -1.5829383168130159e-16 0.019947979984040531
35 24 1.7291666666666665 0.5 0.15866145878741983 -0.15866145878741983 -1.3257758548479104e-16 4.0500976426877087e-17
35 25 1.7291666666666665 0.52083333333333326 0.1561423557854057 -0.1548628856917387 -9.6211800228934188e-17 -0.019947979984040593
35 26 1.7291666666666665 0.54166666666666663 0.14874819362154912 -0.14378968885199894 -1.184670587163784e-16 -0.038086093072395841
35 27 1.7291666666666665 0.5625 0.13684268019412402 -0.12619935715615124 -1.202949923212593e-16 -0.052911637435307919
35 28 1.7291666666666665 0.58333333333333326 0.12114096512844763 -0.1033112281379145 -1.8877721793569955e-16 -0.06326075855447473
35 29 1.7291666666666665 0.60416666666666663 0.1035943004644445 -0.077250579834667807 -1.7210981993105278e-16 -0.069022655729298193
35 30 1.7291666666666665 0.625 0.085750331145243081 -0.04979266841083721 -1.8222584873100937e-16 -0.069812674093227944
35 31 1.7291666666666665 0.64583333333333326 0.069666016741432454 -0.022441004484619505 -1.5996821362215773e-16 -0.06595267398929959
35 32 1.7291666666666665 0.66666666666666663 0.058730204585772265 0.0032268691608581357 -1.7625594204465925e-16 -0.058641489119098673
35 33 1.7291666666666665 0.6875 0.055167162131616668 0.026671281873999003 -1.930542024032106e-16 -0.048291391581251543
35 34 1.7291666666666665 0.70833333333333326 0.059028375802916283 0.046944238210422269 -1.6188766550505139e-16 -0.035785299338882755
35 35 1.7291666666666665 0.72916666666666663 0.065970059480672361 0.062229564862251903 -2.2200918276237194e-16 -0.021898173552564418
35 36 1.7291666666666665 0.75 0.072268307857366029 0.071948387484576923 -1.5565750674892812e-16 -0.0067924854755977756
35 37 1.7291666666666665 0.77083333333333326 0.078271650068031356 0.07783349468538972 -1.5563734179354817e-16 0.0082703270450305115
35 38 1.7291666666666665 0.79166666666666663 0.083159035788526278 0.080073823695284332 -1.3003533969042617e-16 0.022441211912325846
35 39 1.7291666666666665 0.8125 0.084662503622686389 0.076660868893737577 -8.2554836927863613e-17 0.035928410765278279
35 40 1.7291666666666665 0.83333333333333326 0.08280964058426174 0.066950736811575928 -1.0528395670942013e-16 0.0487343350635022
35 41 1.7291666666666665 0.85416666666666663 0.07984165252969895 0.053222646276156554 -9.2630916299961836e-17 0.05951503509228824
35 42 1.7291666666666665 0.875 0.076568410407133788 0.039265142427855546 -7.3682972429040363e-17 0.065734086001065631
35 43 1.7291666666666665 0.89583333333333326 0.07147288914074619 0.028328598511111202 -6.2375929064193643e-17 0.065619085550788214
35 44 1.7291666666666665 0.91666666666666663 0.062888478252940569 0.021562738834361304 -4.0883436413191682e-17 0.059076298046946925
35 45 1.7291666666666665 0.9375 0.051154582356870842 0.018588526147667223 -5.7497657048195152e-17 0.047657717022150499
35 46 1.7291666666666665 0.95833333333333326 0.037857911929031887 0.018195579520453375 -3.074902519912423e-17 0.033198529809935748
35 47 1.7291666666666665 0.97916666666666663 0.025307817454056351 0.018760743533904018 -3.6792807592117207e-17 0.016985880205126782
35 48 1.7291666666666665 1 0.019150045300724956 0.019150045300724956 -2.0533494293471432e-17 0
36 0 1.75 0 0.0265605082076192 0.0265605082076192 -1.5656390551399969e-17 0
36 1 1.75 0.020833333333333332 0.031921703651989548 0.026043089953994045 -2.7049095185925117e-17 -0.018459486170899153
36 2 1.75 0.041666666666666664 0.043718155710643851 0.025069787323535611 -1.9634948397625063e-17 -0.035815958765511142
36 3 1.75 0.0625 0.056803244361785764 0.024680349183915758 -3.4513506027339045e-17 -0.051161400823127728
36 4 1.75 0.083333333333333329 0.068791768568310693 0.026269491329640543 -3.9555895978426148e-17 -0.063578465285330371
36 5 1.75 0.10416666666666666 0.078203613552099357 0.031104490944689474 -5.4260271545015194e-17 -0.071751765244332688
36 6 1.75 0.125 0.083944122046317904 0.039592337206206724 -7.5602453686834823e-17 -0.07402068940963151
36 7 1.75 0.14583333333333331 0.086818025898049586 0.051498724460514858 -8.712999571726729e-17 -0.069894570602975853
36 8 1.75 0.16666666666666666 0.088772551127725863 0.064970193654980191 -1.052949323644918e-16 -0.060493303515009617
36 9 1.75 0.1875 0.09050825058506641 0.076573453509717823 -9.8436088205145549e-17 -0.048251939251850347
36 10 1.75 0.20833333333333331 0.090153795327129929 0.083060247746130467 -1.3174309570729405e-16 -0.035052846621030136
36 11 1.75 0.22916666666666666 0.085999249780512488 0.083281500651677318 -1.5241098061876072e-16 -0.021449070190002369
36 12 1.75 0.25 0.078992605536079605 0.078640741410355264 -1.5819236636617775e-16 -0.0074475176943937351
36 13 1.75 0.27083333333333331 0.071101084309737148 0.070788073435760462 -1.4815670597872503e-16 0.0066642966075748499
36 14 1.75 0.29166666666666663 0.062433246143348678 0.059135625271656819 -1.6220393178512107e-16 0.020022188884488774
36 15 1.75 0.3125 0.05363387229686823 0.043007114302643361 -1.5215104841466655e-16 0.032046534553928578
36 16 1.75 0.33333333333333331 0.047998685629517014 0.023289821476373793 -2.0322741573394078e-16 0.041969727635044772
36 17 1.75 0.35416666666666663 0.048965719606920338 0.0014718204046856214 -1.1401670164421423e-16 0.048943594487122558
36 18 1.75 0.375 0.057276140416967956 -0.021680755953950505 -1.4754685844196784e-16 0.053014159262686322
36 19 1.75 0.39583333333333331 0.069836123619426704 -0.044876039930192672 -1.1083978661517884e-16 0.053509113264672975
36 20 1.75 0.41666666666666663 0.083122500815929354 -0.066702072771847407 -1.8065093048135505e-16 0.049600238203393224
36 21 1.75 0.4375 0.095889560728951745 -0.086318681994864269 -9.6252178466142493e-17 0.041759944868986841
36 22 1.75 0.45833333333333331 0.10630848798229324 -0.10191748298510979 -1.5391034236418843e-16 0.030237745932215968
36 23 1.75 0.47916666666666663 0.11309431728446705 -0.1119777009123922 -6.6053071284386839e-17 0.015853047038804274
36 24 1.75 0.5 0.11553541444062418 -0.11553541444062418 -1.1495588546444398e-16 -3.779241828725018e-18
36 25 1.75 0.52083333333333326 0.11309431728446671 -0.11197770091239187 -8.6062544285658061e-17 -0.015853047038804212
36 26 1.75 0.54166666666666663 0.10630848798229313 -0.10191748298510964 -1.4625127685035308e-16 -0.03023774593221611
36 27 1.75 0.5625 0.095889560728951814 -0.086318681994864352 -3.0847244046485558e-17 -0.041759944868986827
36 28 1.75 0.58333333333333326 0.083122500815929257 -0.06670207277184742 -1.9558458902766257e-16 -0.04960023820339305
36 29 1.75 0.60416666666666663 0.069836123619426885 -0.044876039930192714 -4.8426573150490949e-17 -0.053509113264673169
36 30 1.75 0.625 0.057276140416967852 -0.02168075595395039 -1.6500332255625479e-16 -0.053014159262686253
36 31 1.75 0.64583333333333326 0.048965719606920331 0.0014718204046857675 -1.075265328377473e-16 -0.048943594487122551
36 32 1.75 0.66666666666666663 0.047998685629516938 0.023289821476373616 -2.0561538229413237e-16 -0.041969727635044786
36 33 1.75 0.6875 0.053633872296867911 0.04300711430264309 -1.5610490566525465e-16 -0.032046534553928412
36 34 1.75 0.70833333333333326 0.062433246143348629 0.059135625271656757 -1.8184806800196643e-16 -0.020022188884488808
36 35 1.75 0.72916666666666663 0.071101084309737009 0.070788073435760296 -1.8408465191682023e-16 -0.0066642966075751275
36 36 1.75 0.75 0.078992605536079535 0.078640741410355208 -1.4093835035914651e-16 0.0074475176943935989
36 37 1.75 0.77083333333333326 0.085999249780512696 0.083281500651677526 -1.1999991576081956e-16 0.0214490701900024
36 38 1.75 0.79166666666666663 0.090153795327129929 0.083060247746130522 -1.0905074669972538e-16 0.035052846621029983
36 39 1.75 0.8125 0.090508250585066452 0.076573453509717906 -9.86319668689213e-17 0.048251939251850305
36 40 1.75 0.83333333333333326 0.088772551127725807 0.064970193654980163 -7.5539609489246139e-17 0.060493303515009561
36 41 1.75 0.85416666666666663 0.086818025898049572 0.051498724460514872 -8.0304578458436844e-17 0.069894570602975839
36 42 1.75 0.875 0.083944122046317904 0.039592337206206786 -6.6112659500117918e-17 0.074020689409631482
36 43 1.75 0.89583333333333326 0.078203613552099344 0.03110449094468952 -5.5208090643516112e-17 0.07175176524433266
36 44 1.75 0.91666666666666663 0.068791768568310652 0.026269491329640543 -2.9929061188882018e-17 0.063578465285330329
36 45 1.75 0.9375 0.056803244361785778 0.024680349183915817 -2.7508669563652593e-17 0.051161400823127721
36 46 1.75 0.95833333333333326 0.043718155710643872 0.025069787323535615 -2.2285503168520208e-17 0.03581595876551117
36 47 1.75 0.97916666666666663 0.03192170365198959 0.02604308995399407 -2.2600362390906141e-17 0.018459486170899195
36 48 1.75 1 0.026560508207619203 0.026560508207619203 -1.5241879520010309e-17 0
37 0 1.7708333333333333 0 0.032548443799014073 0.032548443799014073 -1.8725339458023548e-17 0
37 1 1.7708333333333333 0.020833333333333332 0.037649039034057176 0.032055845657586401 -1.5306119847892563e-17 -0.019745199400486191
37 2 1.7708333333333333 0.041666666666666664 0.049003796307225886 0.03099996241301 -1.6942831580406831e-17 -0.037952264529432927
37 3 1.7708333333333333 0.0625 0.061737617553327698 0.030341348102629589 -2.7685403408331765e-17 -0.053767425235694631
37 4 1.7708333333333333 0.083333333333333329 0.073615431257682606 0.031267576338470403 -2.9920337625655942e-17 -0.066645107766230824
37 5 1.7708333333333333 0.10416666666666666 0.083575930088320524 0.034795737363429738 -4.9340512979708404e-17 -0.075988109276801066
37 6 1.7708333333333333 0.125 0.090465928884013766 0.041442634941299634 -5.5125458185597983e-17 -0.080415124808518493
37 7 1.7708333333333333 0.14583333333333331 0.09389076957015173 0.051023493683849536 -5.6265394235975238e-17 -0.078816747603345672
37 8 1.7708333333333333 0.16666666666666666 0.095274791531464703 0.062935013370954182 -8.8657852185763692e-17 -0.071529504355628493
37 9 1.7708333333333333 0.1875 0.096476603886484991 0.075167475133479239 -1.0341809833689742e-16 -0.060477977640852949
37 10 1.7708333333333333 0.20833333333333331 0.097162874696309021 0.084532322159065656 -1.0124857701390585e-16 -0.047905226537890241
37 11 1.7708333333333333 0.22916666666666666 0.095181944578617547 0.088564986833922762 -1.3426276602639359e-16 -0.034868978775899208
37 12 1.7708333333333333 0.25 0.089564825414502489 0.086907008978692038 -1.8142968764581471e-16 -0.021657094493672351
37 13 1.7708333333333333 0.27083333333333331 0.081457835062987427 0.080996957810296102 -1.860882602396943e-16 -0.0086528445395705807
37 14 1.7708333333333333 0.29166666666666663 0.071961429428884532 0.071867761712803291 -1.8665414687535578e-16 0.0036704430032429556
37 15 1.7708333333333333 0.3125 0.061212022492398557 0.059339714799892321 -1.7280808354627787e-16 0.01502364619782252
37 16 1.7708333333333333 0.33333333333333331 0.050081173765041696 0.043477974820155502 -2.1845037857102978e-16 0.024855375097194262
37 17 1.7708333333333333 0.35416666666666663 0.040829234581268727 0.025368316751590268 -2.20579717874773e-16 0.031991794286711311
37 18 1.7708333333333333 0.375 0.03675927675663148 0.0060386646491997972 -2.1282860072640761e-16 0.036259880817856145
37 19 1.7708333333333333 0.39583333333333331 0.040135144598954779 -0.013683488909498975 -2.3400955380634351e-16 0.037730517664652144
37 20 1.7708333333333333 0.41666666666666663 0.047917179063897454 -0.032017844653188361 -1.5881054540143994e-16 0.035649876201831472
37 21 1.7708333333333333 0.4375 0.05681470926721173 -0.048085235648979922 -1.8133796320695769e-16 0.030260887325058151
37 22 1.7708333333333333 0.45833333333333331 0.064668810243329641 -0.060800306464410897 -1.6155491567934898e-16 0.022031290296337425
37 23 1.7708333333333333 0.47916666666666663 0.069891401981225787 -0.068930989992928349 -2.0795016143772587e-16 0.011546717693617745
37 24 1.7708333333333333 0.5 0.071797970403678857 -0.071797970403678857 -2.1537884378302771e-16 2.3108909168176963e-17
37 25 1.7708333333333333 0.52083333333333326 0.069891401981225676 -0.068930989992928265 -2.0633030756625296e-16 -0.011546717693617497
37 26 1.7708333333333333 0.54166666666666663 0.064668810243329933 -0.060800306464411195 -1.8939117244666134e-16 -0.022031290296337477
37 27 1.7708333333333333 0.5625 0.056814709267211917 -0.048085235648980137 -1.8236123968354657e-16 -0.030260887325058161
37 28 1.7708333333333333 0.58333333333333326 0.04791717906389753 -0.032017844653188285 -1.7519345278095199e-16 -0.035649876201831639
37 29 1.7708333333333333 0.60416666666666663 0.040135144598954731 -0.013683488909498859 -2.047867533765736e-16 -0.037730517664652137
37 30 1.7708333333333333 0.625 0.036759276756631626 0.0060386646491995552 -1.8583138440760532e-16 -0.036259880817856333
37 31 1.7708333333333333 0.64583333333333326 0.040829234581268754 0.025368316751590392 -2.478204112931132e-16 -0.031991794286711249
37 32 1.7708333333333333 0.66666666666666663 0.050081173765041731 0.043477974820155661 -1.6186607374874891e-16 -0.02485537509719405
37 33 1.7708333333333333 0.6875 0.061212022492398509 0.059339714799892279 -1.9913409627423893e-16 -0.015023646197822479
37 34 1.7708333333333333 0.70833333333333326 0.071961429428884616 0.071867761712803374 -1.6596981618265112e-16 -0.0036704430032427895
37 35 1.7708333333333333 0.72916666666666663 0.081457835062987219 0.080996957810295922 -1.7824759588572373e-16 0.0086528445395704402
37 36 1.7708333333333333 0.75 0.089564825414502489 0.086907008978692066 -1.2389082307112263e-16 0.021657094493672223
37 37 1.7708333333333333 0.77083333333333326 0.095181944578617436 0.08856498683392261 -1.0816545532512073e-16 0.034868978775899291
37 38 1.7708333333333333 0.79166666666666663 0.097162874696309146 0.08453232215906574 -9.4568226667493898e-17 0.047905226537890359
37 39 1.7708333333333333 0.8125 0.096476603886485018 0.075167475133479253 -8.6389114386825551e-17 0.060477977640852991
37 40 1.7708333333333333 0.83333333333333326 0.095274791531464662 0.062935013370954154 -1.0241544351794213e-16 0.071529504355628465
37 41 1.7708333333333333 0.85416666666666663 0.093890769570151647 0.051023493683849556 -9.5278831386257164e-17 0.078816747603345561
37 42 1.7708333333333333 0.875 0.090465928884013794 0.04144263494129969 -4.5844230081776667e-17 0.080415124808518507
37 43 1.7708333333333333 0.89583333333333326 0.083575930088320524 0.034795737363429745 -5.5774158830296236e-17 0.075988109276801052
37 44 1.7708333333333333 0.91666666666666663 0.07361543125768269 0.031267576338470444 -3.4829696366435897e-17 0.066645107766230879
37 45 1.7708333333333333 0.9375 0.061737617553327691 0.030341348102629624 -4.803732132927497e-17 0.05376742523569461
37 46 1.7708333333333333 0.95833333333333326 0.0490037963072259 0.030999962413010007 -2.0855537031941037e-17 0.037952264529432941
37 47 1.7708333333333333 0.97916666666666663 0.037649039034057183 0.032055845657586395 -2.3463525544695155e-17 0.019745199400486212
37 48 1.7708333333333333 1 0.032548443799014129 0.032548443799014129 -1.6513481330858641e-17 0
38 0 1.7916666666666665 0 0.036689933995919896 0.036689933995919896 -1.4546832472801577e-17 0
38 1 1.7916666666666665 0.020833333333333332 0.0418428785996778 0.036357206091534935 -2.2672397478137672e-17 -0.020711833688136578
38 2 1.7916666666666665 0.041666666666666664 0.053170925034080413 0.035614576616657276 -1.5805441380622328e-17 -0.039480997978724501
38 3 1.7916666666666665 0.0625 0.065560551818808363 0.035161920201874398 -3.1232037894282098e-17 -0.055333762952682636
38 4 1.7916666666666665 0.083333333333333329 0.077086301961762443 0.03603603761664604 -3.0433697036955802e-17 -0.068144713243447522
38 5 1.7916666666666665 0.10416666666666666 0.08720918732749873 0.039008690551017591 -5.0136454376935923e-17 -0.077998489830366044
38 6 1.7916666666666665 0.125 0.095269681725034541 0.044543344146459815 -5.4699426216988598e-17 -0.084215216844935006
38 7 1.7916666666666665 0.14583333333333331 0.10027588777703028 0.052466171186996126 -6.2079734367246423e-17 -0.085454985521316362
38 8 1.7916666666666665 0.16666666666666666 0.10221664603593165 0.062296357171053557 -8.97725709743389e-17 -0.081039537326242583
38 9 1.7916666666666665 0.1875 0.10281771492990507 0.073352797156689742 -7.1993193940401087e-17 -0.072047551330331513
38 10 1.7916666666666665 0.20833333333333331 0.10342728106075817 0.0838556287247329 -1.3818129745065709e-16 -0.060542844323675585
38 11 1.7916666666666665 0.22916666666666666 0.10306191915046445 0.09110136173243083 -1.1531330731081357e-16 -0.048190259072489493
38 12 1.7916666666666665 0.25 0.099943622231830981 0.093391396446619923 -1.6109132224923355e-16 -0.035591778468758883
38 13 1.7916666666666665 0.27083333333333331 0.093783694431410686 0.090854386947138183 -1.4720393847866566e-16 -0.023256433812257168
38 14 1.7916666666666665 0.29166666666666663 0.085383113360684784 0.084557164839407312 -1.9664005338764546e-16 -0.011847443668777102
38 15 1.7916666666666665 0.3125 0.075150789492537104 0.075135580673446417 -1.464742538897942e-16 -0.001511845962937368
38 16 1.7916666666666665 0.33333333333333331 0.063419229693440701 0.062943940243100516 -1.8117160857514772e-16 0.007749779453789768
38 17 1.7916666666666665 0.35416666666666663 0.05087507485637846 0.048581444116764218 -1.7054159245020004e-16 0.015103527044098911
38 18 1.7916666666666665 0.375 0.038592367404764051 0.033107941196402847 -1.8160605306894988e-16 0.019830155108819143
38 19 1.7916666666666665 0.39583333333333331 0.027992627790731195 0.017068248882045618 -1.5621170033144986e-16 0.022186980207566889
38 20 1.7916666666666665 0.41666666666666663 0.021984303920426773 0.002018367081091673 -1.5925440417660483e-16 0.02189145525522818
38 21 1.7916666666666665 0.4375 0.02185417290596741 -0.010810302843450878 -1.3926416484903229e-16 0.018993215258001947
38 22 1.7916666666666665 0.45833333333333331 0.024982121919483596 -0.020656003755804498 -1.8229625372841446e-16 0.014051189431508399
38 23 1.7916666666666665 0.47916666666666663 0.027742739398750559 -0.026732323663047241 -1.131516888637063e-16 0.0074190606495075336
38 24 1.7916666666666665 0.5 0.028833194529620024 -0.028833194529620024 -2.0784261787589919e-16 -2.3912914672293919e-17
38 25 1.7916666666666665 0.52083333333333326 0.027742739398750604 -0.026732323663047272 -1.214024738542502e-16 -0.0074190606495075882
38 26 1.7916666666666665 0.54166666666666663 0.024982121919483766 -0.020656003755804727 -2.1148901583552614e-16 -0.014051189431508359
38 27 1.7916666666666665 0.5625 0.021854172905967393 -0.010810302843450722 -1.2563634086241225e-16 -0.018993215258002013
38 28 1.7916666666666665 0.58333333333333326 0.021984303920426902 0.0020183670810915641 -2.0570628116910833e-16 -0.021891455255228318
38 29 1.7916666666666665 0.60416666666666663 0.027992627790731237 0.017068248882045712 -1.7004669546058078e-16 -0.022186980207566872
38 30 1.7916666666666665 0.625 0.038592367404764162 0.033107941196402937 -2.0961141419438535e-16 -0.019830155108819213
38 31 1.7916666666666665 0.64583333333333326 0.050875074856378551 0.048581444116764294 -1.4678986688882221e-16 -0.015103527044098964
38 32 1.7916666666666665 0.66666666666666663 0.063419229693440493 0.062943940243100308 -1.9068116703016461e-16 -0.0077497794537898105
38 33 1.7916666666666665 0.6875 0.075150789492537035 0.075135580673446348 -1.3232000805472962e-16 0.0015118459629372542
38 34 1.7916666666666665 0.70833333333333326 0.085383113360684798 0.084557164839407326 -1.7115921547527775e-16 0.01184744366877721
38 35 1.7916666666666665 0.72916666666666663 0.093783694431410575 0.090854386947138099 -1.4997672974872246e-16 0.023256433812257064
38 36 1.7916666666666665 0.75 0.099943622231830953 0.093391396446619868 -1.3110294670865397e-16 0.035591778468758932
38 37 1.7916666666666665 0.77083333333333326 0.1030619191504646 0.091101361732430913 -1.1027988872739969e-16 0.048190259072489673
38 38 1.7916666666666665 0.79166666666666663 0.10342728106075814 0.0838556287247329 -9.3810247650221988e-17 0.060542844323675543
38 39 1.7916666666666665 0.8125 0.10281771492990507 0.073352797156689811 -8.9186095493941818e-17 0.072047551330331444
38 40 1.7916666666666665 0.83333333333333326 0.1022166460359317 0.062296357171053633 -5.9979754688878976e-17 0.081039537326242583
38 41 1.7916666666666665 0.85416666666666663 0.10027588777703027 0.05246617118699614 -7.1344617560709785e-17 0.085454985521316335
38 42 1.7916666666666665 0.875 0.095269681725034486 0.044543344146459753 -6.4699880104920133e-17 0.084215216844934979
38 43 1.7916666666666665 0.89583333333333326 0.087209187327498716 0.03900869055101764 -5.4301884521213879e-17 0.077998489830366016
38 44 1.7916666666666665 0.91666666666666663 0.077086301961762471 0.03603603761664604 -2.8639034226879578e-17 0.068144713243447549
38 45 1.7916666666666665 0.9375 0.065560551818808391 0.035161920201874419 -2.5812519241468236e-17 0.055333762952682657
38 46 1.7916666666666665 0.95833333333333326 0.053170925034080357 0.035614576616657283 -1.3476363407786786e-17 0.039480997978724418
38 47 1.7916666666666665 0.97916666666666663 0.041842878599677814 0.036357206091534949 -1.5138893459075749e-17 0.020711833688136588
38 48 1.7916666666666665 1 0.03668993399591991 0.03668993399591991 -1.0306455450650061e-17 0
39 0 1.8125 0 0.038632602314914166 0.038632602314914166 -1.3948884515712923e-17 0
39 1 1.8125 0.020833333333333332 0.044035531617763322 0.038606305693761743 -1.4500554062970577e-17 -0.021182096344291624
39 2 1.8125 0.041666666666666664 0.055715781580571236 0.038592743256491244 -1.4331465927490308e-17 -0.040185177429899084
39 3 1.8125 0.0625 0.068035962654869858 0.038895671219395613 -2.0206063709620998e-17 -0.055821312907952343
39 4 1.8125 0.083333333333333329 0.079089540525631344 0.040148455997274457 -2.4434051994080268e-17 -0.068141447750912951
39 5 1.8125 0.10416666666666666 0.088992724764567266 0.043104060933195507 -3.0929150800101961e-17 -0.077857208992420185
39 6 1.8125 0.125 0.097729450080051586 0.048163813190291754 -4.5073711665778898e-17 -0.08503700672013316
39 7 1.8125 0.14583333333333331 0.10460639597166896 0.055226743347328314 -6.5570778478690292e-17 -0.088839770921755129
39 8 1.8125 0.16666666666666666 0.10856935646584692 0.063764943383244302 -6.6880086060621908e-17 -0.087871139509737697
39 9 1.8125 0.1875 0.10989580540799623 0.073153625951152518 -1.0544579281227413e-16 -0.082009969250518802
39 10 1.8125 0.20833333333333331 0.11018432350249073 0.082876955954838544 -1.1260872756140895e-16 -0.072608507196893143
39 11 1.8125 0.22916666666666666 0.1101404832200511 0.091429363552873705 -1.0278861532803436e-16 -0.061413333440408585
39 12 1.8125 0.25 0.10870280171749347 0.096752288365951455 -1.7207506246784009e-16 -0.049550921254649473
39 13 1.8125 0.27083333333333331 0.10474991348721839 0.097755536429958087 -1.5692076096714786e-16 -0.037635083006031425
39 14 1.8125 0.29166666666666663 0.09852494449437095 0.094900943305640459 -1.7655095011771846e-16 -0.026475944691710097
39 15 1.8125 0.3125 0.090261984788826563 0.088722866992615571 -1.9397881906771451e-16 -0.016597553151865591
39 16 1.8125 0.33333333333333331 0.080142364770673796 0.079753331376727077 -1.3521605306742625e-16 -0.0078869997685872932
39 17 1.8125 0.35416666666666663 0.068659185148950433 0.068657721824981532 -2.0892857201409204e-16 -0.00044826233536928177
39 18 1.8125 0.375 0.056871023455495995 0.056650230557110805 -1.9380094689278215e-16 0.0050064644912117644
39 19 1.8125 0.39583333333333331 0.045012607419192233 0.044201819521110026 -2.6346449944703757e-16 0.008504938429967383
39 20 1.8125 0.41666666666666663 0.033604226091652999 0.0320715252904024 -2.2482731231692273e-16 0.010033009357416727
39 21 1.8125 0.4375 0.023555157037806189 0.021552031633598402 -2.3866457899529618e-16 0.0095055434110883023
39 22 1.8125 0.45833333333333331 0.015279577951660087 0.013356757170253752 -2.1699059108595459e-16 0.007420413753675195
39 23 1.8125 0.47916666666666663 0.009211613553647165 0.0082796185909637908 -2.127314177335206e-16 0.0040375413620052144
39 24 1.8125 0.5 0.006563447840091767 0.006563447840091767 -2.2955361427416789e-16 -1.2314840483623786e-16
39 25 1.8125 0.52083333333333326 0.009211613553647283 0.0082796185909638342 -2.2644455220455661e-16 -0.0040375413620053948
39 26 1.8125 0.54166666666666663 0.015279577951660465 0.013356757170254203 -2.3324588117363037e-16 -0.0074204137536751638
39 27 1.8125 0.5625 0.02355515703780639 0.021552031633598593 -2.4699080760654769e-16 -0.0095055434110883665
39 28 1.8125 0.58333333333333326 0.033604226091652999 0.032071525290402358 -2.2732386585133924e-16 -0.010033009357416842
39 29 1.8125 0.60416666666666663 0.045012607419192399 0.044201819521110193 -2.3516655107044068e-16 -0.0085049384299674107
39 30 1.8125 0.625 0.056871023455496057 0.056650230557110881 -1.9075849885052584e-16 -0.005006464491211675
39 31 1.8125 0.64583333333333326 0.068659185148950322 0.068657721824981421 -1.948672243615944e-16 0.00044826233536929023
39 32 1.8125 0.66666666666666663 0.080142364770673741 0.079753331376727021 -1.6676341387076625e-16 0.0078869997685873296
39 33 1.8125 0.6875 0.090261984788826549 0.088722866992615543 -1.8432513548204676e-16 0.016597553151865684
39 34 1.8125 0.70833333333333326 0.098524944494370922 0.094900943305640445 -1.651212852412999e-16 0.02647594469171002
39 35 1.8125 0.72916666666666663 0.10474991348721836 0.097755536429958031 -1.6837494269223104e-16 0.037635083006031494
39 36 1.8125 0.75 0.10870280171749346 0.096752288365951455 -1.334487768624862e-16 0.049550921254649459
39 37 1.8125 0.77083333333333326 0.11014048322005114 0.091429363552873691 -1.0980097787078638e-16 0.061413333440408661
39 38 1.8125 0.79166666666666663 0.11018432350249074 0.082876955954838488 -1.0938259969518098e-16 0.072608507196893213
39 39 1.8125 0.8125 0.10989580540799621 0.073153625951152518 -7.8977680852431387e-17 0.082009969250518761
39 40 1.8125 0.83333333333333326 0.10856935646584695 0.06376494338324433 -7.5329226899893011e-17 0.087871139509737711
39 41 1.8125 0.85416666666666663 0.10460639597166893 0.055226743347328314 -6.3549415265192023e-17 0.088839770921755101
39 42 1.8125 0.875 0.097729450080051627 0.048163813190291789 -4.4266203355409577e-17 0.085037006720133188
39 43 1.8125 0.89583333333333326 0.088992724764567266 0.043104060933195507 -4.0722344802536309e-17 0.077857208992420171
39 44 1.8125 0.91666666666666663 0.079089540525631399 0.040148455997274478 -2.400707021598384e-17 0.068141447750913006
39 45 1.8125 0.9375 0.068035962654869886 0.038895671219395647 -2.7738059400992397e-17 0.05582131290795235
39 46 1.8125 0.95833333333333326 0.055715781580571271 0.038592743256491271 -1.5663957333893914e-17 0.040185177429899105
39 47 1.8125 0.97916666666666663 0.044035531617763357 0.038606305693761785 -9.421307115180814e-18 0.021182096344291627
39 48 1.8125 1 0.03863260231491418 0.03863260231491418 -1.2369022057189432e-17 0
40 0 1.8333333333333333 0 0.038157047824555569 0.038157047824555569 -1.3813779145475962e-17 0
40 1 1.8333333333333333 0.020833333333333332 0.043895602877542322 0.038586990084691762 -1.7804823633117735e-17 -0.020925299237688377
40 2 1.8333333333333333 0.041666666666666664 0.056131990099233135 0.039678194452680136 -1.2079783882388972e-17 -0.039704422895638587
40 3 1.8333333333333333 0.0625 0.068816763444019338 0.041292738838653344 -2.1756457429281961e-17 -0.055051400074047942
40 4 1.8333333333333333 0.083333333333333329 0.079696109544561924 0.043424387340488139 -1.732694961355604e-17 -0.066826584984136878
40 5 1.8333333333333333 0.10416666666666666 0.089141866998767652 0.04662915097782367 -2.3822583277535243e-17 -0.075973644977145247
40 6 1.8333333333333333 0.125 0.097886521950590472 0.051464623465215069 -3.2848916273659674e-17 -0.083265621424253269
40 7 1.8333333333333333 0.14583333333333331 0.10585812320972728 0.058010633622359649 -4.4119836954896166e-17 -0.088547776009441123
40 8 1.8333333333333333 0.16666666666666666 0.11212034117077797 0.065893380686851841 -7.2715802639484258e-17 -0.090714019235778945
40 9 1.8333333333333333 0.1875 0.11566265000918942 0.074312039927848586 -6.6849325579091736e-17 -0.088631649702067952
40 10 1.8333333333333333 0.20833333333333331 0.11691317894205928 0.082805768053120815 -6.642830794971137e-17 -0.082534212224208758
40 11 1.8333333333333333 0.22916666666666666 0.11694452705504127 0.09080114472488178 -9.7696605017572897e-17 -0.073696502798832678
40 12 1.8333333333333333 0.25 0.11607979211143962 0.097268244535058515 -1.113748019920021e-16 -0.06335145414039918
40 13 1.8333333333333333 0.27083333333333331 0.11341902311279752 0.10062469255798671 -1.2911946716910851e-16 -0.052331119340904134
40 14 1.8333333333333333 0.29166666666666663 0.108747370106548 0.10053749551736152 -1.6356289971228752e-16 -0.041451206257321911
40 15 1.8333333333333333 0.3125 0.10237614405737783 0.097405275137846664 -1.4480172311874637e-16 -0.031513286838687073
40 16 1.8333333333333333 0.33333333333333331 0.094501392802779638 0.091714474787182948 -1.5800543130832412e-16 -0.022780876984357636
40 17 1.8333333333333333 0.35416666666666663 0.085060234728923864 0.083698745176850026 -1.7365110044300808e-16 -0.015157954610050449
40 18 1.8333333333333333 0.375 0.074929911263987167 0.074395593770685567 -1.7777967395852839e-16 -0.0089323697603782923
40 19 1.8333333333333333 0.39583333333333331 0.064975177386857 0.064836402385309105 -1.9537103207851543e-16 -0.0042443612221178314
40 20 1.8333333333333333 0.41666666666666663 0.055474668191677602 0.055466323316806794 -2.3412177616984031e-16 -0.00096217913726138462
40 21 1.8333333333333333 0.4375 0.047086013326410846 0.047079355145422622 -1.731190253378584e-16 0.00079181441393057477
40 22 1.8333333333333333 0.45833333333333331 0.04024901181876582 0.040226912105711159 -2.4293289350801796e-16 0.0013336021995106894
40 23 1.8333333333333333 0.47916666666666663 0.035744595288720614 0.035732814314351241 -1.5569840409616756e-16 0.00091764564540080509
40 24 1.8333333333333333 0.5 0.03415578672423554 0.03415578672423554 -2.1464874202092675e-16 5.4280265156949633e-18
40 25 1.8333333333333333 0.52083333333333326 0.035744595288720558 0.035732814314351186 -1.3967194937092638e-16 -0.0009176456454008477
40 26 1.8333333333333333 0.54166666666666663 0.040249011818765834 0.040226912105711173 -2.339750133434214e-16 -0.0013336021995107399
40 27 1.8333333333333333 0.5625 0.047086013326410811 0.047079355145422594 -1.4199187003832875e-16 -0.00079181441393035381
40 28 1.8333333333333333 0.58333333333333326 0.055474668191677567 0.055466323316806766 -1.9511081639089522e-16 0.0009621791372613406
40 29 1.8333333333333333 0.60416666666666663 0.064975177386856806 0.064836402385308911 -1.9062331399227831e-16 0.0042443612221178921
40 30 1.8333333333333333 0.625 0.074929911263987375 0.074395593770685761 -1.9650249185020579e-16 0.0089323697603784485
40 31 1.8333333333333333 0.64583333333333326 0.085060234728923684 0.083698745176849859 -1.913068812646568e-16 0.015157954610050392
40 32 1.8333333333333333 0.66666666666666663 0.094501392802779485 0.091714474787182754 -1.5943302443021978e-16 0.022780876984357781
40 33 1.8333333333333333 0.6875 0.10237614405737774 0.09740527513784665 -1.5908623433942242e-16 0.031513286838686837
40 34 1.8333333333333333 0.70833333333333326 0.10874737010654802 0.10053749551736155 -1.4542618273762958e-16 0.041451206257321849
40 35 1.8333333333333333 0.72916666666666663 0.11341902311279767 0.10062469255798683 -1.4671445819929794e-16 0.052331119340904238
40 36 1.8333333333333333 0.75 0.11607979211143961 0.09726824453505846 -9.8055758067307234e-17 0.063351454140399235
40 37 1.8333333333333333 0.77083333333333326 0.1169445270550413 0.090801144724881822 -1.1861076914255329e-16 0.073696502798832678
40 38 1.8333333333333333 0.79166666666666663 0.11691317894205916 0.082805768053120718 -9.2211634788673544e-17 0.082534212224208689
40 39 1.8333333333333333 0.8125 0.11566265000918943 0.074312039927848655 -7.3301861591630353e-17 0.088631649702067911
40 40 1.8333333333333333 0.83333333333333326 0.11212034117077788 0.065893380686851785 -4.3371539472754488e-17 0.090714019235778862
40 41 1.8333333333333333 0.85416666666666663 0.10585812320972721 0.058010633622359691 -5.9361553112060693e-17 0.088547776009441012
40 42 1.8333333333333333 0.875 0.097886521950590499 0.051464623465215117 -3.7188109949973278e-17 0.083265621424253269
40 43 1.8333333333333333 0.89583333333333326 0.08914186699876768 0.046629150977823705 -2.9010089494110112e-17 0.07597364497714526
40 44 1.8333333333333333 0.91666666666666663 0.079696109544561966 0.043424387340488174 -1.1712018188499587e-17 0.066826584984136891
40 45 1.8333333333333333 0.9375 0.068816763444019366 0.041292738838653364 -2.1471401481558878e-17 0.055051400074047963
40 46 1.8333333333333333 0.95833333333333326 0.056131990099233156 0.03967819445268015 -8.1542059517980005e-18 0.039704422895638601
40 47 1.8333333333333333 0.97916666666666663 0.043895602877542336 0.038586990084691776 -1.3700739295397481e-17 0.020925299237688377
40 48 1.8333333333333333 1 0.03815704782455559 0.03815704782455559 -8.492749656043538e-18 0
41 0 1.8541666666666665 0 0.035346521863193044 0.035346521863193044 -8.9126503534553826e-18 0
41 1 1.8541666666666665 0.020833333333333332 0.04131887613693689 0.036297622051285526 -8.6513900296282862e-18 -0.019741635156226636
41 2 1.8541666666666665 0.041666666666666664 0.054058068479286375 0.038725609071995439 -1.1707097155428395e-17 -0.03771739611524369
41 3 1.8541666666666665 0.0625 0.067411010526584506 0.042055720256449117 -1.5474003613685546e-17 -0.052683590746328057
41 4 1.8541666666666665 0.083333333333333329 0.078830028890047268 0.045683388427827355 -2.008789925353316e-17 -0.064243299079031868
41 5 1.8541666666666665 0.10416666666666666 0.088227656297324833 0.049608483116314807 -1.7524850435083988e-17 -0.072959699414246432
41 6 1.8541666666666665 0.125 0.096677257235404948 0.054385043327929351 -2.888736966625195e-17 -0.079929713678831005
41 7 1.8541666666666665 0.14583333333333331 0.10486410217800116 0.060464532401198749 -2.7099535793958382e-17 -0.085676836117486582
41 8 1.8541666666666665 0.16666666666666666 0.11245977774815663 0.067784820430539905 -4.0902706919562015e-17 -0.089735275841578852
41 9 1.8541666666666665 0.1875 0.11842084485064365 0.07573605641281006 -4.9044279248449545e-17 -0.091035961323950809
41 10 1.8541666666666665 0.20833333333333331 0.12195176003990742 0.083595933396078306 -5.6900084056069349e-17 -0.088791619517100823
41 11 1.8541666666666665 0.22916666666666666 0.12328309645651014 0.090837744897645553 -9.6345127347367437e-17 -0.08335002083872238
41 12 1.8541666666666665 0.25 0.12300719990646991 0.096989451045121064 -1.021368073597627e-16 -0.075655915927284351
41 13 1.8541666666666665 0.27083333333333331 0.1210715084365879 0.10118554603399628 -1.1879467224323408e-16 -0.066481542016658984
41 14 1.8541666666666665 0.29166666666666663 0.11710187144167813 0.10253644139512982 -1.4613067012687777e-16 -0.056560821079316204
41 15 1.8541666666666665 0.3125 0.11126494957008133 0.10097396501732828 -1.9113004615311866e-16 -0.046734862699189653
41 16 1.8541666666666665 0.33333333333333331 0.10402192934929103 0.096974981837425034 -1.77864724575603e-16 -0.037635285081688688
41 17 1.8541666666666665 0.35416666666666663 0.095581017937936122 0.090947080950818063 -1.6844798740400167e-16 -0.029399990758117819
41 18 1.8541666666666665 0.375 0.086222010200626406 0.083316161850107748 -1.8636741576429499e-16 -0.022195770263804173
41 19 1.8541666666666665 0.39583333333333331 0.076791383769627686 0.075056245945659239 -1.9524483681057317e-16 -0.01623196124314465
41 20 1.8541666666666665 0.41666666666666663 0.067822443018575859 0.066870914876882084 -2.0470603327162161e-16 -0.011320977013348265
41 21 1.8541666666666665 0.4375 0.060206386114648867 0.059736783778460971 -1.9235042959548998e-16 -0.0075050378274587179
41 22 1.8541666666666665 0.45833333333333331 0.054368519957457832 0.05418035412649494 -1.9888065089944396e-16 -0.0045194235353740887
41 23 1.8541666666666665 0.47916666666666663 0.050678013622593582 0.050634068989188832 -1.9058750332414903e-16 -0.0021100052914261613
41 24 1.8541666666666665 0.5 0.049419871370370079 0.049419871370370079 -2.3971713706914178e-16 -4.5933419406891984e-17
41 25 1.8541666666666665 0.52083333333333326 0.050678013622593748 0.050634068989188999 -2.0979349379534946e-16 0.0021100052914261791
41 26 1.8541666666666665 0.54166666666666663 0.054368519957457485 0.054180354126494593 -2.1637614150248478e-16 0.0045194235353740774
41 27 1.8541666666666665 0.5625 0.060206386114648992 0.05973678377846111 -2.0091980404685798e-16 0.0075050378274585921
41 28 1.8541666666666665 0.58333333333333326 0.067822443018575734 0.066870914876881973 -1.7099360001800625e-16 0.011320977013348173
41 29 1.8541666666666665 0.60416666666666663 0.076791383769627602 0.075056245945659184 -1.9040177658841339e-16 0.016231961243144442
41 30 1.8541666666666665 0.625 0.086222010200626156 0.08331616185010747 -1.6401431829558196e-16 0.022195770263804246
41 31 1.8541666666666665 0.64583333333333326 0.095581017937936191 0.090947080950818104 -1.8243819840420678e-16 0.029399990758117896
41 32 1.8541666666666665 0.66666666666666663 0.104021929349291 0.096974981837424992 -1.5138041912166512e-16 0.037635285081688716
41 33 1.8541666666666665 0.6875 0.11126494957008133 0.10097396501732833 -1.5543637574526118e-16 0.046734862699189514
41 34 1.8541666666666665 0.70833333333333326 0.11710187144167794 0.10253644139512968 -1.3505194713703599e-16 0.056560821079316058
41 35 1.8541666666666665 0.72916666666666663 0.12107150843658793 0.10118554603399625 -1.2583299879382277e-16 0.066481542016659095
41 36 1.8541666666666665 0.75 0.12300719990646981 0.096989451045120939 -9.6783114914440748e-17 0.075655915927284337
41 37 1.8541666666666665 0.77083333333333326 0.12328309645651009 0.090837744897645456 -8.6187077060722346e-17 0.083350020838722394
41 38 1.8541666666666665 0.79166666666666663 0.12195176003990739 0.083595933396078265 -8.1957897358889289e-17 0.088791619517100823
41 39 1.8541666666666665 0.8125 0.11842084485064366 0.075736056412810088 -5.3778950237115053e-17 0.091035961323950809
41 40 1.8541666666666665 0.83333333333333326 0.11245977774815664 0.067784820430539933 -4.1652152182366744e-17 0.089735275841578852
41 41 1.8541666666666665 0.85416666666666663 0.10486410217800109 0.060464532401198728 -3.9344034438403169e-17 0.085676836117486513
41 42 1.8541666666666665 0.875 0.096677257235404976 0.054385043327929372 -2.7758178482359957e-17 0.079929713678831033
41 43 1.8541666666666665 0.89583333333333326 0.088227656297324847 0.049608483116314848 -2.3509295860568524e-17 0.072959699414246418
41 44 1.8541666666666665 0.91666666666666663 0.078830028890047352 0.045683388427827404 -1.7044993378789356e-17 0.064243299079031924
41 45 1.8541666666666665 0.9375 0.067411010526584519 0.042055720256449172 -1.5348233916612005e-17 0.052683590746328023
41 46 1.8541666666666665 0.95833333333333326 0.054058068479286403 0.038725609071995459 -1.0267168130583275e-17 0.037717396115243711
41 47 1.8541666666666665 0.97916666666666663 0.041318876136936911 0.036297622051285547 -8.0343882270256473e-18 0.019741635156226647
41 48 1.8541666666666665 1 0.035346521863193064 0.035346521863193064 -1.1191369983728742e-17 0
42 0 1.875 0 0.030640386465233649 0.030640386465233649 -8.357905140605352e-18 0
42 1 1.875 0.020833333333333332 0.036515212264025251 0.032003103151515118 -1.2737323601952295e-17 -0.017583006436906721
42 2 1.875 0.041666666666666664 0.049310333348679541 0.035663298662137292 -8.9628255330529118e-18 -0.034053459493759132
42 3 1.875 0.0625 0.063233554053136604 0.040734787565274266 -1.8968287483372033e-17 -0.048364857491808314
42 4 1.875 0.083333333333333329 0.075632530058480057 0.04613251063975788 -1.3603204434205268e-17 -0.059933889120592825
42 5 1.875 0.10416666666666666 0.085816681879532383 0.051325762024305305 -2.0458536354206423e-17 -0.06877622439068054
42 6 1.875 0.125 0.094250150650840026 0.056308120657781763 -2.436341802222976e-17 -0.075580992621787718
42 7 1.875 0.14583333333333331 0.10205832900142486 0.061752695136738117 -2.6421013026435533e-17 -0.081255813096123522
42 8 1.875 0.16666666666666666 0.10961801210584528 0.067943152870201931 -4.3440304953140667e-17 -0.086022302666771328
42 9 1.875 0.1875 0.11648334562222956 0.074775463544681578 -4.1339660229737518e-17 -0.089314051856501181
42 10 1.875 0.20833333333333331 0.12174144919991377 0.081619668563912576 -6.6794963092872188e-17 -0.090328346363764703
42 11 1.875 0.22916666666666666 0.12482318693614949 0.087933455228954571 -6.8351587418097159e-17 -0.088591960404962047
42 12 1.875 0.25 0.12573751105608891 0.093234884700354084 -9.3375367574770748e-17 -0.084363368599717256
42 13 1.875 0.27083333333333331 0.12469351755552323 0.097142482995020832 -9.5060385719782281e-17 -0.07817807440664977
42 14 1.875 0.29166666666666663 0.12160743824977535 0.099066483792867463 -1.270004413680616e-16 -0.070528014480704435
42 15 1.875 0.3125 0.11657988144130997 0.098710429914831171 -1.3113069265694752e-16 -0.062025154436721026
42 16 1.875 0.33333333333333331 0.10992719745826501 0.096121543231024467 -1.6819570061892692e-16 -0.053335144772604495
42 17 1.875 0.35416666666666663 0.10219977026254393 0.09181974416141675 -1.7181126009387225e-16 -0.044876804964800385
42 18 1.875 0.375 0.093685845446899466 0.086152081878097406 -1.9343910146699691e-16 -0.036808374389124175
42 19 1.875 0.39583333333333331 0.085120874154794815 0.079891084581658722 -1.8307503561954953e-16 -0.029376484153871587
42 20 1.875 0.41666666666666663 0.076922729075399723 0.073545389864784344 -1.6853816555096457e-16 -0.022542889744755931
42 21 1.875 0.4375 0.069805816582844737 0.067871173219755665 -1.7274967309854329e-16 -0.016320412818666141
42 22 1.875 0.45833333333333331 0.064359761200500187 0.063481181300457823 -1.7990726703804115e-16 -0.010598041445654635
42 23 1.875 0.47916666666666663 0.06097570404159653 0.060751910580716766 -1.5910727988131951e-16 -0.0052193720082942653
42 24 1.875 0.5 0.05984109416303255 0.05984109416303255 -1.8009132231202706e-16 -4.9282836288809335e-17
42 25 1.875 0.52083333333333326 0.060975704041596412 0.060751910580716648 -1.875519278794263e-16 0.0052193720082942931
42 26 1.875 0.54166666666666663 0.064359761200500049 0.063481181300457684 -1.6610473104287706e-16 0.010598041445654585
42 27 1.875 0.5625 0.069805816582844724 0.067871173219755707 -1.7390366213362813e-16 0.016320412818665919
42 28 1.875 0.58333333333333326 0.076922729075399696 0.073545389864784289 -1.4897260856511556e-16 0.022542889744755996
42 29 1.875 0.60416666666666663 0.085120874154794857 0.07989108458165875 -1.7710162092571768e-16 0.029376484153871601
42 30 1.875 0.625 0.093685845446899507 0.086152081878097489 -1.4539372908740599e-16 0.036808374389124099
42 31 1.875 0.64583333333333326 0.1021997702625438 0.091819744161416639 -1.5923563950007816e-16 0.044876804964800322
42 32 1.875 0.66666666666666663 0.10992719745826482 0.096121543231024328 -1.4089408853825338e-16 0.053335144772604343
42 33 1.875 0.6875 0.11657988144131012 0.098710429914831282 -1.6454314133731343e-16 0.06202515443672111
42 34 1.875 0.70833333333333326 0.12160743824977531 0.099066483792867449 -1.0494975373757346e-16 0.070528014480704365
42 35 1.875 0.72916666666666663 0.12469351755552327 0.097142482995020832 -1.4605462770458591e-16 0.078178074406649839
42 36 1.875 0.75 0.12573751105608885 0.093234884700354029 -7.3448884678004882e-17 0.084363368599717242
42 37 1.875 0.77083333333333326 0.12482318693614947 0.087933455228954585 -8.7618147464656327e-17 0.088591960404961992
42 38 1.875 0.79166666666666663 0.12174144919991377 0.081619668563912687 -7.1609991810650109e-17 0.090328346363764619
42 39 1.875 0.8125 0.11648334562222959 0.074775463544681661 -5.0239983424973845e-17 0.089314051856501153
42 40 1.875 0.83333333333333326 0.10961801210584533 0.067943152870202014 -3.1934368525052102e-17 0.086022302666771328
42 41 1.875 0.85416666666666663 0.10205832900142493 0.061752695136738138 -3.6893660680156317e-17 0.081255813096123605
42 42 1.875 0.875 0.094250150650840039 0.056308120657781777 -1.7965824453281674e-17 0.075580992621787732
42 43 1.875 0.89583333333333326 0.085816681879532383 0.051325762024305319 -2.2271016982927658e-17 0.068776224390680527
42 44 1.875 0.91666666666666663 0.075632530058480057 0.046132510639757866 -1.2764379109561202e-17 0.059933889120592838
42 45 1.875 0.9375 0.063233554053136673 0.040734787565274329 -1.0290214323555507e-17 0.048364857491808341
42 46 1.875 0.95833333333333326 0.049310333348679583 0.035663298662137313 -9.1517786768248943e-18 0.034053459493759167
42 47 1.875 0.97916666666666663 0.0365152122640253 0.03200310315151516 -8.9452647120178199e-18 0.017583006436906742
42 48 1.875 1 0.030640386465233673 0.030640386465233673 -6.7584728131515654e-18 0
43 0 1.8958333333333333 0 0.024833145622682438 0.024833145622682438 -5.5080613247623148e-18 0
43 1 1.8958333333333333 0.020833333333333332 0.030284153586359382 0.026458229186151584 -4.3361145257592285e-18 -0.014734044481244123
43 2 1.8958333333333333 0.041666666666666664 0.042406528557099227 0.030913168254727393 -7.6208159902816329e-18 -0.029029118014831018
43 3 1.8958333333333333 0.0625 0.056461766686747079 0.037371550887262975 -1.0398194367325101e-17 -0.042323731896766574
43 4 1.8958333333333333 0.083333333333333329 0.069931765376112134 0.044531908845327296 -1.0155132016847963e-17 -0.053919949028268348
43 5 1.8958333333333333 0.10416666666666666 0.081667692587531732 0.051452756232078449 -1.0303596240772679e-17 -0.063421020873949185
43 6 1.8958333333333333 0.125 0.091342271738357211 0.057568074896856065 -1.9463839038614212e-17 -0.070917750662255641
43 7 1.8958333333333333 0.14583333333333331 0.099482162198929344 0.063062733834174212 -2.0946263138598228e-17 -0.076940185840262854
43 8 1.8958333333333333 0.16666666666666666 0.10687381829351987 0.068394659790721193 -3.5931114234779267e-17 -0.082122978201888228
43 9 1.8958333333333333 0.1875 0.1136632563890884 0.073806360982280592 -3.4875829456748082e-17 -0.086440482018120046
43 10 1.8958333333333333 0.20833333333333331 0.11931000136437026 0.079040054251888994 -3.1004634358414719e-17 -0.089373073402588529
43 11 1.8958333333333333 0.22916666666666666 0.12316464625820442 0.083693667803264177 -7.6942417222519232e-17 -0.090359836528988297
43 12 1.8958333333333333 0.25 0.12476041090056288 0.087311408693166462 -6.4179813551241723e-17 -0.089117215172446584
43 13 1.8958333333333333 0.27083333333333331 0.12401398560694793 0.089623095530347821 -1.0482549603111642e-16 -0.08571563085971215
43 14 1.8958333333333333 0.29166666666666663 0.12088787509312773 0.090270153842870585 -1.1606329073199881e-16 -0.080406328542696998
43 15 1.8958333333333333 0.3125 0.11557697845312673 0.089133605699255256 -1.1956242858513805e-16 -0.073574712254987532
43 16 1.8958333333333333 0.33333333333333331 0.10834287258707136 0.086164232783220482 -1.4053676496732183e-16 -0.065680309296602526
43 17 1.8958333333333333 0.35416666666666663 0.09976845125632211 0.081731932330213752 -1.3879323400029691e-16 -0.057215689313810436
43 18 1.8958333333333333 0.375 0.09030403958610618 0.076187879402829117 -1.7787845069326073e-16 -0.048479135694327297
43 19 1.8958333333333333 0.39583333333333331 0.080721160395456251 0.070220869449429679 -1.4720423952333039e-16 -0.039811245011367444
43 20 1.8958333333333333 0.41666666666666663 0.071537159658583302 0.064326170475544106 -1.9263360913800259e-16 -0.031300303576305387
43 21 1.8958333333333333 0.4375 0.063339436000066515 0.059003395914350762 -1.5253953389435624e-16 -0.023032225758291339
43 22 1.8958333333333333 0.45833333333333331 0.056768672218898267 0.054727493763063219 -1.9949984500850963e-16 -0.015085873256480331
43 23 1.8958333333333333 0.47916666666666663 0.052467143439036905 0.051937433806211436 -1.7838829089858366e-16 -0.0074366733340841791
43 24 1.8958333333333333 0.5 0.050966120129915291 0.050966120129915291 -1.7114286935452209e-16 7.0472928309883486e-17
43 25 1.8958333333333333 0.52083333333333326 0.052467143439037016 0.051937433806211533 -1.7956583511273423e-16 0.0074366733340842858
43 26 1.8958333333333333 0.54166666666666663 0.056768672218898059 0.054727493763063025 -1.4318813677849535e-16 0.015085873256480248
43 27 1.8958333333333333 0.5625 0.063339436000066598 0.059003395914350859 -1.9953381660744983e-16 0.023032225758291301
43 28 1.8958333333333333 0.58333333333333326 0.071537159658583302 0.064326170475544078 -1.5089790126949185e-16 0.031300303576305463
43 29 1.8958333333333333 0.60416666666666663 0.080721160395456057 0.070220869449429554 -1.6452552991323055e-16 0.039811245011367256
43 30 1.8958333333333333 0.625 0.090304039586106222 0.076187879402829145 -1.1568751220298156e-16 0.048479135694327338
43 31 1.8958333333333333 0.64583333333333326 0.099768451256322166 0.08173193233021378 -1.3272749435474797e-16 0.057215689313810485
43 32 1.8958333333333333 0.66666666666666663 0.10834287258707136 0.086164232783220523 -9.1210557256675267e-17 0.065680309296602457
43 33 1.8958333333333333 0.6875 0.11557697845312667 0.089133605699255172 -9.896431126140398e-17 0.073574712254987532
43 34 1.8958333333333333 0.70833333333333326 0.12088787509312766 0.090270153842870557 -7.6769343368621604e-17 0.080406328542696928
43 35 1.8958333333333333 0.72916666666666663 0.12401398560694797 0.089623095530347849 -9.4970028066867521e-17 0.085715630859712177
43 36 1.8958333333333333 0.75 0.12476041090056277 0.087311408693166337 -8.0469640188744938e-17 0.089117215172446557
43 37 1.8958333333333333 0.77083333333333326 0.12316464625820442 0.083693667803264191 -6.7196384469195253e-17 0.090359836528988283
43 38 1.8958333333333333 0.79166666666666663 0.11931000136437031 0.079040054251889022 -5.9779857752154466e-17 0.089373073402588571
43 39 1.8958333333333333 0.8125 0.11366325638908839 0.073806360982280578 -2.733544094136465e-17 0.086440482018120046
43 40 1.8958333333333333 0.83333333333333326 0.10687381829351994 0.068394659790721249 -3.0333264836439856e-17 0.082122978201888269
43 41 1.8958333333333333 0.85416666666666663 0.099482162198929344 0.063062733834174212 -2.0408675550205478e-17 0.076940185840262867
43 42 1.8958333333333333 0.875 0.091342271738357267 0.057568074896856093 -2.6899472181477623e-17 0.070917750662255696
43 43 1.8958333333333333 0.89583333333333326 0.081667692587531759 0.05145275623207847 -1.5968221562626674e-17 0.063421020873949199
43 44 1.8958333333333333 0.91666666666666663 0.069931765376112176 0.044531908845327289 -1.4410924065876922e-17 0.053919949028268403
43 45 1.8958333333333333 0.9375 0.056461766686747114 0.037371550887262996 -1.0976037511316051e-17 0.042323731896766602
43 46 1.8958333333333333 0.95833333333333326 0.042406528557099268 0.030913168254727411 -8.4615764100059649e-18 0.029029118014831056
43 47 1.8958333333333333 0.97916666666666663 0.030284153586359417 0.026458229186151618 -5.8931316021713091e-18 0.014734044481244131
43 48 1.8958333333333333 1 0.024833145622682472 0.024833145622682472 -5.3567789381295392e-18 0
44 0 1.9166666666666665 0 0.018659510230269218 0.018659510230269218 -4.7333231446273259e-18 0
44 1 1.9166666666666665 0.020833333333333332 0.023309346529379969 0.020275619124181004 -5.9973989047758473e-18 -0.011498908850750299
44 2 1.9166666666666665 0.041666666666666664 0.033929914219322323 0.024822775779556723 -5.6680428131908143e-18 -0.023131555968598901
44 3 1.9166666666666665 0.0625 0.04698458754786429 0.031639086738430834 -9.8716036753719264e-18 -0.03473499182957978
44 4 1.9166666666666665 0.083333333333333329 0.060603279767563967 0.039628127145547767 -9.5703700921385211e-18 -0.0458515982003019
44 5 1.9166666666666665 0.10416666666666666 0.073345483150671686 0.047609177247789028 -1.8096967537350938e-17 -0.055793603041872739
44 6 1.9166666666666665 0.125 0.084300435698459381 0.054630702451408206 -1.6668488379196744e-17 -0.064203191576554713
44 7 1.9166666666666665 0.14583333333333331 0.09322590975618085 0.060301493162675204 -2.5968288925608055e-17 -0.071097117889682496
44 8 1.9166666666666665 0.16666666666666666 0.10044102334399363 0.064691098163952812 -3.3341099855089643e-17 -0.07683398329340016
44 9 1.9166666666666665 0.1875 0.10651378725395 0.068269097063101261 -3.4559349368611226e-17 -0.081758897138896017
44 10 1.9166666666666665 0.20833333333333331 0.11143862555734073 0.071176015830852729 -2.9546512750926232e-17 -0.08574696517402465
44 11 1.9166666666666665 0.22916666666666666 0.11490472639588427 0.073461173022834308 -3.8408540487953206e-17 -0.08835469543958728
44 12 1.9166666666666665 0.25 0.11649715068760598 0.074926781531470005 -5.2965024476160734e-17 -0.089205176574379028
44 13 1.9166666666666665 0.27083333333333331 0.11604780665986031 0.075555072183687705 -7.0622283283215075e-17 -0.088082486896556567
44 14 1.9166666666666665 0.29166666666666663 0.11337482397244997 0.075129402728363923 -7.1472148070165614e-17 -0.084908324423835613
44 15 1.9166666666666665 0.3125 0.10858941017625136 0.073618348401016623 -8.8398968578186223e-17 -0.079824800539260318
44 16 1.9166666666666665 0.33333333333333331 0.10190365521433986 0.070961752263366512 -7.7177085343897106e-17 -0.073135385838564174
44 17 1.9166666666666665 0.35416666666666663 0.093800938202338438 0.06738952702832382 -1.1821802151277532e-16 -0.065247740608681062
44 18 1.9166666666666665 0.375 0.08463605976565744 0.063047791249899524 -5.8262013112123144e-17 -0.056464490001814679
44 19 1.9166666666666665 0.39583333333333331 0.07501310572187983 0.058312505838991238 -1.5661539669100047e-16 -0.047187050054220733
44 20 1.9166666666666665 0.41666666666666663 0.065586594792682751 0.053648737488846965 -8.9397381090291288e-17 -0.03772816431198777
44 21 1.9166666666666665 0.4375 0.056980741771053639 0.049476568599200514 -1.5423705894908878e-16 -0.028264360817610967
44 22 1.9166666666666665 0.45833333333333331 0.049884321552863271 0.046193590528049819 -1.3336164134158817e-16 -0.018830765542492578
44 23 1.9166666666666665 0.47916666666666663 0.045071920030977798 0.044077299826157317 -1.7244670463315471e-16 -0.009416454498052328
44 24 1.9166666666666665 0.5 0.043346569257503763 0.043346569257503763 -1.3385762166956788e-16 -3.4503148025333945e-17
44 25 1.9166666666666665 0.52083333333333326 0.045071920030977951 0.044077299826157497 -1.8201738241058614e-16 0.0094164544980522031
44 26 1.9166666666666665 0.54166666666666663 0.049884321552863216 0.046193590528049777 -1.2920416494325073e-16 0.018830765542492502
44 27 1.9166666666666665 0.5625 0.056980741771053611 0.049476568599200535 -1.5808108785826194e-16 0.028264360817610884
44 28 1.9166666666666665 0.58333333333333326 0.065586594792682751 0.053648737488846986 -1.1043101953938375e-16 0.037728164311987736
44 29 1.9166666666666665 0.60416666666666663 0.075013105721879775 0.058312505838991086 -1.2743515763604931e-16 0.047187050054220844
44 30 1.9166666666666665 0.625 0.084636059765657398 0.063047791249899537 -1.1699021499201115e-16 0.056464490001814624
44 31 1.9166666666666665 0.64583333333333326 0.093800938202338341 0.067389527028323792 -1.1217785258117911e-16 0.065247740608680965
44 32 1.9166666666666665 0.66666666666666663 0.10190365521433985 0.070961752263366484 -1.0114863322117728e-16 0.073135385838564188
44 33 1.9166666666666665 0.6875 0.10858941017625139 0.073618348401016581 -1.2458055641395852e-16 0.079824800539260402
44 34 1.9166666666666665 0.70833333333333326 0.11337482397244998 0.075129402728363964 -8.2391307306043883e-17 0.084908324423835599
44 35 1.9166666666666665 0.72916666666666663 0.11604780665986032 0.075555072183687663 -8.2860644521973192e-17 0.088082486896556622
44 36 1.9166666666666665 0.75 0.11649715068760595 0.074926781531469991 -4.6765607308117691e-17 0.089205176574379
44 37 1.9166666666666665 0.77083333333333326 0.11490472639588423 0.073461173022834253 -5.591601080577292e-17 0.088354695439587266
44 38 1.9166666666666665 0.79166666666666663 0.11143862555734084 0.071176015830852854 -4.807042454153085e-17 0.085746965174024692
44 39 1.9166666666666665 0.8125 0.10651378725395008 0.068269097063101275 -3.5273804940216383e-17 0.081758897138896114
44 40 1.9166666666666665 0.83333333333333326 0.10044102334399364 0.064691098163952798 -1.8890285073077102e-17 0.076833983293400188
44 41 1.9166666666666665 0.85416666666666663 0.093225909756180905 0.060301493162675295 -2.6362831890913651e-17 0.071097117889682496
44 42 1.9166666666666665 0.875 0.084300435698459408 0.054630702451408213 -7.990858020513764e-18 0.064203191576554741
44 43 1.9166666666666665 0.89583333333333326 0.073345483150671728 0.047609177247789104 -1.252681230453985e-17 0.055793603041872745
44 44 1.9166666666666665 0.91666666666666663 0.060603279767564008 0.039628127145547795 -9.3991274866829902e-18 0.045851598200301928
44 45 1.9166666666666665 0.9375 0.046984587547864338 0.031639086738430883 -7.763370399711233e-18 0.0347349918295798
44 46 1.9166666666666665 0.95833333333333326 0.03392991421932235 0.024822775779556747 -4.9468152324515307e-18 0.023131555968598914
44 47 1.9166666666666665 0.97916666666666663 0.023309346529379996 0.020275619124181032 -5.0867301669272154e-18 0.011498908850750309
44 48 1.9166666666666665 1 0.018659510230269242 0.018659510230269242 -3.6858253237614834e-18 0
45 0 1.9375 0 0.013197847302047327 0.013197847302047327 -2.722426237367546e-18 0
45 1 1.9375 0.020833333333333332 0.016935652254319301 0.014629466443188485 -2.3820033801623761e-18 -0.0085320002852116942
45 2 1.9375 0.041666666666666664 0.025726937204982779 0.018790428490915365 -3.2867994369466725e-18 -0.017572566547801809
45 3 1.9375 0.0625 0.037233983347009239 0.025280629467886197 -4.9298893520059702e-18 -0.027336043780927868
45 4 1.9375 0.083333333333333329 0.050253532022599447 0.033317795259217999 -5.8694849131795779e-18 -0.037621031349648809
45 5 1.9375 0.10416666666666666 0.063624876699110905 0.041918851394584518 -9.0007729398343553e-18 -0.047863711021355275
45 6 1.9375 0.125 0.075998050125952038 0.049858968967432332 -9.3716710650902625e-18 -0.057356663400614044
45 7 1.9375 0.14583333333333331 0.08648525753770224 0.056313306724729811 -1.4403972519491804e-17 -0.065639250887629591
45 8 1.9375 0.16666666666666666 0.09461642117315007 0.06072404193680081 -1.6924399580000133e-17 -0.072559340449542251
45 9 1.9375 0.1875 0.10048369891323809 0.063161786944414239 -1.8571061530046394e-17 -0.078150895178972266
45 10 1.9375 0.20833333333333331 0.10428015637938155 0.063841118071859645 -2.4985696378898613e-17 -0.082454003285729841
45 11 1.9375 0.22916666666666666 0.10609968230804608 0.063107956470527665 -3.7564847851516391e-17 -0.085290846026887843
45 12 1.9375 0.25 0.10581992008988088 0.061125877789644519 -3.9541803734048499e-17 -0.086379873537035343
45 13 1.9375 0.27083333333333331 0.10350709776814014 0.058205961676324233 -5.9718156257194497e-17 -0.085590801571883854
45 14 1.9375 0.29166666666666663 0.099217126418839258 0.054512825542444278 -5.267496533467827e-17 -0.082899879530617934
45 15 1.9375 0.3125 0.093111095319893436 0.050257589857349259 -8.5164356611667671e-17 -0.0783827196096228
45 16 1.9375 0.33333333333333331 0.085371352844190451 0.045510336944076357 -7.7990881426586021e-17 -0.07222933696001857
45 17 1.9375 0.35416666666666663 0.076438423194611679 0.040519144296250101 -7.7299989663097594e-17 -0.064815364582622007
45 18 1.9375 0.375 0.06669268333995651 0.035462450559401171 -9.2141403091432093e-17 -0.056482994001785525
45 19 1.9375 0.39583333333333331 0.056509410286968868 0.030576013545301838 -9.4165991210722016e-17 -0.047522845523584774
45 20 1.9375 0.41666666666666663 0.046254603920945353 0.026104006863818686 -1.2142500855692232e-16 -0.038184672442450517
45 21 1.9375 0.4375 0.036324276289228428 0.022323533292567078 -1.1711167023084714e-16 -0.028655067776430957
45 22 1.9375 0.45833333333333331 0.027271105924274026 0.019475979047698069 -1.126432892042351e-16 -0.019089249814138835
45 23 1.9375 0.47916666666666663 0.02012707724279093 0.017723969647923523 -1.1683898906874438e-16 -0.009537302462266686
45 24 1.9375 0.5 0.017136124550878602 0.017136124550878602 -1.0172385841079114e-16 -5.7227592824330458e-17
45 25 1.9375 0.52083333333333326 0.02012707724279093 0.017723969647923554 -1.227404736290681e-16 0.0095373024622666322
45 26 1.9375 0.54166666666666663 0.027271105924274123 0.019475979047698152 -1.0285670226646385e-16 0.019089249814138891
45 27 1.9375 0.5625 0.036324276289228435 0.02232353329256705 -1.2118661655548643e-16 0.028655067776430985
45 28 1.9375 0.58333333333333326 0.046254603920945429 0.02610400686381872 -1.0645381567126844e-16 0.038184672442450586
45 29 1.9375 0.60416666666666663 0.056509410286969 0.030576013545301938 -1.0667744338928018e-16 0.047522845523584864
45 30 1.9375 0.625 0.066692683339956371 0.035462450559401136 -8.0721007287426354e-17 0.056482994001785393
45 31 1.9375 0.64583333333333326 0.07643842319461179 0.040519144296250073 -8.0992065554547186e-17 0.064815364582622159
45 32 1.9375 0.66666666666666663 0.085371352844190326 0.045510336944076302 -8.0610590908923954e-17 0.072229336960018445
45 33 1.9375 0.6875 0.09311109531989345 0.050257589857349218 -5.3251798249506514e-17 0.078382719609622842
45 34 1.9375 0.70833333333333326 0.099217126418839202 0.054512825542444202 -6.3829600581741189e-17 0.08289987953061792
45 35 1.9375 0.72916666666666663 0.10350709776814007 0.058205961676324178 -4.3543590551349575e-17 0.085590801571883812
45 36 1.9375 0.75 0.10581992008988093 0.061125877789644525 -5.2485174002924322e-17 0.086379873537035398
45 37 1.9375 0.77083333333333326 0.10609968230804612 0.063107956470527693 -3.0413598871353841e-17 0.085290846026887884
45 38 1.9375 0.79166666666666663 0.10428015637938159 0.063841118071859632 -3.2660008743845802e-17 0.082454003285729896
45 39 1.9375 0.8125 0.10048369891323811 0.063161786944414225 -2.023951372182014e-17 0.078150895178972279
45 40 1.9375 0.83333333333333326 0.094616421173150098 0.06072404193680081 -2.3198225140861042e-17 0.072559340449542278
45 41 1.9375 0.85416666666666663 0.086485257537702226 0.056313306724729832 -1.614315523670104e-17 0.065639250887629563
45 42 1.9375 0.875 0.075998050125952094 0.04985896896743236 -1.4788980456580336e-17 0.057356663400614093
45 43 1.9375 0.89583333333333326 0.063624876699110947 0.041918851394584553 -9.1152809017185265e-18 0.047863711021355289
45 44 1.9375 0.91666666666666663 0.050253532022599488 0.033317795259218026 -8.4440255429811679e-18 0.037621031349648844
45 45 1.9375 0.9375 0.037233983347009267 0.025280629467886215 -5.6215538154192589e-18 0.027336043780927896
45 46 1.9375 0.95833333333333326 0.0257269372049828 0.018790428490915383 -3.9848730193842441e-18 0.017572566547801823
45 47 1.9375 0.97916666666666663 0.016935652254319318 0.014629466443188499 -3.2442906629967588e-18 0.0085320002852117063
45 48 1.9375 1 0.013197847302047339 0.013197847302047339 -2.5563363668299442e-18 0
46 0 1.9583333333333333 0 0.0081200401377331151 0.0081200401377331151 -1.8550091605283308e-18 0
46 1 1.9583333333333333 0.020833333333333332 0.010772908179799076 0.0091526241606343841 -2.2183740917767387e-18 -0.0056819909912418547
46 2 1.9583333333333333 0.041666666666666664 0.017047032180889522 0.012164698981877846 -2.5251547784986706e-18 -0.011942420393562735
46 3 1.9583333333333333 0.0625 0.025617751852773412 0.016999453455580005 -4.2990842920821063e-18 -0.019164753904025084
46 4 1.9583333333333333 0.083333333333333329 0.035869023758129996 0.023203618715585999 -5.9682545220346052e-18 -0.027352859884534952
46 5 1.9583333333333333 0.10416666666666666 0.047008402378927186 0.0300782642674506 -1.0053248409797552e-17 -0.036126000510387689
46 6 1.9583333333333333 0.125 0.057953416722371795 0.036703061411182486 -1.0140035354496355e-17 -0.044849568480018288
46 7 1.9583333333333333 0.14583333333333331 0.067549834212092763 0.042134334279256273 -1.7237990118440595e-17 -0.05279846566828536
46 8 1.9583333333333333 0.16666666666666666 0.075047248434315234 0.045762583883618195 -1.8558426790445007e-17 -0.059480042147401338
46 9 1.9583333333333333 0.1875 0.080132921853020886 0.047381046357810271 -2.4596980038328875e-17 -0.064624466038346387
46 10 1.9583333333333333 0.20833333333333331 0.082862595740782807 0.047168666256563289 -1.9305453520552862e-17 -0.068127283055155988
46 11 1.9583333333333333 0.22916666666666666 0.083467382320827399 0.045530380550277139 -3.1711963879716237e-17 -0.069955617061377678
46 12 1.9583333333333333 0.25 0.082138586373393413 0.042841052934723553 -2.4114680238985378e-17 -0.070081321012546743
46 13 1.9583333333333333 0.27083333333333331 0.07905882808351318 0.03944107762159501 -4.5166766642815666e-17 -0.068517878644816566
46 14 1.9583333333333333 0.29166666666666663 0.074454979474710983 0.035608511540634255 -4.0991498891372031e-17 -0.065387903120073754
46 15 1.9583333333333333 0.3125 0.068618034594102734 0.03158131372262514 -5.0174430539702905e-17 -0.060918431489251336
46 16 1.9583333333333333 0.33333333333333331 0.061794261097728329 0.027485589341354394 -3.2962599020075416e-17 -0.055345036662492568
46 17 1.9583333333333333 0.35416666666666663 0.054274779731698794 0.023432945015030793 -5.494439945683552e-17 -0.048955579894910506
46 18 1.9583333333333333 0.375 0.046368057494476859 0.019571894543980211 -4.007824049958198e-17 -0.042034958067903784
46 19 1.9583333333333333 0.39583333333333331 0.038366362908903134 0.016020947444049732 -7.8717488856658995e-17 -0.034861254220877574
46 20 1.9583333333333333 0.41666666666666663 0.030508713983054856 0.012912013268819146 -7.0291776569650413e-17 -0.027641663159905648
46 21 1.9583333333333333 0.4375 0.02295649871316648 0.010318898099540234 -9.9582011410468572e-17 -0.020506612962137828
46 22 1.9583333333333333 0.45833333333333331 0.015893844858084333 0.0083513342368052145 -9.4221937358651239e-17 -0.013522925749926265
46 23 1.9583333333333333 0.47916666666666663 0.009771458053741933 0.0071100263025767121 -9.5962857749221265e-17 -0.006702903734405366
46 24 1.9583333333333333 0.5 0.0066848264637557999 0.0066848264637557999 -1.0927046924117595e-16 -2.4977905422294905e-17
46 25 1.9583333333333333 0.52083333333333326 0.0097714580537419434 0.0071100263025767833 -1.1661352733091661e-16 0.0067029037344053079
46 26 1.9583333333333333 0.54166666666666663 0.01589384485808432 0.008351334236805192 -9.4838399761189971e-17 0.013522925749926262
46 27 1.9583333333333333 0.5625 0.022956498713166459 0.010318898099540133 -1.1519645433086363e-16 0.020506612962137856
46 28 1.9583333333333333 0.58333333333333326 0.03050871398305487 0.012912013268819213 -9.5305311112082655e-17 0.027641663159905634
46 29 1.9583333333333333 0.60416666666666663 0.038366362908903107 0.016020947444049707 -1.0507182429268738e-16 0.034861254220877554
46 30 1.9583333333333333 0.625 0.046368057494476866 0.019571894543980246 -6.2849102544419317e-17 0.04203495806790377
46 31 1.9583333333333333 0.64583333333333326 0.054274779731698808 0.023432945015030786 -8.4587850449366346e-17 0.04895557989491052
46 32 1.9583333333333333 0.66666666666666663 0.061794261097728349 0.027485589341354415 -7.4582241238837765e-17 0.055345036662492582
46 33 1.9583333333333333 0.6875 0.068618034594102734 0.031581313722625071 -7.936496241850139e-17 0.060918431489251364
46 34 1.9583333333333333 0.70833333333333326 0.074454979474711053 0.035608511540634331 -5.8150291810837693e-17 0.065387903120073781
46 35 1.9583333333333333 0.72916666666666663 0.079058828083513139 0.039441077621595065 -4.5219491294334042e-17 0.068517878644816482
46 36 1.9583333333333333 0.75 0.082138586373393427 0.042841052934723532 -3.2955005665866936e-17 0.070081321012546771
46 37 1.9583333333333333 0.77083333333333326 0.083467382320827413 0.045530380550277146 -2.7622719483836307e-17 0.069955617061377692
46 38 1.9583333333333333 0.79166666666666663 0.08286259574078278 0.047168666256563213 -2.0284530434534626e-17 0.068127283055156015
46 39 1.9583333333333333 0.8125 0.080132921853020886 0.047381046357810305 -2.0623866301741322e-17 0.064624466038346359
46 40 1.9583333333333333 0.83333333333333326 0.075047248434315234 0.045762583883618153 -1.1692307935568559e-17 0.059480042147401366
46 41 1.9583333333333333 0.85416666666666663 0.067549834212092777 0.042134334279256287 -1.5849805670310934e-17 0.052798465668285367
46 42 1.9583333333333333 0.875 0.05795341672237183 0.036703061411182507 -6.5704893269957279e-18 0.044849568480018316
46 43 1.9583333333333333 0.89583333333333326 0.047008402378927228 0.030078264267450631 -7.4042250137516093e-18 0.036126000510387717
46 44 1.9583333333333333 0.91666666666666663 0.035869023758130017 0.023203618715586016 -3.6766498124111536e-18 0.027352859884534966
46 45 1.9583333333333333 0.9375 0.025617751852773433 0.016999453455580012 -3.6299401871456903e-18 0.019164753904025104
46 46 1.9583333333333333 0.95833333333333326 0.017047032180889547 0.012164698981877867 -2.513629736975782e-18 0.011942420393562745
46 47 1.9583333333333333 0.97916666666666663 0.010772908179799087 0.009152624160634391 -1.9970498969093671e-18 0.0056819909912418616
46 48 1.9583333333333333 1 0.0081200401377331307 0.0081200401377331307 -1.1463393873334424e-18 0
47 0 1.9791666666666665 0 0.0047693859097932686 0.0047693859097932686 -8.6261274114963389e-19 0
47 1 1.9791666666666665 0.020833333333333332 0.0066354327083976471 0.0054293092311660102 -9.9147213140678354e-19 -0.0038146518189801906
47 2 1.9791666666666665 0.041666666666666664 0.011019361222513147 0.007400287751847142 -1.5120354578186099e-18 -0.0081646838850066711
47 3 1.9791666666666665 0.0625 0.017081183142195134 0.010581786490077646 -2.5684032263228619e-18 -0.013408676751104916
47 4 1.9791666666666665 0.083333333333333329 0.024558826584083562 0.014726746469126252 -3.7950984979051189e-18 -0.01965347047269685
47 5 1.9791666666666665 0.10416666666666666 0.03289012986493034 0.019345848611030919 -4.5197354064649369e-18 -0.026598849299378637
47 6 1.9791666666666665 0.125 0.041144981863989114 0.023701201505610104 -7.1339071264161648e-18 -0.03363276051379753
47 7 1.9791666666666665 0.14583333333333331 0.048271601047032889 0.027047435808324017 -9.8221880576852546e-18 -0.03998229212837226
47 8 1.9791666666666665 0.16666666666666666 0.053296576082892073 0.028704201608758792 -7.9930780644978032e-18 -0.044906501001116005
47 9 1.9791666666666665 0.1875 0.055814538820138392 0.028489876340835066 -1.6746049515660534e-17 -0.047995725744993813
47 10 1.9791666666666665 0.20833333333333331 0.055865787642290096 0.026553796415174698 -9.7647407897291505e-18 -0.049151623827040629
47 11 1.9791666666666665 0.22916666666666666 0.053872050689311696 0.023382576814548826 -1.3614202386485394e-17 -0.048533008839175551
47 12 1.9791666666666665 0.25 0.050364922269871576 0.019504662653096562 -1.9410969428517537e-17 -0.046434831000436584
47 13 1.9791666666666665 0.27083333333333331 0.045885808977250343 0.015427363938022076 -1.2091620716428687e-17 -0.043214626082155615
47 14 1.9791666666666665 0.29166666666666663 0.040839232602457191 0.011465594620835778 -1.115048719190719e-17 -0.039196722561309433
47 15 1.9791666666666665 0.3125 0.035574549952753887 0.0078650442266571131 -2.4070065200788954e-17 -0.034694231273422228
47 16 1.9791666666666665 0.33333333333333331 0.030347593614402587 0.0047212579661689872 -3.0490224714035161e-17 -0.029978094692655412
47 17 1.9791666666666665 0.35416666666666663 0.025348099347650976 0.0020593623611269906 -3.6342358171737707e-17 -0.02526430618884986
47 18 1.9791666666666665 0.375 0.020720079685505571 -0.00017883452370220931 -2.8395545882234122e-17 -0.020719307912834176
47 19 1.9791666666666665 0.39583333333333331 0.016588493609671028 -0.0020494395405284017 -4.1924603969732338e-17 -0.016461406920667967
47 20 1.9791666666666665 0.41666666666666663 0.013085309526002824 -0.003578731768519426 -2.3475385020423846e-17 -0.012586421426294691
47 21 1.9791666666666665 0.4375 0.010271674669695134 -0.0047750147378819163 -4.4934398422887499e-17 -0.0090943133205903526
47 22 1.9791666666666665 0.45833333333333331 0.0081707924887767687 -0.0056436221103245395 -2.3848139667142576e-17 -0.0059085852257970235
47 23 1.9791666666666665 0.47916666666666663 0.0068351147060416442 -0.0061810278566563175 -6.7062434565915992e-17 -0.0029178224209134734
47 24 1.9791666666666665 0.5 0.006365088377234358 -0.006365088377234358 -4.4141686563622296e-17 1.8608716082574565e-18
47 25 1.9791666666666665 0.52083333333333326 0.0068351147060417144 -0.0061810278566563712 -4.8310310982067901e-17 0.0029178224209135241
47 26 1.9791666666666665 0.54166666666666663 0.0081707924887768121 -0.0056436221103245577 -5.2962591430084228e-17 0.0059085852257970643
47 27 1.9791666666666665 0.5625 0.010271674669695167 -0.0047750147378819389 -4.2895217135703883e-17 0.0090943133205903786
47 28 1.9791666666666665 0.58333333333333326 0.013085309526002821 -0.003578731768519419 -5.9514229920185994e-17 0.012586421426294689
47 29 1.9791666666666665 0.60416666666666663 0.016588493609671018 -0.002049439540528331 -3.1422957296614715e-17 0.016461406920667967
47 30 1.9791666666666665 0.625 0.02072007968550553 -0.00017883452370229128 -4.1591805693666185e-17 0.020719307912834134
47 31 1.9791666666666665 0.64583333333333326 0.025348099347651025 0.0020593623611270271 -3.8540027969027705e-17 0.025264306188849905
47 32 1.9791666666666665 0.66666666666666663 0.030347593614402507 0.0047212579661689551 -5.6710308544209e-17 0.029978094692655336
47 33 1.9791666666666665 0.6875 0.035574549952753817 0.0078650442266571408 -2.4603238727035203e-17 0.034694231273422152
47 34 1.9791666666666665 0.70833333333333326 0.040839232602457157 0.011465594620835755 -4.0624738340523608e-17 0.039196722561309405
47 35 1.9791666666666665 0.72916666666666663 0.045885808977250378 0.015427363938022097 -1.8264258436745683e-17 0.043214626082155642
47 36 1.9791666666666665 0.75 0.050364922269871611 0.019504662653096583 -3.16405873273886e-17 0.046434831000436605
47 37 1.9791666666666665 0.77083333333333326 0.053872050689311668 0.023382576814548802 -1.3956312042519381e-17 0.048533008839175537
47 38 1.9791666666666665 0.79166666666666663 0.055865787642290082 0.026553796415174673 -1.5368838211427804e-17 0.049151623827040629
47 39 1.9791666666666665 0.8125 0.055814538820138343 0.028489876340835066 -1.0553063407553594e-17 0.047995725744993757
47 40 1.9791666666666665 0.83333333333333326 0.053296576082892087 0.028704201608758806 -9.9417384205439364e-18 0.044906501001116012
47 41 1.9791666666666665 0.85416666666666663 0.048271601047032917 0.027047435808324041 -7.7753133156725231e-18 0.039982292128372274
47 42 1.9791666666666665 0.875 0.041144981863989134 0.023701201505610107 -5.554837781017059e-18 0.033632760513797551
47 43 1.9791666666666665 0.89583333333333326 0.032890129864930361 0.019345848611030947 -5.7040030656020511e-18 0.026598849299378648
47 44 1.9791666666666665 0.91666666666666663 0.024558826584083579 0.01472674646912627 -3.5839054676346451e-18 0.019653470472696857
47 45 1.9791666666666665 0.9375 0.017081183142195151 0.010581786490077657 -2.6366395852908236e-18 0.01340867675110493
47 46 1.9791666666666665 0.95833333333333326 0.011019361222513159 0.0074002877518471507 -1.4735424789639167e-18 0.008164683885006678
47 47 1.9791666666666665 0.97916666666666663 0.0066354327083976592 0.0054293092311660197 -1.3488125140228186e-18 0.0038146518189801988
47 48 1.9791666666666665 1 0.0047693859097932738 0.0047693859097932738 -9.3244202448096935e-19 0
48 0 2 0 0 0 0 0
48 1 2 0.020833333333333332 0 0 0 0
48 2 2 0.041666666666666664 0 0 0 0
48 3 2 0.0625 0 0 0 0
48 4 2 0.083333333333333329 0 0 0 0
48 5 2 0.10416666666666666 0 0 0 0
48 6 2 0.125 0 0 0 0
48 7 2 0.14583333333333331 0 0 0 0
48 8 2 0.16666666666666666 0 0 0 0
48 9 2 0.1875 0 0 0 0
48 10 2 0.20833333333333331 0 0 0 0
48 11 2 0.22916666666666666 0 0 0 0
48 12 2 0.25 0 0 0 0
48 13 2 0.27083333333333331 0 0 0 0
48 14 2 0.29166666666666663 0 0 0 0
48 15 2 0.3125 0 0 0 0
48 16 2 0.33333333333333331 0 0 0 0
48 17 2 0.35416666666666663 0 0 0 0
48 18 2 0.375 0 0 0 0
48 19 2 0.39583333333333331 0 0 0 0
48 20 2 0.41666666666666663 0 0 0 0
48 21 2 0.4375 0 0 0 0
48 22 2 0.45833333333333331 0 0 0 0
48 23 2 0.47916666666666663 0 0 0 0
48 24 2 0.5 0 0 0 0
48 25 2 0.52083333333333326 0 0 0 0
48 26 2 0.54166666666666663 0 0 0 0
48 27 2 0.5625 0 0 0 0
48 28 2 0.58333333333333326 0 0 0 0
48 29 2 0.60416666666666663 0 0 0 0
48 30 2 0.625 0 0 0 0
48 31 2 0.64583333333333326 0 0 0 0
48 32 2 0.66666666666666663 0 0 0 0
48 33 2 0.6875 0 0 0 0
48 34 2 0.70833333333333326 0 0 0 0
48 35 2 0.72916666666666663 0 0 0 0
48 36 2 0.75 0 0 0 0
48 37 2 0.77083333333333326 0 0 0 0
48 38 2 0.79166666666666663 0 0 0 0
48 39 2 0.8125 0 0 0 0
48 40 2 0.83333333333333326 0 0 0 0
48 41 2 0.85416666666666663 0 0 0 0
48 42 2 0.875 0 0 0 0
48 43 2 0.89583333333333326 0 0 0 0
48 44 2 0.91666666666666663 0 0 0 0
48 45 2 0.9375 0 0 0 0
48 46 2 0.95833333333333326 0 0 0 0
48 47 2 0.97916666666666663 0 0 0 0
48 48 2 1 0 0 0 0
